5400,'054-Weekday-1-26-09-1111100',457,,212153,1,,,1,70,,212154,1,,,1,15,,212155,1,,,1,15,,212156,1,,,1,55,,212157,1,,,1,15,,212158,1,,,1,15,,212159,1,,,1,15,,212160,1,,,1,55,,212161,1,,,1,15,,212162,1,,,1,15,,212163,1,,,1,17,,212164,1,,,1,58,,212165,1,,,1,20,,212166,1,,,1,20,,212167,1,,,1,60,,212168,1,,,1,20,,212169,1,,,1,20,,212170,1,,,1,60,,212171,1,,,1,20,,212172,1,,,1,20,,212173,1,,,1,60,,212174,1,,,1,20,,212175,1,,,1,20,,212176,1,,,1,60,,212177,1,,,1,20,,212178,1,,,1,20,,212179,1,,,1,60,,212180,1,,,1,20,,212181,1,,,1,20,,212182,1,,,1,60,,212183,1,,,1,20,,212184,1,,,1,20,,212185,1,,,1,55,,212186,1,,,1,15,,212187,1,,,1,15,,212188,1,,,1,15,,212189,1,,,1,55,,212190,1,,,1,15,,212191,1,,,1,15,,212192,1,,,1,15,,212193,1,,,1,55,,212194,1,,,1,15,,212195,1,,,1,15,,212196,1,,,1,62,,212197,1,,,1,23,,212198,1,,,1,30,,212199,1,,,1,70,,212200,1,,,1,30,,212201,1,,,1,70,,212202,1,,,1,30,,212203,1,,,1,70,,212204,1,,,1,30,,212205,1,,,1,100,,212206,1,,,1,100,,212207,1,,,1
5400,'054-Weekday-2-26-09-1111100',457,,212208,1,,,1,70,,212209,1,,,1,15,,212210,1,,,1,15,,212211,1,,,1,55,,212212,1,,,1,15,,212213,1,,,1,15,,212214,1,,,1,15,,212215,1,,,1,55,,212216,1,,,1,15,,212217,1,,,1,15,,212218,1,,,1,17,,212219,1,,,1,58,,212220,1,,,1,20,,212221,1,,,1,20,,212222,1,,,1,60,,212223,1,,,1,20,,212224,1,,,1,20,,212225,1,,,1,60,,212226,1,,,1,20,,212227,1,,,1,20,,212228,1,,,1,60,,212229,1,,,1,20,,212230,1,,,1,20,,212231,1,,,1,60,,212232,1,,,1,20,,212233,1,,,1,20,,212234,1,,,1,60,,212235,1,,,1,20,,212236,1,,,1,20,,212237,1,,,1,60,,212238,1,,,1,20,,212239,1,,,1,20,,212240,1,,,1,55,,212241,1,,,1,15,,212242,1,,,1,15,,212243,1,,,1,15,,212244,1,,,1,55,,212245,1,,,1,15,,212246,1,,,1,15,,212247,1,,,1,15,,212248,1,,,1,55,,212249,1,,,1,15,,212250,1,,,1,15,,212251,1,,,1,62,,212252,1,,,1,23,,212253,1,,,1,30,,212254,1,,,1,70,,212255,1,,,1,30,,212256,1,,,1,70,,212257,1,,,1,30,,212258,1,,,1,70,,212259,1,,,1,30,,212260,1,,,1,100,,212261,1,,,1,100,,212262,1,,,1
5400,'054-Weekday-3-26-09-1111100',457,,255392,1,,,1,70,,255393,1,,,1,15,,255394,1,,,1,15,,255395,1,,,1,55,,255396,1,,,1,15,,255397,1,,,1,15,,255398,1,,,1,15,,255399,1,,,1,55,,255400,1,,,1,15,,255401,1,,,1,15,,255402,1,,,1,17,,255403,1,,,1,58,,255404,1,,,1,20,,255405,1,,,1,20,,255406,1,,,1,60,,255407,1,,,1,20,,255408,1,,,1,20,,255409,1,,,1,60,,255410,1,,,1,20,,255411,1,,,1,20,,255412,1,,,1,60,,255413,1,,,1,20,,255414,1,,,1,20,,255415,1,,,1,60,,255416,1,,,1,20,,255417,1,,,1,20,,255418,1,,,1,60,,255419,1,,,1,20,,255420,1,,,1,20,,255421,1,,,1,60,,255422,1,,,1,20,,255423,1,,,1,20,,255424,1,,,1,55,,255425,1,,,1,15,,255426,1,,,1,15,,255427,1,,,1,15,,255428,1,,,1,55,,255429,1,,,1,15,,255430,1,,,1,15,,255431,1,,,1,15,,255432,1,,,1,55,,255433,1,,,1,15,,255434,1,,,1,15,,255435,1,,,1,62,,255436,1,,,1,23,,255437,1,,,1,30,,255438,1,,,1,70,,255439,1,,,1,30,,255440,1,,,1,70,,255441,1,,,1,30,,255442,1,,,1,70,,255443,1,,,1,30,,255444,1,,,1,100,,255445,1,,,1,100,,255446,1,,,1
5400,'054-Weekday-4-26-09-1111100',457,,212263,1,,,1,70,,212264,1,,,1,15,,212265,1,,,1,15,,212266,1,,,1,55,,212267,1,,,1,15,,212268,1,,,1,15,,212269,1,,,1,15,,212270,1,,,1,55,,212271,1,,,1,15,,212272,1,,,1,15,,212273,1,,,1,17,,212274,1,,,1,58,,212275,1,,,1,20,,212276,1,,,1,20,,212277,1,,,1,60,,212278,1,,,1,20,,212279,1,,,1,20,,212280,1,,,1,60,,212281,1,,,1,20,,212282,1,,,1,20,,212283,1,,,1,60,,212284,1,,,1,20,,212285,1,,,1,20,,212286,1,,,1,60,,212287,1,,,1,20,,212288,1,,,1,20,,212289,1,,,1,60,,212290,1,,,1,20,,212291,1,,,1,20,,212292,1,,,1,60,,212293,1,,,1,20,,212294,1,,,1,20,,212295,1,,,1,55,,212296,1,,,1,15,,212297,1,,,1,15,,212298,1,,,1,15,,212299,1,,,1,55,,212300,1,,,1,15,,212301,1,,,1,15,,212302,1,,,1,15,,212303,1,,,1,55,,212304,1,,,1,15,,212305,1,,,1,15,,212306,1,,,1,62,,212307,1,,,1,23,,212308,1,,,1,30,,212309,1,,,1,70,,212310,1,,,1,30,,212311,1,,,1,70,,212312,1,,,1,30,,212313,1,,,1,70,,212314,1,,,1,30,,212315,1,,,1,100,,212316,1,,,1,100,,212317,1,,,1
5400,'054-Weekday-5-26-09-1111100',457,,255447,1,,,1,70,,255448,1,,,1,15,,255449,1,,,1,15,,255450,1,,,1,55,,255451,1,,,1,15,,255452,1,,,1,15,,255453,1,,,1,15,,255454,1,,,1,55,,255455,1,,,1,15,,255456,1,,,1,15,,255457,1,,,1,17,,255458,1,,,1,58,,255459,1,,,1,20,,255460,1,,,1,20,,255461,1,,,1,60,,255462,1,,,1,20,,255463,1,,,1,20,,255464,1,,,1,60,,255465,1,,,1,20,,255466,1,,,1,20,,255467,1,,,1,60,,255468,1,,,1,20,,255469,1,,,1,20,,255470,1,,,1,60,,255471,1,,,1,20,,255472,1,,,1,20,,255473,1,,,1,60,,255474,1,,,1,20,,255475,1,,,1,20,,255476,1,,,1,60,,255477,1,,,1,20,,255478,1,,,1,20,,255479,1,,,1,55,,255480,1,,,1,15,,255481,1,,,1,15,,255482,1,,,1,15,,255483,1,,,1,55,,255484,1,,,1,15,,255485,1,,,1,15,,255486,1,,,1,15,,255487,1,,,1,55,,255488,1,,,1,15,,255489,1,,,1,15,,255490,1,,,1,62,,255491,1,,,1,23,,255492,1,,,1,30,,255493,1,,,1,70,,255494,1,,,1,30,,255495,1,,,1,70,,255496,1,,,1,30,,255497,1,,,1,70,,255498,1,,,1,30,,255499,1,,,1,100,,255500,1,,,1,100,,255501,1,,,1
5400,'054-Weekday-6-26-09-1111100',457,,255502,1,,,1,70,,255503,1,,,1,15,,255504,1,,,1,15,,255505,1,,,1,55,,255506,1,,,1,15,,255507,1,,,1,15,,255508,1,,,1,15,,255509,1,,,1,55,,255510,1,,,1,15,,255511,1,,,1,15,,255512,1,,,1,17,,255513,1,,,1,58,,255514,1,,,1,20,,255515,1,,,1,20,,255516,1,,,1,60,,255517,1,,,1,20,,255518,1,,,1,20,,255519,1,,,1,60,,255520,1,,,1,20,,255521,1,,,1,20,,255522,1,,,1,60,,255523,1,,,1,20,,255524,1,,,1,20,,255525,1,,,1,60,,255526,1,,,1,20,,255527,1,,,1,20,,255528,1,,,1,60,,255529,1,,,1,20,,255530,1,,,1,20,,255531,1,,,1,60,,255532,1,,,1,20,,255533,1,,,1,20,,255534,1,,,1,55,,255535,1,,,1,15,,255536,1,,,1,15,,255537,1,,,1,15,,255538,1,,,1,55,,255539,1,,,1,15,,255540,1,,,1,15,,255541,1,,,1,15,,255542,1,,,1,55,,255543,1,,,1,15,,255544,1,,,1,15,,255545,1,,,1,62,,255546,1,,,1,23,,255547,1,,,1,30,,255548,1,,,1,70,,255549,1,,,1,30,,255550,1,,,1,70,,255551,1,,,1,30,,255552,1,,,1,70,,255553,1,,,1,30,,255554,1,,,1,100,,255555,1,,,1,100,,255556,1,,,1
5400,'054-Weekday-7-26-09-1111100',457,,255557,1,,,1,70,,255558,1,,,1,15,,255559,1,,,1,15,,255560,1,,,1,55,,255561,1,,,1,15,,255562,1,,,1,15,,255563,1,,,1,15,,255564,1,,,1,55,,255565,1,,,1,15,,255566,1,,,1,15,,255567,1,,,1,17,,255568,1,,,1,58,,255569,1,,,1,20,,255570,1,,,1,20,,255571,1,,,1,60,,255572,1,,,1,20,,255573,1,,,1,20,,255574,1,,,1,60,,255575,1,,,1,20,,255576,1,,,1,20,,255577,1,,,1,60,,255578,1,,,1,20,,255579,1,,,1,20,,255580,1,,,1,60,,255581,1,,,1,20,,255582,1,,,1,20,,255583,1,,,1,60,,255584,1,,,1,20,,255585,1,,,1,20,,255586,1,,,1,60,,255587,1,,,1,20,,255588,1,,,1,20,,255589,1,,,1,55,,255590,1,,,1,15,,255591,1,,,1,15,,255592,1,,,1,15,,255593,1,,,1,55,,255594,1,,,1,15,,255595,1,,,1,15,,255596,1,,,1,15,,255597,1,,,1,55,,255598,1,,,1,15,,255599,1,,,1,15,,255600,1,,,1,62,,255601,1,,,1,23,,255602,1,,,1,30,,255603,1,,,1,70,,255604,1,,,1,30,,255605,1,,,1,70,,255606,1,,,1,30,,255607,1,,,1,70,,255608,1,,,1,30,,255609,1,,,1,100,,255610,1,,,1,100,,255611,1,,,1
5400,'054-Saturday-1-26-09-0000010',552,,212318,1,,,1,70,,212319,1,,,1,30,,212320,1,,,1,70,,212321,1,,,1,30,,212322,1,,,1,70,,212323,1,,,1,20,,212324,1,,,1,60,,212325,1,,,1,20,,212326,1,,,1,20,,212327,1,,,1,60,,212328,1,,,1,20,,212329,1,,,1,20,,212330,1,,,1,60,,212331,1,,,1,20,,212332,1,,,1,20,,212333,1,,,1,60,,212334,1,,,1,20,,212335,1,,,1,20,,212336,1,,,1,60,,212337,1,,,1,20,,212338,1,,,1,20,,212339,1,,,1,60,,212340,1,,,1,20,,212341,1,,,1,20,,212342,1,,,1,60,,212343,1,,,1,20,,212344,1,,,1,20,,212345,1,,,1,60,,212346,1,,,1,20,,212347,1,,,1,20,,212348,1,,,1,60,,212349,1,,,1,20,,212350,1,,,1,20,,212351,1,,,1,60,,212352,1,,,1,20,,212353,1,,,1,20,,212354,1,,,1,60,,212355,1,,,1,20,,212356,1,,,1,20,,212357,1,,,1,60,,212358,1,,,1,20,,212359,1,,,1,20,,212360,1,,,1,60,,212361,1,,,1,20,,212362,1,,,1,30,,212363,1,,,1,100,,212364,1,,,1,100,,212365,1,,,1
5400,'054-Sunday-1-26-09-0000001',554,,212408,1,,,1,70,,212409,1,,,1,30,,212366,1,,,1,70,,212367,1,,,1,30,,212368,1,,,1,70,,212369,1,,,1,30,,212370,1,,,1,70,,212371,1,,,1,30,,212372,1,,,1,60,,212373,1,,,1,20,,212374,1,,,1,20,,212375,1,,,1,60,,212376,1,,,1,20,,212377,1,,,1,20,,212378,1,,,1,60,,212379,1,,,1,20,,212380,1,,,1,20,,212381,1,,,1,60,,212382,1,,,1,20,,212383,1,,,1,20,,212384,1,,,1,60,,212385,1,,,1,20,,212386,1,,,1,20,,212387,1,,,1,60,,212388,1,,,1,20,,212389,1,,,1,20,,212390,1,,,1,60,,212391,1,,,1,20,,212392,1,,,1,20,,212393,1,,,1,60,,212394,1,,,1,20,,212395,1,,,1,20,,212396,1,,,1,60,,212397,1,,,1,20,,212398,1,,,1,20,,212399,1,,,1,70,,212400,1,,,1,30,,212401,1,,,1,70,,212402,1,,,1,30,,212403,1,,,1,70,,212404,1,,,1,30,,212405,1,,,1,100,,212406,1,,,1,100,,212407,1,,,1
5401,'054-Weekday-1-26-09-1111100',550,,212410,61,4,,1,70,,212411,61,4,,1,16,,212412,61,4,,1,15,,212460,61,4,,1,64,,212453,61,4,,1,19,,212454,61,4,,1,17,,212455,61,4,,1,59,,212456,61,4,,1,17,,212457,61,4,,1,14,,212458,61,4,,1,16,,212459,61,4,,1,59,,212413,61,4,,1,21,,212414,61,4,,1,20,,212415,61,4,,1,61,,212416,61,4,,1,19,,212417,61,4,,1,19,,212418,61,4,,1,60,,212419,61,4,,1,20,,212420,61,4,,1,20,,212421,61,4,,1,60,,212422,61,4,,1,20,,212423,61,4,,1,20,,212424,61,4,,1,60,,212425,61,4,,1,20,,212426,61,4,,1,20,,212427,61,4,,1,60,,212428,61,4,,1,20,,212429,61,4,,1,20,,212430,61,4,,1,64,,212431,61,4,,1,21,,212432,61,4,,1,65,,212433,61,4,,1,17,,212462,61,4,,1,16,,212461,61,4,,1,19,,212434,61,4,,1,61,,212435,61,4,,1,15,,212436,61,4,,1,14,,212437,61,4,,1,55,,212438,61,4,,1,14,,212439,61,4,,1,13,,212440,61,4,,1,10,,212441,61,4,,1,13,,212442,61,4,,1,66,,212443,61,4,,1,31,,212444,61,4,,1,71,,212445,61,4,,1,30,,212446,61,4,,1,70,,212447,61,4,,1,30,,212448,61,4,,1,69,,212449,61,4,,1,29,,212450,61,4,,1,100,,212451,61,4,,1,100,,212452,61,4,,1
5401,'054-Weekday-2-26-09-1111100',550,,212463,61,4,,1,70,,212464,61,4,,1,16,,212465,61,4,,1,15,,212513,61,4,,1,64,,212506,61,4,,1,19,,212507,61,4,,1,17,,212508,61,4,,1,59,,212509,61,4,,1,17,,212510,61,4,,1,14,,212511,61,4,,1,16,,212512,61,4,,1,59,,212466,61,4,,1,21,,212467,61,4,,1,20,,212468,61,4,,1,61,,212469,61,4,,1,19,,212470,61,4,,1,19,,212471,61,4,,1,60,,212472,61,4,,1,20,,212473,61,4,,1,20,,212474,61,4,,1,60,,212475,61,4,,1,20,,212476,61,4,,1,20,,212477,61,4,,1,60,,212478,61,4,,1,20,,212479,61,4,,1,20,,212480,61,4,,1,60,,212481,61,4,,1,20,,212482,61,4,,1,20,,212483,61,4,,1,64,,212484,61,4,,1,21,,212485,61,4,,1,65,,212486,61,4,,1,17,,212515,61,4,,1,16,,212514,61,4,,1,19,,212487,61,4,,1,61,,212488,61,4,,1,15,,212489,61,4,,1,14,,212490,61,4,,1,55,,212491,61,4,,1,14,,212492,61,4,,1,13,,212493,61,4,,1,10,,212494,61,4,,1,13,,212495,61,4,,1,66,,212496,61,4,,1,31,,212497,61,4,,1,71,,212498,61,4,,1,30,,212499,61,4,,1,70,,212500,61,4,,1,30,,212501,61,4,,1,69,,212502,61,4,,1,29,,212503,61,4,,1,100,,212504,61,4,,1,100,,212505,61,4,,1
5401,'054-Weekday-3-26-09-1111100',550,,255612,61,4,,1,70,,255613,61,4,,1,16,,255614,61,4,,1,15,,255662,61,4,,1,64,,255655,61,4,,1,19,,255656,61,4,,1,17,,255657,61,4,,1,59,,255658,61,4,,1,17,,255659,61,4,,1,14,,255660,61,4,,1,16,,255661,61,4,,1,59,,255615,61,4,,1,21,,255616,61,4,,1,20,,255617,61,4,,1,61,,255618,61,4,,1,19,,255619,61,4,,1,19,,255620,61,4,,1,60,,255621,61,4,,1,20,,255622,61,4,,1,20,,255623,61,4,,1,60,,255624,61,4,,1,20,,255625,61,4,,1,20,,255626,61,4,,1,60,,255627,61,4,,1,20,,255628,61,4,,1,20,,255629,61,4,,1,60,,255630,61,4,,1,20,,255631,61,4,,1,20,,255632,61,4,,1,64,,255633,61,4,,1,21,,255634,61,4,,1,65,,255635,61,4,,1,17,,255664,61,4,,1,16,,255663,61,4,,1,19,,255636,61,4,,1,61,,255637,61,4,,1,15,,255638,61,4,,1,14,,255639,61,4,,1,55,,255640,61,4,,1,14,,255641,61,4,,1,13,,255642,61,4,,1,10,,255643,61,4,,1,13,,255644,61,4,,1,66,,255645,61,4,,1,31,,255646,61,4,,1,71,,255647,61,4,,1,30,,255648,61,4,,1,70,,255649,61,4,,1,30,,255650,61,4,,1,69,,255651,61,4,,1,29,,255652,61,4,,1,100,,255653,61,4,,1,100,,255654,61,4,,1
5401,'054-Weekday-4-26-09-1111100',550,,212516,61,4,,1,70,,212517,61,4,,1,16,,212518,61,4,,1,15,,212566,61,4,,1,64,,212559,61,4,,1,19,,212560,61,4,,1,17,,212561,61,4,,1,59,,212562,61,4,,1,17,,212563,61,4,,1,14,,212564,61,4,,1,16,,212565,61,4,,1,59,,212519,61,4,,1,21,,212520,61,4,,1,20,,212521,61,4,,1,61,,212522,61,4,,1,19,,212523,61,4,,1,19,,212524,61,4,,1,60,,212525,61,4,,1,20,,212526,61,4,,1,20,,212527,61,4,,1,60,,212528,61,4,,1,20,,212529,61,4,,1,20,,212530,61,4,,1,60,,212531,61,4,,1,20,,212532,61,4,,1,20,,212533,61,4,,1,60,,212534,61,4,,1,20,,212535,61,4,,1,20,,212536,61,4,,1,64,,212537,61,4,,1,21,,212538,61,4,,1,65,,212539,61,4,,1,17,,212568,61,4,,1,16,,212567,61,4,,1,19,,212540,61,4,,1,61,,212541,61,4,,1,15,,212542,61,4,,1,14,,212543,61,4,,1,55,,212544,61,4,,1,14,,212545,61,4,,1,13,,212546,61,4,,1,10,,212547,61,4,,1,13,,212548,61,4,,1,66,,212549,61,4,,1,31,,212550,61,4,,1,71,,212551,61,4,,1,30,,212552,61,4,,1,70,,212553,61,4,,1,30,,212554,61,4,,1,69,,212555,61,4,,1,29,,212556,61,4,,1,100,,212557,61,4,,1,100,,212558,61,4,,1
5401,'054-Weekday-5-26-09-1111100',550,,255665,61,4,,1,70,,255666,61,4,,1,16,,255667,61,4,,1,15,,255715,61,4,,1,64,,255708,61,4,,1,19,,255709,61,4,,1,17,,255710,61,4,,1,59,,255711,61,4,,1,17,,255712,61,4,,1,14,,255713,61,4,,1,16,,255714,61,4,,1,59,,255668,61,4,,1,21,,255669,61,4,,1,20,,255670,61,4,,1,61,,255671,61,4,,1,19,,255672,61,4,,1,19,,255673,61,4,,1,60,,255674,61,4,,1,20,,255675,61,4,,1,20,,255676,61,4,,1,60,,255677,61,4,,1,20,,255678,61,4,,1,20,,255679,61,4,,1,60,,255680,61,4,,1,20,,255681,61,4,,1,20,,255682,61,4,,1,60,,255683,61,4,,1,20,,255684,61,4,,1,20,,255685,61,4,,1,64,,255686,61,4,,1,21,,255687,61,4,,1,65,,255688,61,4,,1,17,,255717,61,4,,1,16,,255716,61,4,,1,19,,255689,61,4,,1,61,,255690,61,4,,1,15,,255691,61,4,,1,14,,255692,61,4,,1,55,,255693,61,4,,1,14,,255694,61,4,,1,13,,255695,61,4,,1,10,,255696,61,4,,1,13,,255697,61,4,,1,66,,255698,61,4,,1,31,,255699,61,4,,1,71,,255700,61,4,,1,30,,255701,61,4,,1,70,,255702,61,4,,1,30,,255703,61,4,,1,69,,255704,61,4,,1,29,,255705,61,4,,1,100,,255706,61,4,,1,100,,255707,61,4,,1
5401,'054-Weekday-6-26-09-1111100',550,,255718,61,4,,1,70,,255719,61,4,,1,16,,255720,61,4,,1,15,,255768,61,4,,1,64,,255761,61,4,,1,19,,255762,61,4,,1,17,,255763,61,4,,1,59,,255764,61,4,,1,17,,255765,61,4,,1,14,,255766,61,4,,1,16,,255767,61,4,,1,59,,255721,61,4,,1,21,,255722,61,4,,1,20,,255723,61,4,,1,61,,255724,61,4,,1,19,,255725,61,4,,1,19,,255726,61,4,,1,60,,255727,61,4,,1,20,,255728,61,4,,1,20,,255729,61,4,,1,60,,255730,61,4,,1,20,,255731,61,4,,1,20,,255732,61,4,,1,60,,255733,61,4,,1,20,,255734,61,4,,1,20,,255735,61,4,,1,60,,255736,61,4,,1,20,,255737,61,4,,1,20,,255738,61,4,,1,64,,255739,61,4,,1,21,,255740,61,4,,1,65,,255741,61,4,,1,17,,255770,61,4,,1,16,,255769,61,4,,1,19,,255742,61,4,,1,61,,255743,61,4,,1,15,,255744,61,4,,1,14,,255745,61,4,,1,55,,255746,61,4,,1,14,,255747,61,4,,1,13,,255748,61,4,,1,10,,255749,61,4,,1,13,,255750,61,4,,1,66,,255751,61,4,,1,31,,255752,61,4,,1,71,,255753,61,4,,1,30,,255754,61,4,,1,70,,255755,61,4,,1,30,,255756,61,4,,1,69,,255757,61,4,,1,29,,255758,61,4,,1,100,,255759,61,4,,1,100,,255760,61,4,,1
5401,'054-Weekday-7-26-09-1111100',550,,255771,61,4,,1,70,,255772,61,4,,1,16,,255773,61,4,,1,15,,255821,61,4,,1,64,,255814,61,4,,1,19,,255815,61,4,,1,17,,255816,61,4,,1,59,,255817,61,4,,1,17,,255818,61,4,,1,14,,255819,61,4,,1,16,,255820,61,4,,1,59,,255774,61,4,,1,21,,255775,61,4,,1,20,,255776,61,4,,1,61,,255777,61,4,,1,19,,255778,61,4,,1,19,,255779,61,4,,1,60,,255780,61,4,,1,20,,255781,61,4,,1,20,,255782,61,4,,1,60,,255783,61,4,,1,20,,255784,61,4,,1,20,,255785,61,4,,1,60,,255786,61,4,,1,20,,255787,61,4,,1,20,,255788,61,4,,1,60,,255789,61,4,,1,20,,255790,61,4,,1,20,,255791,61,4,,1,64,,255792,61,4,,1,21,,255793,61,4,,1,65,,255794,61,4,,1,17,,255823,61,4,,1,16,,255822,61,4,,1,19,,255795,61,4,,1,61,,255796,61,4,,1,15,,255797,61,4,,1,14,,255798,61,4,,1,55,,255799,61,4,,1,14,,255800,61,4,,1,13,,255801,61,4,,1,10,,255802,61,4,,1,13,,255803,61,4,,1,66,,255804,61,4,,1,31,,255805,61,4,,1,71,,255806,61,4,,1,30,,255807,61,4,,1,70,,255808,61,4,,1,30,,255809,61,4,,1,69,,255810,61,4,,1,29,,255811,61,4,,1,100,,255812,61,4,,1,100,,255813,61,4,,1
5401,'054-Saturday-1-26-09-0000010',649,,212569,61,4,,1,70,,212570,61,4,,1,30,,212571,61,4,,1,70,,212572,61,4,,1,30,,212573,61,4,,1,66,,212574,61,4,,1,24,,212575,61,4,,1,64,,212576,61,4,,1,20,,212577,61,4,,1,20,,212578,61,4,,1,60,,212579,61,4,,1,20,,212580,61,4,,1,20,,212581,61,4,,1,60,,212582,61,4,,1,20,,212583,61,4,,1,20,,212584,61,4,,1,60,,212585,61,4,,1,20,,212586,61,4,,1,20,,212587,61,4,,1,60,,212588,61,4,,1,20,,212589,61,4,,1,20,,212590,61,4,,1,60,,212591,61,4,,1,20,,212592,61,4,,1,20,,212593,61,4,,1,60,,212594,61,4,,1,20,,212595,61,4,,1,20,,212596,61,4,,1,60,,212597,61,4,,1,18,,212598,61,4,,1,21,,212599,61,4,,1,61,,212600,61,4,,1,20,,212601,61,4,,1,20,,212602,61,4,,1,60,,212603,61,4,,1,20,,212604,61,4,,1,20,,212605,61,4,,1,60,,212606,61,4,,1,20,,212607,61,4,,1,20,,212608,61,4,,1,60,,212609,61,4,,1,20,,212610,61,4,,1,20,,212611,61,4,,1,60,,212612,61,4,,1,20,,212613,61,4,,1,30,,212614,61,4,,1,100,,212615,61,4,,1,100,,212616,61,4,,1
5401,'054-Sunday-1-26-09-0000001',651,,212659,61,4,,1,70,,212660,61,4,,1,30,,212617,61,4,,1,70,,212618,61,4,,1,30,,212619,61,4,,1,70,,212620,61,4,,1,33,,212621,61,4,,1,70,,212622,61,4,,1,30,,212623,61,4,,1,60,,212624,61,4,,1,20,,212625,61,4,,1,20,,212626,61,4,,1,60,,212627,61,4,,1,20,,212628,61,4,,1,20,,212629,61,4,,1,60,,212630,61,4,,1,20,,212631,61,4,,1,20,,212632,61,4,,1,60,,212633,61,4,,1,20,,212634,61,4,,1,20,,212635,61,4,,1,60,,212636,61,4,,1,20,,212637,61,4,,1,20,,212638,61,4,,1,60,,212639,61,4,,1,20,,212640,61,4,,1,20,,212641,61,4,,1,60,,212642,61,4,,1,20,,212643,61,4,,1,21,,212644,61,4,,1,60,,212645,61,4,,1,20,,212646,61,4,,1,20,,212647,61,4,,1,60,,212648,61,4,,1,20,,212649,61,4,,1,20,,212650,61,4,,1,70,,212651,61,4,,1,30,,212652,61,4,,1,70,,212653,61,4,,1,30,,212654,61,4,,1,70,,212655,61,4,,1,30,,212656,61,4,,1,100,,212657,61,4,,1,100,,212658,61,4,,1
90600,'906-Weekday-1-26-09-1111100',534,,237822,1,,,1,70,,237823,1,,,1,30,,237824,1,,,1,70,,237825,1,,,1,30,,237826,1,,,1,70,,237827,1,,,1,30,,237828,1,,,1,70,,237829,1,,,1,602,,237830,1,,,1,30,,237831,1,,,1,70,,237832,1,,,1,30,,237833,1,,,1,70,,237834,1,,,1,30,,237835,1,,,1
90600,'906-Weekday-2-26-09-1111100',534,,237836,1,,,1,70,,237837,1,,,1,30,,237838,1,,,1,70,,237839,1,,,1,30,,237840,1,,,1,70,,237841,1,,,1,30,,237842,1,,,1,70,,237843,1,,,1,602,,237844,1,,,1,30,,237845,1,,,1,70,,237846,1,,,1,30,,237847,1,,,1,70,,237848,1,,,1,30,,237849,1,,,1
90600,'906-Weekday-3-26-09-1111100',534,,280434,1,,,1,70,,280435,1,,,1,30,,280436,1,,,1,70,,280437,1,,,1,30,,280438,1,,,1,70,,280439,1,,,1,30,,280440,1,,,1,70,,280441,1,,,1,602,,280442,1,,,1,30,,280443,1,,,1,70,,280444,1,,,1,30,,280445,1,,,1,70,,280446,1,,,1,30,,280447,1,,,1
90600,'906-Weekday-4-26-09-1111100',534,,237850,1,,,1,70,,237851,1,,,1,30,,237852,1,,,1,70,,237853,1,,,1,30,,237854,1,,,1,70,,237855,1,,,1,30,,237856,1,,,1,70,,237857,1,,,1,602,,237858,1,,,1,30,,237859,1,,,1,70,,237860,1,,,1,30,,237861,1,,,1,70,,237862,1,,,1,30,,237863,1,,,1
90600,'906-Weekday-5-26-09-1111100',534,,280448,1,,,1,70,,280449,1,,,1,30,,280450,1,,,1,70,,280451,1,,,1,30,,280452,1,,,1,70,,280453,1,,,1,30,,280454,1,,,1,70,,280455,1,,,1,602,,280456,1,,,1,30,,280457,1,,,1,70,,280458,1,,,1,30,,280459,1,,,1,70,,280460,1,,,1,30,,280461,1,,,1
90600,'906-Weekday-6-26-09-1111100',534,,280462,1,,,1,70,,280463,1,,,1,30,,280464,1,,,1,70,,280465,1,,,1,30,,280466,1,,,1,70,,280467,1,,,1,30,,280468,1,,,1,70,,280469,1,,,1,602,,280470,1,,,1,30,,280471,1,,,1,70,,280472,1,,,1,30,,280473,1,,,1,70,,280474,1,,,1,30,,280475,1,,,1
90600,'906-Weekday-7-26-09-1111100',534,,280476,1,,,1,70,,280477,1,,,1,30,,280478,1,,,1,70,,280479,1,,,1,30,,280480,1,,,1,70,,280481,1,,,1,30,,280482,1,,,1,70,,280483,1,,,1,602,,280484,1,,,1,30,,280485,1,,,1,70,,280486,1,,,1,30,,280487,1,,,1,70,,280488,1,,,1,30,,280489,1,,,1
90601,'906-Weekday-1-26-09-1111100',649,,237864,42,4,,1,70,,237865,42,4,,1,30,,237866,42,4,,1,70,,237867,42,4,,1,30,,237868,42,4,,1,70,,237869,42,4,,1,633,,237870,42,4,,1,70,,237871,42,4,,1,30,,237872,42,4,,1,70,,237873,42,4,,1,30,,237874,42,4,,1,70,,237875,42,4,,1
90601,'906-Weekday-2-26-09-1111100',649,,237876,42,4,,1,70,,237877,42,4,,1,30,,237878,42,4,,1,70,,237879,42,4,,1,30,,237880,42,4,,1,70,,237881,42,4,,1,633,,237882,42,4,,1,70,,237883,42,4,,1,30,,237884,42,4,,1,70,,237885,42,4,,1,30,,237886,42,4,,1,70,,237887,42,4,,1
90601,'906-Weekday-3-26-09-1111100',649,,280490,42,4,,1,70,,280491,42,4,,1,30,,280492,42,4,,1,70,,280493,42,4,,1,30,,280494,42,4,,1,70,,280495,42,4,,1,633,,280496,42,4,,1,70,,280497,42,4,,1,30,,280498,42,4,,1,70,,280499,42,4,,1,30,,280500,42,4,,1,70,,280501,42,4,,1
90601,'906-Weekday-4-26-09-1111100',649,,237888,42,4,,1,70,,237889,42,4,,1,30,,237890,42,4,,1,70,,237891,42,4,,1,30,,237892,42,4,,1,70,,237893,42,4,,1,633,,237894,42,4,,1,70,,237895,42,4,,1,30,,237896,42,4,,1,70,,237897,42,4,,1,30,,237898,42,4,,1,70,,237899,42,4,,1
90601,'906-Weekday-5-26-09-1111100',649,,280502,42,4,,1,70,,280503,42,4,,1,30,,280504,42,4,,1,70,,280505,42,4,,1,30,,280506,42,4,,1,70,,280507,42,4,,1,633,,280508,42,4,,1,70,,280509,42,4,,1,30,,280510,42,4,,1,70,,280511,42,4,,1,30,,280512,42,4,,1,70,,280513,42,4,,1
90601,'906-Weekday-6-26-09-1111100',649,,280514,42,4,,1,70,,280515,42,4,,1,30,,280516,42,4,,1,70,,280517,42,4,,1,30,,280518,42,4,,1,70,,280519,42,4,,1,633,,280520,42,4,,1,70,,280521,42,4,,1,30,,280522,42,4,,1,70,,280523,42,4,,1,30,,280524,42,4,,1,70,,280525,42,4,,1
90601,'906-Weekday-7-26-09-1111100',649,,280526,42,4,,1,70,,280527,42,4,,1,30,,280528,42,4,,1,70,,280529,42,4,,1,30,,280530,42,4,,1,70,,280531,42,4,,1,633,,280532,42,4,,1,70,,280533,42,4,,1,30,,280534,42,4,,1,70,,280535,42,4,,1,30,,280536,42,4,,1,70,,280537,42,4,,1
90700,'907-Weekday-1-26-09-1111100',530,,237900,1,,,1,70,,237901,1,,,1,30,,237902,1,,,1,15,,237903,1,,,1,55,,237904,1,,,1,15,,237905,1,,,1,15,,237906,1,,,1,15,,237907,1,,,1,55,,237908,1,,,1,15,,237909,1,,,1,15,,237910,1,,,1,70,,237911,1,,,1,30,,237912,1,,,1,70,,237913,1,,,1,30,,237914,1,,,1,70,,237915,1,,,1,30,,237916,1,,,1,70,,237917,1,,,1,30,,237918,1,,,1,70,,237919,1,,,1,30,,237920,1,,,1,70,,237921,1,,,1,30,,237922,1,,,1,70,,237923,1,,,1,30,,237924,1,,,1,15,,237925,1,,,1,55,,237926,1,,,1,15,,237927,1,,,1,15,,237928,1,,,1,15,,237929,1,,,1,55,,237930,1,,,1,15,,237931,1,,,1,15,,237932,1,,,1,70,,237933,1,,,1,30,,237934,1,,,1,70,,237935,1,,,1,30,,237936,1,,,1,70,,237937,1,,,1,30,,237938,1,,,1,70,,237939,1,,,1,30,,237940,1,,,1,70,,237941,1,,,1,100,,237942,1,,,1,100,,237943,1,,,1
90700,'907-Weekday-2-26-09-1111100',530,,237944,1,,,1,70,,237945,1,,,1,30,,237946,1,,,1,15,,237947,1,,,1,55,,237948,1,,,1,15,,237949,1,,,1,15,,237950,1,,,1,15,,237951,1,,,1,55,,237952,1,,,1,15,,237953,1,,,1,15,,237954,1,,,1,70,,237955,1,,,1,30,,237956,1,,,1,70,,237957,1,,,1,30,,237958,1,,,1,70,,237959,1,,,1,30,,237960,1,,,1,70,,237961,1,,,1,30,,237962,1,,,1,70,,237963,1,,,1,30,,237964,1,,,1,70,,237965,1,,,1,30,,237966,1,,,1,70,,237967,1,,,1,30,,237968,1,,,1,15,,237969,1,,,1,55,,237970,1,,,1,15,,237971,1,,,1,15,,237972,1,,,1,15,,237973,1,,,1,55,,237974,1,,,1,15,,237975,1,,,1,15,,237976,1,,,1,70,,237977,1,,,1,30,,237978,1,,,1,70,,237979,1,,,1,30,,237980,1,,,1,70,,237981,1,,,1,30,,237982,1,,,1,70,,237983,1,,,1,30,,237984,1,,,1,70,,237985,1,,,1,100,,237986,1,,,1,100,,237987,1,,,1
90700,'907-Weekday-3-26-09-1111100',530,,280538,1,,,1,70,,280539,1,,,1,30,,280540,1,,,1,15,,280541,1,,,1,55,,280542,1,,,1,15,,280543,1,,,1,15,,280544,1,,,1,15,,280545,1,,,1,55,,280546,1,,,1,15,,280547,1,,,1,15,,280548,1,,,1,70,,280549,1,,,1,30,,280550,1,,,1,70,,280551,1,,,1,30,,280552,1,,,1,70,,280553,1,,,1,30,,280554,1,,,1,70,,280555,1,,,1,30,,280556,1,,,1,70,,280557,1,,,1,30,,280558,1,,,1,70,,280559,1,,,1,30,,280560,1,,,1,70,,280561,1,,,1,30,,280562,1,,,1,15,,280563,1,,,1,55,,280564,1,,,1,15,,280565,1,,,1,15,,280566,1,,,1,15,,280567,1,,,1,55,,280568,1,,,1,15,,280569,1,,,1,15,,280570,1,,,1,70,,280571,1,,,1,30,,280572,1,,,1,70,,280573,1,,,1,30,,280574,1,,,1,70,,280575,1,,,1,30,,280576,1,,,1,70,,280577,1,,,1,30,,280578,1,,,1,70,,280579,1,,,1,100,,280580,1,,,1,100,,280581,1,,,1
90700,'907-Weekday-4-26-09-1111100',530,,237988,1,,,1,70,,237989,1,,,1,30,,237990,1,,,1,15,,237991,1,,,1,55,,237992,1,,,1,15,,237993,1,,,1,15,,237994,1,,,1,15,,237995,1,,,1,55,,237996,1,,,1,15,,237997,1,,,1,15,,237998,1,,,1,70,,237999,1,,,1,30,,238000,1,,,1,70,,238001,1,,,1,30,,238002,1,,,1,70,,238003,1,,,1,30,,238004,1,,,1,70,,238005,1,,,1,30,,238006,1,,,1,70,,238007,1,,,1,30,,238008,1,,,1,70,,238009,1,,,1,30,,238010,1,,,1,70,,238011,1,,,1,30,,238012,1,,,1,15,,238013,1,,,1,55,,238014,1,,,1,15,,238015,1,,,1,15,,238016,1,,,1,15,,238017,1,,,1,55,,238018,1,,,1,15,,238019,1,,,1,15,,238020,1,,,1,70,,238021,1,,,1,30,,238022,1,,,1,70,,238023,1,,,1,30,,238024,1,,,1,70,,238025,1,,,1,30,,238026,1,,,1,70,,238027,1,,,1,30,,238028,1,,,1,70,,238029,1,,,1,100,,238030,1,,,1,100,,238031,1,,,1
90700,'907-Weekday-5-26-09-1111100',530,,280582,1,,,1,70,,280583,1,,,1,30,,280584,1,,,1,15,,280585,1,,,1,55,,280586,1,,,1,15,,280587,1,,,1,15,,280588,1,,,1,15,,280589,1,,,1,55,,280590,1,,,1,15,,280591,1,,,1,15,,280592,1,,,1,70,,280593,1,,,1,30,,280594,1,,,1,70,,280595,1,,,1,30,,280596,1,,,1,70,,280597,1,,,1,30,,280598,1,,,1,70,,280599,1,,,1,30,,280600,1,,,1,70,,280601,1,,,1,30,,280602,1,,,1,70,,280603,1,,,1,30,,280604,1,,,1,70,,280605,1,,,1,30,,280606,1,,,1,15,,280607,1,,,1,55,,280608,1,,,1,15,,280609,1,,,1,15,,280610,1,,,1,15,,280611,1,,,1,55,,280612,1,,,1,15,,280613,1,,,1,15,,280614,1,,,1,70,,280615,1,,,1,30,,280616,1,,,1,70,,280617,1,,,1,30,,280618,1,,,1,70,,280619,1,,,1,30,,280620,1,,,1,70,,280621,1,,,1,30,,280622,1,,,1,70,,280623,1,,,1,100,,280624,1,,,1,100,,280625,1,,,1
90700,'907-Weekday-6-26-09-1111100',530,,280626,1,,,1,70,,280627,1,,,1,30,,280628,1,,,1,15,,280629,1,,,1,55,,280630,1,,,1,15,,280631,1,,,1,15,,280632,1,,,1,15,,280633,1,,,1,55,,280634,1,,,1,15,,280635,1,,,1,15,,280636,1,,,1,70,,280637,1,,,1,30,,280638,1,,,1,70,,280639,1,,,1,30,,280640,1,,,1,70,,280641,1,,,1,30,,280642,1,,,1,70,,280643,1,,,1,30,,280644,1,,,1,70,,280645,1,,,1,30,,280646,1,,,1,70,,280647,1,,,1,30,,280648,1,,,1,70,,280649,1,,,1,30,,280650,1,,,1,15,,280651,1,,,1,55,,280652,1,,,1,15,,280653,1,,,1,15,,280654,1,,,1,15,,280655,1,,,1,55,,280656,1,,,1,15,,280657,1,,,1,15,,280658,1,,,1,70,,280659,1,,,1,30,,280660,1,,,1,70,,280661,1,,,1,30,,280662,1,,,1,70,,280663,1,,,1,30,,280664,1,,,1,70,,280665,1,,,1,30,,280666,1,,,1,70,,280667,1,,,1,100,,280668,1,,,1,100,,280669,1,,,1
90700,'907-Weekday-7-26-09-1111100',530,,280670,1,,,1,70,,280671,1,,,1,30,,280672,1,,,1,15,,280673,1,,,1,55,,280674,1,,,1,15,,280675,1,,,1,15,,280676,1,,,1,15,,280677,1,,,1,55,,280678,1,,,1,15,,280679,1,,,1,15,,280680,1,,,1,70,,280681,1,,,1,30,,280682,1,,,1,70,,280683,1,,,1,30,,280684,1,,,1,70,,280685,1,,,1,30,,280686,1,,,1,70,,280687,1,,,1,30,,280688,1,,,1,70,,280689,1,,,1,30,,280690,1,,,1,70,,280691,1,,,1,30,,280692,1,,,1,70,,280693,1,,,1,30,,280694,1,,,1,15,,280695,1,,,1,55,,280696,1,,,1,15,,280697,1,,,1,15,,280698,1,,,1,15,,280699,1,,,1,55,,280700,1,,,1,15,,280701,1,,,1,15,,280702,1,,,1,70,,280703,1,,,1,30,,280704,1,,,1,70,,280705,1,,,1,30,,280706,1,,,1,70,,280707,1,,,1,30,,280708,1,,,1,70,,280709,1,,,1,30,,280710,1,,,1,70,,280711,1,,,1,100,,280712,1,,,1,100,,280713,1,,,1
90700,'907-Saturday-1-26-09-0000010',702,,238032,1,,,1,100,,238033,1,,,1,30,,238038,1,,,1,70,,238039,1,,,1,30,,238040,1,,,1,70,,238041,1,,,1,30,,238042,1,,,1,70,,238043,1,,,1,30,,238044,1,,,1,72,,238045,1,,,1,30,,238046,1,,,1,70,,238047,1,,,1,30,,238048,1,,,1,70,,238049,1,,,1,30,,238050,1,,,1,70,,238051,1,,,1,30,,238052,1,,,1,70,,238053,1,,,1,30,,238054,1,,,1,70,,238055,1,,,1,30,,238056,1,,,1,70,,238057,1,,,1,30,,238058,1,,,1,68,,238034,1,,,1,100,,238035,1,,,1,100,,238036,1,,,1,100,,238037,1,,,1
90700,'907-Sunday-1-26-09-0000001',1006,,238059,1,,,1,30,,238060,1,,,1,70,,238061,1,,,1,30,,238062,1,,,1,70,,238063,1,,,1,30,,238064,1,,,1,70,,238065,1,,,1,30,,238066,1,,,1,70,,238067,1,,,1,30,,238068,1,,,1,70,,238069,1,,,1,30,,238070,1,,,1,70,,238071,1,,,1,30,,238072,1,,,1,70,,238073,1,,,1,30,,238074,1,,,1,70,,238075,1,,,1,30,,238076,1,,,1,70,,238077,1,,,1
90701,'907-Weekday-1-26-09-1111100',557,,238078,46,4,,1,70,,238079,46,4,,1,29,,238080,46,4,,1,56,,238081,46,4,,1,15,,238082,46,4,,1,15,,238083,46,4,,1,15,,238084,46,4,,1,55,,238085,46,4,,1,15,,238086,46,4,,1,15,,238087,46,4,,1,15,,238088,46,4,,1,70,,238089,46,4,,1,30,,238090,46,4,,1,70,,238091,46,4,,1,30,,238092,46,4,,1,70,,238093,46,4,,1,30,,238094,46,4,,1,70,,238095,46,4,,1,30,,238096,46,4,,1,70,,238097,46,4,,1,30,,238098,46,4,,1,70,,238099,46,4,,1,30,,238100,46,4,,1,76,,238101,46,4,,1,22,,238102,46,4,,1,57,,238103,46,4,,1,15,,238104,46,4,,1,15,,238105,46,4,,1,15,,238106,46,4,,1,55,,238107,46,4,,1,15,,238108,46,4,,1,15,,238109,46,4,,1,15,,238110,46,4,,1,55,,238111,46,4,,1,25,,238112,46,4,,1,20,,238113,46,4,,1,70,,238114,46,4,,1,30,,238115,46,4,,1,70,,238116,46,4,,1,30,,238117,46,4,,1,70,,238118,46,4,,1,30,,238119,46,4,,1,70,,238120,46,4,,1,100,,238121,46,4,,1,100,,238122,46,4,,1
90701,'907-Weekday-2-26-09-1111100',557,,238123,46,4,,1,70,,238124,46,4,,1,29,,238125,46,4,,1,56,,238126,46,4,,1,15,,238127,46,4,,1,15,,238128,46,4,,1,15,,238129,46,4,,1,55,,238130,46,4,,1,15,,238131,46,4,,1,15,,238132,46,4,,1,15,,238133,46,4,,1,70,,238134,46,4,,1,30,,238135,46,4,,1,70,,238136,46,4,,1,30,,238137,46,4,,1,70,,238138,46,4,,1,30,,238139,46,4,,1,70,,238140,46,4,,1,30,,238141,46,4,,1,70,,238142,46,4,,1,30,,238143,46,4,,1,70,,238144,46,4,,1,30,,238145,46,4,,1,76,,238146,46,4,,1,22,,238147,46,4,,1,57,,238148,46,4,,1,15,,238149,46,4,,1,15,,238150,46,4,,1,15,,238151,46,4,,1,55,,238152,46,4,,1,15,,238153,46,4,,1,15,,238154,46,4,,1,15,,238155,46,4,,1,55,,238156,46,4,,1,25,,238157,46,4,,1,20,,238158,46,4,,1,70,,238159,46,4,,1,30,,238160,46,4,,1,70,,238161,46,4,,1,30,,238162,46,4,,1,70,,238163,46,4,,1,30,,238164,46,4,,1,70,,238165,46,4,,1,100,,238166,46,4,,1,100,,238167,46,4,,1
90701,'907-Weekday-3-26-09-1111100',557,,280714,46,4,,1,70,,280715,46,4,,1,29,,280716,46,4,,1,56,,280717,46,4,,1,15,,280718,46,4,,1,15,,280719,46,4,,1,15,,280720,46,4,,1,55,,280721,46,4,,1,15,,280722,46,4,,1,15,,280723,46,4,,1,15,,280724,46,4,,1,70,,280725,46,4,,1,30,,280726,46,4,,1,70,,280727,46,4,,1,30,,280728,46,4,,1,70,,280729,46,4,,1,30,,280730,46,4,,1,70,,280731,46,4,,1,30,,280732,46,4,,1,70,,280733,46,4,,1,30,,280734,46,4,,1,70,,280735,46,4,,1,30,,280736,46,4,,1,76,,280737,46,4,,1,22,,280738,46,4,,1,57,,280739,46,4,,1,15,,280740,46,4,,1,15,,280741,46,4,,1,15,,280742,46,4,,1,55,,280743,46,4,,1,15,,280744,46,4,,1,15,,280745,46,4,,1,15,,280746,46,4,,1,55,,280747,46,4,,1,25,,280748,46,4,,1,20,,280749,46,4,,1,70,,280750,46,4,,1,30,,280751,46,4,,1,70,,280752,46,4,,1,30,,280753,46,4,,1,70,,280754,46,4,,1,30,,280755,46,4,,1,70,,280756,46,4,,1,100,,280757,46,4,,1,100,,280758,46,4,,1
90701,'907-Weekday-4-26-09-1111100',557,,238168,46,4,,1,70,,238169,46,4,,1,29,,238170,46,4,,1,56,,238171,46,4,,1,15,,238172,46,4,,1,15,,238173,46,4,,1,15,,238174,46,4,,1,55,,238175,46,4,,1,15,,238176,46,4,,1,15,,238177,46,4,,1,15,,238178,46,4,,1,70,,238179,46,4,,1,30,,238180,46,4,,1,70,,238181,46,4,,1,30,,238182,46,4,,1,70,,238183,46,4,,1,30,,238184,46,4,,1,70,,238185,46,4,,1,30,,238186,46,4,,1,70,,238187,46,4,,1,30,,238188,46,4,,1,70,,238189,46,4,,1,30,,238190,46,4,,1,76,,238191,46,4,,1,22,,238192,46,4,,1,57,,238193,46,4,,1,15,,238194,46,4,,1,15,,238195,46,4,,1,15,,238196,46,4,,1,55,,238197,46,4,,1,15,,238198,46,4,,1,15,,238199,46,4,,1,15,,238200,46,4,,1,55,,238201,46,4,,1,25,,238202,46,4,,1,20,,238203,46,4,,1,70,,238204,46,4,,1,30,,238205,46,4,,1,70,,238206,46,4,,1,30,,238207,46,4,,1,70,,238208,46,4,,1,30,,238209,46,4,,1,70,,238210,46,4,,1,100,,238211,46,4,,1,100,,238212,46,4,,1
90701,'907-Weekday-5-26-09-1111100',557,,280759,46,4,,1,70,,280760,46,4,,1,29,,280761,46,4,,1,56,,280762,46,4,,1,15,,280763,46,4,,1,15,,280764,46,4,,1,15,,280765,46,4,,1,55,,280766,46,4,,1,15,,280767,46,4,,1,15,,280768,46,4,,1,15,,280769,46,4,,1,70,,280770,46,4,,1,30,,280771,46,4,,1,70,,280772,46,4,,1,30,,280773,46,4,,1,70,,280774,46,4,,1,30,,280775,46,4,,1,70,,280776,46,4,,1,30,,280777,46,4,,1,70,,280778,46,4,,1,30,,280779,46,4,,1,70,,280780,46,4,,1,30,,280781,46,4,,1,76,,280782,46,4,,1,22,,280783,46,4,,1,57,,280784,46,4,,1,15,,280785,46,4,,1,15,,280786,46,4,,1,15,,280787,46,4,,1,55,,280788,46,4,,1,15,,280789,46,4,,1,15,,280790,46,4,,1,15,,280791,46,4,,1,55,,280792,46,4,,1,25,,280793,46,4,,1,20,,280794,46,4,,1,70,,280795,46,4,,1,30,,280796,46,4,,1,70,,280797,46,4,,1,30,,280798,46,4,,1,70,,280799,46,4,,1,30,,280800,46,4,,1,70,,280801,46,4,,1,100,,280802,46,4,,1,100,,280803,46,4,,1
90701,'907-Weekday-6-26-09-1111100',557,,280804,46,4,,1,70,,280805,46,4,,1,29,,280806,46,4,,1,56,,280807,46,4,,1,15,,280808,46,4,,1,15,,280809,46,4,,1,15,,280810,46,4,,1,55,,280811,46,4,,1,15,,280812,46,4,,1,15,,280813,46,4,,1,15,,280814,46,4,,1,70,,280815,46,4,,1,30,,280816,46,4,,1,70,,280817,46,4,,1,30,,280818,46,4,,1,70,,280819,46,4,,1,30,,280820,46,4,,1,70,,280821,46,4,,1,30,,280822,46,4,,1,70,,280823,46,4,,1,30,,280824,46,4,,1,70,,280825,46,4,,1,30,,280826,46,4,,1,76,,280827,46,4,,1,22,,280828,46,4,,1,57,,280829,46,4,,1,15,,280830,46,4,,1,15,,280831,46,4,,1,15,,280832,46,4,,1,55,,280833,46,4,,1,15,,280834,46,4,,1,15,,280835,46,4,,1,15,,280836,46,4,,1,55,,280837,46,4,,1,25,,280838,46,4,,1,20,,280839,46,4,,1,70,,280840,46,4,,1,30,,280841,46,4,,1,70,,280842,46,4,,1,30,,280843,46,4,,1,70,,280844,46,4,,1,30,,280845,46,4,,1,70,,280846,46,4,,1,100,,280847,46,4,,1,100,,280848,46,4,,1
90701,'907-Weekday-7-26-09-1111100',557,,280849,46,4,,1,70,,280850,46,4,,1,29,,280851,46,4,,1,56,,280852,46,4,,1,15,,280853,46,4,,1,15,,280854,46,4,,1,15,,280855,46,4,,1,55,,280856,46,4,,1,15,,280857,46,4,,1,15,,280858,46,4,,1,15,,280859,46,4,,1,70,,280860,46,4,,1,30,,280861,46,4,,1,70,,280862,46,4,,1,30,,280863,46,4,,1,70,,280864,46,4,,1,30,,280865,46,4,,1,70,,280866,46,4,,1,30,,280867,46,4,,1,70,,280868,46,4,,1,30,,280869,46,4,,1,70,,280870,46,4,,1,30,,280871,46,4,,1,76,,280872,46,4,,1,22,,280873,46,4,,1,57,,280874,46,4,,1,15,,280875,46,4,,1,15,,280876,46,4,,1,15,,280877,46,4,,1,55,,280878,46,4,,1,15,,280879,46,4,,1,15,,280880,46,4,,1,15,,280881,46,4,,1,55,,280882,46,4,,1,25,,280883,46,4,,1,20,,280884,46,4,,1,70,,280885,46,4,,1,30,,280886,46,4,,1,70,,280887,46,4,,1,30,,280888,46,4,,1,70,,280889,46,4,,1,30,,280890,46,4,,1,70,,280891,46,4,,1,100,,280892,46,4,,1,100,,280893,46,4,,1
90701,'907-Saturday-1-26-09-0000010',659,,238213,46,4,,1,100,,238214,46,4,,1,100,,238215,46,4,,1,70,,238216,46,4,,1,30,,238217,46,4,,1,70,,238218,46,4,,1,30,,238219,46,4,,1,70,,238220,46,4,,1,30,,238221,46,4,,1,70,,238222,46,4,,1,30,,238223,46,4,,1,70,,238224,46,4,,1,30,,238225,46,4,,1,70,,238226,46,4,,1,30,,238227,46,4,,1,70,,238228,46,4,,1,30,,238229,46,4,,1,70,,238230,46,4,,1,30,,238231,46,4,,1,70,,238232,46,4,,1,30,,238233,46,4,,1,70,,238234,46,4,,1,30,,238235,46,4,,1,70,,238236,46,4,,1,100,,238237,46,4,,1,100,,238238,46,4,,1,100,,238239,46,4,,1
90701,'907-Sunday-1-26-09-0000001',1102,,238240,46,4,,1,30,,238241,46,4,,1,70,,238242,46,4,,1,30,,238243,46,4,,1,70,,238244,46,4,,1,30,,238245,46,4,,1,70,,238246,46,4,,1,30,,238247,46,4,,1,70,,238248,46,4,,1,30,,238249,46,4,,1,70,,238250,46,4,,1,30,,238251,46,4,,1,70,,238252,46,4,,1,29,,238253,46,4,,1,70,,238254,46,4,,1,30,,238255,46,4,,1,70,,238256,46,4,,1,30,,238257,46,4,,1,70,,238258,46,4,,1
91300,'913-Weekday-1-26-09-1111100',530,,238963,1,,,1,28,,238963,48,4,,1,42,,238964,1,,,1,28,,238964,48,4,,1,2,,239003,1,,,1,15,,238991,1,,,1,55,,239005,1,,,1,3,,239003,48,4,,1,12,,238995,1,,,1,3,,238991,48,4,,1,12,,238994,1,,,1,3,,239005,48,4,,1,12,,238993,1,,,1,3,,238995,48,4,,1,52,,238992,1,,,1,3,,238994,48,4,,1,12,,239008,1,,,1,3,,238993,48,4,,1,12,,239009,1,,,1,3,,238992,48,4,,1,15,,239008,48,4,,1,2,,238965,1,,,1,53,,239009,48,4,,1,7,,238966,1,,,1,12,,238965,48,4,,1,8,,238967,1,,,1,12,,238966,48,4,,1,8,,238968,1,,,1,52,,238967,48,4,,1,8,,238969,1,,,1,12,,238968,48,4,,1,8,,238970,1,,,1,12,,238969,48,4,,1,8,,238971,1,,,1,52,,238970,48,4,,1,8,,238972,1,,,1,12,,238971,48,4,,1,8,,238973,1,,,1,12,,238972,48,4,,1,8,,238974,1,,,1,52,,238973,48,4,,1,8,,238975,1,,,1,12,,238974,48,4,,1,8,,238976,1,,,1,12,,238975,48,4,,1,8,,238977,1,,,1,52,,238976,48,4,,1,8,,238978,1,,,1,12,,238977,48,4,,1,8,,238979,1,,,1,12,,238978,48,4,,1,8,,238980,1,,,1,52,,238979,48,4,,1,8,,238981,1,,,1,12,,238980,48,4,,1,8,,238982,1,,,1,12,,238981,48,4,,1,8,,238962,1,,,1,53,,238982,48,4,,1,2,,238996,1,,,1,15,,239006,1,,,1,5,,238962,48,4,,1,10,,238997,1,,,1,8,,238996,48,4,,1,7,,238998,1,,,1,8,,239006,48,4,,1,47,,238999,1,,,1,8,,238997,48,4,,1,7,,239007,1,,,1,8,,238998,48,4,,1,7,,239000,1,,,1,8,,238999,48,4,,1,7,,239010,1,,,1,8,,239007,48,4,,1,52,,239002,1,,,1,3,,239000,48,4,,1,15,,239010,48,4,,1,12,,239001,1,,,1,8,,239002,48,4,,1,62,,238983,1,,,1,8,,239001,48,4,,1,22,,238984,1,,,1,5,,238983,48,4,,1,65,,238985,1,,,1,1,,238984,48,4,,1,29,,238986,1,,,1,1,,238985,48,4,,1,69,,238987,1,,,1,1,,238986,48,4,,1,29,,238988,1,,,1,1,,238987,48,4,,1,69,,238989,1,,,1,1,,238988,48,4,,1,29,,239011,1,,,1,1,,238989,48,4,,1,68,,239011,48,4,,1,31,,238990,1,,,1,67,,238990,48,4,,1,33,,239004,1,,,1,67,,239004,48,4,,1
91300,'913-Weekday-2-26-09-1111100',530,,239013,1,,,1,28,,239013,48,4,,1,42,,239014,1,,,1,28,,239014,48,4,,1,2,,239053,1,,,1,15,,239041,1,,,1,55,,239055,1,,,1,3,,239053,48,4,,1,12,,239045,1,,,1,3,,239041,48,4,,1,12,,239044,1,,,1,3,,239055,48,4,,1,12,,239043,1,,,1,3,,239045,48,4,,1,52,,239042,1,,,1,3,,239044,48,4,,1,12,,239058,1,,,1,3,,239043,48,4,,1,12,,239059,1,,,1,3,,239042,48,4,,1,15,,239058,48,4,,1,2,,239015,1,,,1,53,,239059,48,4,,1,7,,239016,1,,,1,12,,239015,48,4,,1,8,,239017,1,,,1,12,,239016,48,4,,1,8,,239018,1,,,1,52,,239017,48,4,,1,8,,239019,1,,,1,12,,239018,48,4,,1,8,,239020,1,,,1,12,,239019,48,4,,1,8,,239021,1,,,1,52,,239020,48,4,,1,8,,239022,1,,,1,12,,239021,48,4,,1,8,,239023,1,,,1,12,,239022,48,4,,1,8,,239024,1,,,1,52,,239023,48,4,,1,8,,239025,1,,,1,12,,239024,48,4,,1,8,,239026,1,,,1,12,,239025,48,4,,1,8,,239027,1,,,1,52,,239026,48,4,,1,8,,239028,1,,,1,12,,239027,48,4,,1,8,,239029,1,,,1,12,,239028,48,4,,1,8,,239030,1,,,1,52,,239029,48,4,,1,8,,239031,1,,,1,12,,239030,48,4,,1,8,,239032,1,,,1,12,,239031,48,4,,1,8,,239012,1,,,1,53,,239032,48,4,,1,2,,239046,1,,,1,15,,239056,1,,,1,5,,239012,48,4,,1,10,,239047,1,,,1,8,,239046,48,4,,1,7,,239048,1,,,1,8,,239056,48,4,,1,47,,239049,1,,,1,8,,239047,48,4,,1,7,,239057,1,,,1,8,,239048,48,4,,1,7,,239050,1,,,1,8,,239049,48,4,,1,7,,239060,1,,,1,8,,239057,48,4,,1,52,,239052,1,,,1,3,,239050,48,4,,1,15,,239060,48,4,,1,12,,239051,1,,,1,8,,239052,48,4,,1,62,,239033,1,,,1,8,,239051,48,4,,1,22,,239034,1,,,1,5,,239033,48,4,,1,65,,239035,1,,,1,1,,239034,48,4,,1,29,,239036,1,,,1,1,,239035,48,4,,1,69,,239037,1,,,1,1,,239036,48,4,,1,29,,239038,1,,,1,1,,239037,48,4,,1,69,,239039,1,,,1,1,,239038,48,4,,1,29,,239061,1,,,1,1,,239039,48,4,,1,68,,239061,48,4,,1,31,,239040,1,,,1,67,,239040,48,4,,1,33,,239054,1,,,1,67,,239054,48,4,,1
91300,'913-Weekday-3-26-09-1111100',530,,281583,1,,,1,28,,281583,48,4,,1,42,,281584,1,,,1,28,,281584,48,4,,1,2,,281623,1,,,1,15,,281611,1,,,1,55,,281625,1,,,1,3,,281623,48,4,,1,12,,281615,1,,,1,3,,281611,48,4,,1,12,,281614,1,,,1,3,,281625,48,4,,1,12,,281613,1,,,1,3,,281615,48,4,,1,52,,281612,1,,,1,3,,281614,48,4,,1,12,,281628,1,,,1,3,,281613,48,4,,1,12,,281629,1,,,1,3,,281612,48,4,,1,15,,281628,48,4,,1,2,,281585,1,,,1,53,,281629,48,4,,1,7,,281586,1,,,1,12,,281585,48,4,,1,8,,281587,1,,,1,12,,281586,48,4,,1,8,,281588,1,,,1,52,,281587,48,4,,1,8,,281589,1,,,1,12,,281588,48,4,,1,8,,281590,1,,,1,12,,281589,48,4,,1,8,,281591,1,,,1,52,,281590,48,4,,1,8,,281592,1,,,1,12,,281591,48,4,,1,8,,281593,1,,,1,12,,281592,48,4,,1,8,,281594,1,,,1,52,,281593,48,4,,1,8,,281595,1,,,1,12,,281594,48,4,,1,8,,281596,1,,,1,12,,281595,48,4,,1,8,,281597,1,,,1,52,,281596,48,4,,1,8,,281598,1,,,1,12,,281597,48,4,,1,8,,281599,1,,,1,12,,281598,48,4,,1,8,,281600,1,,,1,52,,281599,48,4,,1,8,,281601,1,,,1,12,,281600,48,4,,1,8,,281602,1,,,1,12,,281601,48,4,,1,8,,281582,1,,,1,53,,281602,48,4,,1,2,,281616,1,,,1,15,,281626,1,,,1,5,,281582,48,4,,1,10,,281617,1,,,1,8,,281616,48,4,,1,7,,281618,1,,,1,8,,281626,48,4,,1,47,,281619,1,,,1,8,,281617,48,4,,1,7,,281627,1,,,1,8,,281618,48,4,,1,7,,281620,1,,,1,8,,281619,48,4,,1,7,,281630,1,,,1,8,,281627,48,4,,1,52,,281622,1,,,1,3,,281620,48,4,,1,15,,281630,48,4,,1,12,,281621,1,,,1,8,,281622,48,4,,1,62,,281603,1,,,1,8,,281621,48,4,,1,22,,281604,1,,,1,5,,281603,48,4,,1,65,,281605,1,,,1,1,,281604,48,4,,1,29,,281606,1,,,1,1,,281605,48,4,,1,69,,281607,1,,,1,1,,281606,48,4,,1,29,,281608,1,,,1,1,,281607,48,4,,1,69,,281609,1,,,1,1,,281608,48,4,,1,29,,281631,1,,,1,1,,281609,48,4,,1,68,,281631,48,4,,1,31,,281610,1,,,1,67,,281610,48,4,,1,33,,281624,1,,,1,67,,281624,48,4,,1
91300,'913-Weekday-4-26-09-1111100',530,,239063,1,,,1,28,,239063,48,4,,1,42,,239064,1,,,1,28,,239064,48,4,,1,2,,239103,1,,,1,15,,239091,1,,,1,55,,239105,1,,,1,3,,239103,48,4,,1,12,,239095,1,,,1,3,,239091,48,4,,1,12,,239094,1,,,1,3,,239105,48,4,,1,12,,239093,1,,,1,3,,239095,48,4,,1,52,,239092,1,,,1,3,,239094,48,4,,1,12,,239108,1,,,1,3,,239093,48,4,,1,12,,239109,1,,,1,3,,239092,48,4,,1,15,,239108,48,4,,1,2,,239065,1,,,1,53,,239109,48,4,,1,7,,239066,1,,,1,12,,239065,48,4,,1,8,,239067,1,,,1,12,,239066,48,4,,1,8,,239068,1,,,1,52,,239067,48,4,,1,8,,239069,1,,,1,12,,239068,48,4,,1,8,,239070,1,,,1,12,,239069,48,4,,1,8,,239071,1,,,1,52,,239070,48,4,,1,8,,239072,1,,,1,12,,239071,48,4,,1,8,,239073,1,,,1,12,,239072,48,4,,1,8,,239074,1,,,1,52,,239073,48,4,,1,8,,239075,1,,,1,12,,239074,48,4,,1,8,,239076,1,,,1,12,,239075,48,4,,1,8,,239077,1,,,1,52,,239076,48,4,,1,8,,239078,1,,,1,12,,239077,48,4,,1,8,,239079,1,,,1,12,,239078,48,4,,1,8,,239080,1,,,1,52,,239079,48,4,,1,8,,239081,1,,,1,12,,239080,48,4,,1,8,,239082,1,,,1,12,,239081,48,4,,1,8,,239062,1,,,1,53,,239082,48,4,,1,2,,239096,1,,,1,15,,239106,1,,,1,5,,239062,48,4,,1,10,,239097,1,,,1,8,,239096,48,4,,1,7,,239098,1,,,1,8,,239106,48,4,,1,47,,239099,1,,,1,8,,239097,48,4,,1,7,,239107,1,,,1,8,,239098,48,4,,1,7,,239100,1,,,1,8,,239099,48,4,,1,7,,239110,1,,,1,8,,239107,48,4,,1,52,,239102,1,,,1,3,,239100,48,4,,1,15,,239110,48,4,,1,12,,239101,1,,,1,8,,239102,48,4,,1,62,,239083,1,,,1,8,,239101,48,4,,1,22,,239084,1,,,1,5,,239083,48,4,,1,65,,239085,1,,,1,1,,239084,48,4,,1,29,,239086,1,,,1,1,,239085,48,4,,1,69,,239087,1,,,1,1,,239086,48,4,,1,29,,239088,1,,,1,1,,239087,48,4,,1,69,,239089,1,,,1,1,,239088,48,4,,1,29,,239111,1,,,1,1,,239089,48,4,,1,68,,239111,48,4,,1,31,,239090,1,,,1,67,,239090,48,4,,1,33,,239104,1,,,1,67,,239104,48,4,,1
91300,'913-Weekday-5-26-09-1111100',530,,281633,1,,,1,28,,281633,48,4,,1,42,,281634,1,,,1,28,,281634,48,4,,1,2,,281673,1,,,1,15,,281661,1,,,1,55,,281675,1,,,1,3,,281673,48,4,,1,12,,281665,1,,,1,3,,281661,48,4,,1,12,,281664,1,,,1,3,,281675,48,4,,1,12,,281663,1,,,1,3,,281665,48,4,,1,52,,281662,1,,,1,3,,281664,48,4,,1,12,,281678,1,,,1,3,,281663,48,4,,1,12,,281679,1,,,1,3,,281662,48,4,,1,15,,281678,48,4,,1,2,,281635,1,,,1,53,,281679,48,4,,1,7,,281636,1,,,1,12,,281635,48,4,,1,8,,281637,1,,,1,12,,281636,48,4,,1,8,,281638,1,,,1,52,,281637,48,4,,1,8,,281639,1,,,1,12,,281638,48,4,,1,8,,281640,1,,,1,12,,281639,48,4,,1,8,,281641,1,,,1,52,,281640,48,4,,1,8,,281642,1,,,1,12,,281641,48,4,,1,8,,281643,1,,,1,12,,281642,48,4,,1,8,,281644,1,,,1,52,,281643,48,4,,1,8,,281645,1,,,1,12,,281644,48,4,,1,8,,281646,1,,,1,12,,281645,48,4,,1,8,,281647,1,,,1,52,,281646,48,4,,1,8,,281648,1,,,1,12,,281647,48,4,,1,8,,281649,1,,,1,12,,281648,48,4,,1,8,,281650,1,,,1,52,,281649,48,4,,1,8,,281651,1,,,1,12,,281650,48,4,,1,8,,281652,1,,,1,12,,281651,48,4,,1,8,,281632,1,,,1,53,,281652,48,4,,1,2,,281666,1,,,1,15,,281676,1,,,1,5,,281632,48,4,,1,10,,281667,1,,,1,8,,281666,48,4,,1,7,,281668,1,,,1,8,,281676,48,4,,1,47,,281669,1,,,1,8,,281667,48,4,,1,7,,281677,1,,,1,8,,281668,48,4,,1,7,,281670,1,,,1,8,,281669,48,4,,1,7,,281680,1,,,1,8,,281677,48,4,,1,52,,281672,1,,,1,3,,281670,48,4,,1,15,,281680,48,4,,1,12,,281671,1,,,1,8,,281672,48,4,,1,62,,281653,1,,,1,8,,281671,48,4,,1,22,,281654,1,,,1,5,,281653,48,4,,1,65,,281655,1,,,1,1,,281654,48,4,,1,29,,281656,1,,,1,1,,281655,48,4,,1,69,,281657,1,,,1,1,,281656,48,4,,1,29,,281658,1,,,1,1,,281657,48,4,,1,69,,281659,1,,,1,1,,281658,48,4,,1,29,,281681,1,,,1,1,,281659,48,4,,1,68,,281681,48,4,,1,31,,281660,1,,,1,67,,281660,48,4,,1,33,,281674,1,,,1,67,,281674,48,4,,1
91300,'913-Weekday-6-26-09-1111100',530,,281683,1,,,1,28,,281683,48,4,,1,42,,281684,1,,,1,28,,281684,48,4,,1,2,,281723,1,,,1,15,,281711,1,,,1,55,,281725,1,,,1,3,,281723,48,4,,1,12,,281715,1,,,1,3,,281711,48,4,,1,12,,281714,1,,,1,3,,281725,48,4,,1,12,,281713,1,,,1,3,,281715,48,4,,1,52,,281712,1,,,1,3,,281714,48,4,,1,12,,281728,1,,,1,3,,281713,48,4,,1,12,,281729,1,,,1,3,,281712,48,4,,1,15,,281728,48,4,,1,2,,281685,1,,,1,53,,281729,48,4,,1,7,,281686,1,,,1,12,,281685,48,4,,1,8,,281687,1,,,1,12,,281686,48,4,,1,8,,281688,1,,,1,52,,281687,48,4,,1,8,,281689,1,,,1,12,,281688,48,4,,1,8,,281690,1,,,1,12,,281689,48,4,,1,8,,281691,1,,,1,52,,281690,48,4,,1,8,,281692,1,,,1,12,,281691,48,4,,1,8,,281693,1,,,1,12,,281692,48,4,,1,8,,281694,1,,,1,52,,281693,48,4,,1,8,,281695,1,,,1,12,,281694,48,4,,1,8,,281696,1,,,1,12,,281695,48,4,,1,8,,281697,1,,,1,52,,281696,48,4,,1,8,,281698,1,,,1,12,,281697,48,4,,1,8,,281699,1,,,1,12,,281698,48,4,,1,8,,281700,1,,,1,52,,281699,48,4,,1,8,,281701,1,,,1,12,,281700,48,4,,1,8,,281702,1,,,1,12,,281701,48,4,,1,8,,281682,1,,,1,53,,281702,48,4,,1,2,,281716,1,,,1,15,,281726,1,,,1,5,,281682,48,4,,1,10,,281717,1,,,1,8,,281716,48,4,,1,7,,281718,1,,,1,8,,281726,48,4,,1,47,,281719,1,,,1,8,,281717,48,4,,1,7,,281727,1,,,1,8,,281718,48,4,,1,7,,281720,1,,,1,8,,281719,48,4,,1,7,,281730,1,,,1,8,,281727,48,4,,1,52,,281722,1,,,1,3,,281720,48,4,,1,15,,281730,48,4,,1,12,,281721,1,,,1,8,,281722,48,4,,1,62,,281703,1,,,1,8,,281721,48,4,,1,22,,281704,1,,,1,5,,281703,48,4,,1,65,,281705,1,,,1,1,,281704,48,4,,1,29,,281706,1,,,1,1,,281705,48,4,,1,69,,281707,1,,,1,1,,281706,48,4,,1,29,,281708,1,,,1,1,,281707,48,4,,1,69,,281709,1,,,1,1,,281708,48,4,,1,29,,281731,1,,,1,1,,281709,48,4,,1,68,,281731,48,4,,1,31,,281710,1,,,1,67,,281710,48,4,,1,33,,281724,1,,,1,67,,281724,48,4,,1
91300,'913-Weekday-7-26-09-1111100',530,,281733,1,,,1,28,,281733,48,4,,1,42,,281734,1,,,1,28,,281734,48,4,,1,2,,281773,1,,,1,15,,281761,1,,,1,55,,281775,1,,,1,3,,281773,48,4,,1,12,,281765,1,,,1,3,,281761,48,4,,1,12,,281764,1,,,1,3,,281775,48,4,,1,12,,281763,1,,,1,3,,281765,48,4,,1,52,,281762,1,,,1,3,,281764,48,4,,1,12,,281778,1,,,1,3,,281763,48,4,,1,12,,281779,1,,,1,3,,281762,48,4,,1,15,,281778,48,4,,1,2,,281735,1,,,1,53,,281779,48,4,,1,7,,281736,1,,,1,12,,281735,48,4,,1,8,,281737,1,,,1,12,,281736,48,4,,1,8,,281738,1,,,1,52,,281737,48,4,,1,8,,281739,1,,,1,12,,281738,48,4,,1,8,,281740,1,,,1,12,,281739,48,4,,1,8,,281741,1,,,1,52,,281740,48,4,,1,8,,281742,1,,,1,12,,281741,48,4,,1,8,,281743,1,,,1,12,,281742,48,4,,1,8,,281744,1,,,1,52,,281743,48,4,,1,8,,281745,1,,,1,12,,281744,48,4,,1,8,,281746,1,,,1,12,,281745,48,4,,1,8,,281747,1,,,1,52,,281746,48,4,,1,8,,281748,1,,,1,12,,281747,48,4,,1,8,,281749,1,,,1,12,,281748,48,4,,1,8,,281750,1,,,1,52,,281749,48,4,,1,8,,281751,1,,,1,12,,281750,48,4,,1,8,,281752,1,,,1,12,,281751,48,4,,1,8,,281732,1,,,1,53,,281752,48,4,,1,2,,281766,1,,,1,15,,281776,1,,,1,5,,281732,48,4,,1,10,,281767,1,,,1,8,,281766,48,4,,1,7,,281768,1,,,1,8,,281776,48,4,,1,47,,281769,1,,,1,8,,281767,48,4,,1,7,,281777,1,,,1,8,,281768,48,4,,1,7,,281770,1,,,1,8,,281769,48,4,,1,7,,281780,1,,,1,8,,281777,48,4,,1,52,,281772,1,,,1,3,,281770,48,4,,1,15,,281780,48,4,,1,12,,281771,1,,,1,8,,281772,48,4,,1,62,,281753,1,,,1,8,,281771,48,4,,1,22,,281754,1,,,1,5,,281753,48,4,,1,65,,281755,1,,,1,1,,281754,48,4,,1,29,,281756,1,,,1,1,,281755,48,4,,1,69,,281757,1,,,1,1,,281756,48,4,,1,29,,281758,1,,,1,1,,281757,48,4,,1,69,,281759,1,,,1,1,,281758,48,4,,1,29,,281781,1,,,1,1,,281759,48,4,,1,68,,281781,48,4,,1,31,,281760,1,,,1,67,,281760,48,4,,1,33,,281774,1,,,1,67,,281774,48,4,,1
91300,'913-Saturday-1-26-09-0000010',553,,239112,1,,,1,67,,239112,48,4,,1,33,,239113,1,,,1,67,,239113,48,4,,1,33,,239114,1,,,1,67,,239114,48,4,,1,3,,239115,1,,,1,27,,239115,48,4,,1,3,,239116,1,,,1,70,,239117,1,,,1,1,,239116,48,4,,1,29,,239118,1,,,1,3,,239117,48,4,,1,67,,239119,1,,,1,3,,239118,48,4,,1,27,,239120,1,,,1,3,,239119,48,4,,1,67,,239121,1,,,1,3,,239120,48,4,,1,27,,239122,1,,,1,3,,239121,48,4,,1,67,,239123,1,,,1,3,,239122,48,4,,1,27,,239124,1,,,1,3,,239123,48,4,,1,67,,239125,1,,,1,3,,239124,48,4,,1,27,,239126,1,,,1,3,,239125,48,4,,1,67,,239127,1,,,1,3,,239126,48,4,,1,27,,239128,1,,,1,3,,239127,48,4,,1,67,,239129,1,,,1,3,,239128,48,4,,1,27,,239130,1,,,1,3,,239129,48,4,,1,67,,239131,1,,,1,3,,239130,48,4,,1,27,,239132,1,,,1,3,,239131,48,4,,1,67,,239133,1,,,1,30,,239134,1,,,1,70,,239135,1,,,1,30,,239136,1,,,1,70,,239136,48,4,,1,30,,239137,1,,,1,70,,239137,48,4,,1,30,,239138,1,,,1,70,,239138,48,4,,1,30,,239139,1,,,1,70,,239139,48,4,,1,30,,239140,1,,,1,70,,239140,48,4,,1,30,,239141,1,,,1,70,,239141,48,4,,1
91300,'913-Sunday-1-26-09-0000001',600,,239142,1,,,1,27,,239142,48,4,,1,73,,239143,1,,,1,27,,239143,48,4,,1,73,,239144,1,,,1,27,,239144,48,4,,1,73,,239145,1,,,1,32,,239145,48,4,,1,68,,239146,1,,,1,30,,239147,1,,,1,2,,239146,48,4,,1,68,,239148,1,,,1,2,,239147,48,4,,1,28,,239149,1,,,1,2,,239148,48,4,,1,68,,239150,1,,,1,2,,239149,48,4,,1,28,,239151,1,,,1,2,,239150,48,4,,1,68,,239152,1,,,1,2,,239151,48,4,,1,28,,239153,1,,,1,2,,239152,48,4,,1,68,,239154,1,,,1,2,,239153,48,4,,1,28,,239155,1,,,1,2,,239154,48,4,,1,68,,239156,1,,,1,2,,239155,48,4,,1,28,,239157,1,,,1,2,,239156,48,4,,1,68,,239158,1,,,1,2,,239157,48,4,,1,28,,239159,1,,,1,2,,239158,48,4,,1,68,,239160,1,,,1,2,,239159,48,4,,1,27,,239160,48,4,,1,1,,239161,1,,,1,29,,239161,48,4,,1,41,,239162,1,,,1,29,,239162,48,4,,1,1,,239163,1,,,1,29,,239163,48,4,,1,41,,239164,1,,,1,29,,239164,48,4,,1,71,,239165,1,,,1,29,,239165,48,4,,1,71,,239166,1,,,1,29,,239166,48,4,,1,71,,239167,1,,,1,29,,239167,48,4,,1
91600,'916-Weekday-1-26-09-0001000',1532,,239928,50,4,,1
91600,'916-Weekday-1-26-09-1111100',614,,239929,50,4,,1,31,,239930,50,4,,1,8,,239971,50,4,,1,49,,239968,50,4,,1,7,,239972,50,4,,1,8,,239931,50,4,,1,7,,239973,50,4,,1,8,,239962,50,4,,1,7,,239974,50,4,,1,8,,239932,50,4,,1,7,,239975,50,4,,1,48,,239933,50,4,,1,7,,239976,50,4,,1,3,,239977,50,4,,1,5,,239963,50,4,,1,7,,239969,50,4,,1,8,,239970,50,4,,1,7,,239979,50,4,,1,18,,239978,50,4,,1,68,,239934,50,4,,1,31,,239935,50,4,,1,70,,239936,50,4,,1,30,,239937,50,4,,1,70,,239938,50,4,,1,30,,239939,50,4,,1,70,,239940,50,4,,1,30,,239941,50,4,,1,70,,239942,50,4,,1,30,,239943,50,4,,1,70,,239944,50,4,,1,30,,239945,50,4,,1,71,,239967,50,4,,1,22,,239946,50,4,,1,60,,239964,50,4,,1,21,,239947,50,4,,1,19,,239948,50,4,,1,60,,239965,50,4,,1,21,,239949,50,4,,1,19,,239966,50,4,,1,60,,239950,50,4,,1,21,,239951,50,4,,1,20,,239952,50,4,,1,69,,239953,50,4,,1,31,,239954,50,4,,1,70,,239955,50,4,,1,30,,239956,50,4,,1,70,,239957,50,4,,1,30,,239958,50,4,,1,81,,239959,50,4,,1,100,,239960,50,4,,1,100,,239961,50,4,,1
91600,'916-Weekday-2-26-09-1111100',614,,239980,50,4,,1,31,,239981,50,4,,1,8,,240022,50,4,,1,49,,240019,50,4,,1,7,,240023,50,4,,1,8,,239982,50,4,,1,7,,240024,50,4,,1,8,,240013,50,4,,1,7,,240025,50,4,,1,8,,239983,50,4,,1,7,,240026,50,4,,1,48,,239984,50,4,,1,7,,240027,50,4,,1,3,,240028,50,4,,1,5,,240014,50,4,,1,7,,240020,50,4,,1,8,,240021,50,4,,1,7,,240030,50,4,,1,18,,240029,50,4,,1,68,,239985,50,4,,1,31,,239986,50,4,,1,70,,239987,50,4,,1,30,,239988,50,4,,1,70,,239989,50,4,,1,30,,239990,50,4,,1,70,,239991,50,4,,1,30,,239992,50,4,,1,70,,239993,50,4,,1,30,,239994,50,4,,1,70,,239995,50,4,,1,30,,239996,50,4,,1,71,,240018,50,4,,1,22,,239997,50,4,,1,60,,240015,50,4,,1,21,,239998,50,4,,1,19,,239999,50,4,,1,60,,240016,50,4,,1,21,,240000,50,4,,1,19,,240017,50,4,,1,60,,240001,50,4,,1,21,,240002,50,4,,1,20,,240003,50,4,,1,69,,240004,50,4,,1,31,,240005,50,4,,1,70,,240006,50,4,,1,30,,240007,50,4,,1,70,,240008,50,4,,1,30,,240009,50,4,,1,81,,240010,50,4,,1,100,,240011,50,4,,1,100,,240012,50,4,,1
91600,'916-Weekday-3-26-09-1111100',614,,282494,50,4,,1,31,,282495,50,4,,1,8,,282536,50,4,,1,49,,282533,50,4,,1,7,,282537,50,4,,1,8,,282496,50,4,,1,7,,282538,50,4,,1,8,,282527,50,4,,1,7,,282539,50,4,,1,8,,282497,50,4,,1,7,,282540,50,4,,1,48,,282498,50,4,,1,7,,282541,50,4,,1,3,,282542,50,4,,1,5,,282528,50,4,,1,7,,282534,50,4,,1,8,,282535,50,4,,1,7,,282544,50,4,,1,18,,282543,50,4,,1,68,,282499,50,4,,1,31,,282500,50,4,,1,70,,282501,50,4,,1,30,,282502,50,4,,1,70,,282503,50,4,,1,30,,282504,50,4,,1,70,,282505,50,4,,1,30,,282506,50,4,,1,70,,282507,50,4,,1,30,,282508,50,4,,1,70,,282509,50,4,,1,30,,282510,50,4,,1,71,,282532,50,4,,1,22,,282511,50,4,,1,60,,282529,50,4,,1,21,,282512,50,4,,1,19,,282513,50,4,,1,60,,282530,50,4,,1,21,,282514,50,4,,1,19,,282531,50,4,,1,60,,282515,50,4,,1,21,,282516,50,4,,1,20,,282517,50,4,,1,69,,282518,50,4,,1,31,,282519,50,4,,1,70,,282520,50,4,,1,30,,282521,50,4,,1,70,,282522,50,4,,1,30,,282523,50,4,,1,81,,282524,50,4,,1,100,,282525,50,4,,1,100,,282526,50,4,,1
91600,'916-Weekday-4-26-09-1111100',614,,240031,50,4,,1,31,,240032,50,4,,1,8,,240073,50,4,,1,49,,240070,50,4,,1,7,,240074,50,4,,1,8,,240033,50,4,,1,7,,240075,50,4,,1,8,,240064,50,4,,1,7,,240076,50,4,,1,8,,240034,50,4,,1,7,,240077,50,4,,1,48,,240035,50,4,,1,7,,240078,50,4,,1,8,,240065,50,4,,1,7,,240071,50,4,,1,8,,240072,50,4,,1,7,,240080,50,4,,1,18,,240079,50,4,,1,68,,240036,50,4,,1,31,,240037,50,4,,1,70,,240038,50,4,,1,30,,240039,50,4,,1,70,,240040,50,4,,1,30,,240041,50,4,,1,70,,240042,50,4,,1,30,,240043,50,4,,1,70,,240044,50,4,,1,30,,240045,50,4,,1,70,,240046,50,4,,1,30,,240047,50,4,,1,71,,240069,50,4,,1,22,,240048,50,4,,1,60,,240066,50,4,,1,21,,240049,50,4,,1,19,,240050,50,4,,1,60,,240067,50,4,,1,21,,240051,50,4,,1,19,,240068,50,4,,1,60,,240052,50,4,,1,21,,240053,50,4,,1,20,,240054,50,4,,1,69,,240055,50,4,,1,31,,240056,50,4,,1,70,,240057,50,4,,1,30,,240058,50,4,,1,70,,240059,50,4,,1,30,,240060,50,4,,1,81,,240061,50,4,,1,100,,240062,50,4,,1,100,,240063,50,4,,1
91600,'916-Weekday-5-26-09-1111100',614,,282545,50,4,,1,31,,282546,50,4,,1,8,,282587,50,4,,1,49,,282584,50,4,,1,7,,282588,50,4,,1,8,,282547,50,4,,1,7,,282589,50,4,,1,8,,282578,50,4,,1,7,,282590,50,4,,1,8,,282548,50,4,,1,7,,282591,50,4,,1,48,,282549,50,4,,1,7,,282592,50,4,,1,8,,282579,50,4,,1,7,,282585,50,4,,1,8,,282586,50,4,,1,7,,282594,50,4,,1,18,,282593,50,4,,1,68,,282550,50,4,,1,31,,282551,50,4,,1,70,,282552,50,4,,1,30,,282553,50,4,,1,70,,282554,50,4,,1,30,,282555,50,4,,1,70,,282556,50,4,,1,30,,282557,50,4,,1,70,,282558,50,4,,1,30,,282559,50,4,,1,70,,282560,50,4,,1,30,,282561,50,4,,1,71,,282583,50,4,,1,22,,282562,50,4,,1,60,,282580,50,4,,1,21,,282563,50,4,,1,19,,282564,50,4,,1,60,,282581,50,4,,1,21,,282565,50,4,,1,19,,282582,50,4,,1,60,,282566,50,4,,1,21,,282567,50,4,,1,20,,282568,50,4,,1,69,,282569,50,4,,1,31,,282570,50,4,,1,70,,282571,50,4,,1,30,,282572,50,4,,1,70,,282573,50,4,,1,30,,282574,50,4,,1,81,,282575,50,4,,1,100,,282576,50,4,,1,100,,282577,50,4,,1
91600,'916-Weekday-6-26-09-1111100',614,,282595,50,4,,1,31,,282596,50,4,,1,8,,282637,50,4,,1,49,,282634,50,4,,1,7,,282638,50,4,,1,8,,282597,50,4,,1,7,,282639,50,4,,1,8,,282628,50,4,,1,7,,282640,50,4,,1,8,,282598,50,4,,1,7,,282641,50,4,,1,48,,282599,50,4,,1,7,,282642,50,4,,1,3,,282643,50,4,,1,5,,282629,50,4,,1,7,,282635,50,4,,1,8,,282636,50,4,,1,7,,282645,50,4,,1,18,,282644,50,4,,1,68,,282600,50,4,,1,31,,282601,50,4,,1,70,,282602,50,4,,1,30,,282603,50,4,,1,70,,282604,50,4,,1,30,,282605,50,4,,1,70,,282606,50,4,,1,30,,282607,50,4,,1,70,,282608,50,4,,1,30,,282609,50,4,,1,70,,282610,50,4,,1,30,,282611,50,4,,1,71,,282633,50,4,,1,22,,282612,50,4,,1,60,,282630,50,4,,1,21,,282613,50,4,,1,19,,282614,50,4,,1,60,,282631,50,4,,1,21,,282615,50,4,,1,19,,282632,50,4,,1,60,,282616,50,4,,1,21,,282617,50,4,,1,20,,282618,50,4,,1,69,,282619,50,4,,1,31,,282620,50,4,,1,70,,282621,50,4,,1,30,,282622,50,4,,1,70,,282623,50,4,,1,30,,282624,50,4,,1,81,,282625,50,4,,1,100,,282626,50,4,,1,100,,282627,50,4,,1
91600,'916-Weekday-7-26-09-1111100',614,,282646,50,4,,1,31,,282647,50,4,,1,8,,282688,50,4,,1,49,,282685,50,4,,1,7,,282689,50,4,,1,8,,282648,50,4,,1,7,,282690,50,4,,1,8,,282679,50,4,,1,7,,282691,50,4,,1,8,,282649,50,4,,1,7,,282692,50,4,,1,48,,282650,50,4,,1,7,,282693,50,4,,1,8,,282680,50,4,,1,7,,282686,50,4,,1,8,,282687,50,4,,1,7,,282695,50,4,,1,18,,282694,50,4,,1,68,,282651,50,4,,1,31,,282652,50,4,,1,70,,282653,50,4,,1,30,,282654,50,4,,1,70,,282655,50,4,,1,30,,282656,50,4,,1,70,,282657,50,4,,1,30,,282658,50,4,,1,70,,282659,50,4,,1,30,,282660,50,4,,1,70,,282661,50,4,,1,30,,282662,50,4,,1,71,,282684,50,4,,1,22,,282663,50,4,,1,60,,282681,50,4,,1,21,,282664,50,4,,1,19,,282665,50,4,,1,60,,282682,50,4,,1,21,,282666,50,4,,1,19,,282683,50,4,,1,60,,282667,50,4,,1,21,,282668,50,4,,1,20,,282669,50,4,,1,69,,282670,50,4,,1,31,,282671,50,4,,1,70,,282672,50,4,,1,30,,282673,50,4,,1,70,,282674,50,4,,1,30,,282675,50,4,,1,81,,282676,50,4,,1,100,,282677,50,4,,1,100,,282678,50,4,,1
91600,'916-Saturday-1-26-09-0000010',633,,240081,50,4,,1,100,,240082,50,4,,1,100,,240083,50,4,,1,71,,240084,50,4,,1,31,,240085,50,4,,1,72,,240086,50,4,,1,30,,240087,50,4,,1,70,,240088,50,4,,1,30,,240089,50,4,,1,70,,240090,50,4,,1,30,,240091,50,4,,1,70,,240092,50,4,,1,30,,240093,50,4,,1,70,,240094,50,4,,1,30,,240095,50,4,,1,70,,240096,50,4,,1,30,,240097,50,4,,1,70,,240098,50,4,,1,30,,240099,50,4,,1,69,,240100,50,4,,1,28,,240101,50,4,,1,70,,240102,50,4,,1,30,,240103,50,4,,1,70,,240104,50,4,,1,30,,240105,50,4,,1,100,,240106,50,4,,1,100,,240107,50,4,,1,100,,240108,50,4,,1,100,,240109,50,4,,1
91600,'916-Sunday-1-26-09-0000001',634,,240110,50,4,,1,100,,240111,50,4,,1,100,,240112,50,4,,1,98,,240113,50,4,,1,102,,240114,50,4,,1,70,,240115,50,4,,1,30,,240116,50,4,,1,70,,240117,50,4,,1,30,,240118,50,4,,1,70,,240119,50,4,,1,30,,240120,50,4,,1,70,,240121,50,4,,1,30,,240122,50,4,,1,70,,240123,50,4,,1,30,,240124,50,4,,1,70,,240125,50,4,,1,30,,240126,50,4,,1,70,,240127,50,4,,1,26,,240128,50,4,,1,28,,240129,50,4,,1,70,,240130,50,4,,1,30,,240131,50,4,,1,77,,240132,50,4,,1,100,,240133,50,4,,1,100,,240134,50,4,,1,100,,240135,50,4,,1,100,,240136,50,4,,1
91601,'916-Weekday-1-26-09-0001000',1211,,240137,1,,,1
91601,'916-Weekday-1-26-09-1110100',1508,,240139,1,,,1,102,,240138,1,,,1
91601,'916-Weekday-1-26-09-1111100',535,,240140,1,,,1,70,,240178,1,,,1,15,,240168,1,,,1,15,,240183,1,,,1,15,,240169,1,,,1,55,,240170,1,,,1,15,,240171,1,,,1,15,,240184,1,,,1,15,,240172,1,,,1,55,,240177,1,,,1,30,,240176,1,,,1,70,,240141,1,,,1,30,,240142,1,,,1,70,,240143,1,,,1,30,,240144,1,,,1,70,,240145,1,,,1,30,,240146,1,,,1,70,,240147,1,,,1,30,,240148,1,,,1,70,,240149,1,,,1,30,,240150,1,,,1,70,,240151,1,,,1,30,,240152,1,,,1,70,,240153,1,,,1,12,,240154,1,,,1,12,,240173,1,,,1,12,,240155,1,,,1,12,,240156,1,,,1,52,,240185,1,,,1,12,,240157,1,,,1,12,,240174,1,,,1,12,,240158,1,,,1,12,,240159,1,,,1,52,,240186,1,,,1,12,,240160,1,,,1,12,,240179,1,,,1,30,,240180,1,,,1,70,,240161,1,,,1,30,,240162,1,,,1,70,,240163,1,,,1,30,,240164,1,,,1,70,,240165,1,,,1,30,,240166,1,,,1,70,,240167,1,,,1,30,,240181,1,,,1,100,,240175,1,,,1,100,,240182,1,,,1
91601,'916-Weekday-2-26-09-1110100',1610,,240187,1,,,1
91601,'916-Weekday-2-26-09-1111100',535,,240188,1,,,1,70,,240226,1,,,1,15,,240216,1,,,1,15,,240231,1,,,1,15,,240217,1,,,1,55,,240218,1,,,1,15,,240219,1,,,1,15,,240232,1,,,1,15,,240220,1,,,1,55,,240225,1,,,1,30,,240224,1,,,1,70,,240189,1,,,1,30,,240190,1,,,1,70,,240191,1,,,1,30,,240192,1,,,1,70,,240193,1,,,1,30,,240194,1,,,1,70,,240195,1,,,1,30,,240196,1,,,1,70,,240197,1,,,1,30,,240198,1,,,1,70,,240199,1,,,1,30,,240200,1,,,1,70,,240201,1,,,1,12,,240202,1,,,1,12,,240221,1,,,1,12,,240203,1,,,1,12,,240204,1,,,1,52,,240233,1,,,1,12,,240205,1,,,1,12,,240222,1,,,1,12,,240206,1,,,1,12,,240207,1,,,1,52,,240234,1,,,1,12,,240208,1,,,1,12,,240227,1,,,1,30,,240228,1,,,1,70,,240209,1,,,1,30,,240210,1,,,1,70,,240211,1,,,1,30,,240212,1,,,1,70,,240213,1,,,1,30,,240214,1,,,1,70,,240215,1,,,1,30,,240229,1,,,1,100,,240223,1,,,1,100,,240230,1,,,1
91601,'916-Weekday-3-26-09-1110100',1508,,282696,1,,,1
91601,'916-Weekday-3-26-09-1111100',535,,282697,1,,,1,70,,282735,1,,,1,15,,282725,1,,,1,15,,282740,1,,,1,15,,282726,1,,,1,55,,282727,1,,,1,15,,282728,1,,,1,15,,282741,1,,,1,15,,282729,1,,,1,55,,282734,1,,,1,30,,282733,1,,,1,70,,282698,1,,,1,30,,282699,1,,,1,70,,282700,1,,,1,30,,282701,1,,,1,70,,282702,1,,,1,30,,282703,1,,,1,70,,282704,1,,,1,30,,282705,1,,,1,70,,282706,1,,,1,30,,282707,1,,,1,70,,282708,1,,,1,30,,282709,1,,,1,70,,282710,1,,,1,12,,282711,1,,,1,12,,282730,1,,,1,12,,282712,1,,,1,12,,282713,1,,,1,52,,282742,1,,,1,12,,282714,1,,,1,12,,282731,1,,,1,12,,282715,1,,,1,12,,282716,1,,,1,52,,282743,1,,,1,12,,282717,1,,,1,12,,282736,1,,,1,30,,282737,1,,,1,70,,282718,1,,,1,30,,282719,1,,,1,70,,282720,1,,,1,30,,282721,1,,,1,70,,282722,1,,,1,30,,282723,1,,,1,70,,282724,1,,,1,30,,282738,1,,,1,100,,282732,1,,,1,100,,282739,1,,,1
91601,'916-Weekday-4-26-09-1111100',535,,240235,1,,,1,70,,240273,1,,,1,15,,240263,1,,,1,15,,240278,1,,,1,15,,240264,1,,,1,55,,240265,1,,,1,15,,240266,1,,,1,15,,240279,1,,,1,15,,240267,1,,,1,55,,240272,1,,,1,30,,240271,1,,,1,70,,240236,1,,,1,30,,240237,1,,,1,70,,240238,1,,,1,30,,240239,1,,,1,70,,240240,1,,,1,30,,240241,1,,,1,70,,240242,1,,,1,30,,240243,1,,,1,70,,240244,1,,,1,30,,240245,1,,,1,70,,240246,1,,,1,30,,240247,1,,,1,70,,240248,1,,,1,12,,240249,1,,,1,12,,240268,1,,,1,12,,240250,1,,,1,12,,240251,1,,,1,52,,240280,1,,,1,12,,240252,1,,,1,12,,240269,1,,,1,12,,240253,1,,,1,12,,240254,1,,,1,52,,240281,1,,,1,12,,240255,1,,,1,12,,240274,1,,,1,30,,240275,1,,,1,70,,240256,1,,,1,30,,240257,1,,,1,70,,240258,1,,,1,30,,240259,1,,,1,70,,240260,1,,,1,30,,240261,1,,,1,70,,240262,1,,,1,30,,240276,1,,,1,100,,240270,1,,,1,100,,240277,1,,,1
91601,'916-Weekday-5-26-09-1111100',535,,282744,1,,,1,70,,282782,1,,,1,15,,282772,1,,,1,15,,282787,1,,,1,15,,282773,1,,,1,55,,282774,1,,,1,15,,282775,1,,,1,15,,282788,1,,,1,15,,282776,1,,,1,55,,282781,1,,,1,30,,282780,1,,,1,70,,282745,1,,,1,30,,282746,1,,,1,70,,282747,1,,,1,30,,282748,1,,,1,70,,282749,1,,,1,30,,282750,1,,,1,70,,282751,1,,,1,30,,282752,1,,,1,70,,282753,1,,,1,30,,282754,1,,,1,70,,282755,1,,,1,30,,282756,1,,,1,70,,282757,1,,,1,12,,282758,1,,,1,12,,282777,1,,,1,12,,282759,1,,,1,12,,282760,1,,,1,52,,282789,1,,,1,12,,282761,1,,,1,12,,282778,1,,,1,12,,282762,1,,,1,12,,282763,1,,,1,52,,282790,1,,,1,12,,282764,1,,,1,12,,282783,1,,,1,30,,282784,1,,,1,70,,282765,1,,,1,30,,282766,1,,,1,70,,282767,1,,,1,30,,282768,1,,,1,70,,282769,1,,,1,30,,282770,1,,,1,70,,282771,1,,,1,30,,282785,1,,,1,100,,282779,1,,,1,100,,282786,1,,,1
91601,'916-Weekday-6-26-09-1110100',1508,,282792,1,,,1,102,,282791,1,,,1
91601,'916-Weekday-6-26-09-1111100',535,,282793,1,,,1,70,,282831,1,,,1,15,,282821,1,,,1,15,,282836,1,,,1,15,,282822,1,,,1,55,,282823,1,,,1,15,,282824,1,,,1,15,,282837,1,,,1,15,,282825,1,,,1,55,,282830,1,,,1,30,,282829,1,,,1,70,,282794,1,,,1,30,,282795,1,,,1,70,,282796,1,,,1,30,,282797,1,,,1,70,,282798,1,,,1,30,,282799,1,,,1,70,,282800,1,,,1,30,,282801,1,,,1,70,,282802,1,,,1,30,,282803,1,,,1,70,,282804,1,,,1,30,,282805,1,,,1,70,,282806,1,,,1,12,,282807,1,,,1,12,,282826,1,,,1,12,,282808,1,,,1,12,,282809,1,,,1,52,,282838,1,,,1,12,,282810,1,,,1,12,,282827,1,,,1,12,,282811,1,,,1,12,,282812,1,,,1,52,,282839,1,,,1,12,,282813,1,,,1,12,,282832,1,,,1,30,,282833,1,,,1,70,,282814,1,,,1,30,,282815,1,,,1,70,,282816,1,,,1,30,,282817,1,,,1,70,,282818,1,,,1,30,,282819,1,,,1,70,,282820,1,,,1,30,,282834,1,,,1,100,,282828,1,,,1,100,,282835,1,,,1
91601,'916-Weekday-7-26-09-1111100',535,,282840,1,,,1,70,,282878,1,,,1,15,,282868,1,,,1,15,,282883,1,,,1,15,,282869,1,,,1,55,,282870,1,,,1,15,,282871,1,,,1,15,,282884,1,,,1,15,,282872,1,,,1,55,,282877,1,,,1,30,,282876,1,,,1,70,,282841,1,,,1,30,,282842,1,,,1,70,,282843,1,,,1,30,,282844,1,,,1,70,,282845,1,,,1,30,,282846,1,,,1,70,,282847,1,,,1,30,,282848,1,,,1,70,,282849,1,,,1,30,,282850,1,,,1,70,,282851,1,,,1,30,,282852,1,,,1,70,,282853,1,,,1,12,,282854,1,,,1,12,,282873,1,,,1,12,,282855,1,,,1,12,,282856,1,,,1,52,,282885,1,,,1,12,,282857,1,,,1,12,,282874,1,,,1,12,,282858,1,,,1,12,,282859,1,,,1,52,,282886,1,,,1,12,,282860,1,,,1,12,,282879,1,,,1,30,,282880,1,,,1,70,,282861,1,,,1,30,,282862,1,,,1,70,,282863,1,,,1,30,,282864,1,,,1,70,,282865,1,,,1,30,,282866,1,,,1,70,,282867,1,,,1,30,,282881,1,,,1,100,,282875,1,,,1,100,,282882,1,,,1
91601,'916-Saturday-1-26-09-0000010',637,,240282,1,,,1,100,,240283,1,,,1,70,,240284,1,,,1,30,,240285,1,,,1,72,,240286,1,,,1,32,,240287,1,,,1,72,,240288,1,,,1,30,,240289,1,,,1,70,,240290,1,,,1,30,,240291,1,,,1,70,,240292,1,,,1,30,,240293,1,,,1,70,,240294,1,,,1,30,,240295,1,,,1,70,,240296,1,,,1,30,,240297,1,,,1,70,,240298,1,,,1,30,,240299,1,,,1,70,,240300,1,,,1,30,,240301,1,,,1,70,,240302,1,,,1,30,,240303,1,,,1,70,,240310,1,,,1,30,,240311,1,,,1,65,,240304,1,,,1,100,,240305,1,,,1,100,,240306,1,,,1,100,,240307,1,,,1,100,,240308,1,,,1,100,,240309,1,,,1
91601,'916-Sunday-1-26-09-0000001',638,,240312,1,,,1,100,,240313,1,,,1,100,,240314,1,,,1,99,,240336,1,,,1,101,,240315,1,,,1,70,,240316,1,,,1,30,,240317,1,,,1,70,,240318,1,,,1,30,,240319,1,,,1,70,,240320,1,,,1,30,,240321,1,,,1,70,,240322,1,,,1,30,,240323,1,,,1,70,,240324,1,,,1,30,,240325,1,,,1,70,,240326,1,,,1,30,,240327,1,,,1,70,,240337,1,,,1,26,,240338,1,,,1,68,,240328,1,,,1,30,,240329,1,,,1,70,,240330,1,,,1,37,,240331,1,,,1,100,,240332,1,,,1,100,,240333,1,,,1,100,,240334,1,,,1,100,,240335,1,,,1
91700,'917-Weekday-1-26-09-1111100',530,,240339,46,4,,1,70,,240340,46,4,,1,30,,240376,46,4,,1,18,,240374,46,4,,1,58,,240380,46,4,,1,15,,240341,46,4,,1,15,,240342,46,4,,1,15,,240367,46,4,,1,55,,240378,46,4,,1,15,,240343,46,4,,1,15,,240344,46,4,,1,15,,240368,46,4,,1,54,,240381,46,4,,1,14,,240377,46,4,,1,17,,240379,46,4,,1,70,,240345,46,4,,1,30,,240346,46,4,,1,70,,240347,46,4,,1,30,,240348,46,4,,1,70,,240349,46,4,,1,30,,240350,46,4,,1,70,,240351,46,4,,1,30,,240352,46,4,,1,70,,240353,46,4,,1,30,,240364,46,4,,1,71,,240369,46,4,,1,33,,240370,46,4,,1,69,,240371,46,4,,1,30,,240354,46,4,,1,70,,240372,46,4,,1,30,,240373,46,4,,1,70,,240366,46,4,,1,29,,240355,46,4,,1,65,,240356,46,4,,1,32,,240357,46,4,,1,69,,240358,46,4,,1,30,,240359,46,4,,1,70,,240360,46,4,,1,30,,240361,46,4,,1,70,,240362,46,4,,1,27,,240375,46,4,,1,100,,240365,46,4,,1,100,,240363,46,4,,1
91700,'917-Weekday-2-26-09-1111100',530,,240382,46,4,,1,70,,240383,46,4,,1,30,,240419,46,4,,1,18,,240417,46,4,,1,58,,240423,46,4,,1,15,,240384,46,4,,1,15,,240385,46,4,,1,15,,240410,46,4,,1,55,,240421,46,4,,1,15,,240386,46,4,,1,15,,240387,46,4,,1,15,,240411,46,4,,1,54,,240424,46,4,,1,14,,240420,46,4,,1,17,,240422,46,4,,1,70,,240388,46,4,,1,30,,240389,46,4,,1,70,,240390,46,4,,1,30,,240391,46,4,,1,70,,240392,46,4,,1,30,,240393,46,4,,1,70,,240394,46,4,,1,30,,240395,46,4,,1,70,,240396,46,4,,1,30,,240407,46,4,,1,71,,240412,46,4,,1,33,,240413,46,4,,1,69,,240414,46,4,,1,30,,240397,46,4,,1,70,,240415,46,4,,1,30,,240416,46,4,,1,70,,240409,46,4,,1,29,,240398,46,4,,1,65,,240399,46,4,,1,32,,240400,46,4,,1,69,,240401,46,4,,1,30,,240402,46,4,,1,70,,240403,46,4,,1,30,,240404,46,4,,1,70,,240405,46,4,,1,27,,240418,46,4,,1,100,,240408,46,4,,1,100,,240406,46,4,,1
91700,'917-Weekday-3-26-09-1111100',530,,282887,46,4,,1,70,,282888,46,4,,1,30,,282924,46,4,,1,18,,282922,46,4,,1,58,,282928,46,4,,1,15,,282889,46,4,,1,15,,282890,46,4,,1,15,,282915,46,4,,1,55,,282926,46,4,,1,15,,282891,46,4,,1,15,,282892,46,4,,1,15,,282916,46,4,,1,54,,282929,46,4,,1,14,,282925,46,4,,1,17,,282927,46,4,,1,70,,282893,46,4,,1,30,,282894,46,4,,1,70,,282895,46,4,,1,30,,282896,46,4,,1,70,,282897,46,4,,1,30,,282898,46,4,,1,70,,282899,46,4,,1,30,,282900,46,4,,1,70,,282901,46,4,,1,30,,282912,46,4,,1,71,,282917,46,4,,1,33,,282918,46,4,,1,69,,282919,46,4,,1,30,,282902,46,4,,1,70,,282920,46,4,,1,30,,282921,46,4,,1,70,,282914,46,4,,1,29,,282903,46,4,,1,65,,282904,46,4,,1,32,,282905,46,4,,1,69,,282906,46,4,,1,30,,282907,46,4,,1,70,,282908,46,4,,1,30,,282909,46,4,,1,70,,282910,46,4,,1,27,,282923,46,4,,1,100,,282913,46,4,,1,100,,282911,46,4,,1
91700,'917-Weekday-4-26-09-1111100',530,,240425,46,4,,1,70,,240426,46,4,,1,30,,240462,46,4,,1,18,,240460,46,4,,1,58,,240466,46,4,,1,15,,240427,46,4,,1,15,,240428,46,4,,1,15,,240453,46,4,,1,55,,240464,46,4,,1,15,,240429,46,4,,1,15,,240430,46,4,,1,15,,240454,46,4,,1,54,,240467,46,4,,1,14,,240463,46,4,,1,17,,240465,46,4,,1,70,,240431,46,4,,1,30,,240432,46,4,,1,70,,240433,46,4,,1,30,,240434,46,4,,1,70,,240435,46,4,,1,30,,240436,46,4,,1,70,,240437,46,4,,1,30,,240438,46,4,,1,70,,240439,46,4,,1,30,,240450,46,4,,1,71,,240455,46,4,,1,33,,240456,46,4,,1,69,,240457,46,4,,1,30,,240440,46,4,,1,70,,240458,46,4,,1,30,,240459,46,4,,1,70,,240452,46,4,,1,29,,240441,46,4,,1,65,,240442,46,4,,1,32,,240443,46,4,,1,69,,240444,46,4,,1,30,,240445,46,4,,1,70,,240446,46,4,,1,30,,240447,46,4,,1,70,,240448,46,4,,1,27,,240461,46,4,,1,100,,240451,46,4,,1,100,,240449,46,4,,1
91700,'917-Weekday-5-26-09-1111100',530,,282930,46,4,,1,70,,282931,46,4,,1,30,,282967,46,4,,1,18,,282965,46,4,,1,58,,282971,46,4,,1,15,,282932,46,4,,1,15,,282933,46,4,,1,15,,282958,46,4,,1,55,,282969,46,4,,1,15,,282934,46,4,,1,15,,282935,46,4,,1,15,,282959,46,4,,1,54,,282972,46,4,,1,14,,282968,46,4,,1,17,,282970,46,4,,1,70,,282936,46,4,,1,30,,282937,46,4,,1,70,,282938,46,4,,1,30,,282939,46,4,,1,70,,282940,46,4,,1,30,,282941,46,4,,1,70,,282942,46,4,,1,30,,282943,46,4,,1,70,,282944,46,4,,1,30,,282955,46,4,,1,71,,282960,46,4,,1,33,,282961,46,4,,1,69,,282962,46,4,,1,30,,282945,46,4,,1,70,,282963,46,4,,1,30,,282964,46,4,,1,70,,282957,46,4,,1,29,,282946,46,4,,1,65,,282947,46,4,,1,32,,282948,46,4,,1,69,,282949,46,4,,1,30,,282950,46,4,,1,70,,282951,46,4,,1,30,,282952,46,4,,1,70,,282953,46,4,,1,27,,282966,46,4,,1,100,,282956,46,4,,1,100,,282954,46,4,,1
91700,'917-Weekday-6-26-09-1111100',530,,282973,46,4,,1,70,,282974,46,4,,1,30,,283010,46,4,,1,18,,283008,46,4,,1,58,,283014,46,4,,1,15,,282975,46,4,,1,15,,282976,46,4,,1,15,,283001,46,4,,1,55,,283012,46,4,,1,15,,282977,46,4,,1,15,,282978,46,4,,1,15,,283002,46,4,,1,54,,283015,46,4,,1,14,,283011,46,4,,1,17,,283013,46,4,,1,70,,282979,46,4,,1,30,,282980,46,4,,1,70,,282981,46,4,,1,30,,282982,46,4,,1,70,,282983,46,4,,1,30,,282984,46,4,,1,70,,282985,46,4,,1,30,,282986,46,4,,1,70,,282987,46,4,,1,30,,282998,46,4,,1,71,,283003,46,4,,1,33,,283004,46,4,,1,69,,283005,46,4,,1,30,,282988,46,4,,1,70,,283006,46,4,,1,30,,283007,46,4,,1,70,,283000,46,4,,1,29,,282989,46,4,,1,65,,282990,46,4,,1,32,,282991,46,4,,1,69,,282992,46,4,,1,30,,282993,46,4,,1,70,,282994,46,4,,1,30,,282995,46,4,,1,70,,282996,46,4,,1,27,,283009,46,4,,1,100,,282999,46,4,,1,100,,282997,46,4,,1
91700,'917-Weekday-7-26-09-1111100',530,,283016,46,4,,1,70,,283017,46,4,,1,30,,283053,46,4,,1,18,,283051,46,4,,1,58,,283057,46,4,,1,15,,283018,46,4,,1,15,,283019,46,4,,1,15,,283044,46,4,,1,55,,283055,46,4,,1,15,,283020,46,4,,1,15,,283021,46,4,,1,15,,283045,46,4,,1,54,,283058,46,4,,1,14,,283054,46,4,,1,17,,283056,46,4,,1,70,,283022,46,4,,1,30,,283023,46,4,,1,70,,283024,46,4,,1,30,,283025,46,4,,1,70,,283026,46,4,,1,30,,283027,46,4,,1,70,,283028,46,4,,1,30,,283029,46,4,,1,70,,283030,46,4,,1,30,,283041,46,4,,1,71,,283046,46,4,,1,33,,283047,46,4,,1,69,,283048,46,4,,1,30,,283031,46,4,,1,70,,283049,46,4,,1,30,,283050,46,4,,1,70,,283043,46,4,,1,29,,283032,46,4,,1,65,,283033,46,4,,1,32,,283034,46,4,,1,69,,283035,46,4,,1,30,,283036,46,4,,1,70,,283037,46,4,,1,30,,283038,46,4,,1,70,,283039,46,4,,1,27,,283052,46,4,,1,100,,283042,46,4,,1,100,,283040,46,4,,1
91700,'917-Saturday-1-26-09-0000010',618,,240468,46,4,,1,100,,240469,46,4,,1,100,,240493,46,4,,1,30,,240494,46,4,,1,70,,240495,46,4,,1,30,,240471,46,4,,1,70,,240472,46,4,,1,30,,240473,46,4,,1,70,,240474,46,4,,1,30,,240475,46,4,,1,70,,240476,46,4,,1,30,,240477,46,4,,1,70,,240478,46,4,,1,30,,240479,46,4,,1,70,,240480,46,4,,1,30,,240481,46,4,,1,70,,240482,46,4,,1,30,,240483,46,4,,1,70,,240484,46,4,,1,30,,240485,46,4,,1,70,,240489,46,4,,1,30,,240490,46,4,,1,70,,240491,46,4,,1,30,,240470,46,4,,1,70,,240486,46,4,,1,30,,240492,46,4,,1,100,,240488,46,4,,1,100,,240487,46,4,,1
91700,'917-Sunday-1-26-09-0000001',615,,240496,46,4,,1,100,,240497,46,4,,1,100,,240498,46,4,,1,100,,240499,46,4,,1,103,,240500,46,4,,1,30,,240501,46,4,,1,70,,240502,46,4,,1,30,,240503,46,4,,1,70,,240504,46,4,,1,30,,240505,46,4,,1,70,,240506,46,4,,1,30,,240507,46,4,,1,70,,240508,46,4,,1,30,,240509,46,4,,1,70,,240510,46,4,,1,30,,240511,46,4,,1,70,,240512,46,4,,1,30,,240513,46,4,,1,71,,240514,46,4,,1,30,,240515,46,4,,1,70,,240516,46,4,,1,30,,240517,46,4,,1,70,,240518,46,4,,1,100,,240519,46,4,,1,100,,240520,46,4,,1
91701,'917-Weekday-1-26-09-0001000',1452,,240521,1,,,1
91701,'917-Weekday-1-26-09-1111100',457,,240522,1,,,1,70,,240523,1,,,1,30,,240556,1,,,1,70,,240558,1,,,1,30,,240557,1,,,1,70,,240524,1,,,1,30,,240552,1,,,1,70,,240525,1,,,1,29,,240560,1,,,1,70,,240526,1,,,1,30,,240527,1,,,1,70,,240528,1,,,1,30,,240529,1,,,1,70,,240530,1,,,1,30,,240531,1,,,1,70,,240532,1,,,1,30,,240533,1,,,1,70,,240534,1,,,1,30,,240535,1,,,1,70,,240536,1,,,1,32,,240537,1,,,1,55,,240564,1,,,1,15,,240555,1,,,1,15,,240538,1,,,1,15,,240563,1,,,1,55,,240539,1,,,1,15,,240553,1,,,1,15,,240540,1,,,1,15,,240562,1,,,1,55,,240541,1,,,1,15,,240554,1,,,1,15,,240561,1,,,1,15,,240549,1,,,1,69,,240542,1,,,1,30,,240543,1,,,1,70,,240544,1,,,1,30,,240545,1,,,1,70,,240546,1,,,1,30,,240547,1,,,1,70,,240548,1,,,1,30,,240559,1,,,1,100,,240550,1,,,1,100,,240551,1,,,1
91701,'917-Weekday-2-26-09-1111100',457,,240565,1,,,1,70,,240566,1,,,1,30,,240599,1,,,1,70,,240601,1,,,1,30,,240600,1,,,1,70,,240567,1,,,1,30,,240595,1,,,1,70,,240568,1,,,1,29,,240603,1,,,1,70,,240569,1,,,1,30,,240570,1,,,1,70,,240571,1,,,1,30,,240572,1,,,1,70,,240573,1,,,1,30,,240574,1,,,1,70,,240575,1,,,1,30,,240576,1,,,1,70,,240577,1,,,1,30,,240578,1,,,1,70,,240579,1,,,1,32,,240580,1,,,1,55,,240607,1,,,1,15,,240598,1,,,1,15,,240581,1,,,1,15,,240606,1,,,1,55,,240582,1,,,1,15,,240596,1,,,1,15,,240583,1,,,1,15,,240605,1,,,1,55,,240584,1,,,1,15,,240597,1,,,1,15,,240604,1,,,1,15,,240592,1,,,1,69,,240585,1,,,1,30,,240586,1,,,1,70,,240587,1,,,1,30,,240588,1,,,1,70,,240589,1,,,1,30,,240590,1,,,1,70,,240591,1,,,1,30,,240602,1,,,1,100,,240593,1,,,1,100,,240594,1,,,1
91701,'917-Weekday-3-26-09-1111100',457,,283059,1,,,1,70,,283060,1,,,1,30,,283093,1,,,1,70,,283095,1,,,1,30,,283094,1,,,1,70,,283061,1,,,1,30,,283089,1,,,1,70,,283062,1,,,1,29,,283097,1,,,1,70,,283063,1,,,1,30,,283064,1,,,1,70,,283065,1,,,1,30,,283066,1,,,1,70,,283067,1,,,1,30,,283068,1,,,1,70,,283069,1,,,1,30,,283070,1,,,1,70,,283071,1,,,1,30,,283072,1,,,1,70,,283073,1,,,1,32,,283074,1,,,1,55,,283101,1,,,1,15,,283092,1,,,1,15,,283075,1,,,1,15,,283100,1,,,1,55,,283076,1,,,1,15,,283090,1,,,1,15,,283077,1,,,1,15,,283099,1,,,1,55,,283078,1,,,1,15,,283091,1,,,1,15,,283098,1,,,1,15,,283086,1,,,1,69,,283079,1,,,1,30,,283080,1,,,1,70,,283081,1,,,1,30,,283082,1,,,1,70,,283083,1,,,1,30,,283084,1,,,1,70,,283085,1,,,1,30,,283096,1,,,1,100,,283087,1,,,1,100,,283088,1,,,1
91701,'917-Weekday-4-26-09-1111100',457,,240608,1,,,1,70,,240609,1,,,1,30,,240642,1,,,1,70,,240644,1,,,1,30,,240643,1,,,1,70,,240610,1,,,1,30,,240638,1,,,1,70,,240611,1,,,1,29,,240646,1,,,1,70,,240612,1,,,1,30,,240613,1,,,1,70,,240614,1,,,1,30,,240615,1,,,1,70,,240616,1,,,1,30,,240617,1,,,1,70,,240618,1,,,1,30,,240619,1,,,1,70,,240620,1,,,1,30,,240621,1,,,1,70,,240622,1,,,1,32,,240623,1,,,1,55,,240650,1,,,1,15,,240641,1,,,1,15,,240624,1,,,1,15,,240649,1,,,1,55,,240625,1,,,1,15,,240639,1,,,1,15,,240626,1,,,1,15,,240648,1,,,1,55,,240627,1,,,1,15,,240640,1,,,1,15,,240647,1,,,1,15,,240635,1,,,1,69,,240628,1,,,1,30,,240629,1,,,1,70,,240630,1,,,1,30,,240631,1,,,1,70,,240632,1,,,1,30,,240633,1,,,1,70,,240634,1,,,1,30,,240645,1,,,1,100,,240636,1,,,1,100,,240637,1,,,1
91701,'917-Weekday-5-26-09-1111100',457,,283102,1,,,1,70,,283103,1,,,1,30,,283136,1,,,1,70,,283138,1,,,1,30,,283137,1,,,1,70,,283104,1,,,1,30,,283132,1,,,1,70,,283105,1,,,1,29,,283140,1,,,1,70,,283106,1,,,1,30,,283107,1,,,1,70,,283108,1,,,1,30,,283109,1,,,1,70,,283110,1,,,1,30,,283111,1,,,1,70,,283112,1,,,1,30,,283113,1,,,1,70,,283114,1,,,1,30,,283115,1,,,1,70,,283116,1,,,1,32,,283117,1,,,1,55,,283144,1,,,1,15,,283135,1,,,1,15,,283118,1,,,1,15,,283143,1,,,1,55,,283119,1,,,1,15,,283133,1,,,1,15,,283120,1,,,1,15,,283142,1,,,1,55,,283121,1,,,1,15,,283134,1,,,1,15,,283141,1,,,1,15,,283129,1,,,1,69,,283122,1,,,1,30,,283123,1,,,1,70,,283124,1,,,1,30,,283125,1,,,1,70,,283126,1,,,1,30,,283127,1,,,1,70,,283128,1,,,1,30,,283139,1,,,1,100,,283130,1,,,1,100,,283131,1,,,1
91701,'917-Weekday-6-26-09-1111100',457,,283145,1,,,1,70,,283146,1,,,1,30,,283179,1,,,1,70,,283181,1,,,1,30,,283180,1,,,1,70,,283147,1,,,1,30,,283175,1,,,1,70,,283148,1,,,1,29,,283183,1,,,1,70,,283149,1,,,1,30,,283150,1,,,1,70,,283151,1,,,1,30,,283152,1,,,1,70,,283153,1,,,1,30,,283154,1,,,1,70,,283155,1,,,1,30,,283156,1,,,1,70,,283157,1,,,1,30,,283158,1,,,1,70,,283159,1,,,1,32,,283160,1,,,1,55,,283187,1,,,1,15,,283178,1,,,1,15,,283161,1,,,1,15,,283186,1,,,1,55,,283162,1,,,1,15,,283176,1,,,1,15,,283163,1,,,1,15,,283185,1,,,1,55,,283164,1,,,1,15,,283177,1,,,1,15,,283184,1,,,1,15,,283172,1,,,1,69,,283165,1,,,1,30,,283166,1,,,1,70,,283167,1,,,1,30,,283168,1,,,1,70,,283169,1,,,1,30,,283170,1,,,1,70,,283171,1,,,1,30,,283182,1,,,1,100,,283173,1,,,1,100,,283174,1,,,1
91701,'917-Weekday-7-26-09-1111100',457,,283188,1,,,1,70,,283189,1,,,1,30,,283222,1,,,1,70,,283224,1,,,1,30,,283223,1,,,1,70,,283190,1,,,1,30,,283218,1,,,1,70,,283191,1,,,1,29,,283226,1,,,1,70,,283192,1,,,1,30,,283193,1,,,1,70,,283194,1,,,1,30,,283195,1,,,1,70,,283196,1,,,1,30,,283197,1,,,1,70,,283198,1,,,1,30,,283199,1,,,1,70,,283200,1,,,1,30,,283201,1,,,1,70,,283202,1,,,1,32,,283203,1,,,1,55,,283230,1,,,1,15,,283221,1,,,1,15,,283204,1,,,1,15,,283229,1,,,1,55,,283205,1,,,1,15,,283219,1,,,1,15,,283206,1,,,1,15,,283228,1,,,1,55,,283207,1,,,1,15,,283220,1,,,1,15,,283227,1,,,1,15,,283215,1,,,1,69,,283208,1,,,1,30,,283209,1,,,1,70,,283210,1,,,1,30,,283211,1,,,1,70,,283212,1,,,1,30,,283213,1,,,1,70,,283214,1,,,1,30,,283225,1,,,1,100,,283216,1,,,1,100,,283217,1,,,1
91701,'917-Saturday-1-26-09-0000010',622,,240651,1,,,1,100,,240652,1,,,1,30,,240663,1,,,1,70,,240664,1,,,1,30,,240653,1,,,1,70,,240654,1,,,1,30,,240655,1,,,1,70,,240656,1,,,1,30,,240657,1,,,1,70,,240658,1,,,1,30,,240659,1,,,1,72,,240665,1,,,1,30,,240666,1,,,1,70,,240667,1,,,1,30,,240668,1,,,1,70,,240669,1,,,1,30,,240670,1,,,1,70,,240671,1,,,1,30,,240672,1,,,1,70,,240673,1,,,1,30,,240674,1,,,1,70,,240675,1,,,1,30,,240676,1,,,1,70,,240677,1,,,1,30,,240678,1,,,1,100,,240660,1,,,1,100,,240661,1,,,1,100,,240662,1,,,1
91701,'917-Sunday-1-26-09-0000001',619,,240679,1,,,1,100,,240680,1,,,1,100,,240681,1,,,1,100,,240682,1,,,1,103,,240683,1,,,1,30,,240684,1,,,1,70,,240685,1,,,1,30,,240686,1,,,1,70,,240687,1,,,1,30,,240688,1,,,1,70,,240689,1,,,1,30,,240690,1,,,1,70,,240691,1,,,1,30,,240692,1,,,1,70,,240693,1,,,1,30,,240694,1,,,1,70,,240695,1,,,1,30,,240696,1,,,1,71,,240702,1,,,1,30,,240701,1,,,1,70,,240697,1,,,1,30,,240698,1,,,1,70,,240699,1,,,1,100,,240700,1,,,1
92300,'923-Weekday-1-26-09-1111100',631,,242005,25,4,,1,69,,242006,25,4,,1,30,,242007,25,4,,1,70,,242008,25,4,,1,30,,242009,25,4,,1,70,,242010,25,4,,1,30,,242011,25,4,,1,70,,242021,25,4,,1,30,,242022,25,4,,1,70,,242023,25,4,,1,30,,242024,25,4,,1,70,,242025,25,4,,1,30,,242026,25,4,,1,70,,242027,25,4,,1,30,,242028,25,4,,1,70,,242029,25,4,,1,30,,242030,25,4,,1,72,,242019,25,4,,1,32,,242013,25,4,,1,70,,242014,25,4,,1,30,,242015,25,4,,1,70,,242012,25,4,,1,30,,242016,25,4,,1,70,,242017,25,4,,1,30,,242018,25,4,,1,67,,242020,25,4,,1,28,,242031,25,4,,1,30,,242032,25,4,,1,70,,242033,25,4,,1,30,,242034,25,4,,1,70,,242035,25,4,,1,30,,242036,25,4,,1,70,,242037,25,4,,1
92300,'923-Weekday-2-26-09-1111100',631,,242038,25,4,,1,69,,242039,25,4,,1,30,,242040,25,4,,1,70,,242041,25,4,,1,30,,242042,25,4,,1,70,,242043,25,4,,1,30,,242044,25,4,,1,70,,242054,25,4,,1,30,,242055,25,4,,1,70,,242056,25,4,,1,30,,242057,25,4,,1,70,,242058,25,4,,1,30,,242059,25,4,,1,70,,242060,25,4,,1,30,,242061,25,4,,1,70,,242062,25,4,,1,30,,242063,25,4,,1,72,,242052,25,4,,1,32,,242046,25,4,,1,70,,242047,25,4,,1,30,,242048,25,4,,1,70,,242045,25,4,,1,30,,242049,25,4,,1,70,,242050,25,4,,1,30,,242051,25,4,,1,67,,242053,25,4,,1,28,,242064,25,4,,1,30,,242065,25,4,,1,70,,242066,25,4,,1,30,,242067,25,4,,1,70,,242068,25,4,,1,30,,242069,25,4,,1,70,,242070,25,4,,1
92300,'923-Weekday-3-26-09-1111100',631,,284535,25,4,,1,69,,284536,25,4,,1,30,,284537,25,4,,1,70,,284538,25,4,,1,30,,284539,25,4,,1,70,,284540,25,4,,1,30,,284541,25,4,,1,70,,284551,25,4,,1,30,,284552,25,4,,1,70,,284553,25,4,,1,30,,284554,25,4,,1,70,,284555,25,4,,1,30,,284556,25,4,,1,70,,284557,25,4,,1,30,,284558,25,4,,1,70,,284559,25,4,,1,30,,284560,25,4,,1,72,,284549,25,4,,1,32,,284543,25,4,,1,70,,284544,25,4,,1,30,,284545,25,4,,1,70,,284542,25,4,,1,30,,284546,25,4,,1,70,,284547,25,4,,1,30,,284548,25,4,,1,67,,284550,25,4,,1,28,,284561,25,4,,1,30,,284562,25,4,,1,70,,284563,25,4,,1,30,,284564,25,4,,1,70,,284565,25,4,,1,30,,284566,25,4,,1,70,,284567,25,4,,1
92300,'923-Weekday-4-26-09-1111100',631,,242071,25,4,,1,69,,242072,25,4,,1,30,,242073,25,4,,1,70,,242074,25,4,,1,30,,242075,25,4,,1,70,,242076,25,4,,1,30,,242077,25,4,,1,70,,242087,25,4,,1,30,,242088,25,4,,1,70,,242089,25,4,,1,30,,242090,25,4,,1,70,,242091,25,4,,1,30,,242092,25,4,,1,70,,242093,25,4,,1,30,,242094,25,4,,1,70,,242095,25,4,,1,30,,242096,25,4,,1,72,,242085,25,4,,1,32,,242079,25,4,,1,70,,242080,25,4,,1,30,,242081,25,4,,1,70,,242078,25,4,,1,30,,242082,25,4,,1,70,,242083,25,4,,1,30,,242084,25,4,,1,67,,242086,25,4,,1,28,,242097,25,4,,1,30,,242098,25,4,,1,70,,242099,25,4,,1,30,,242100,25,4,,1,70,,242101,25,4,,1,30,,242102,25,4,,1,70,,242103,25,4,,1
92300,'923-Weekday-5-26-09-1111100',631,,284568,25,4,,1,69,,284569,25,4,,1,30,,284570,25,4,,1,70,,284571,25,4,,1,30,,284572,25,4,,1,70,,284573,25,4,,1,30,,284574,25,4,,1,70,,284584,25,4,,1,30,,284585,25,4,,1,70,,284586,25,4,,1,30,,284587,25,4,,1,70,,284588,25,4,,1,30,,284589,25,4,,1,70,,284590,25,4,,1,30,,284591,25,4,,1,70,,284592,25,4,,1,30,,284593,25,4,,1,72,,284582,25,4,,1,32,,284576,25,4,,1,70,,284577,25,4,,1,30,,284578,25,4,,1,70,,284575,25,4,,1,30,,284579,25,4,,1,70,,284580,25,4,,1,30,,284581,25,4,,1,67,,284583,25,4,,1,28,,284594,25,4,,1,30,,284595,25,4,,1,70,,284596,25,4,,1,30,,284597,25,4,,1,70,,284598,25,4,,1,30,,284599,25,4,,1,70,,284600,25,4,,1
92300,'923-Weekday-6-26-09-1111100',631,,284601,25,4,,1,69,,284602,25,4,,1,30,,284603,25,4,,1,70,,284604,25,4,,1,30,,284605,25,4,,1,70,,284606,25,4,,1,30,,284607,25,4,,1,70,,284617,25,4,,1,30,,284618,25,4,,1,70,,284619,25,4,,1,30,,284620,25,4,,1,70,,284621,25,4,,1,30,,284622,25,4,,1,70,,284623,25,4,,1,30,,284624,25,4,,1,70,,284625,25,4,,1,30,,284626,25,4,,1,72,,284615,25,4,,1,32,,284609,25,4,,1,70,,284610,25,4,,1,30,,284611,25,4,,1,70,,284608,25,4,,1,30,,284612,25,4,,1,70,,284613,25,4,,1,30,,284614,25,4,,1,67,,284616,25,4,,1,28,,284627,25,4,,1,30,,284628,25,4,,1,70,,284629,25,4,,1,30,,284630,25,4,,1,70,,284631,25,4,,1,30,,284632,25,4,,1,70,,284633,25,4,,1
92300,'923-Weekday-7-26-09-1111100',631,,284634,25,4,,1,69,,284635,25,4,,1,30,,284636,25,4,,1,70,,284637,25,4,,1,30,,284638,25,4,,1,70,,284639,25,4,,1,30,,284640,25,4,,1,70,,284650,25,4,,1,30,,284651,25,4,,1,70,,284652,25,4,,1,30,,284653,25,4,,1,70,,284654,25,4,,1,30,,284655,25,4,,1,70,,284656,25,4,,1,30,,284657,25,4,,1,70,,284658,25,4,,1,30,,284659,25,4,,1,72,,284648,25,4,,1,32,,284642,25,4,,1,70,,284643,25,4,,1,30,,284644,25,4,,1,70,,284641,25,4,,1,30,,284645,25,4,,1,70,,284646,25,4,,1,30,,284647,25,4,,1,67,,284649,25,4,,1,28,,284660,25,4,,1,30,,284661,25,4,,1,70,,284662,25,4,,1,30,,284663,25,4,,1,70,,284664,25,4,,1,30,,284665,25,4,,1,70,,284666,25,4,,1
92300,'923-Saturday-1-26-09-0000010',832,,242104,25,4,,1,70,,242105,25,4,,1,34,,242106,25,4,,1,70,,242107,25,4,,1,30,,242108,25,4,,1,70,,242109,25,4,,1,30,,242110,25,4,,1,70,,242111,25,4,,1,30,,242112,25,4,,1,70,,242113,25,4,,1,30,,242114,25,4,,1,70,,242115,25,4,,1,30,,242116,25,4,,1,70,,242117,25,4,,1,30,,242118,25,4,,1,70,,242119,25,4,,1,30,,242120,25,4,,1,70,,242121,25,4,,1,30,,242122,25,4,,1,70,,242123,25,4,,1,30,,242124,25,4,,1,70,,242125,25,4,,1,30,,242126,25,4,,1
92300,'923-Sunday-1-26-09-0000001',1034,,242127,25,4,,1,70,,242128,25,4,,1,30,,242129,25,4,,1,70,,242130,25,4,,1,30,,242131,25,4,,1,70,,242132,25,4,,1,30,,242133,25,4,,1,70,,242134,25,4,,1,30,,242135,25,4,,1,70,,242136,25,4,,1,30,,242137,25,4,,1,70,,242138,25,4,,1,30,,242139,25,4,,1,71,,242140,25,4,,1,31,,242141,25,4,,1,70,,242142,25,4,,1,30,,242143,25,4,,1,70,,242144,25,4,,1,30,,242145,25,4,,1
92301,'923-Weekday-1-26-09-1111100',605,,242146,1,,,1,28,,242147,1,,,1,70,,242148,1,,,1,30,,242149,1,,,1,70,,242150,1,,,1,30,,242151,1,,,1,70,,242152,1,,,1,30,,242162,1,,,1,70,,242163,1,,,1,30,,242164,1,,,1,70,,242165,1,,,1,30,,242166,1,,,1,70,,242167,1,,,1,30,,242168,1,,,1,70,,242169,1,,,1,30,,242170,1,,,1,70,,242171,1,,,1,32,,242160,1,,,1,68,,242153,1,,,1,30,,242154,1,,,1,70,,242155,1,,,1,30,,242156,1,,,1,70,,242157,1,,,1,30,,242158,1,,,1,70,,242159,1,,,1,32,,242161,1,,,1,68,,242172,1,,,1,30,,242173,1,,,1,70,,242174,1,,,1,30,,242175,1,,,1,70,,242176,1,,,1,30,,242177,1,,,1,70,,242178,1,,,1
92301,'923-Weekday-2-26-09-1111100',605,,242179,1,,,1,28,,242180,1,,,1,70,,242181,1,,,1,30,,242182,1,,,1,70,,242183,1,,,1,30,,242184,1,,,1,70,,242185,1,,,1,30,,242195,1,,,1,70,,242196,1,,,1,30,,242197,1,,,1,70,,242198,1,,,1,30,,242199,1,,,1,70,,242200,1,,,1,30,,242201,1,,,1,70,,242202,1,,,1,30,,242203,1,,,1,70,,242204,1,,,1,32,,242193,1,,,1,68,,242186,1,,,1,30,,242187,1,,,1,70,,242188,1,,,1,30,,242189,1,,,1,70,,242190,1,,,1,30,,242191,1,,,1,70,,242192,1,,,1,32,,242194,1,,,1,68,,242205,1,,,1,30,,242206,1,,,1,70,,242207,1,,,1,30,,242208,1,,,1,70,,242209,1,,,1,30,,242210,1,,,1,70,,242211,1,,,1
92301,'923-Weekday-3-26-09-1111100',605,,284667,1,,,1,28,,284668,1,,,1,70,,284669,1,,,1,30,,284670,1,,,1,70,,284671,1,,,1,30,,284672,1,,,1,70,,284673,1,,,1,30,,284683,1,,,1,70,,284684,1,,,1,30,,284685,1,,,1,70,,284686,1,,,1,30,,284687,1,,,1,70,,284688,1,,,1,30,,284689,1,,,1,70,,284690,1,,,1,30,,284691,1,,,1,70,,284692,1,,,1,32,,284681,1,,,1,68,,284674,1,,,1,30,,284675,1,,,1,70,,284676,1,,,1,30,,284677,1,,,1,70,,284678,1,,,1,30,,284679,1,,,1,70,,284680,1,,,1,32,,284682,1,,,1,68,,284693,1,,,1,30,,284694,1,,,1,70,,284695,1,,,1,30,,284696,1,,,1,70,,284697,1,,,1,30,,284698,1,,,1,70,,284699,1,,,1
92301,'923-Weekday-4-26-09-1111100',605,,242212,1,,,1,28,,242213,1,,,1,70,,242214,1,,,1,30,,242215,1,,,1,70,,242216,1,,,1,30,,242217,1,,,1,70,,242218,1,,,1,30,,242228,1,,,1,70,,242229,1,,,1,30,,242230,1,,,1,70,,242231,1,,,1,30,,242232,1,,,1,70,,242233,1,,,1,30,,242234,1,,,1,70,,242235,1,,,1,30,,242236,1,,,1,70,,242237,1,,,1,32,,242226,1,,,1,68,,242219,1,,,1,30,,242220,1,,,1,70,,242221,1,,,1,30,,242222,1,,,1,70,,242223,1,,,1,30,,242224,1,,,1,70,,242225,1,,,1,32,,242227,1,,,1,68,,242238,1,,,1,30,,242239,1,,,1,70,,242240,1,,,1,30,,242241,1,,,1,70,,242242,1,,,1,30,,242243,1,,,1,70,,242244,1,,,1
92301,'923-Weekday-5-26-09-1111100',605,,284700,1,,,1,28,,284701,1,,,1,70,,284702,1,,,1,30,,284703,1,,,1,70,,284704,1,,,1,30,,284705,1,,,1,70,,284706,1,,,1,30,,284716,1,,,1,70,,284717,1,,,1,30,,284718,1,,,1,70,,284719,1,,,1,30,,284720,1,,,1,70,,284721,1,,,1,30,,284722,1,,,1,70,,284723,1,,,1,30,,284724,1,,,1,70,,284725,1,,,1,32,,284714,1,,,1,68,,284707,1,,,1,30,,284708,1,,,1,70,,284709,1,,,1,30,,284710,1,,,1,70,,284711,1,,,1,30,,284712,1,,,1,70,,284713,1,,,1,32,,284715,1,,,1,68,,284726,1,,,1,30,,284727,1,,,1,70,,284728,1,,,1,30,,284729,1,,,1,70,,284730,1,,,1,30,,284731,1,,,1,70,,284732,1,,,1
92301,'923-Weekday-6-26-09-1111100',605,,284733,1,,,1,28,,284734,1,,,1,70,,284735,1,,,1,30,,284736,1,,,1,70,,284737,1,,,1,30,,284738,1,,,1,70,,284739,1,,,1,30,,284749,1,,,1,70,,284750,1,,,1,30,,284751,1,,,1,70,,284752,1,,,1,30,,284753,1,,,1,70,,284754,1,,,1,30,,284755,1,,,1,70,,284756,1,,,1,30,,284757,1,,,1,70,,284758,1,,,1,32,,284747,1,,,1,68,,284740,1,,,1,30,,284741,1,,,1,70,,284742,1,,,1,30,,284743,1,,,1,70,,284744,1,,,1,30,,284745,1,,,1,70,,284746,1,,,1,32,,284748,1,,,1,68,,284759,1,,,1,30,,284760,1,,,1,70,,284761,1,,,1,30,,284762,1,,,1,70,,284763,1,,,1,30,,284764,1,,,1,70,,284765,1,,,1
92301,'923-Weekday-7-26-09-1111100',605,,284766,1,,,1,28,,284767,1,,,1,70,,284768,1,,,1,30,,284769,1,,,1,70,,284770,1,,,1,30,,284771,1,,,1,70,,284772,1,,,1,30,,284782,1,,,1,70,,284783,1,,,1,30,,284784,1,,,1,70,,284785,1,,,1,30,,284786,1,,,1,70,,284787,1,,,1,30,,284788,1,,,1,70,,284789,1,,,1,30,,284790,1,,,1,70,,284791,1,,,1,32,,284780,1,,,1,68,,284773,1,,,1,30,,284774,1,,,1,70,,284775,1,,,1,30,,284776,1,,,1,70,,284777,1,,,1,30,,284778,1,,,1,70,,284779,1,,,1,32,,284781,1,,,1,68,,284792,1,,,1,30,,284793,1,,,1,70,,284794,1,,,1,30,,284795,1,,,1,70,,284796,1,,,1,30,,284797,1,,,1,70,,284798,1,,,1
92301,'923-Saturday-1-26-09-0000010',810,,242245,1,,,1,30,,242246,1,,,1,70,,242247,1,,,1,30,,242248,1,,,1,70,,242249,1,,,1,30,,242250,1,,,1,70,,242251,1,,,1,30,,242252,1,,,1,70,,242253,1,,,1,30,,242254,1,,,1,70,,242255,1,,,1,30,,242256,1,,,1,70,,242257,1,,,1,30,,242258,1,,,1,70,,242259,1,,,1,30,,242260,1,,,1,70,,242261,1,,,1,30,,242262,1,,,1,70,,242263,1,,,1,30,,242264,1,,,1,70,,242265,1,,,1,30,,242266,1,,,1,70,,242267,1,,,1
92301,'923-Sunday-1-26-09-0000001',1010,,242268,1,,,1,30,,242269,1,,,1,70,,242270,1,,,1,30,,242271,1,,,1,70,,242272,1,,,1,30,,242273,1,,,1,70,,242274,1,,,1,30,,242275,1,,,1,70,,242276,1,,,1,30,,242277,1,,,1,70,,242278,1,,,1,30,,242279,1,,,1,70,,242280,1,,,1,30,,242281,1,,,1,70,,242282,1,,,1,30,,242283,1,,,1,70,,242284,1,,,1,30,,242285,1,,,1,70,,242286,1,,,1
1091800,'918-Weekday-1-26-09-1111100',457,,243254,1,,,1,63,,243254,31,4,,1,7,,243255,1,,,1,23,,243255,31,4,,1,7,,243256,1,,,1,63,,243256,31,4,,1,7,,243257,1,,,1,15,,243258,1,,,1,10,,243257,31,4,,1,5,,243259,1,,,1,51,,243258,31,4,,1,4,,243260,1,,,1,11,,243259,31,4,,1,4,,243261,1,,,1,11,,243260,31,4,,1,4,,243262,1,,,1,11,,243261,31,4,,1,4,,243263,1,,,1,51,,243262,31,4,,1,4,,243264,1,,,1,11,,243263,31,4,,1,4,,243265,1,,,1,11,,243264,31,4,,1,4,,243285,1,,,1,11,,243265,31,4,,1,4,,243284,1,,,1,51,,243285,31,4,,1,7,,243298,1,,,1,8,,243284,31,4,,1,18,,243298,31,4,,1,4,,243299,1,,,1,66,,243299,31,4,,1,4,,243300,1,,,1,26,,243300,31,4,,1,4,,243301,1,,,1,66,,243301,31,4,,1,4,,243294,1,,,1,26,,243294,31,4,,1,4,,243295,1,,,1,66,,243295,31,4,,1,4,,243266,1,,,1,26,,243266,31,4,,1,4,,243267,1,,,1,66,,243267,31,4,,1,4,,243268,1,,,1,26,,243268,31,4,,1,4,,243269,1,,,1,66,,243269,31,4,,1,4,,243270,1,,,1,26,,243270,31,4,,1,4,,243271,1,,,1,68,,243271,31,4,,1,2,,243272,1,,,1,22,,243296,1,,,1,8,,243272,31,4,,1,7,,243297,1,,,1,55,,243296,31,4,,1,15,,243297,31,4,,1,15,,243275,1,,,1,15,,243276,1,,,1,55,,243277,1,,,1,15,,243278,1,,,1,15,,243286,1,,,1,15,,243279,1,,,1,55,,243286,31,4,,1,8,,243290,1,,,1,7,,243279,31,4,,1,20,,243290,31,4,,1,3,,243291,1,,,1,65,,243291,31,4,,1,5,,243292,1,,,1,25,,243292,31,4,,1,5,,243293,1,,,1,65,,243293,31,4,,1,5,,243280,1,,,1,25,,243280,31,4,,1,5,,243281,1,,,1,65,,243281,31,4,,1,5,,243287,1,,,1,25,,243287,31,4,,1,60,,243282,1,,,1,22,,243282,31,4,,1,78,,243283,1,,,1,22,,243283,31,4,,1,78,,243288,1,,,1,22,,243288,31,4,,1,78,,243289,1,,,1,22,,243289,31,4,,1
1091800,'918-Weekday-2-26-09-1111100',457,,243302,1,,,1,63,,243302,31,4,,1,7,,243303,1,,,1,23,,243303,31,4,,1,7,,243304,1,,,1,63,,243304,31,4,,1,7,,243305,1,,,1,15,,243306,1,,,1,10,,243305,31,4,,1,5,,243307,1,,,1,51,,243306,31,4,,1,4,,243308,1,,,1,11,,243307,31,4,,1,4,,243309,1,,,1,11,,243308,31,4,,1,4,,243310,1,,,1,11,,243309,31,4,,1,4,,243311,1,,,1,51,,243310,31,4,,1,4,,243312,1,,,1,11,,243311,31,4,,1,4,,243313,1,,,1,11,,243312,31,4,,1,4,,243333,1,,,1,11,,243313,31,4,,1,4,,243332,1,,,1,51,,243333,31,4,,1,7,,243346,1,,,1,8,,243332,31,4,,1,18,,243346,31,4,,1,4,,243347,1,,,1,66,,243347,31,4,,1,4,,243348,1,,,1,26,,243348,31,4,,1,4,,243349,1,,,1,66,,243349,31,4,,1,4,,243342,1,,,1,26,,243342,31,4,,1,4,,243343,1,,,1,66,,243343,31,4,,1,4,,243314,1,,,1,26,,243314,31,4,,1,4,,243315,1,,,1,66,,243315,31,4,,1,4,,243316,1,,,1,26,,243316,31,4,,1,4,,243317,1,,,1,66,,243317,31,4,,1,4,,243318,1,,,1,26,,243318,31,4,,1,4,,243319,1,,,1,68,,243319,31,4,,1,2,,243320,1,,,1,22,,243344,1,,,1,8,,243320,31,4,,1,7,,243345,1,,,1,55,,243344,31,4,,1,15,,243345,31,4,,1,15,,243323,1,,,1,15,,243324,1,,,1,55,,243325,1,,,1,15,,243326,1,,,1,15,,243334,1,,,1,15,,243327,1,,,1,55,,243334,31,4,,1,8,,243338,1,,,1,7,,243327,31,4,,1,20,,243338,31,4,,1,3,,243339,1,,,1,65,,243339,31,4,,1,5,,243340,1,,,1,25,,243340,31,4,,1,5,,243341,1,,,1,65,,243341,31,4,,1,5,,243328,1,,,1,25,,243328,31,4,,1,5,,243329,1,,,1,65,,243329,31,4,,1,5,,243335,1,,,1,25,,243335,31,4,,1,60,,243330,1,,,1,22,,243330,31,4,,1,78,,243331,1,,,1,22,,243331,31,4,,1,78,,243336,1,,,1,22,,243336,31,4,,1,78,,243337,1,,,1,22,,243337,31,4,,1
1091800,'918-Weekday-3-26-09-1111100',457,,285706,1,,,1,63,,285706,31,4,,1,7,,285707,1,,,1,23,,285707,31,4,,1,7,,285708,1,,,1,63,,285708,31,4,,1,7,,285709,1,,,1,15,,285710,1,,,1,10,,285709,31,4,,1,5,,285711,1,,,1,51,,285710,31,4,,1,4,,285712,1,,,1,11,,285711,31,4,,1,4,,285713,1,,,1,11,,285712,31,4,,1,4,,285714,1,,,1,11,,285713,31,4,,1,4,,285715,1,,,1,51,,285714,31,4,,1,4,,285716,1,,,1,11,,285715,31,4,,1,4,,285717,1,,,1,11,,285716,31,4,,1,4,,285737,1,,,1,11,,285717,31,4,,1,4,,285736,1,,,1,51,,285737,31,4,,1,7,,285750,1,,,1,8,,285736,31,4,,1,18,,285750,31,4,,1,4,,285751,1,,,1,66,,285751,31,4,,1,4,,285752,1,,,1,26,,285752,31,4,,1,4,,285753,1,,,1,66,,285753,31,4,,1,4,,285746,1,,,1,26,,285746,31,4,,1,4,,285747,1,,,1,66,,285747,31,4,,1,4,,285718,1,,,1,26,,285718,31,4,,1,4,,285719,1,,,1,66,,285719,31,4,,1,4,,285720,1,,,1,26,,285720,31,4,,1,4,,285721,1,,,1,66,,285721,31,4,,1,4,,285722,1,,,1,26,,285722,31,4,,1,4,,285723,1,,,1,68,,285723,31,4,,1,2,,285724,1,,,1,22,,285748,1,,,1,8,,285724,31,4,,1,7,,285749,1,,,1,55,,285748,31,4,,1,15,,285749,31,4,,1,15,,285727,1,,,1,15,,285728,1,,,1,55,,285729,1,,,1,15,,285730,1,,,1,15,,285738,1,,,1,15,,285731,1,,,1,55,,285738,31,4,,1,8,,285742,1,,,1,7,,285731,31,4,,1,20,,285742,31,4,,1,3,,285743,1,,,1,65,,285743,31,4,,1,5,,285744,1,,,1,25,,285744,31,4,,1,5,,285745,1,,,1,65,,285745,31,4,,1,5,,285732,1,,,1,25,,285732,31,4,,1,5,,285733,1,,,1,65,,285733,31,4,,1,5,,285739,1,,,1,25,,285739,31,4,,1,60,,285734,1,,,1,22,,285734,31,4,,1,78,,285735,1,,,1,22,,285735,31,4,,1,78,,285740,1,,,1,22,,285740,31,4,,1,78,,285741,1,,,1,22,,285741,31,4,,1
1091800,'918-Weekday-4-26-09-1111100',457,,243350,1,,,1,63,,243350,31,4,,1,7,,243351,1,,,1,23,,243351,31,4,,1,7,,243352,1,,,1,63,,243352,31,4,,1,7,,243353,1,,,1,15,,243354,1,,,1,10,,243353,31,4,,1,5,,243355,1,,,1,51,,243354,31,4,,1,4,,243356,1,,,1,11,,243355,31,4,,1,4,,243357,1,,,1,11,,243356,31,4,,1,4,,243358,1,,,1,11,,243357,31,4,,1,4,,243359,1,,,1,51,,243358,31,4,,1,4,,243360,1,,,1,11,,243359,31,4,,1,4,,243361,1,,,1,11,,243360,31,4,,1,4,,243381,1,,,1,11,,243361,31,4,,1,4,,243380,1,,,1,51,,243381,31,4,,1,7,,243394,1,,,1,8,,243380,31,4,,1,18,,243394,31,4,,1,4,,243395,1,,,1,66,,243395,31,4,,1,4,,243396,1,,,1,26,,243396,31,4,,1,4,,243397,1,,,1,66,,243397,31,4,,1,4,,243390,1,,,1,26,,243390,31,4,,1,4,,243391,1,,,1,66,,243391,31,4,,1,4,,243362,1,,,1,26,,243362,31,4,,1,4,,243363,1,,,1,66,,243363,31,4,,1,4,,243364,1,,,1,26,,243364,31,4,,1,4,,243365,1,,,1,66,,243365,31,4,,1,4,,243366,1,,,1,26,,243366,31,4,,1,4,,243367,1,,,1,68,,243367,31,4,,1,2,,243368,1,,,1,22,,243392,1,,,1,8,,243368,31,4,,1,7,,243393,1,,,1,55,,243392,31,4,,1,15,,243393,31,4,,1,15,,243371,1,,,1,15,,243372,1,,,1,55,,243373,1,,,1,15,,243374,1,,,1,15,,243382,1,,,1,15,,243375,1,,,1,55,,243382,31,4,,1,8,,243386,1,,,1,7,,243375,31,4,,1,20,,243386,31,4,,1,3,,243387,1,,,1,65,,243387,31,4,,1,5,,243388,1,,,1,25,,243388,31,4,,1,5,,243389,1,,,1,65,,243389,31,4,,1,5,,243376,1,,,1,25,,243376,31,4,,1,5,,243377,1,,,1,65,,243377,31,4,,1,5,,243383,1,,,1,25,,243383,31,4,,1,60,,243378,1,,,1,22,,243378,31,4,,1,78,,243379,1,,,1,22,,243379,31,4,,1,78,,243384,1,,,1,22,,243384,31,4,,1,78,,243385,1,,,1,22,,243385,31,4,,1
1091800,'918-Weekday-5-26-09-1111100',457,,285754,1,,,1,63,,285754,31,4,,1,7,,285755,1,,,1,23,,285755,31,4,,1,7,,285756,1,,,1,63,,285756,31,4,,1,7,,285757,1,,,1,15,,285758,1,,,1,10,,285757,31,4,,1,5,,285759,1,,,1,51,,285758,31,4,,1,4,,285760,1,,,1,11,,285759,31,4,,1,4,,285761,1,,,1,11,,285760,31,4,,1,4,,285762,1,,,1,11,,285761,31,4,,1,4,,285763,1,,,1,51,,285762,31,4,,1,4,,285764,1,,,1,11,,285763,31,4,,1,4,,285765,1,,,1,11,,285764,31,4,,1,4,,285785,1,,,1,11,,285765,31,4,,1,4,,285784,1,,,1,51,,285785,31,4,,1,7,,285798,1,,,1,8,,285784,31,4,,1,18,,285798,31,4,,1,4,,285799,1,,,1,66,,285799,31,4,,1,4,,285800,1,,,1,26,,285800,31,4,,1,4,,285801,1,,,1,66,,285801,31,4,,1,4,,285794,1,,,1,26,,285794,31,4,,1,4,,285795,1,,,1,66,,285795,31,4,,1,4,,285766,1,,,1,26,,285766,31,4,,1,4,,285767,1,,,1,66,,285767,31,4,,1,4,,285768,1,,,1,26,,285768,31,4,,1,4,,285769,1,,,1,66,,285769,31,4,,1,4,,285770,1,,,1,26,,285770,31,4,,1,4,,285771,1,,,1,68,,285771,31,4,,1,2,,285772,1,,,1,22,,285796,1,,,1,8,,285772,31,4,,1,7,,285797,1,,,1,55,,285796,31,4,,1,15,,285797,31,4,,1,15,,285775,1,,,1,15,,285776,1,,,1,55,,285777,1,,,1,15,,285778,1,,,1,15,,285786,1,,,1,15,,285779,1,,,1,55,,285786,31,4,,1,8,,285790,1,,,1,7,,285779,31,4,,1,20,,285790,31,4,,1,3,,285791,1,,,1,65,,285791,31,4,,1,5,,285792,1,,,1,25,,285792,31,4,,1,5,,285793,1,,,1,65,,285793,31,4,,1,5,,285780,1,,,1,25,,285780,31,4,,1,5,,285781,1,,,1,65,,285781,31,4,,1,5,,285787,1,,,1,25,,285787,31,4,,1,60,,285782,1,,,1,22,,285782,31,4,,1,78,,285783,1,,,1,22,,285783,31,4,,1,78,,285788,1,,,1,22,,285788,31,4,,1,78,,285789,1,,,1,22,,285789,31,4,,1
1091800,'918-Weekday-6-26-09-1111100',457,,285802,1,,,1,63,,285802,31,4,,1,7,,285803,1,,,1,23,,285803,31,4,,1,7,,285804,1,,,1,63,,285804,31,4,,1,7,,285805,1,,,1,15,,285806,1,,,1,10,,285805,31,4,,1,5,,285807,1,,,1,51,,285806,31,4,,1,4,,285808,1,,,1,11,,285807,31,4,,1,4,,285809,1,,,1,11,,285808,31,4,,1,4,,285810,1,,,1,11,,285809,31,4,,1,4,,285811,1,,,1,51,,285810,31,4,,1,4,,285812,1,,,1,11,,285811,31,4,,1,4,,285813,1,,,1,11,,285812,31,4,,1,4,,285833,1,,,1,11,,285813,31,4,,1,4,,285832,1,,,1,51,,285833,31,4,,1,7,,285846,1,,,1,8,,285832,31,4,,1,18,,285846,31,4,,1,4,,285847,1,,,1,66,,285847,31,4,,1,4,,285848,1,,,1,26,,285848,31,4,,1,4,,285849,1,,,1,66,,285849,31,4,,1,4,,285842,1,,,1,26,,285842,31,4,,1,4,,285843,1,,,1,66,,285843,31,4,,1,4,,285814,1,,,1,26,,285814,31,4,,1,4,,285815,1,,,1,66,,285815,31,4,,1,4,,285816,1,,,1,26,,285816,31,4,,1,4,,285817,1,,,1,66,,285817,31,4,,1,4,,285818,1,,,1,26,,285818,31,4,,1,4,,285819,1,,,1,68,,285819,31,4,,1,2,,285820,1,,,1,22,,285844,1,,,1,8,,285820,31,4,,1,7,,285845,1,,,1,55,,285844,31,4,,1,15,,285845,31,4,,1,15,,285823,1,,,1,15,,285824,1,,,1,55,,285825,1,,,1,15,,285826,1,,,1,15,,285834,1,,,1,15,,285827,1,,,1,55,,285834,31,4,,1,8,,285838,1,,,1,7,,285827,31,4,,1,20,,285838,31,4,,1,3,,285839,1,,,1,65,,285839,31,4,,1,5,,285840,1,,,1,25,,285840,31,4,,1,5,,285841,1,,,1,65,,285841,31,4,,1,5,,285828,1,,,1,25,,285828,31,4,,1,5,,285829,1,,,1,65,,285829,31,4,,1,5,,285835,1,,,1,25,,285835,31,4,,1,60,,285830,1,,,1,22,,285830,31,4,,1,78,,285831,1,,,1,22,,285831,31,4,,1,78,,285836,1,,,1,22,,285836,31,4,,1,78,,285837,1,,,1,22,,285837,31,4,,1
1091800,'918-Weekday-7-26-09-1111100',457,,285850,1,,,1,63,,285850,31,4,,1,7,,285851,1,,,1,23,,285851,31,4,,1,7,,285852,1,,,1,63,,285852,31,4,,1,7,,285853,1,,,1,15,,285854,1,,,1,10,,285853,31,4,,1,5,,285855,1,,,1,51,,285854,31,4,,1,4,,285856,1,,,1,11,,285855,31,4,,1,4,,285857,1,,,1,11,,285856,31,4,,1,4,,285858,1,,,1,11,,285857,31,4,,1,4,,285859,1,,,1,51,,285858,31,4,,1,4,,285860,1,,,1,11,,285859,31,4,,1,4,,285861,1,,,1,11,,285860,31,4,,1,4,,285881,1,,,1,11,,285861,31,4,,1,4,,285880,1,,,1,51,,285881,31,4,,1,7,,285894,1,,,1,8,,285880,31,4,,1,18,,285894,31,4,,1,4,,285895,1,,,1,66,,285895,31,4,,1,4,,285896,1,,,1,26,,285896,31,4,,1,4,,285897,1,,,1,66,,285897,31,4,,1,4,,285890,1,,,1,26,,285890,31,4,,1,4,,285891,1,,,1,66,,285891,31,4,,1,4,,285862,1,,,1,26,,285862,31,4,,1,4,,285863,1,,,1,66,,285863,31,4,,1,4,,285864,1,,,1,26,,285864,31,4,,1,4,,285865,1,,,1,66,,285865,31,4,,1,4,,285866,1,,,1,26,,285866,31,4,,1,4,,285867,1,,,1,68,,285867,31,4,,1,2,,285868,1,,,1,22,,285892,1,,,1,8,,285868,31,4,,1,7,,285893,1,,,1,55,,285892,31,4,,1,15,,285893,31,4,,1,15,,285871,1,,,1,15,,285872,1,,,1,55,,285873,1,,,1,15,,285874,1,,,1,15,,285882,1,,,1,15,,285875,1,,,1,55,,285882,31,4,,1,8,,285886,1,,,1,7,,285875,31,4,,1,20,,285886,31,4,,1,3,,285887,1,,,1,65,,285887,31,4,,1,5,,285888,1,,,1,25,,285888,31,4,,1,5,,285889,1,,,1,65,,285889,31,4,,1,5,,285876,1,,,1,25,,285876,31,4,,1,5,,285877,1,,,1,65,,285877,31,4,,1,5,,285883,1,,,1,25,,285883,31,4,,1,60,,285878,1,,,1,22,,285878,31,4,,1,78,,285879,1,,,1,22,,285879,31,4,,1,78,,285884,1,,,1,22,,285884,31,4,,1,78,,285885,1,,,1,22,,285885,31,4,,1
1091800,'918-Saturday-1-26-09-0000010',539,,243398,1,,,1,62,,243398,31,4,,1,38,,243399,1,,,1,62,,243399,31,4,,1,38,,243400,1,,,1,62,,243400,31,4,,1,38,,243401,1,,,1,62,,243401,31,4,,1,6,,243402,1,,,1,27,,243402,31,4,,1,3,,243403,1,,,1,67,,243403,31,4,,1,3,,243404,1,,,1,27,,243404,31,4,,1,3,,243405,1,,,1,67,,243405,31,4,,1,3,,243406,1,,,1,27,,243406,31,4,,1,3,,243407,1,,,1,67,,243407,31,4,,1,3,,243408,1,,,1,27,,243408,31,4,,1,3,,243409,1,,,1,67,,243409,31,4,,1,3,,243410,1,,,1,27,,243410,31,4,,1,3,,243411,1,,,1,67,,243411,31,4,,1,3,,243412,1,,,1,27,,243412,31,4,,1,3,,243413,1,,,1,67,,243413,31,4,,1,3,,243414,1,,,1,27,,243414,31,4,,1,3,,243415,1,,,1,67,,243415,31,4,,1,3,,243416,1,,,1,27,,243416,31,4,,1,3,,243417,1,,,1,66,,243417,31,4,,1,6,,243418,1,,,1,25,,243418,31,4,,1,5,,243419,1,,,1,65,,243419,31,4,,1,5,,243420,1,,,1,25,,243420,31,4,,1,5,,243421,1,,,1,65,,243421,31,4,,1,5,,243422,1,,,1,25,,243422,31,4,,1,5,,243423,1,,,1,65,,243423,31,4,,1,35,,243424,1,,,1,65,,243424,31,4,,1,35,,243425,1,,,1,65,,243425,31,4,,1,35,,243426,1,,,1,65,,243426,31,4,,1,35,,243427,1,,,1,65,,243427,31,4,,1
1091800,'918-Sunday-1-26-09-0000001',551,,243449,1,,,1,62,,243449,31,4,,1,38,,243450,1,,,1,62,,243450,31,4,,1,38,,243451,1,,,1,62,,243451,31,4,,1,38,,243452,1,,,1,64,,243452,31,4,,1,36,,243448,1,,,1,65,,243448,31,4,,1,21,,243453,1,,,1,65,,243453,31,4,,1,5,,243454,1,,,1,25,,243454,31,4,,1,5,,243455,1,,,1,65,,243455,31,4,,1,5,,243439,1,,,1,25,,243439,31,4,,1,5,,243433,1,,,1,65,,243433,31,4,,1,5,,243434,1,,,1,25,,243434,31,4,,1,5,,243428,1,,,1,65,,243428,31,4,,1,5,,243429,1,,,1,25,,243429,31,4,,1,5,,243430,1,,,1,65,,243430,31,4,,1,5,,243431,1,,,1,25,,243431,31,4,,1,5,,243432,1,,,1,65,,243432,31,4,,1,5,,243441,1,,,1,25,,243441,31,4,,1,5,,243442,1,,,1,65,,243442,31,4,,1,5,,243443,1,,,1,23,,243443,31,4,,1,7,,243446,1,,,1,63,,243446,31,4,,1,7,,243447,1,,,1,23,,243447,31,4,,1,12,,243444,1,,,1,63,,243444,31,4,,1,7,,243445,1,,,1,23,,243445,31,4,,1,23,,243440,1,,,1,63,,243440,31,4,,1,37,,243435,1,,,1,63,,243435,31,4,,1,37,,243436,1,,,1,63,,243436,31,4,,1,37,,243437,1,,,1,63,,243437,31,4,,1,37,,243438,1,,,1,63,,243438,31,4,,1
2091801,'918-Weekday-1-26-09-1111100',512,,244060,1,,,1,21,,244060,34,4,,1,9,,244061,1,,,1,61,,244061,34,4,,1,9,,244062,1,,,1,22,,244062,34,4,,1,1,,244064,1,,,1,15,,244065,1,,,1,51,,244064,34,4,,1,4,,244066,1,,,1,11,,244065,34,4,,1,4,,244067,1,,,1,11,,244066,34,4,,1,4,,244068,1,,,1,11,,244067,34,4,,1,4,,244069,1,,,1,51,,244068,34,4,,1,4,,244070,1,,,1,11,,244069,34,4,,1,4,,244071,1,,,1,11,,244070,34,4,,1,4,,244063,1,,,1,11,,244071,34,4,,1,4,,244096,1,,,1,51,,244063,34,4,,1,4,,244072,1,,,1,11,,244096,34,4,,1,14,,244081,1,,,1,1,,244072,34,4,,1,25,,244081,34,4,,1,44,,244082,1,,,1,26,,244082,34,4,,1,4,,244083,1,,,1,26,,244083,34,4,,1,44,,244084,1,,,1,26,,244084,34,4,,1,4,,244085,1,,,1,26,,244085,34,4,,1,44,,244086,1,,,1,26,,244086,34,4,,1,4,,244073,1,,,1,26,,244073,34,4,,1,44,,244074,1,,,1,26,,244074,34,4,,1,4,,244075,1,,,1,26,,244075,34,4,,1,44,,244076,1,,,1,26,,244076,34,4,,1,4,,244077,1,,,1,26,,244077,34,4,,1,44,,244078,1,,,1,30,,244087,1,,,1,15,,244088,1,,,1,55,,244087,34,4,,1,15,,244088,34,4,,1,15,,244080,34,4,,1,15,,244058,1,,,1,55,,244059,1,,,1,15,,244058,34,4,,1,15,,244079,1,,,1,15,,244097,1,,,1,55,,244079,34,4,,1,15,,244097,34,4,,1,15,,244089,1,,,1,26,,244089,34,4,,1,44,,244090,1,,,1,26,,244090,34,4,,1,4,,244091,1,,,1,26,,244091,34,4,,1,44,,244051,1,,,1,26,,244051,34,4,,1,4,,244052,1,,,1,26,,244052,34,4,,1,44,,244053,1,,,1,26,,244053,34,4,,1,4,,244092,1,,,1,26,,244092,34,4,,1,74,,244093,1,,,1,23,,244093,34,4,,1,77,,244094,1,,,1,23,,244094,34,4,,1,77,,244095,1,,,1,23,,244095,34,4,,1
2091801,'918-Weekday-2-26-09-1111100',512,,244107,1,,,1,21,,244107,34,4,,1,9,,244108,1,,,1,61,,244108,34,4,,1,9,,244109,1,,,1,22,,244109,34,4,,1,1,,244111,1,,,1,15,,244112,1,,,1,51,,244111,34,4,,1,4,,244113,1,,,1,11,,244112,34,4,,1,4,,244114,1,,,1,11,,244113,34,4,,1,4,,244115,1,,,1,11,,244114,34,4,,1,4,,244116,1,,,1,51,,244115,34,4,,1,4,,244117,1,,,1,11,,244116,34,4,,1,4,,244118,1,,,1,11,,244117,34,4,,1,4,,244110,1,,,1,11,,244118,34,4,,1,4,,244143,1,,,1,51,,244110,34,4,,1,4,,244119,1,,,1,11,,244143,34,4,,1,14,,244128,1,,,1,1,,244119,34,4,,1,25,,244128,34,4,,1,44,,244129,1,,,1,26,,244129,34,4,,1,4,,244130,1,,,1,26,,244130,34,4,,1,44,,244131,1,,,1,26,,244131,34,4,,1,4,,244132,1,,,1,26,,244132,34,4,,1,44,,244133,1,,,1,26,,244133,34,4,,1,4,,244120,1,,,1,26,,244120,34,4,,1,44,,244121,1,,,1,26,,244121,34,4,,1,4,,244122,1,,,1,26,,244122,34,4,,1,44,,244123,1,,,1,26,,244123,34,4,,1,4,,244124,1,,,1,26,,244124,34,4,,1,44,,244125,1,,,1,30,,244134,1,,,1,15,,244135,1,,,1,55,,244134,34,4,,1,15,,244135,34,4,,1,15,,244127,34,4,,1,15,,244105,1,,,1,55,,244106,1,,,1,15,,244105,34,4,,1,15,,244126,1,,,1,15,,244144,1,,,1,55,,244126,34,4,,1,15,,244144,34,4,,1,15,,244136,1,,,1,26,,244136,34,4,,1,44,,244137,1,,,1,26,,244137,34,4,,1,4,,244138,1,,,1,26,,244138,34,4,,1,44,,244098,1,,,1,26,,244098,34,4,,1,4,,244099,1,,,1,26,,244099,34,4,,1,44,,244100,1,,,1,26,,244100,34,4,,1,4,,244139,1,,,1,26,,244139,34,4,,1,74,,244140,1,,,1,23,,244140,34,4,,1,77,,244141,1,,,1,23,,244141,34,4,,1,77,,244142,1,,,1,23,,244142,34,4,,1
2091801,'918-Weekday-3-26-09-1111100',512,,286435,1,,,1,21,,286435,34,4,,1,9,,286436,1,,,1,61,,286436,34,4,,1,9,,286437,1,,,1,22,,286437,34,4,,1,1,,286439,1,,,1,15,,286440,1,,,1,51,,286439,34,4,,1,4,,286441,1,,,1,11,,286440,34,4,,1,4,,286442,1,,,1,11,,286441,34,4,,1,4,,286443,1,,,1,11,,286442,34,4,,1,4,,286444,1,,,1,51,,286443,34,4,,1,4,,286445,1,,,1,11,,286444,34,4,,1,4,,286446,1,,,1,11,,286445,34,4,,1,4,,286438,1,,,1,11,,286446,34,4,,1,4,,286471,1,,,1,51,,286438,34,4,,1,4,,286447,1,,,1,11,,286471,34,4,,1,14,,286456,1,,,1,1,,286447,34,4,,1,25,,286456,34,4,,1,44,,286457,1,,,1,26,,286457,34,4,,1,4,,286458,1,,,1,26,,286458,34,4,,1,44,,286459,1,,,1,26,,286459,34,4,,1,4,,286460,1,,,1,26,,286460,34,4,,1,44,,286461,1,,,1,26,,286461,34,4,,1,4,,286448,1,,,1,26,,286448,34,4,,1,44,,286449,1,,,1,26,,286449,34,4,,1,4,,286450,1,,,1,26,,286450,34,4,,1,44,,286451,1,,,1,26,,286451,34,4,,1,4,,286452,1,,,1,26,,286452,34,4,,1,44,,286453,1,,,1,30,,286462,1,,,1,15,,286463,1,,,1,55,,286462,34,4,,1,15,,286463,34,4,,1,15,,286455,34,4,,1,15,,286433,1,,,1,55,,286434,1,,,1,15,,286433,34,4,,1,15,,286454,1,,,1,15,,286472,1,,,1,55,,286454,34,4,,1,15,,286472,34,4,,1,15,,286464,1,,,1,26,,286464,34,4,,1,44,,286465,1,,,1,26,,286465,34,4,,1,4,,286466,1,,,1,26,,286466,34,4,,1,44,,286426,1,,,1,26,,286426,34,4,,1,4,,286427,1,,,1,26,,286427,34,4,,1,44,,286428,1,,,1,26,,286428,34,4,,1,4,,286467,1,,,1,26,,286467,34,4,,1,74,,286468,1,,,1,23,,286468,34,4,,1,77,,286469,1,,,1,23,,286469,34,4,,1,77,,286470,1,,,1,23,,286470,34,4,,1
2091801,'918-Weekday-4-26-09-1111100',512,,244154,1,,,1,21,,244154,34,4,,1,9,,244155,1,,,1,61,,244155,34,4,,1,9,,244156,1,,,1,22,,244156,34,4,,1,1,,244158,1,,,1,15,,244159,1,,,1,51,,244158,34,4,,1,4,,244160,1,,,1,11,,244159,34,4,,1,4,,244161,1,,,1,11,,244160,34,4,,1,4,,244162,1,,,1,11,,244161,34,4,,1,4,,244163,1,,,1,51,,244162,34,4,,1,4,,244164,1,,,1,11,,244163,34,4,,1,4,,244165,1,,,1,11,,244164,34,4,,1,4,,244157,1,,,1,11,,244165,34,4,,1,4,,244190,1,,,1,51,,244157,34,4,,1,4,,244166,1,,,1,11,,244190,34,4,,1,14,,244175,1,,,1,1,,244166,34,4,,1,25,,244175,34,4,,1,44,,244176,1,,,1,26,,244176,34,4,,1,4,,244177,1,,,1,26,,244177,34,4,,1,44,,244178,1,,,1,26,,244178,34,4,,1,4,,244179,1,,,1,26,,244179,34,4,,1,44,,244180,1,,,1,26,,244180,34,4,,1,4,,244167,1,,,1,26,,244167,34,4,,1,44,,244168,1,,,1,26,,244168,34,4,,1,4,,244169,1,,,1,26,,244169,34,4,,1,44,,244170,1,,,1,26,,244170,34,4,,1,4,,244171,1,,,1,26,,244171,34,4,,1,44,,244172,1,,,1,30,,244181,1,,,1,15,,244182,1,,,1,55,,244181,34,4,,1,15,,244182,34,4,,1,15,,244174,34,4,,1,15,,244152,1,,,1,55,,244153,1,,,1,15,,244152,34,4,,1,15,,244173,1,,,1,15,,244191,1,,,1,55,,244173,34,4,,1,15,,244191,34,4,,1,15,,244183,1,,,1,26,,244183,34,4,,1,44,,244184,1,,,1,26,,244184,34,4,,1,4,,244185,1,,,1,26,,244185,34,4,,1,44,,244145,1,,,1,26,,244145,34,4,,1,4,,244146,1,,,1,26,,244146,34,4,,1,44,,244147,1,,,1,26,,244147,34,4,,1,4,,244186,1,,,1,26,,244186,34,4,,1,74,,244187,1,,,1,23,,244187,34,4,,1,77,,244188,1,,,1,23,,244188,34,4,,1,77,,244189,1,,,1,23,,244189,34,4,,1
2091801,'918-Weekday-5-26-09-1111100',512,,286482,1,,,1,21,,286482,34,4,,1,9,,286483,1,,,1,61,,286483,34,4,,1,9,,286484,1,,,1,22,,286484,34,4,,1,1,,286486,1,,,1,15,,286487,1,,,1,51,,286486,34,4,,1,4,,286488,1,,,1,11,,286487,34,4,,1,4,,286489,1,,,1,11,,286488,34,4,,1,4,,286490,1,,,1,11,,286489,34,4,,1,4,,286491,1,,,1,51,,286490,34,4,,1,4,,286492,1,,,1,11,,286491,34,4,,1,4,,286493,1,,,1,11,,286492,34,4,,1,4,,286485,1,,,1,11,,286493,34,4,,1,4,,286518,1,,,1,51,,286485,34,4,,1,4,,286494,1,,,1,11,,286518,34,4,,1,14,,286503,1,,,1,1,,286494,34,4,,1,25,,286503,34,4,,1,44,,286504,1,,,1,26,,286504,34,4,,1,4,,286505,1,,,1,26,,286505,34,4,,1,44,,286506,1,,,1,26,,286506,34,4,,1,4,,286507,1,,,1,26,,286507,34,4,,1,44,,286508,1,,,1,26,,286508,34,4,,1,4,,286495,1,,,1,26,,286495,34,4,,1,44,,286496,1,,,1,26,,286496,34,4,,1,4,,286497,1,,,1,26,,286497,34,4,,1,44,,286498,1,,,1,26,,286498,34,4,,1,4,,286499,1,,,1,26,,286499,34,4,,1,44,,286500,1,,,1,30,,286509,1,,,1,15,,286510,1,,,1,55,,286509,34,4,,1,15,,286510,34,4,,1,15,,286502,34,4,,1,15,,286480,1,,,1,55,,286481,1,,,1,15,,286480,34,4,,1,15,,286501,1,,,1,15,,286519,1,,,1,55,,286501,34,4,,1,15,,286519,34,4,,1,15,,286511,1,,,1,26,,286511,34,4,,1,44,,286512,1,,,1,26,,286512,34,4,,1,4,,286513,1,,,1,26,,286513,34,4,,1,44,,286473,1,,,1,26,,286473,34,4,,1,4,,286474,1,,,1,26,,286474,34,4,,1,44,,286475,1,,,1,26,,286475,34,4,,1,4,,286514,1,,,1,26,,286514,34,4,,1,74,,286515,1,,,1,23,,286515,34,4,,1,77,,286516,1,,,1,23,,286516,34,4,,1,77,,286517,1,,,1,23,,286517,34,4,,1
2091801,'918-Weekday-6-26-09-1111100',512,,286529,1,,,1,21,,286529,34,4,,1,9,,286530,1,,,1,61,,286530,34,4,,1,9,,286531,1,,,1,22,,286531,34,4,,1,1,,286533,1,,,1,15,,286534,1,,,1,51,,286533,34,4,,1,4,,286535,1,,,1,11,,286534,34,4,,1,4,,286536,1,,,1,11,,286535,34,4,,1,4,,286537,1,,,1,11,,286536,34,4,,1,4,,286538,1,,,1,51,,286537,34,4,,1,4,,286539,1,,,1,11,,286538,34,4,,1,4,,286540,1,,,1,11,,286539,34,4,,1,4,,286532,1,,,1,11,,286540,34,4,,1,4,,286565,1,,,1,51,,286532,34,4,,1,4,,286541,1,,,1,11,,286565,34,4,,1,14,,286550,1,,,1,1,,286541,34,4,,1,25,,286550,34,4,,1,44,,286551,1,,,1,26,,286551,34,4,,1,4,,286552,1,,,1,26,,286552,34,4,,1,44,,286553,1,,,1,26,,286553,34,4,,1,4,,286554,1,,,1,26,,286554,34,4,,1,44,,286555,1,,,1,26,,286555,34,4,,1,4,,286542,1,,,1,26,,286542,34,4,,1,44,,286543,1,,,1,26,,286543,34,4,,1,4,,286544,1,,,1,26,,286544,34,4,,1,44,,286545,1,,,1,26,,286545,34,4,,1,4,,286546,1,,,1,26,,286546,34,4,,1,44,,286547,1,,,1,30,,286556,1,,,1,15,,286557,1,,,1,55,,286556,34,4,,1,15,,286557,34,4,,1,15,,286549,34,4,,1,15,,286527,1,,,1,55,,286528,1,,,1,15,,286527,34,4,,1,15,,286548,1,,,1,15,,286566,1,,,1,55,,286548,34,4,,1,15,,286566,34,4,,1,15,,286558,1,,,1,26,,286558,34,4,,1,44,,286559,1,,,1,26,,286559,34,4,,1,4,,286560,1,,,1,26,,286560,34,4,,1,44,,286520,1,,,1,26,,286520,34,4,,1,4,,286521,1,,,1,26,,286521,34,4,,1,44,,286522,1,,,1,26,,286522,34,4,,1,4,,286561,1,,,1,26,,286561,34,4,,1,74,,286562,1,,,1,23,,286562,34,4,,1,77,,286563,1,,,1,23,,286563,34,4,,1,77,,286564,1,,,1,23,,286564,34,4,,1
2091801,'918-Weekday-7-26-09-1111100',512,,286576,1,,,1,21,,286576,34,4,,1,9,,286577,1,,,1,61,,286577,34,4,,1,9,,286578,1,,,1,22,,286578,34,4,,1,1,,286580,1,,,1,15,,286581,1,,,1,51,,286580,34,4,,1,4,,286582,1,,,1,11,,286581,34,4,,1,4,,286583,1,,,1,11,,286582,34,4,,1,4,,286584,1,,,1,11,,286583,34,4,,1,4,,286585,1,,,1,51,,286584,34,4,,1,4,,286586,1,,,1,11,,286585,34,4,,1,4,,286587,1,,,1,11,,286586,34,4,,1,4,,286579,1,,,1,11,,286587,34,4,,1,4,,286612,1,,,1,51,,286579,34,4,,1,4,,286588,1,,,1,11,,286612,34,4,,1,14,,286597,1,,,1,1,,286588,34,4,,1,25,,286597,34,4,,1,44,,286598,1,,,1,26,,286598,34,4,,1,4,,286599,1,,,1,26,,286599,34,4,,1,44,,286600,1,,,1,26,,286600,34,4,,1,4,,286601,1,,,1,26,,286601,34,4,,1,44,,286602,1,,,1,26,,286602,34,4,,1,4,,286589,1,,,1,26,,286589,34,4,,1,44,,286590,1,,,1,26,,286590,34,4,,1,4,,286591,1,,,1,26,,286591,34,4,,1,44,,286592,1,,,1,26,,286592,34,4,,1,4,,286593,1,,,1,26,,286593,34,4,,1,44,,286594,1,,,1,30,,286603,1,,,1,15,,286604,1,,,1,55,,286603,34,4,,1,15,,286604,34,4,,1,15,,286596,34,4,,1,15,,286574,1,,,1,55,,286575,1,,,1,15,,286574,34,4,,1,15,,286595,1,,,1,15,,286613,1,,,1,55,,286595,34,4,,1,15,,286613,34,4,,1,15,,286605,1,,,1,26,,286605,34,4,,1,44,,286606,1,,,1,26,,286606,34,4,,1,4,,286607,1,,,1,26,,286607,34,4,,1,44,,286567,1,,,1,26,,286567,34,4,,1,4,,286568,1,,,1,26,,286568,34,4,,1,44,,286569,1,,,1,26,,286569,34,4,,1,4,,286608,1,,,1,26,,286608,34,4,,1,74,,286609,1,,,1,23,,286609,34,4,,1,77,,286610,1,,,1,23,,286610,34,4,,1,77,,286611,1,,,1,23,,286611,34,4,,1
2091801,'918-Saturday-1-26-09-0000010',524,,244192,1,,,1,23,,244192,34,4,,1,77,,244193,1,,,1,23,,244193,34,4,,1,77,,244194,1,,,1,23,,244194,34,4,,1,77,,244195,1,,,1,23,,244195,34,4,,1,6,,244196,1,,,1,65,,244196,34,4,,1,4,,244197,1,,,1,26,,244197,34,4,,1,4,,244198,1,,,1,66,,244198,34,4,,1,4,,244199,1,,,1,26,,244199,34,4,,1,4,,244200,1,,,1,66,,244200,34,4,,1,4,,244201,1,,,1,26,,244201,34,4,,1,4,,244202,1,,,1,66,,244202,34,4,,1,4,,244203,1,,,1,26,,244203,34,4,,1,4,,244204,1,,,1,66,,244204,34,4,,1,4,,244205,1,,,1,26,,244205,34,4,,1,4,,244206,1,,,1,66,,244206,34,4,,1,4,,244207,1,,,1,26,,244207,34,4,,1,4,,244208,1,,,1,66,,244208,34,4,,1,4,,244209,1,,,1,26,,244209,34,4,,1,4,,244210,1,,,1,66,,244210,34,4,,1,4,,244211,1,,,1,26,,244211,34,4,,1,5,,244212,1,,,1,64,,244212,34,4,,1,7,,244213,1,,,1,24,,244213,34,4,,1,6,,244214,1,,,1,64,,244214,34,4,,1,6,,244215,1,,,1,24,,244215,34,4,,1,6,,244216,1,,,1,64,,244216,34,4,,1,6,,244217,1,,,1,24,,244217,34,4,,1,76,,244218,1,,,1,24,,244218,34,4,,1,76,,244219,1,,,1,24,,244219,34,4,,1,76,,244220,1,,,1,24,,244220,34,4,,1,76,,244221,1,,,1,24,,244221,34,4,,1
2091801,'918-Sunday-1-26-09-0000001',521,,244227,1,,,1,22,,244227,34,4,,1,78,,244228,1,,,1,22,,244228,34,4,,1,78,,244229,1,,,1,22,,244229,34,4,,1,78,,244230,1,,,1,22,,244230,34,4,,1,78,,244231,1,,,1,26,,244231,34,4,,1,75,,244238,1,,,1,26,,244238,34,4,,1,4,,244239,1,,,1,66,,244239,34,4,,1,4,,244240,1,,,1,26,,244240,34,4,,1,4,,244241,1,,,1,66,,244241,34,4,,1,4,,244242,1,,,1,26,,244242,34,4,,1,4,,244243,1,,,1,66,,244243,34,4,,1,4,,244244,1,,,1,26,,244244,34,4,,1,4,,244237,1,,,1,66,,244237,34,4,,1,4,,244222,1,,,1,26,,244222,34,4,,1,4,,244223,1,,,1,66,,244223,34,4,,1,4,,244233,1,,,1,26,,244233,34,4,,1,4,,244234,1,,,1,66,,244234,34,4,,1,4,,244232,1,,,1,26,,244232,34,4,,1,5,,244235,1,,,1,64,,244235,34,4,,1,5,,244224,1,,,1,24,,244224,34,4,,1,6,,244225,1,,,1,64,,244225,34,4,,1,6,,244236,1,,,1,24,,244236,34,4,,1,8,,244226,1,,,1,64,,244226,34,4,,1,10,,244245,1,,,1,24,,244245,34,4,,1,76,,244246,1,,,1,24,,244246,34,4,,1,76,,244247,1,,,1,24,,244247,34,4,,1,76,,244248,1,,,1,24,,244248,34,4,,1,76,,244249,1,,,1,24,,244249,34,4,,1,76,,244250,1,,,1,24,,244250,34,4,,1
