2,200,'002-Weekday-1-26-09-1111100',203603,203604,203605,203606,203607,203608,203609,203610,203611,203612,203613,203614,203615,203616,203617,203618,203619,203620,203621,203622,203623,203624,203625,203626,203627,203628,203629,203630,203631,203632,203633,203634,203635,203636,203637,203638,203639,203640,203641,203642,203643,203644,203645,203646,203647,203648,203649,203650,203651,203652,203653,203654,203655,203656,203657,203658,203659,203660,203661,203662,203663,203664,203665,203666,203667,203668,203669,203670,203671,203672,203673,203674,203675,203676,203677,203678,203679,203680,203681,203682,203683,203684,203685,203686,203687,203688,203689,203690
2,200,'002-Weekday-2-26-09-1111100',203691,203692,203693,203694,203695,203696,203697,203698,203699,203700,203701,203702,203703,203704,203705,203706,203707,203708,203709,203710,203711,203712,203713,203714,203715,203716,203717,203718,203719,203720,203721,203722,203723,203724,203725,203726,203727,203728,203729,203730,203731,203732,203733,203734,203735,203736,203737,203738,203739,203740,203741,203742,203743,203744,203745,203746,203747,203748,203749,203750,203751,203752,203753,203754,203755,203756,203757,203758,203759,203760,203761,203762,203763,203764,203765,203766,203767,203768,203769,203770,203771,203772,203773,203774,203775,203776,203777,203778
2,200,'002-Weekday-3-26-09-1111100',247676,247677,247678,247679,247680,247681,247682,247683,247684,247685,247686,247687,247688,247689,247690,247691,247692,247693,247694,247695,247696,247697,247698,247699,247700,247701,247702,247703,247704,247705,247706,247707,247708,247709,247710,247711,247712,247713,247714,247715,247716,247717,247718,247719,247720,247721,247722,247723,247724,247725,247726,247727,247728,247729,247730,247731,247732,247733,247734,247735,247736,247737,247738,247739,247740,247741,247742,247743,247744,247745,247746,247747,247748,247749,247750,247751,247752,247753,247754,247755,247756,247757,247758,247759,247760,247761,247762,247763
2,200,'002-Weekday-4-26-09-1111100',203779,203780,203781,203782,203783,203784,203785,203786,203787,203788,203789,203790,203791,203792,203793,203794,203795,203796,203797,203798,203799,203800,203801,203802,203803,203804,203805,203806,203807,203808,203809,203810,203811,203812,203813,203814,203815,203816,203817,203818,203819,203820,203821,203822,203823,203824,203825,203826,203827,203828,203829,203830,203831,203832,203833,203834,203835,203836,203837,203838,203839,203840,203841,203842,203843,203844,203845,203846,203847,203848,203849,203850,203851,203852,203853,203854,203855,203856,203857,203858,203859,203860,203861,203862,203863,203864,203865
2,200,'002-Weekday-5-26-09-1111100',247764,247765,247766,247767,247768,247769,247770,247771,247772,247773,247774,247775,247776,247777,247778,247779,247780,247781,247782,247783,247784,247785,247786,247787,247788,247789,247790,247791,247792,247793,247794,247795,247796,247797,247798,247799,247800,247801,247802,247803,247804,247805,247806,247807,247808,247809,247810,247811,247812,247813,247814,247815,247816,247817,247818,247819,247820,247821,247822,247823,247824,247825,247826,247827,247828,247829,247830,247831,247832,247833,247834,247835,247836,247837,247838,247839,247840,247841,247842,247843,247844,247845,247846,247847,247848,247849,247850
2,200,'002-Weekday-6-26-09-1111100',247851,247852,247853,247854,247855,247856,247857,247858,247859,247860,247861,247862,247863,247864,247865,247866,247867,247868,247869,247870,247871,247872,247873,247874,247875,247876,247877,247878,247879,247880,247881,247882,247883,247884,247885,247886,247887,247888,247889,247890,247891,247892,247893,247894,247895,247896,247897,247898,247899,247900,247901,247902,247903,247904,247905,247906,247907,247908,247909,247910,247911,247912,247913,247914,247915,247916,247917,247918,247919,247920,247921,247922,247923,247924,247925,247926,247927,247928,247929,247930,247931,247932,247933,247934,247935,247936,247937,247938
2,200,'002-Weekday-7-26-09-1111100',247939,247940,247941,247942,247943,247944,247945,247946,247947,247948,247949,247950,247951,247952,247953,247954,247955,247956,247957,247958,247959,247960,247961,247962,247963,247964,247965,247966,247967,247968,247969,247970,247971,247972,247973,247974,247975,247976,247977,247978,247979,247980,247981,247982,247983,247984,247985,247986,247987,247988,247989,247990,247991,247992,247993,247994,247995,247996,247997,247998,247999,248000,248001,248002,248003,248004,248005,248006,248007,248008,248009,248010,248011,248012,248013,248014,248015,248016,248017,248018,248019,248020,248021,248022,248023,248024,248025
2,200,'002-Saturday-1-26-09-0000010',203866,203867,203868,203869,203870,203871,203872,203873,203874,203875,203876,203877,203878,203879,203880,203881,203882,203883,203884,203885,203886,203887,203888,203889,203890,203891,203892,203893,203894,203895,203896,203897,203898,203899,203900,203901,203902,203903,203904,203905,203906,203907,203908,203909,203910,203911,203912,203913,203914,203915,203916,203917,203918,203919,203920,203921,203922,203923,203924,203925,203926,203927,203928,203929,203930,203931,203932,203933,203934,203935,203936,203937,203938,203939,203940,203941
2,200,'002-Sunday-1-26-09-0000001',203942,203943,203944,203945,203946,203947,203948,203949,203950,203951,203952,203953,203954,203955,203956,203957,203958,203959,203960,203961,203962,203963,203964,203965,203966,203967,203968,203969,203970,203971,203972,203973,203974,203975,203976,203977,203978,203979,203980,203981,203982,203983,203984,203985,203986,203987,203988,203989,203990,203991,203992,203993,203994,203995,203996,203997,203998,203999,204000,204001,204002,204003,204004,204005,204006,204007,204008,204009,204010,204011,204012,204013,204014,204015
2,201,'002-Weekday-1-26-09-1111100',204016,204017,204018,204019,204020,204021,204022,204023,204024,204025,204026,204027,204028,204029,204030,204031,204032,204033,204034,204035,204036,204037,204038,204039,204040,204041,204042,204043,204044,204045,204046,204047,204048,204049,204050,204051,204052,204053,204054,204055,204056,204057,204058,204059,204060,204061,204062,204063,204064,204065,204066,204067,204068,204069,204070,204071,204072,204073,204074,204075,204076,204077,204078,204079,204080,204081,204082,204083,204084,204085,204086,204087,204088,204089,204090,204091,204092,204093,204094,204095,204096,204097,204098,204099,204100,204101,204102,204103,204104
2,201,'002-Weekday-2-26-09-1111100',204105,204106,204107,204108,204109,204110,204111,204112,204113,204114,204115,204116,204117,204118,204119,204120,204121,204122,204123,204124,204125,204126,204127,204128,204129,204130,204131,204132,204133,204134,204135,204136,204137,204138,204139,204140,204141,204142,204143,204144,204145,204146,204147,204148,204149,204150,204151,204152,204153,204154,204155,204156,204157,204158,204159,204160,204161,204162,204163,204164,204165,204166,204167,204168,204169,204170,204171,204172,204173,204174,204175,204176,204177,204178,204179,204180,204181,204182,204183,204184,204185,204186,204187,204188,204189,204190,204191,204192,204193
2,201,'002-Weekday-3-26-09-1111100',248026,248027,248028,248029,248030,248031,248032,248033,248034,248035,248036,248037,248038,248039,248040,248041,248042,248043,248044,248045,248046,248047,248048,248049,248050,248051,248052,248053,248054,248055,248056,248057,248058,248059,248060,248061,248062,248063,248064,248065,248066,248067,248068,248069,248070,248071,248072,248073,248074,248075,248076,248077,248078,248079,248080,248081,248082,248083,248084,248085,248086,248087,248088,248089,248090,248091,248092,248093,248094,248095,248096,248097,248098,248099,248100,248101,248102,248103,248104,248105,248106,248107,248108,248109,248110,248111,248112,248113,248114
2,201,'002-Weekday-4-26-09-1111100',204194,204195,204196,204197,204198,204199,204200,204201,204202,204203,204204,204205,204206,204207,204208,204209,204210,204211,204212,204213,204214,204215,204216,204217,204218,204219,204220,204221,204222,204223,204224,204225,204226,204227,204228,204229,204230,204231,204232,204233,204234,204235,204236,204237,204238,204239,204240,204241,204242,204243,204244,204245,204246,204247,204248,204249,204250,204251,204252,204253,204254,204255,204256,204257,204258,204259,204260,204261,204262,204263,204264,204265,204266,204267,204268,204269,204270,204271,204272,204273,204274,204275,204276,204277,204278,204279,204280,204281
2,201,'002-Weekday-5-26-09-1111100',248115,248116,248117,248118,248119,248120,248121,248122,248123,248124,248125,248126,248127,248128,248129,248130,248131,248132,248133,248134,248135,248136,248137,248138,248139,248140,248141,248142,248143,248144,248145,248146,248147,248148,248149,248150,248151,248152,248153,248154,248155,248156,248157,248158,248159,248160,248161,248162,248163,248164,248165,248166,248167,248168,248169,248170,248171,248172,248173,248174,248175,248176,248177,248178,248179,248180,248181,248182,248183,248184,248185,248186,248187,248188,248189,248190,248191,248192,248193,248194,248195,248196,248197,248198,248199,248200,248201,248202
2,201,'002-Weekday-6-26-09-1111100',248203,248204,248205,248206,248207,248208,248209,248210,248211,248212,248213,248214,248215,248216,248217,248218,248219,248220,248221,248222,248223,248224,248225,248226,248227,248228,248229,248230,248231,248232,248233,248234,248235,248236,248237,248238,248239,248240,248241,248242,248243,248244,248245,248246,248247,248248,248249,248250,248251,248252,248253,248254,248255,248256,248257,248258,248259,248260,248261,248262,248263,248264,248265,248266,248267,248268,248269,248270,248271,248272,248273,248274,248275,248276,248277,248278,248279,248280,248281,248282,248283,248284,248285,248286,248287,248288,248289,248290
2,201,'002-Weekday-7-26-09-1111100',248291,248292,248293,248294,248295,248296,248297,248298,248299,248300,248301,248302,248303,248304,248305,248306,248307,248308,248309,248310,248311,248312,248313,248314,248315,248316,248317,248318,248319,248320,248321,248322,248323,248324,248325,248326,248327,248328,248329,248330,248331,248332,248333,248334,248335,248336,248337,248338,248339,248340,248341,248342,248343,248344,248345,248346,248347,248348,248349,248350,248351,248352,248353,248354,248355,248356,248357,248358,248359,248360,248361,248362,248363,248364,248365,248366,248367,248368,248369,248370,248371,248372,248373,248374,248375,248376,248377
2,201,'002-Saturday-1-26-09-0000010',204282,204283,204284,204285,204286,204287,204288,204289,204290,204291,204292,204293,204294,204295,204296,204297,204298,204299,204300,204301,204302,204303,204304,204305,204306,204307,204308,204309,204310,204311,204312,204313,204314,204315,204316,204317,204318,204319,204320,204321,204322,204323,204324,204325,204326,204327,204328,204329,204330,204331,204332,204333,204334,204335,204336,204337,204338,204339,204340,204341,204342,204343,204344,204345,204346,204347,204348,204349,204350,204351,204352,204353,204354,204355,204356,204357,204358,204359
2,201,'002-Sunday-1-26-09-0000001',204360,204361,204362,204363,204364,204365,204366,204367,204368,204369,204370,204371,204372,204373,204374,204375,204376,204377,204378,204379,204380,204381,204382,204383,204384,204385,204386,204387,204388,204389,204390,204391,204392,204393,204394,204395,204396,204397,204398,204399,204400,204401,204402,204403,204404,204405,204406,204407,204408,204409,204410,204411,204412,204413,204414,204415,204416,204417,204418,204419,204420,204421,204422,204423,204424,204425,204426,204427,204428,204429,204430,204431,204432
3,300,'003-Weekday-1-26-09-1111100',204433,204434,204435,204436,204437,204438,204439,204440,204441,204442,204443,204444,204445,204446,204447,204448,204449,204450,204451,204452,204453,204454,204455,204456,204457,204458,204459,204460,204461,204462,204463,204464,204465,204466,204467,204468,204469,204470,204471,204472,204473,204474,204475,204476,204477,204478,204479,204480,204481,204482,204483,204484,204485,204486,204487,204488,204489,204490,204491,204492,204493,204494,204495,204496,204497,204498,204499,204500,204501,204502,204503,204504,204505,204506,204507,204508,204509,204510
3,300,'003-Weekday-2-26-09-1111100',204511,204512,204513,204514,204515,204516,204517,204518,204519,204520,204521,204522,204523,204524,204525,204526,204527,204528,204529,204530,204531,204532,204533,204534,204535,204536,204537,204538,204539,204540,204541,204542,204543,204544,204545,204546,204547,204548,204549,204550,204551,204552,204553,204554,204555,204556,204557,204558,204559,204560,204561,204562,204563,204564,204565,204566,204567,204568,204569,204570,204571,204572,204573,204574,204575,204576,204577,204578,204579,204580,204581,204582,204583,204584,204585,204586,204587,204588
3,300,'003-Weekday-3-26-09-1111100',248378,248379,248380,248381,248382,248383,248384,248385,248386,248387,248388,248389,248390,248391,248392,248393,248394,248395,248396,248397,248398,248399,248400,248401,248402,248403,248404,248405,248406,248407,248408,248409,248410,248411,248412,248413,248414,248415,248416,248417,248418,248419,248420,248421,248422,248423,248424,248425,248426,248427,248428,248429,248430,248431,248432,248433,248434,248435,248436,248437,248438,248439,248440,248441,248442,248443,248444,248445,248446,248447,248448,248449,248450,248451,248452,248453,248454
3,300,'003-Weekday-4-26-09-1111100',204589,204590,204591,204592,204593,204594,204595,204596,204597,204598,204599,204600,204601,204602,204603,204604,204605,204606,204607,204608,204609,204610,204611,204612,204613,204614,204615,204616,204617,204618,204619,204620,204621,204622,204623,204624,204625,204626,204627,204628,204629,204630,204631,204632,204633,204634,204635,204636,204637,204638,204639,204640,204641,204642,204643,204644,204645,204646,204647,204648,204649,204650,204651,204652,204653,204654,204655,204656,204657,204658,204659,204660,204661,204662,204663,204664,204665
3,300,'003-Weekday-5-26-09-1111100',248455,248456,248457,248458,248459,248460,248461,248462,248463,248464,248465,248466,248467,248468,248469,248470,248471,248472,248473,248474,248475,248476,248477,248478,248479,248480,248481,248482,248483,248484,248485,248486,248487,248488,248489,248490,248491,248492,248493,248494,248495,248496,248497,248498,248499,248500,248501,248502,248503,248504,248505,248506,248507,248508,248509,248510,248511,248512,248513,248514,248515,248516,248517,248518,248519,248520,248521,248522,248523,248524,248525,248526,248527,248528,248529,248530,248531
3,300,'003-Weekday-6-26-09-1111100',248532,248533,248534,248535,248536,248537,248538,248539,248540,248541,248542,248543,248544,248545,248546,248547,248548,248549,248550,248551,248552,248553,248554,248555,248556,248557,248558,248559,248560,248561,248562,248563,248564,248565,248566,248567,248568,248569,248570,248571,248572,248573,248574,248575,248576,248577,248578,248579,248580,248581,248582,248583,248584,248585,248586,248587,248588,248589,248590,248591,248592,248593,248594,248595,248596,248597,248598,248599,248600,248601,248602,248603,248604,248605,248606,248607,248608,248609
3,300,'003-Weekday-7-26-09-1111100',248610,248611,248612,248613,248614,248615,248616,248617,248618,248619,248620,248621,248622,248623,248624,248625,248626,248627,248628,248629,248630,248631,248632,248633,248634,248635,248636,248637,248638,248639,248640,248641,248642,248643,248644,248645,248646,248647,248648,248649,248650,248651,248652,248653,248654,248655,248656,248657,248658,248659,248660,248661,248662,248663,248664,248665,248666,248667,248668,248669,248670,248671,248672,248673,248674,248675,248676,248677,248678,248679,248680,248681,248682,248683,248684,248685,248686
3,300,'003-Saturday-1-26-09-0000010',204666,204667,204668,204669,204670,204671,204672,204673,204674,204675,204676,204677,204678,204679,204680,204681,204682,204683,204684,204685,204686,204687,204688,204689,204690,204691,204692,204693,204694,204695,204696,204697,204698,204699,204700,204701,204702,204703,204704,204705,204706,204707,204708,204709,204710,204711,204712,204713,204714,204715,204716,204717,204718,204719,204720,204721,204722,204723,204724,204725,204726,204727,204728,204729,204730,204731,204732
3,300,'003-Sunday-1-26-09-0000001',204733,204734,204735,204736,204737,204738,204739,204740,204741,204742,204743,204744,204745,204746,204747,204748,204749,204750,204751,204752,204753,204754,204755,204756,204757,204758,204759,204760,204761,204762,204763,204764,204765,204766,204767,204768,204769,204770,204771,204772,204773,204774,204775,204776,204777,204778,204779,204780,204781,204782,204783,204784,204785,204786,204787,204788,204789,204790,204791,204792,204793,204794,204795,204796,204797
3,301,'003-Weekday-1-26-09-1111100',204798,204799,204800,204801,204802,204803,204804,204805,204806,204807,204808,204809,204810,204811,204812,204813,204814,204815,204816,204817,204818,204819,204820,204821,204822,204823,204824,204825,204826,204827,204828,204829,204830,204831,204832,204833,204834,204835,204836,204837,204838,204839,204840,204841,204842,204843,204844,204845,204846,204847,204848,204849,204850,204851,204852,204853,204854,204855,204856,204857,204858,204859,204860,204861,204862,204863,204864,204865,204866,204867,204868,204869,204870,204871,204872,204873,204874
3,301,'003-Weekday-2-26-09-1111100',204875,204876,204877,204878,204879,204880,204881,204882,204883,204884,204885,204886,204887,204888,204889,204890,204891,204892,204893,204894,204895,204896,204897,204898,204899,204900,204901,204902,204903,204904,204905,204906,204907,204908,204909,204910,204911,204912,204913,204914,204915,204916,204917,204918,204919,204920,204921,204922,204923,204924,204925,204926,204927,204928,204929,204930,204931,204932,204933,204934,204935,204936,204937,204938,204939,204940,204941,204942,204943,204944,204945,204946,204947,204948,204949,204950,204951
3,301,'003-Weekday-3-26-09-1111100',248687,248688,248689,248690,248691,248692,248693,248694,248695,248696,248697,248698,248699,248700,248701,248702,248703,248704,248705,248706,248707,248708,248709,248710,248711,248712,248713,248714,248715,248716,248717,248718,248719,248720,248721,248722,248723,248724,248725,248726,248727,248728,248729,248730,248731,248732,248733,248734,248735,248736,248737,248738,248739,248740,248741,248742,248743,248744,248745,248746,248747,248748,248749,248750,248751,248752,248753,248754,248755,248756,248757,248758,248759,248760,248761,248762,248763
3,301,'003-Weekday-4-26-09-1111100',204952,204953,204954,204955,204956,204957,204958,204959,204960,204961,204962,204963,204964,204965,204966,204967,204968,204969,204970,204971,204972,204973,204974,204975,204976,204977,204978,204979,204980,204981,204982,204983,204984,204985,204986,204987,204988,204989,204990,204991,204992,204993,204994,204995,204996,204997,204998,204999,205000,205001,205002,205003,205004,205005,205006,205007,205008,205009,205010,205011,205012,205013,205014,205015,205016,205017,205018,205019,205020,205021,205022,205023,205024,205025,205026,205027,205028
3,301,'003-Weekday-5-26-09-1111100',248764,248765,248766,248767,248768,248769,248770,248771,248772,248773,248774,248775,248776,248777,248778,248779,248780,248781,248782,248783,248784,248785,248786,248787,248788,248789,248790,248791,248792,248793,248794,248795,248796,248797,248798,248799,248800,248801,248802,248803,248804,248805,248806,248807,248808,248809,248810,248811,248812,248813,248814,248815,248816,248817,248818,248819,248820,248821,248822,248823,248824,248825,248826,248827,248828,248829,248830,248831,248832,248833,248834,248835,248836,248837,248838,248839,248840
3,301,'003-Weekday-6-26-09-1111100',248841,248842,248843,248844,248845,248846,248847,248848,248849,248850,248851,248852,248853,248854,248855,248856,248857,248858,248859,248860,248861,248862,248863,248864,248865,248866,248867,248868,248869,248870,248871,248872,248873,248874,248875,248876,248877,248878,248879,248880,248881,248882,248883,248884,248885,248886,248887,248888,248889,248890,248891,248892,248893,248894,248895,248896,248897,248898,248899,248900,248901,248902,248903,248904,248905,248906,248907,248908,248909,248910,248911,248912,248913,248914,248915,248916,248917
3,301,'003-Weekday-7-26-09-1111100',248918,248919,248920,248921,248922,248923,248924,248925,248926,248927,248928,248929,248930,248931,248932,248933,248934,248935,248936,248937,248938,248939,248940,248941,248942,248943,248944,248945,248946,248947,248948,248949,248950,248951,248952,248953,248954,248955,248956,248957,248958,248959,248960,248961,248962,248963,248964,248965,248966,248967,248968,248969,248970,248971,248972,248973,248974,248975,248976,248977,248978,248979,248980,248981,248982,248983,248984,248985,248986,248987,248988,248989,248990,248991,248992,248993,248994
3,301,'003-Saturday-1-26-09-0000010',205029,205030,205031,205032,205033,205034,205035,205036,205037,205038,205039,205040,205041,205042,205043,205044,205045,205046,205047,205048,205049,205050,205051,205052,205053,205054,205055,205056,205057,205058,205059,205060,205061,205062,205063,205064,205065,205066,205067,205068,205069,205070,205071,205072,205073,205074,205075,205076,205077,205078,205079,205080,205081,205082,205083,205084,205085,205086,205087,205088,205089,205090,205091,205092,205093,205094
3,301,'003-Sunday-1-26-09-0000001',205095,205096,205097,205098,205099,205100,205101,205102,205103,205104,205105,205106,205107,205108,205109,205110,205111,205112,205113,205114,205115,205116,205117,205118,205119,205120,205121,205122,205123,205124,205125,205126,205127,205128,205129,205130,205131,205132,205133,205134,205135,205136,205137,205138,205139,205140,205141,205142,205143,205144,205145,205146,205147,205148,205149,205150,205151,205152,205153,205154,205155,205156,205157,205158,205159
4,400,'004-Weekday-1-26-09-1111100',205160,205161,205162,205163,205164,205165,205166,205167,205168,205169,205170,205171,205172,205173,205174,205175,205176,205177,205178,205179,205180,205181,205182,205183,205184,205185,205186,205187,205188,205189,205190,205191,205192,205193,205194,205195,205196,205197,205198,205199,205200,205201,205202,205203,205204,205205,205206,205207,205208,205209,205210,205211,205212,205213,205214,205215,205216,205217,205218,205219,205220,205221,205222,205223,205224,205225,205226,205227,205228,205229,205230,205231,205232,205233,205234,205235,205236,205237,205238,205239,205240,205241,205242,205243,205244,205245,205246,205247,205248,205249,205250,205251,205252,205253,205254,205255,205256,205257,205258,205259,205260,205261,205262,205263,205264,205265,205266,205267,205268,205269,205270,205271,205272,205273,205274,205275,205276,205277,205278,205279,205280,205281,205282,205283
4,400,'004-Weekday-2-26-09-1111100',205284,205285,205286,205287,205288,205289,205290,205291,205292,205293,205294,205295,205296,205297,205298,205299,205300,205301,205302,205303,205304,205305,205306,205307,205308,205309,205310,205311,205312,205313,205314,205315,205316,205317,205318,205319,205320,205321,205322,205323,205324,205325,205326,205327,205328,205329,205330,205331,205332,205333,205334,205335,205336,205337,205338,205339,205340,205341,205342,205343,205344,205345,205346,205347,205348,205349,205350,205351,205352,205353,205354,205355,205356,205357,205358,205359,205360,205361,205362,205363,205364,205365,205366,205367,205368,205369,205370,205371,205372,205373,205374,205375,205376,205377,205378,205379,205380,205381,205382,205383,205384,205385,205386,205387,205388,205389,205390,205391,205392,205393,205394,205395,205396,205397,205398,205399,205400,205401,205402,205403,205404,205405,205406,205407
4,400,'004-Weekday-3-26-09-1111100',248995,248996,248997,248998,248999,249000,249001,249002,249003,249004,249005,249006,249007,249008,249009,249010,249011,249012,249013,249014,249015,249016,249017,249018,249019,249020,249021,249022,249023,249024,249025,249026,249027,249028,249029,249030,249031,249032,249033,249034,249035,249036,249037,249038,249039,249040,249041,249042,249043,249044,249045,249046,249047,249048,249049,249050,249051,249052,249053,249054,249055,249056,249057,249058,249059,249060,249061,249062,249063,249064,249065,249066,249067,249068,249069,249070,249071,249072,249073,249074,249075,249076,249077,249078,249079,249080,249081,249082,249083,249084,249085,249086,249087,249088,249089,249090,249091,249092,249093,249094,249095,249096,249097,249098,249099,249100,249101,249102,249103,249104,249105,249106,249107,249108,249109,249110,249111,249112,249113,249114,249115,249116,249117,249118
4,400,'004-Weekday-4-26-09-1111100',205408,205409,205410,205411,205412,205413,205414,205415,205416,205417,205418,205419,205420,205421,205422,205423,205424,205425,205426,205427,205428,205429,205430,205431,205432,205433,205434,205435,205436,205437,205438,205439,205440,205441,205442,205443,205444,205445,205446,205447,205448,205449,205450,205451,205452,205453,205454,205455,205456,205457,205458,205459,205460,205461,205462,205463,205464,205465,205466,205467,205468,205469,205470,205471,205472,205473,205474,205475,205476,205477,205478,205479,205480,205481,205482,205483,205484,205485,205486,205487,205488,205489,205490,205491,205492,205493,205494,205495,205496,205497,205498,205499,205500,205501,205502,205503,205504,205505,205506,205507,205508,205509,205510,205511,205512,205513,205514,205515,205516,205517,205518,205519,205520,205521,205522,205523,205524,205525,205526,205527,205528,205529,205530,205531
4,400,'004-Weekday-5-26-09-1111100',249119,249120,249121,249122,249123,249124,249125,249126,249127,249128,249129,249130,249131,249132,249133,249134,249135,249136,249137,249138,249139,249140,249141,249142,249143,249144,249145,249146,249147,249148,249149,249150,249151,249152,249153,249154,249155,249156,249157,249158,249159,249160,249161,249162,249163,249164,249165,249166,249167,249168,249169,249170,249171,249172,249173,249174,249175,249176,249177,249178,249179,249180,249181,249182,249183,249184,249185,249186,249187,249188,249189,249190,249191,249192,249193,249194,249195,249196,249197,249198,249199,249200,249201,249202,249203,249204,249205,249206,249207,249208,249209,249210,249211,249212,249213,249214,249215,249216,249217,249218,249219,249220,249221,249222,249223,249224,249225,249226,249227,249228,249229,249230,249231,249232,249233,249234,249235,249236,249237,249238,249239,249240,249241,249242
4,400,'004-Weekday-6-26-09-1111100',249243,249244,249245,249246,249247,249248,249249,249250,249251,249252,249253,249254,249255,249256,249257,249258,249259,249260,249261,249262,249263,249264,249265,249266,249267,249268,249269,249270,249271,249272,249273,249274,249275,249276,249277,249278,249279,249280,249281,249282,249283,249284,249285,249286,249287,249288,249289,249290,249291,249292,249293,249294,249295,249296,249297,249298,249299,249300,249301,249302,249303,249304,249305,249306,249307,249308,249309,249310,249311,249312,249313,249314,249315,249316,249317,249318,249319,249320,249321,249322,249323,249324,249325,249326,249327,249328,249329,249330,249331,249332,249333,249334,249335,249336,249337,249338,249339,249340,249341,249342
4,400,'004-Weekday-7-26-09-1111100',249343,249344,249345,249346,249347,249348,249349,249350,249351,249352,249353,249354,249355,249356,249357,249358,249359,249360,249361,249362,249363,249364,249365,249366,249367,249368,249369,249370,249371,249372,249373,249374,249375,249376,249377,249378,249379,249380,249381,249382,249383,249384,249385,249386,249387,249388,249389,249390,249391,249392,249393,249394,249395,249396,249397,249398,249399,249400,249401,249402,249403,249404,249405,249406,249407,249408,249409,249410,249411,249412,249413,249414,249415,249416,249417,249418,249419,249420,249421,249422,249423,249424,249425,249426,249427,249428,249429,249430,249431,249432,249433,249434,249435,249436,249437,249438,249439,249440,249441,249442
4,400,'004-Saturday-1-26-09-0000010',205532,205533,205534,205535,205536,205537,205538,205539,205540,205541,205542,205543,205544,205545,205546,205547,205548,205549,205550,205551,205552,205553,205554,205555,205556,205557,205558,205559,205560,205561,205562,205563,205564,205565,205566,205567,205568,205569,205570,205571,205572,205573,205574,205575,205576,205577,205578,205579,205580,205581,205582,205583,205584,205585,205586,205587,205588,205589,205590,205591,205592,205593,205594,205595,205596,205597,205598,205599,205600,205601,205602,205603,205604,205605,205606,205607,205608,205609,205610,205611,205612,205613,205614,205615,205616,205617,205618,205619,205620,205621,205622,205623,205624,205625,205626,205627,205628,205629,205630,205631,205632,205633,205634,205635,205636,205637,205638,205639,205640,205641,205642,205643,205644
4,400,'004-Sunday-1-26-09-0000001',205645,205646,205647,205648,205649,205650,205651,205652,205653,205654,205655,205656,205657,205658,205659,205660,205661,205662,205663,205664,205665,205666,205667,205668,205669,205670,205671,205672,205673,205674,205675,205676,205677,205678,205679,205680,205681,205682,205683,205684,205685,205686,205687,205688,205689,205690,205691,205692,205693,205694,205695,205696,205697,205698,205699,205700,205701,205702,205703,205704,205705,205706,205707,205708,205709,205710,205711,205712,205713,205714,205715,205716,205717,205718,205719
4,401,'004-Weekday-1-26-09-1111100',205720,205721,205722,205723,205724,205725,205726,205727,205728,205729,205730,205731,205732,205733,205734,205735,205736,205737,205738,205739,205740,205741,205742,205743,205744,205745,205746,205747,205748,205749,205750,205751,205752,205753,205754,205755,205756,205757,205758,205759,205760,205761,205762,205763,205764,205765,205766,205767,205768,205769,205770,205771,205772,205773,205774,205775,205776,205777,205778,205779,205780,205781,205782,205783,205784,205785,205786,205787,205788,205789,205790,205791,205792,205793,205794,205795,205796,205797,205798,205799,205800,205801,205802,205803,205804,205805,205806,205807,205808,205809,205810,205811,205812,205813,205814,205815,205816,205817,205818,205819,205820,205821,205822,205823,205824,205825,205826,205827,205828,205829,205830,205831,205832,205833,205834,205835,205836,205837,205838,205839
4,401,'004-Weekday-2-26-09-1111100',205840,205841,205842,205843,205844,205845,205846,205847,205848,205849,205850,205851,205852,205853,205854,205855,205856,205857,205858,205859,205860,205861,205862,205863,205864,205865,205866,205867,205868,205869,205870,205871,205872,205873,205874,205875,205876,205877,205878,205879,205880,205881,205882,205883,205884,205885,205886,205887,205888,205889,205890,205891,205892,205893,205894,205895,205896,205897,205898,205899,205900,205901,205902,205903,205904,205905,205906,205907,205908,205909,205910,205911,205912,205913,205914,205915,205916,205917,205918,205919,205920,205921,205922,205923,205924,205925,205926,205927,205928,205929,205930,205931,205932,205933,205934,205935,205936,205937,205938,205939,205940,205941,205942,205943,205944,205945,205946,205947,205948,205949,205950,205951,205952,205953,205954,205955,205956,205957,205958,205959
4,401,'004-Weekday-3-26-09-1111100',249443,249444,249445,249446,249447,249448,249449,249450,249451,249452,249453,249454,249455,249456,249457,249458,249459,249460,249461,249462,249463,249464,249465,249466,249467,249468,249469,249470,249471,249472,249473,249474,249475,249476,249477,249478,249479,249480,249481,249482,249483,249484,249485,249486,249487,249488,249489,249490,249491,249492,249493,249494,249495,249496,249497,249498,249499,249500,249501,249502,249503,249504,249505,249506,249507,249508,249509,249510,249511,249512,249513,249514,249515,249516,249517,249518,249519,249520,249521,249522,249523,249524,249525,249526,249527,249528,249529,249530,249531,249532,249533,249534,249535,249536,249537,249538,249539,249540,249541,249542,249543,249544,249545,249546,249547,249548,249549,249550,249551,249552,249553,249554,249555,249556,249557,249558,249559,249560,249561,249562
4,401,'004-Weekday-4-26-09-1111100',205960,205961,205962,205963,205964,205965,205966,205967,205968,205969,205970,205971,205972,205973,205974,205975,205976,205977,205978,205979,205980,205981,205982,205983,205984,205985,205986,205987,205988,205989,205990,205991,205992,205993,205994,205995,205996,205997,205998,205999,206000,206001,206002,206003,206004,206005,206006,206007,206008,206009,206010,206011,206012,206013,206014,206015,206016,206017,206018,206019,206020,206021,206022,206023,206024,206025,206026,206027,206028,206029,206030,206031,206032,206033,206034,206035,206036,206037,206038,206039,206040,206041,206042,206043,206044,206045,206046,206047,206048,206049,206050,206051,206052,206053,206054,206055,206056,206057,206058,206059,206060,206061,206062,206063,206064,206065,206066,206067,206068,206069,206070,206071,206072,206073,206074,206075,206076,206077,206078,206079
4,401,'004-Weekday-5-26-09-1111100',249563,249564,249565,249566,249567,249568,249569,249570,249571,249572,249573,249574,249575,249576,249577,249578,249579,249580,249581,249582,249583,249584,249585,249586,249587,249588,249589,249590,249591,249592,249593,249594,249595,249596,249597,249598,249599,249600,249601,249602,249603,249604,249605,249606,249607,249608,249609,249610,249611,249612,249613,249614,249615,249616,249617,249618,249619,249620,249621,249622,249623,249624,249625,249626,249627,249628,249629,249630,249631,249632,249633,249634,249635,249636,249637,249638,249639,249640,249641,249642,249643,249644,249645,249646,249647,249648,249649,249650,249651,249652,249653,249654,249655,249656,249657,249658,249659,249660,249661,249662,249663,249664,249665,249666,249667,249668,249669,249670,249671,249672,249673,249674,249675,249676,249677,249678,249679,249680,249681,249682
4,401,'004-Weekday-6-26-09-1111100',249683,249684,249685,249686,249687,249688,249689,249690,249691,249692,249693,249694,249695,249696,249697,249698,249699,249700,249701,249702,249703,249704,249705,249706,249707,249708,249709,249710,249711,249712,249713,249714,249715,249716,249717,249718,249719,249720,249721,249722,249723,249724,249725,249726,249727,249728,249729,249730,249731,249732,249733,249734,249735,249736,249737,249738,249739,249740,249741,249742,249743,249744,249745,249746,249747,249748,249749,249750,249751,249752,249753,249754,249755,249756,249757,249758,249759,249760,249761,249762,249763,249764,249765,249766,249767,249768,249769,249770,249771,249772,249773,249774,249775,249776,249777,249778
4,401,'004-Weekday-7-26-09-1111100',249779,249780,249781,249782,249783,249784,249785,249786,249787,249788,249789,249790,249791,249792,249793,249794,249795,249796,249797,249798,249799,249800,249801,249802,249803,249804,249805,249806,249807,249808,249809,249810,249811,249812,249813,249814,249815,249816,249817,249818,249819,249820,249821,249822,249823,249824,249825,249826,249827,249828,249829,249830,249831,249832,249833,249834,249835,249836,249837,249838,249839,249840,249841,249842,249843,249844,249845,249846,249847,249848,249849,249850,249851,249852,249853,249854,249855,249856,249857,249858,249859,249860,249861,249862,249863,249864,249865,249866,249867,249868,249869,249870,249871,249872,249873,249874
4,401,'004-Saturday-1-26-09-0000010',206080,206081,206082,206083,206084,206085,206086,206087,206088,206089,206090,206091,206092,206093,206094,206095,206096,206097,206098,206099,206100,206101,206102,206103,206104,206105,206106,206107,206108,206109,206110,206111,206112,206113,206114,206115,206116,206117,206118,206119,206120,206121,206122,206123,206124,206125,206126,206127,206128,206129,206130,206131,206132,206133,206134,206135,206136,206137,206138,206139,206140,206141,206142,206143,206144,206145,206146,206147,206148,206149,206150,206151,206152,206153,206154,206155,206156,206157,206158,206159,206160,206161,206162,206163,206164,206165,206166,206167,206168,206169,206170,206171,206172,206173,206174,206175,206176,206177,206178,206179,206180,206181,206182,206183,206184,206185,206186,206187,206188,206189,206190
4,401,'004-Sunday-1-26-09-0000001',206191,206192,206193,206194,206195,206196,206197,206198,206199,206200,206201,206202,206203,206204,206205,206206,206207,206208,206209,206210,206211,206212,206213,206214,206215,206216,206217,206218,206219,206220,206221,206222,206223,206224,206225,206226,206227,206228,206229,206230,206231,206232,206233,206234,206235,206236,206237,206238,206239,206240,206241,206242,206243,206244,206245,206246,206247,206248,206249,206250,206251,206252,206253,206254,206255,206256,206257,206258,206259,206260,206261,206262,206263,206264,206265
5,500,'005-Weekday-1-26-09-1111100',206266,206267,206268,206269,206270,206271,206272,206273,206274,206275,206276,206277,206278,206279,206280,206281,206282,206283,206284,206285,206286,206287,206288,206289,206290,206291,206292,206293,206294,206295,206296,206297,206298,206299,206300,206301,206302,206303,206304,206305,206306,206307,206308,206309,206310,206311,206312,206313,206314,206315,206316,206317,206318,206319,206320,206321,206322,206323,206324,206325,206326,206327,206328,206329,206330,206331,206332,206333,206334,206335,206336,206337,206338,206339,206340,206341,206342,206343,206344,206345,206346,206347,206348,206349,206350,206351,206352,206353,206354,206355,206356,206357,206358,206359,206360,206361,206362,206363,206364,206365,206366,206367,206368,206369,206370,206371,206372,206373,206374,206375,206376,206377,206378,206379,206380,206381,206382,206383,206384,206385,206386
5,500,'005-Weekday-2-26-09-1111100',206387,206388,206389,206390,206391,206392,206393,206394,206395,206396,206397,206398,206399,206400,206401,206402,206403,206404,206405,206406,206407,206408,206409,206410,206411,206412,206413,206414,206415,206416,206417,206418,206419,206420,206421,206422,206423,206424,206425,206426,206427,206428,206429,206430,206431,206432,206433,206434,206435,206436,206437,206438,206439,206440,206441,206442,206443,206444,206445,206446,206447,206448,206449,206450,206451,206452,206453,206454,206455,206456,206457,206458,206459,206460,206461,206462,206463,206464,206465,206466,206467,206468,206469,206470,206471,206472,206473,206474,206475,206476,206477,206478,206479,206480,206481,206482,206483,206484,206485,206486,206487,206488,206489,206490,206491,206492,206493,206494,206495,206496,206497,206498,206499,206500,206501,206502,206503,206504,206505,206506,206507
5,500,'005-Weekday-3-26-09-1111100',249875,249876,249877,249878,249879,249880,249881,249882,249883,249884,249885,249886,249887,249888,249889,249890,249891,249892,249893,249894,249895,249896,249897,249898,249899,249900,249901,249902,249903,249904,249905,249906,249907,249908,249909,249910,249911,249912,249913,249914,249915,249916,249917,249918,249919,249920,249921,249922,249923,249924,249925,249926,249927,249928,249929,249930,249931,249932,249933,249934,249935,249936,249937,249938,249939,249940,249941,249942,249943,249944,249945,249946,249947,249948,249949,249950,249951,249952,249953,249954,249955,249956,249957,249958,249959,249960,249961,249962,249963,249964,249965,249966,249967,249968,249969,249970,249971,249972,249973,249974,249975,249976,249977,249978,249979,249980,249981,249982,249983,249984,249985,249986,249987,249988,249989,249990,249991,249992,249993,249994,249995
5,500,'005-Weekday-4-26-09-1111100',206508,206509,206510,206511,206512,206513,206514,206515,206516,206517,206518,206519,206520,206521,206522,206523,206524,206525,206526,206527,206528,206529,206530,206531,206532,206533,206534,206535,206536,206537,206538,206539,206540,206541,206542,206543,206544,206545,206546,206547,206548,206549,206550,206551,206552,206553,206554,206555,206556,206557,206558,206559,206560,206561,206562,206563,206564,206565,206566,206567,206568,206569,206570,206571,206572,206573,206574,206575,206576,206577,206578,206579,206580,206581,206582,206583,206584,206585,206586,206587,206588,206589,206590,206591,206592,206593,206594,206595,206596,206597,206598,206599,206600,206601,206602,206603,206604,206605,206606,206607,206608,206609,206610,206611,206612,206613,206614,206615,206616,206617,206618,206619,206620,206621,206622,206623,206624,206625,206626,206627,206628
5,500,'005-Weekday-5-26-09-1111100',249996,249997,249998,249999,250000,250001,250002,250003,250004,250005,250006,250007,250008,250009,250010,250011,250012,250013,250014,250015,250016,250017,250018,250019,250020,250021,250022,250023,250024,250025,250026,250027,250028,250029,250030,250031,250032,250033,250034,250035,250036,250037,250038,250039,250040,250041,250042,250043,250044,250045,250046,250047,250048,250049,250050,250051,250052,250053,250054,250055,250056,250057,250058,250059,250060,250061,250062,250063,250064,250065,250066,250067,250068,250069,250070,250071,250072,250073,250074,250075,250076,250077,250078,250079,250080,250081,250082,250083,250084,250085,250086,250087,250088,250089,250090,250091,250092,250093,250094,250095,250096,250097,250098,250099,250100,250101,250102,250103,250104,250105,250106,250107,250108,250109,250110,250111,250112,250113,250114,250115,250116
5,500,'005-Weekday-6-26-09-1111100',250117,250118,250119,250120,250121,250122,250123,250124,250125,250126,250127,250128,250129,250130,250131,250132,250133,250134,250135,250136,250137,250138,250139,250140,250141,250142,250143,250144,250145,250146,250147,250148,250149,250150,250151,250152,250153,250154,250155,250156,250157,250158,250159,250160,250161,250162,250163,250164,250165,250166,250167,250168,250169,250170,250171,250172,250173,250174,250175,250176,250177,250178,250179,250180,250181,250182,250183,250184,250185,250186,250187,250188,250189,250190,250191,250192,250193,250194,250195,250196,250197,250198,250199,250200,250201,250202,250203,250204,250205,250206,250207,250208,250209,250210,250211,250212,250213,250214,250215,250216,250217,250218,250219,250220,250221,250222,250223,250224,250225,250226,250227,250228,250229,250230,250231,250232,250233,250234,250235,250236,250237
5,500,'005-Weekday-7-26-09-1111100',250238,250239,250240,250241,250242,250243,250244,250245,250246,250247,250248,250249,250250,250251,250252,250253,250254,250255,250256,250257,250258,250259,250260,250261,250262,250263,250264,250265,250266,250267,250268,250269,250270,250271,250272,250273,250274,250275,250276,250277,250278,250279,250280,250281,250282,250283,250284,250285,250286,250287,250288,250289,250290,250291,250292,250293,250294,250295,250296,250297,250298,250299,250300,250301,250302,250303,250304,250305,250306,250307,250308,250309,250310,250311,250312,250313,250314,250315,250316,250317,250318,250319,250320,250321,250322,250323,250324,250325,250326,250327,250328,250329,250330,250331,250332,250333,250334,250335,250336,250337,250338,250339,250340,250341,250342,250343,250344,250345,250346,250347,250348,250349,250350,250351,250352,250353,250354,250355,250356,250357,250358
5,500,'005-Saturday-1-26-09-0000010',206629,206630,206631,206632,206633,206634,206635,206636,206637,206638,206639,206640,206641,206642,206643,206644,206645,206646,206647,206648,206649,206650,206651,206652,206653,206654,206655,206656,206657,206658,206659,206660,206661,206662,206663,206664,206665,206666,206667,206668,206669,206670,206671,206672,206673,206674,206675,206676,206677,206678,206679,206680,206681,206682,206683,206684,206685,206686,206687,206688,206689,206690,206691,206692,206693,206694,206695,206696,206697,206698,206699,206700
5,500,'005-Sunday-1-26-09-0000001',206701,206702,206703,206704,206705,206706,206707,206708,206709,206710,206711,206712,206713,206714,206715,206716,206717,206718,206719,206720,206721,206722,206723,206724,206725,206726,206727,206728,206729,206730,206731,206732,206733,206734,206735,206736,206737,206738,206739,206740,206741,206742,206743,206744,206745,206746,206747,206748,206749,206750,206751,206752,206753,206754,206755,206756,206757,206758,206759,206760,206761,206762,206763,206764
5,501,'005-Weekday-1-26-09-1111100',206765,206766,206767,206768,206769,206770,206771,206772,206773,206774,206775,206776,206777,206778,206779,206780,206781,206782,206783,206784,206785,206786,206787,206788,206789,206790,206791,206792,206793,206794,206795,206796,206797,206798,206799,206800,206801,206802,206803,206804,206805,206806,206807,206808,206809,206810,206811,206812,206813,206814,206815,206816,206817,206818,206819,206820,206821,206822,206823,206824,206825,206826,206827,206828,206829,206830,206831,206832,206833,206834,206835,206836,206837,206838,206839,206840,206841,206842,206843,206844,206845,206846,206847,206848,206849,206850,206851,206852,206853,206854,206855,206856,206857,206858,206859,206860,206861,206862,206863,206864,206865,206866,206867,206868,206869,206870,206871,206872,206873,206874,206875,206876,206877,206878,206879,206880,206881,206882,206883,206884,206885,206886
5,501,'005-Weekday-2-26-09-1111100',206887,206888,206889,206890,206891,206892,206893,206894,206895,206896,206897,206898,206899,206900,206901,206902,206903,206904,206905,206906,206907,206908,206909,206910,206911,206912,206913,206914,206915,206916,206917,206918,206919,206920,206921,206922,206923,206924,206925,206926,206927,206928,206929,206930,206931,206932,206933,206934,206935,206936,206937,206938,206939,206940,206941,206942,206943,206944,206945,206946,206947,206948,206949,206950,206951,206952,206953,206954,206955,206956,206957,206958,206959,206960,206961,206962,206963,206964,206965,206966,206967,206968,206969,206970,206971,206972,206973,206974,206975,206976,206977,206978,206979,206980,206981,206982,206983,206984,206985,206986,206987,206988,206989,206990,206991,206992,206993,206994,206995,206996,206997,206998,206999,207000,207001,207002,207003,207004,207005,207006,207007,207008
5,501,'005-Weekday-3-26-09-1111100',250359,250360,250361,250362,250363,250364,250365,250366,250367,250368,250369,250370,250371,250372,250373,250374,250375,250376,250377,250378,250379,250380,250381,250382,250383,250384,250385,250386,250387,250388,250389,250390,250391,250392,250393,250394,250395,250396,250397,250398,250399,250400,250401,250402,250403,250404,250405,250406,250407,250408,250409,250410,250411,250412,250413,250414,250415,250416,250417,250418,250419,250420,250421,250422,250423,250424,250425,250426,250427,250428,250429,250430,250431,250432,250433,250434,250435,250436,250437,250438,250439,250440,250441,250442,250443,250444,250445,250446,250447,250448,250449,250450,250451,250452,250453,250454,250455,250456,250457,250458,250459,250460,250461,250462,250463,250464,250465,250466,250467,250468,250469,250470,250471,250472,250473,250474,250475,250476,250477,250478,250479,250480
5,501,'005-Weekday-4-26-09-1111100',207009,207010,207011,207012,207013,207014,207015,207016,207017,207018,207019,207020,207021,207022,207023,207024,207025,207026,207027,207028,207029,207030,207031,207032,207033,207034,207035,207036,207037,207038,207039,207040,207041,207042,207043,207044,207045,207046,207047,207048,207049,207050,207051,207052,207053,207054,207055,207056,207057,207058,207059,207060,207061,207062,207063,207064,207065,207066,207067,207068,207069,207070,207071,207072,207073,207074,207075,207076,207077,207078,207079,207080,207081,207082,207083,207084,207085,207086,207087,207088,207089,207090,207091,207092,207093,207094,207095,207096,207097,207098,207099,207100,207101,207102,207103,207104,207105,207106,207107,207108,207109,207110,207111,207112,207113,207114,207115,207116,207117,207118,207119,207120,207121,207122,207123,207124,207125,207126,207127,207128,207129,207130
5,501,'005-Weekday-5-26-09-1111100',250481,250482,250483,250484,250485,250486,250487,250488,250489,250490,250491,250492,250493,250494,250495,250496,250497,250498,250499,250500,250501,250502,250503,250504,250505,250506,250507,250508,250509,250510,250511,250512,250513,250514,250515,250516,250517,250518,250519,250520,250521,250522,250523,250524,250525,250526,250527,250528,250529,250530,250531,250532,250533,250534,250535,250536,250537,250538,250539,250540,250541,250542,250543,250544,250545,250546,250547,250548,250549,250550,250551,250552,250553,250554,250555,250556,250557,250558,250559,250560,250561,250562,250563,250564,250565,250566,250567,250568,250569,250570,250571,250572,250573,250574,250575,250576,250577,250578,250579,250580,250581,250582,250583,250584,250585,250586,250587,250588,250589,250590,250591,250592,250593,250594,250595,250596,250597,250598,250599,250600,250601,250602
5,501,'005-Weekday-6-26-09-1111100',250603,250604,250605,250606,250607,250608,250609,250610,250611,250612,250613,250614,250615,250616,250617,250618,250619,250620,250621,250622,250623,250624,250625,250626,250627,250628,250629,250630,250631,250632,250633,250634,250635,250636,250637,250638,250639,250640,250641,250642,250643,250644,250645,250646,250647,250648,250649,250650,250651,250652,250653,250654,250655,250656,250657,250658,250659,250660,250661,250662,250663,250664,250665,250666,250667,250668,250669,250670,250671,250672,250673,250674,250675,250676,250677,250678,250679,250680,250681,250682,250683,250684,250685,250686,250687,250688,250689,250690,250691,250692,250693,250694,250695,250696,250697,250698,250699,250700,250701,250702,250703,250704,250705,250706,250707,250708,250709,250710,250711,250712,250713,250714,250715,250716,250717,250718,250719,250720,250721,250722,250723,250724
5,501,'005-Weekday-7-26-09-1111100',250725,250726,250727,250728,250729,250730,250731,250732,250733,250734,250735,250736,250737,250738,250739,250740,250741,250742,250743,250744,250745,250746,250747,250748,250749,250750,250751,250752,250753,250754,250755,250756,250757,250758,250759,250760,250761,250762,250763,250764,250765,250766,250767,250768,250769,250770,250771,250772,250773,250774,250775,250776,250777,250778,250779,250780,250781,250782,250783,250784,250785,250786,250787,250788,250789,250790,250791,250792,250793,250794,250795,250796,250797,250798,250799,250800,250801,250802,250803,250804,250805,250806,250807,250808,250809,250810,250811,250812,250813,250814,250815,250816,250817,250818,250819,250820,250821,250822,250823,250824,250825,250826,250827,250828,250829,250830,250831,250832,250833,250834,250835,250836,250837,250838,250839,250840,250841,250842,250843,250844,250845,250846
5,501,'005-Saturday-1-26-09-0000010',207131,207132,207133,207134,207135,207136,207137,207138,207139,207140,207141,207142,207143,207144,207145,207146,207147,207148,207149,207150,207151,207152,207153,207154,207155,207156,207157,207158,207159,207160,207161,207162,207163,207164,207165,207166,207167,207168,207169,207170,207171,207172,207173,207174,207175,207176,207177,207178,207179,207180,207181,207182,207183,207184,207185,207186,207187,207188,207189,207190,207191,207192,207193,207194,207195,207196,207197,207198,207199,207200,207201,207202,207203
5,501,'005-Sunday-1-26-09-0000001',207204,207205,207206,207207,207208,207209,207210,207211,207212,207213,207214,207215,207216,207217,207218,207219,207220,207221,207222,207223,207224,207225,207226,207227,207228,207229,207230,207231,207232,207233,207234,207235,207236,207237,207238,207239,207240,207241,207242,207243,207244,207245,207246,207247,207248,207249,207250,207251,207252,207253,207254,207255,207256,207257,207258,207259,207260,207261,207262,207263,207264,207265,207266,207267,207268,207269
6,600,'006-Weekday-1-26-09-1111100',207270,207271,207272,207273,207274,207275,207276,207277,207278,207279,207280,207281,207282,207283,207284,207285,207286,207287,207288,207289,207290,207291,207292,207293,207294,207295,207296,207297,207298,207299,207300,207301,207302,207303,207304,207305,207306,207307,207308,207309,207310,207311,207312,207313,207314,207315,207316,207317,207318,207319,207320,207321,207322,207323,207324,207325,207326,207327,207328,207329,207330,207331,207332,207333,207334,207335,207336,207337,207338,207339,207340,207341,207342,207343
6,600,'006-Weekday-2-26-09-1111100',207344,207345,207346,207347,207348,207349,207350,207351,207352,207353,207354,207355,207356,207357,207358,207359,207360,207361,207362,207363,207364,207365,207366,207367,207368,207369,207370,207371,207372,207373,207374,207375,207376,207377,207378,207379,207380,207381,207382,207383,207384,207385,207386,207387,207388,207389,207390,207391,207392,207393,207394,207395,207396,207397,207398,207399,207400,207401,207402,207403,207404,207405,207406,207407,207408,207409,207410,207411,207412,207413,207414,207415,207416,207417
6,600,'006-Weekday-3-26-09-1111100',250847,250848,250849,250850,250851,250852,250853,250854,250855,250856,250857,250858,250859,250860,250861,250862,250863,250864,250865,250866,250867,250868,250869,250870,250871,250872,250873,250874,250875,250876,250877,250878,250879,250880,250881,250882,250883,250884,250885,250886,250887,250888,250889,250890,250891,250892,250893,250894,250895,250896,250897,250898,250899,250900,250901,250902,250903,250904,250905,250906,250907,250908,250909,250910,250911,250912,250913,250914,250915,250916,250917,250918,250919,250920
6,600,'006-Weekday-4-26-09-1111100',207418,207419,207420,207421,207422,207423,207424,207425,207426,207427,207428,207429,207430,207431,207432,207433,207434,207435,207436,207437,207438,207439,207440,207441,207442,207443,207444,207445,207446,207447,207448,207449,207450,207451,207452,207453,207454,207455,207456,207457,207458,207459,207460,207461,207462,207463,207464,207465,207466,207467,207468,207469,207470,207471,207472,207473,207474,207475,207476,207477,207478,207479,207480,207481,207482,207483,207484,207485,207486,207487,207488,207489,207490,207491
6,600,'006-Weekday-5-26-09-1111100',250921,250922,250923,250924,250925,250926,250927,250928,250929,250930,250931,250932,250933,250934,250935,250936,250937,250938,250939,250940,250941,250942,250943,250944,250945,250946,250947,250948,250949,250950,250951,250952,250953,250954,250955,250956,250957,250958,250959,250960,250961,250962,250963,250964,250965,250966,250967,250968,250969,250970,250971,250972,250973,250974,250975,250976,250977,250978,250979,250980,250981,250982,250983,250984,250985,250986,250987,250988,250989,250990,250991,250992,250993,250994
6,600,'006-Weekday-6-26-09-1111100',250995,250996,250997,250998,250999,251000,251001,251002,251003,251004,251005,251006,251007,251008,251009,251010,251011,251012,251013,251014,251015,251016,251017,251018,251019,251020,251021,251022,251023,251024,251025,251026,251027,251028,251029,251030,251031,251032,251033,251034,251035,251036,251037,251038,251039,251040,251041,251042,251043,251044,251045,251046,251047,251048,251049,251050,251051,251052,251053,251054,251055,251056,251057,251058,251059,251060,251061,251062,251063,251064,251065,251066,251067,251068
6,600,'006-Weekday-7-26-09-1111100',251069,251070,251071,251072,251073,251074,251075,251076,251077,251078,251079,251080,251081,251082,251083,251084,251085,251086,251087,251088,251089,251090,251091,251092,251093,251094,251095,251096,251097,251098,251099,251100,251101,251102,251103,251104,251105,251106,251107,251108,251109,251110,251111,251112,251113,251114,251115,251116,251117,251118,251119,251120,251121,251122,251123,251124,251125,251126,251127,251128,251129,251130,251131,251132,251133,251134,251135,251136,251137,251138,251139,251140,251141,251142
6,600,'006-Saturday-1-26-09-0000010',207492,207493,207494,207495,207496,207497,207498,207499,207500,207501,207502,207503,207504,207505,207506,207507,207508,207509,207510,207511,207512,207513,207514,207515,207516,207517,207518,207519,207520,207521,207522,207523,207524,207525,207526,207527,207528,207529,207530,207531,207532,207533,207534,207535,207536,207537,207538,207539,207540,207541,207542,207543,207544,207545,207546,207547,207548,207549,207550,207551,207552,207553,207554,207555,207556,207557,207558,207559,207560,207561
6,600,'006-Sunday-1-26-09-0000001',207562,207563,207564,207565,207566,207567,207568,207569,207570,207571,207572,207573,207574,207575,207576,207577,207578,207579,207580,207581,207582,207583,207584,207585,207586,207587,207588,207589,207590,207591,207592,207593,207594,207595,207596,207597,207598,207599,207600,207601,207602,207603,207604,207605,207606,207607,207608,207609,207610,207611,207612,207613,207614,207615,207616,207617,207618,207619,207620,207621,207622,207623,207624,207625
6,601,'006-Weekday-1-26-09-1111100',207626,207627,207628,207629,207630,207631,207632,207633,207634,207635,207636,207637,207638,207639,207640,207641,207642,207643,207644,207645,207646,207647,207648,207649,207650,207651,207652,207653,207654,207655,207656,207657,207658,207659,207660,207661,207662,207663,207664,207665,207666,207667,207668,207669,207670,207671,207672,207673,207674,207675,207676,207677,207678,207679,207680,207681,207682,207683,207684,207685,207686,207687,207688,207689,207690,207691,207692,207693,207694,207695,207696,207697,207698,207699
6,601,'006-Weekday-2-26-09-1111100',207700,207701,207702,207703,207704,207705,207706,207707,207708,207709,207710,207711,207712,207713,207714,207715,207716,207717,207718,207719,207720,207721,207722,207723,207724,207725,207726,207727,207728,207729,207730,207731,207732,207733,207734,207735,207736,207737,207738,207739,207740,207741,207742,207743,207744,207745,207746,207747,207748,207749,207750,207751,207752,207753,207754,207755,207756,207757,207758,207759,207760,207761,207762,207763,207764,207765,207766,207767,207768,207769,207770,207771,207772,207773
6,601,'006-Weekday-3-26-09-1111100',251143,251144,251145,251146,251147,251148,251149,251150,251151,251152,251153,251154,251155,251156,251157,251158,251159,251160,251161,251162,251163,251164,251165,251166,251167,251168,251169,251170,251171,251172,251173,251174,251175,251176,251177,251178,251179,251180,251181,251182,251183,251184,251185,251186,251187,251188,251189,251190,251191,251192,251193,251194,251195,251196,251197,251198,251199,251200,251201,251202,251203,251204,251205,251206,251207,251208,251209,251210,251211,251212,251213,251214,251215,251216
6,601,'006-Weekday-4-26-09-1111100',207774,207775,207776,207777,207778,207779,207780,207781,207782,207783,207784,207785,207786,207787,207788,207789,207790,207791,207792,207793,207794,207795,207796,207797,207798,207799,207800,207801,207802,207803,207804,207805,207806,207807,207808,207809,207810,207811,207812,207813,207814,207815,207816,207817,207818,207819,207820,207821,207822,207823,207824,207825,207826,207827,207828,207829,207830,207831,207832,207833,207834,207835,207836,207837,207838,207839,207840,207841,207842,207843,207844,207845,207846,207847
6,601,'006-Weekday-5-26-09-1111100',251217,251218,251219,251220,251221,251222,251223,251224,251225,251226,251227,251228,251229,251230,251231,251232,251233,251234,251235,251236,251237,251238,251239,251240,251241,251242,251243,251244,251245,251246,251247,251248,251249,251250,251251,251252,251253,251254,251255,251256,251257,251258,251259,251260,251261,251262,251263,251264,251265,251266,251267,251268,251269,251270,251271,251272,251273,251274,251275,251276,251277,251278,251279,251280,251281,251282,251283,251284,251285,251286,251287,251288,251289,251290
6,601,'006-Weekday-6-26-09-1111100',251291,251292,251293,251294,251295,251296,251297,251298,251299,251300,251301,251302,251303,251304,251305,251306,251307,251308,251309,251310,251311,251312,251313,251314,251315,251316,251317,251318,251319,251320,251321,251322,251323,251324,251325,251326,251327,251328,251329,251330,251331,251332,251333,251334,251335,251336,251337,251338,251339,251340,251341,251342,251343,251344,251345,251346,251347,251348,251349,251350,251351,251352,251353,251354,251355,251356,251357,251358,251359,251360,251361,251362,251363,251364
6,601,'006-Weekday-7-26-09-1111100',251365,251366,251367,251368,251369,251370,251371,251372,251373,251374,251375,251376,251377,251378,251379,251380,251381,251382,251383,251384,251385,251386,251387,251388,251389,251390,251391,251392,251393,251394,251395,251396,251397,251398,251399,251400,251401,251402,251403,251404,251405,251406,251407,251408,251409,251410,251411,251412,251413,251414,251415,251416,251417,251418,251419,251420,251421,251422,251423,251424,251425,251426,251427,251428,251429,251430,251431,251432,251433,251434,251435,251436,251437,251438
6,601,'006-Saturday-1-26-09-0000010',207848,207849,207850,207851,207852,207853,207854,207855,207856,207857,207858,207859,207860,207861,207862,207863,207864,207865,207866,207867,207868,207869,207870,207871,207872,207873,207874,207875,207876,207877,207878,207879,207880,207881,207882,207883,207884,207885,207886,207887,207888,207889,207890,207891,207892,207893,207894,207895,207896,207897,207898,207899,207900,207901,207902,207903,207904,207905,207906,207907,207908,207909,207910,207911,207912,207913,207914,207915,207916,207917
6,601,'006-Sunday-1-26-09-0000001',207918,207919,207920,207921,207922,207923,207924,207925,207926,207927,207928,207929,207930,207931,207932,207933,207934,207935,207936,207937,207938,207939,207940,207941,207942,207943,207944,207945,207946,207947,207948,207949,207950,207951,207952,207953,207954,207955,207956,207957,207958,207959,207960,207961,207962,207963,207964,207965,207966,207967,207968,207969,207970,207971,207972,207973,207974,207975,207976,207977,207978,207979,207980,207981
7,700,'007-Weekday-1-26-09-1111100',207982,207983,207984,207985,207986,207987,207988,207989,207990,207991,207992,207993,207994,207995,207996,207997,207998,207999,208000,208001,208002,208003,208004,208005,208006,208007,208008,208009,208010,208011,208012,208013,208014,208015,208016,208017,208018,208019,208020,208021,208022,208023,208024,208025,208026,208027,208028,208029,208030,208031,208032,208033,208034,208035,208036,208037,208038,208039,208040,208041,208042,208043,208044,208045,208046,208047,208048,208049,208050,208051,208052,208053,208054,208055,208056,208057,208058,208059,208060,208061,208062,208063,208064,208065,208066,208067,208068,208069,208070,208071,208072,208073,208074,208075,208076,208077,208078,208079,208080,208081
7,700,'007-Weekday-2-26-09-1111100',208082,208083,208084,208085,208086,208087,208088,208089,208090,208091,208092,208093,208094,208095,208096,208097,208098,208099,208100,208101,208102,208103,208104,208105,208106,208107,208108,208109,208110,208111,208112,208113,208114,208115,208116,208117,208118,208119,208120,208121,208122,208123,208124,208125,208126,208127,208128,208129,208130,208131,208132,208133,208134,208135,208136,208137,208138,208139,208140,208141,208142,208143,208144,208145,208146,208147,208148,208149,208150,208151,208152,208153,208154,208155,208156,208157,208158,208159,208160,208161,208162,208163,208164,208165,208166,208167,208168,208169,208170,208171,208172,208173,208174,208175,208176,208177,208178,208179,208180,208181
7,700,'007-Weekday-3-26-09-1111100',251439,251440,251441,251442,251443,251444,251445,251446,251447,251448,251449,251450,251451,251452,251453,251454,251455,251456,251457,251458,251459,251460,251461,251462,251463,251464,251465,251466,251467,251468,251469,251470,251471,251472,251473,251474,251475,251476,251477,251478,251479,251480,251481,251482,251483,251484,251485,251486,251487,251488,251489,251490,251491,251492,251493,251494,251495,251496,251497,251498,251499,251500,251501,251502,251503,251504,251505,251506,251507,251508,251509,251510,251511,251512,251513,251514,251515,251516,251517,251518,251519,251520,251521,251522,251523,251524,251525,251526,251527,251528,251529,251530,251531,251532,251533,251534,251535,251536,251537,251538
7,700,'007-Weekday-4-26-09-1111100',208182,208183,208184,208185,208186,208187,208188,208189,208190,208191,208192,208193,208194,208195,208196,208197,208198,208199,208200,208201,208202,208203,208204,208205,208206,208207,208208,208209,208210,208211,208212,208213,208214,208215,208216,208217,208218,208219,208220,208221,208222,208223,208224,208225,208226,208227,208228,208229,208230,208231,208232,208233,208234,208235,208236,208237,208238,208239,208240,208241,208242,208243,208244,208245,208246,208247,208248,208249,208250,208251,208252,208253,208254,208255,208256,208257,208258,208259,208260,208261,208262,208263,208264,208265,208266,208267,208268,208269,208270,208271,208272,208273,208274,208275,208276,208277,208278,208279,208280,208281
7,700,'007-Weekday-5-26-09-1111100',251539,251540,251541,251542,251543,251544,251545,251546,251547,251548,251549,251550,251551,251552,251553,251554,251555,251556,251557,251558,251559,251560,251561,251562,251563,251564,251565,251566,251567,251568,251569,251570,251571,251572,251573,251574,251575,251576,251577,251578,251579,251580,251581,251582,251583,251584,251585,251586,251587,251588,251589,251590,251591,251592,251593,251594,251595,251596,251597,251598,251599,251600,251601,251602,251603,251604,251605,251606,251607,251608,251609,251610,251611,251612,251613,251614,251615,251616,251617,251618,251619,251620,251621,251622,251623,251624,251625,251626,251627,251628,251629,251630,251631,251632,251633,251634,251635,251636,251637,251638
7,700,'007-Weekday-6-26-09-1111100',251639,251640,251641,251642,251643,251644,251645,251646,251647,251648,251649,251650,251651,251652,251653,251654,251655,251656,251657,251658,251659,251660,251661,251662,251663,251664,251665,251666,251667,251668,251669,251670,251671,251672,251673,251674,251675,251676,251677,251678,251679,251680,251681,251682,251683,251684,251685,251686,251687,251688,251689,251690,251691,251692,251693,251694,251695,251696,251697,251698,251699,251700,251701,251702,251703,251704,251705,251706,251707,251708,251709,251710,251711,251712,251713,251714,251715,251716,251717,251718,251719,251720,251721,251722,251723,251724,251725,251726,251727,251728,251729,251730,251731,251732,251733,251734,251735,251736,251737,251738
7,700,'007-Weekday-7-26-09-1111100',251739,251740,251741,251742,251743,251744,251745,251746,251747,251748,251749,251750,251751,251752,251753,251754,251755,251756,251757,251758,251759,251760,251761,251762,251763,251764,251765,251766,251767,251768,251769,251770,251771,251772,251773,251774,251775,251776,251777,251778,251779,251780,251781,251782,251783,251784,251785,251786,251787,251788,251789,251790,251791,251792,251793,251794,251795,251796,251797,251798,251799,251800,251801,251802,251803,251804,251805,251806,251807,251808,251809,251810,251811,251812,251813,251814,251815,251816,251817,251818,251819,251820,251821,251822,251823,251824,251825,251826,251827,251828,251829,251830,251831,251832,251833,251834,251835,251836,251837,251838
7,700,'007-Saturday-1-26-09-0000010',208282,208283,208284,208285,208286,208287,208288,208289,208290,208291,208292,208293,208294,208295,208296,208297,208298,208299,208300,208301,208302,208303,208304,208305,208306,208307,208308,208309,208310,208311,208312,208313,208314,208315,208316,208317,208318,208319,208320,208321,208322,208323,208324,208325,208326,208327,208328,208329,208330,208331,208332,208333,208334,208335,208336,208337,208338,208339,208340,208341,208342,208343,208344,208345,208346,208347,208348,208349,208350,208351
7,700,'007-Sunday-1-26-09-0000001',208352,208353,208354,208355,208356,208357,208358,208359,208360,208361,208362,208363,208364,208365,208366,208367,208368,208369,208370,208371,208372,208373,208374,208375,208376,208377,208378,208379,208380,208381,208382,208383,208384,208385,208386,208387,208388,208389,208390,208391,208392,208393,208394,208395,208396,208397,208398,208399,208400,208401,208402,208403,208404,208405,208406,208407,208408,208409,208410,208411,208412,208413,208414
7,701,'007-Weekday-1-26-09-0001000',208415
7,701,'007-Weekday-1-26-09-1110100',208416
7,701,'007-Weekday-1-26-09-1111100',208417,208418,208419,208420,208421,208422,208423,208424,208425,208426,208427,208428,208429,208430,208431,208432,208433,208434,208435,208436,208437,208438,208439,208440,208441,208442,208443,208444,208445,208446,208447,208448,208449,208450,208451,208452,208453,208454,208455,208456,208457,208458,208459,208460,208461,208462,208463,208464,208465,208466,208467,208468,208469,208470,208471,208472,208473,208474,208475,208476,208477,208478,208479,208480,208481,208482,208483,208484,208485,208486,208487,208488,208489,208490,208491,208492,208493,208494,208495,208496,208497,208498,208499,208500,208501,208502,208503,208504,208505,208506,208507,208508,208509,208510,208511,208512,208513
7,701,'007-Weekday-2-26-09-1111100',208514,208515,208516,208517,208518,208519,208520,208521,208522,208523,208524,208525,208526,208527,208528,208529,208530,208531,208532,208533,208534,208535,208536,208537,208538,208539,208540,208541,208542,208543,208544,208545,208546,208547,208548,208549,208550,208551,208552,208553,208554,208555,208556,208557,208558,208559,208560,208561,208562,208563,208564,208565,208566,208567,208568,208569,208570,208571,208572,208573,208574,208575,208576,208577,208578,208579,208580,208581,208582,208583,208584,208585,208586,208587,208588,208589,208590,208591,208592,208593,208594,208595,208596,208597,208598,208599,208600,208601,208602,208603,208604,208605,208606,208607,208608,208609,208610
7,701,'007-Weekday-3-26-09-1110100',251839
7,701,'007-Weekday-3-26-09-1111100',251840,251841,251842,251843,251844,251845,251846,251847,251848,251849,251850,251851,251852,251853,251854,251855,251856,251857,251858,251859,251860,251861,251862,251863,251864,251865,251866,251867,251868,251869,251870,251871,251872,251873,251874,251875,251876,251877,251878,251879,251880,251881,251882,251883,251884,251885,251886,251887,251888,251889,251890,251891,251892,251893,251894,251895,251896,251897,251898,251899,251900,251901,251902,251903,251904,251905,251906,251907,251908,251909,251910,251911,251912,251913,251914,251915,251916,251917,251918,251919,251920,251921,251922,251923,251924,251925,251926,251927,251928,251929,251930,251931,251932,251933,251934,251935,251936
7,701,'007-Weekday-4-26-09-1111100',208611,208612,208613,208614,208615,208616,208617,208618,208619,208620,208621,208622,208623,208624,208625,208626,208627,208628,208629,208630,208631,208632,208633,208634,208635,208636,208637,208638,208639,208640,208641,208642,208643,208644,208645,208646,208647,208648,208649,208650,208651,208652,208653,208654,208655,208656,208657,208658,208659,208660,208661,208662,208663,208664,208665,208666,208667,208668,208669,208670,208671,208672,208673,208674,208675,208676,208677,208678,208679,208680,208681,208682,208683,208684,208685,208686,208687,208688,208689,208690,208691,208692,208693,208694,208695,208696,208697,208698,208699,208700,208701,208702,208703,208704,208705,208706,208707
7,701,'007-Weekday-5-26-09-1111100',251937,251938,251939,251940,251941,251942,251943,251944,251945,251946,251947,251948,251949,251950,251951,251952,251953,251954,251955,251956,251957,251958,251959,251960,251961,251962,251963,251964,251965,251966,251967,251968,251969,251970,251971,251972,251973,251974,251975,251976,251977,251978,251979,251980,251981,251982,251983,251984,251985,251986,251987,251988,251989,251990,251991,251992,251993,251994,251995,251996,251997,251998,251999,252000,252001,252002,252003,252004,252005,252006,252007,252008,252009,252010,252011,252012,252013,252014,252015,252016,252017,252018,252019,252020,252021,252022,252023,252024,252025,252026,252027,252028,252029,252030,252031,252032,252033
7,701,'007-Weekday-6-26-09-1110100',252034
7,701,'007-Weekday-6-26-09-1111100',252035,252036,252037,252038,252039,252040,252041,252042,252043,252044,252045,252046,252047,252048,252049,252050,252051,252052,252053,252054,252055,252056,252057,252058,252059,252060,252061,252062,252063,252064,252065,252066,252067,252068,252069,252070,252071,252072,252073,252074,252075,252076,252077,252078,252079,252080,252081,252082,252083,252084,252085,252086,252087,252088,252089,252090,252091,252092,252093,252094,252095,252096,252097,252098,252099,252100,252101,252102,252103,252104,252105,252106,252107,252108,252109,252110,252111,252112,252113,252114,252115,252116,252117,252118,252119,252120,252121,252122,252123,252124,252125,252126,252127,252128,252129,252130,252131
7,701,'007-Weekday-7-26-09-1111100',252132,252133,252134,252135,252136,252137,252138,252139,252140,252141,252142,252143,252144,252145,252146,252147,252148,252149,252150,252151,252152,252153,252154,252155,252156,252157,252158,252159,252160,252161,252162,252163,252164,252165,252166,252167,252168,252169,252170,252171,252172,252173,252174,252175,252176,252177,252178,252179,252180,252181,252182,252183,252184,252185,252186,252187,252188,252189,252190,252191,252192,252193,252194,252195,252196,252197,252198,252199,252200,252201,252202,252203,252204,252205,252206,252207,252208,252209,252210,252211,252212,252213,252214,252215,252216,252217,252218,252219,252220,252221,252222,252223,252224,252225,252226,252227,252228
7,701,'007-Saturday-1-26-09-0000010',208708,208709,208710,208711,208712,208713,208714,208715,208716,208717,208718,208719,208720,208721,208722,208723,208724,208725,208726,208727,208728,208729,208730,208731,208732,208733,208734,208735,208736,208737,208738,208739,208740,208741,208742,208743,208744,208745,208746,208747,208748,208749,208750,208751,208752,208753,208754,208755,208756,208757,208758,208759,208760,208761,208762,208763,208764,208765,208766,208767,208768,208769,208770,208771,208772,208773,208774,208775
7,701,'007-Sunday-1-26-09-0000001',208776,208777,208778,208779,208780,208781,208782,208783,208784,208785,208786,208787,208788,208789,208790,208791,208792,208793,208794,208795,208796,208797,208798,208799,208800,208801,208802,208803,208804,208805,208806,208807,208808,208809,208810,208811,208812,208813,208814,208815,208816,208817,208818,208819,208820,208821,208822,208823,208824,208825,208826,208827,208828,208829,208830,208831,208832,208833,208834,208835,208836,208837,208838
8,800,'008-Weekday-1-26-09-1111100',208839,208840,208841,208842,208843,208844,208845,208846,208847,208848,208849,208850,208851,208852,208853,208854,208855,208856,208857,208858,208859,208860,208861,208862,208863,208864,208865,208866,208867,208868,208869,208870,208871,208872,208873,208874,208875,208876,208877,208878,208879,208880,208881,208882,208883,208884,208885,208886,208887,208888,208889,208890,208891,208892,208893,208894,208895,208896,208897,208898,208899,208900,208901,208902,208903,208904,208905,208906,208907,208908,208909,208910,208911,208912,208913,208914,208915,208916,208917,208918,208919,208920,208921,208922
8,800,'008-Weekday-2-26-09-1111100',208923,208924,208925,208926,208927,208928,208929,208930,208931,208932,208933,208934,208935,208936,208937,208938,208939,208940,208941,208942,208943,208944,208945,208946,208947,208948,208949,208950,208951,208952,208953,208954,208955,208956,208957,208958,208959,208960,208961,208962,208963,208964,208965,208966,208967,208968,208969,208970,208971,208972,208973,208974,208975,208976,208977,208978,208979,208980,208981,208982,208983,208984,208985,208986,208987,208988,208989,208990,208991,208992,208993,208994,208995,208996,208997,208998,208999,209000,209001,209002,209003,209004,209005,209006
8,800,'008-Weekday-3-26-09-1111100',252229,252230,252231,252232,252233,252234,252235,252236,252237,252238,252239,252240,252241,252242,252243,252244,252245,252246,252247,252248,252249,252250,252251,252252,252253,252254,252255,252256,252257,252258,252259,252260,252261,252262,252263,252264,252265,252266,252267,252268,252269,252270,252271,252272,252273,252274,252275,252276,252277,252278,252279,252280,252281,252282,252283,252284,252285,252286,252287,252288,252289,252290,252291,252292,252293,252294,252295,252296,252297,252298,252299,252300,252301,252302,252303,252304,252305,252306,252307,252308,252309,252310,252311,252312
8,800,'008-Weekday-4-26-09-1111100',209007,209008,209009,209010,209011,209012,209013,209014,209015,209016,209017,209018,209019,209020,209021,209022,209023,209024,209025,209026,209027,209028,209029,209030,209031,209032,209033,209034,209035,209036,209037,209038,209039,209040,209041,209042,209043,209044,209045,209046,209047,209048,209049,209050,209051,209052,209053,209054,209055,209056,209057,209058,209059,209060,209061,209062,209063,209064,209065,209066,209067,209068,209069,209070,209071,209072,209073,209074,209075,209076,209077,209078,209079,209080,209081,209082,209083,209084,209085,209086,209087,209088,209089,209090
8,800,'008-Weekday-5-26-09-1111100',252313,252314,252315,252316,252317,252318,252319,252320,252321,252322,252323,252324,252325,252326,252327,252328,252329,252330,252331,252332,252333,252334,252335,252336,252337,252338,252339,252340,252341,252342,252343,252344,252345,252346,252347,252348,252349,252350,252351,252352,252353,252354,252355,252356,252357,252358,252359,252360,252361,252362,252363,252364,252365,252366,252367,252368,252369,252370,252371,252372,252373,252374,252375,252376,252377,252378,252379,252380,252381,252382,252383,252384,252385,252386,252387,252388,252389,252390,252391,252392,252393,252394,252395,252396
8,800,'008-Weekday-6-26-09-1111100',252397,252398,252399,252400,252401,252402,252403,252404,252405,252406,252407,252408,252409,252410,252411,252412,252413,252414,252415,252416,252417,252418,252419,252420,252421,252422,252423,252424,252425,252426,252427,252428,252429,252430,252431,252432,252433,252434,252435,252436,252437,252438,252439,252440,252441,252442,252443,252444,252445,252446,252447,252448,252449,252450,252451,252452,252453,252454,252455,252456,252457,252458,252459,252460,252461,252462,252463,252464,252465,252466,252467,252468,252469,252470,252471,252472,252473,252474,252475,252476,252477,252478,252479,252480
8,800,'008-Weekday-7-26-09-1111100',252481,252482,252483,252484,252485,252486,252487,252488,252489,252490,252491,252492,252493,252494,252495,252496,252497,252498,252499,252500,252501,252502,252503,252504,252505,252506,252507,252508,252509,252510,252511,252512,252513,252514,252515,252516,252517,252518,252519,252520,252521,252522,252523,252524,252525,252526,252527,252528,252529,252530,252531,252532,252533,252534,252535,252536,252537,252538,252539,252540,252541,252542,252543,252544,252545,252546,252547,252548,252549,252550,252551,252552,252553,252554,252555,252556,252557,252558,252559,252560,252561,252562,252563,252564
8,800,'008-Saturday-1-26-09-0000010',209091,209092,209093,209094,209095,209096,209097,209098,209099,209100,209101,209102,209103,209104,209105,209106,209107,209108,209109,209110,209111,209112,209113,209114,209115,209116,209117,209118,209119,209120,209121,209122,209123,209124,209125,209126,209127,209128,209129,209130,209131,209132,209133,209134,209135,209136,209137,209138,209139,209140,209141,209142,209143,209144,209145,209146,209147,209148,209149,209150,209151,209152,209153,209154,209155,209156,209157,209158,209159,209160,209161,209162,209163,209164,209165
8,800,'008-Sunday-1-26-09-0000001',209166,209167,209168,209169,209170,209171,209172,209173,209174,209175,209176,209177,209178,209179,209180,209181,209182,209183,209184,209185,209186,209187,209188,209189,209190,209191,209192,209193,209194,209195,209196,209197,209198,209199,209200,209201,209202,209203,209204,209205,209206,209207,209208,209209,209210,209211,209212,209213,209214,209215,209216,209217,209218,209219,209220,209221,209222,209223,209224,209225,209226,209227,209228,209229,209230,209231,209232,209233,209234,209235,209236
8,801,'008-Weekday-1-26-09-1111100',209237,209238,209239,209240,209241,209242,209243,209244,209245,209246,209247,209248,209249,209250,209251,209252,209253,209254,209255,209256,209257,209258,209259,209260,209261,209262,209263,209264,209265,209266,209267,209268,209269,209270,209271,209272,209273,209274,209275,209276,209277,209278,209279,209280,209281,209282,209283,209284,209285,209286,209287,209288,209289,209290,209291,209292,209293,209294,209295,209296,209297,209298,209299,209300,209301,209302,209303,209304,209305,209306,209307,209308,209309,209310,209311,209312,209313,209314,209315,209316,209317,209318,209319,209320
8,801,'008-Weekday-2-26-09-1111100',209321,209322,209323,209324,209325,209326,209327,209328,209329,209330,209331,209332,209333,209334,209335,209336,209337,209338,209339,209340,209341,209342,209343,209344,209345,209346,209347,209348,209349,209350,209351,209352,209353,209354,209355,209356,209357,209358,209359,209360,209361,209362,209363,209364,209365,209366,209367,209368,209369,209370,209371,209372,209373,209374,209375,209376,209377,209378,209379,209380,209381,209382,209383,209384,209385,209386,209387,209388,209389,209390,209391,209392,209393,209394,209395,209396,209397,209398,209399,209400,209401,209402,209403,209404
8,801,'008-Weekday-3-26-09-1111100',252565,252566,252567,252568,252569,252570,252571,252572,252573,252574,252575,252576,252577,252578,252579,252580,252581,252582,252583,252584,252585,252586,252587,252588,252589,252590,252591,252592,252593,252594,252595,252596,252597,252598,252599,252600,252601,252602,252603,252604,252605,252606,252607,252608,252609,252610,252611,252612,252613,252614,252615,252616,252617,252618,252619,252620,252621,252622,252623,252624,252625,252626,252627,252628,252629,252630,252631,252632,252633,252634,252635,252636,252637,252638,252639,252640,252641,252642,252643,252644,252645,252646,252647,252648
8,801,'008-Weekday-4-26-09-1111100',209405,209406,209407,209408,209409,209410,209411,209412,209413,209414,209415,209416,209417,209418,209419,209420,209421,209422,209423,209424,209425,209426,209427,209428,209429,209430,209431,209432,209433,209434,209435,209436,209437,209438,209439,209440,209441,209442,209443,209444,209445,209446,209447,209448,209449,209450,209451,209452,209453,209454,209455,209456,209457,209458,209459,209460,209461,209462,209463,209464,209465,209466,209467,209468,209469,209470,209471,209472,209473,209474,209475,209476,209477,209478,209479,209480,209481,209482,209483,209484,209485,209486,209487,209488
8,801,'008-Weekday-5-26-09-1111100',252649,252650,252651,252652,252653,252654,252655,252656,252657,252658,252659,252660,252661,252662,252663,252664,252665,252666,252667,252668,252669,252670,252671,252672,252673,252674,252675,252676,252677,252678,252679,252680,252681,252682,252683,252684,252685,252686,252687,252688,252689,252690,252691,252692,252693,252694,252695,252696,252697,252698,252699,252700,252701,252702,252703,252704,252705,252706,252707,252708,252709,252710,252711,252712,252713,252714,252715,252716,252717,252718,252719,252720,252721,252722,252723,252724,252725,252726,252727,252728,252729,252730,252731,252732
8,801,'008-Weekday-6-26-09-1111100',252733,252734,252735,252736,252737,252738,252739,252740,252741,252742,252743,252744,252745,252746,252747,252748,252749,252750,252751,252752,252753,252754,252755,252756,252757,252758,252759,252760,252761,252762,252763,252764,252765,252766,252767,252768,252769,252770,252771,252772,252773,252774,252775,252776,252777,252778,252779,252780,252781,252782,252783,252784,252785,252786,252787,252788,252789,252790,252791,252792,252793,252794,252795,252796,252797,252798,252799,252800,252801,252802,252803,252804,252805,252806,252807,252808,252809,252810,252811,252812,252813,252814,252815,252816
8,801,'008-Weekday-7-26-09-1111100',252817,252818,252819,252820,252821,252822,252823,252824,252825,252826,252827,252828,252829,252830,252831,252832,252833,252834,252835,252836,252837,252838,252839,252840,252841,252842,252843,252844,252845,252846,252847,252848,252849,252850,252851,252852,252853,252854,252855,252856,252857,252858,252859,252860,252861,252862,252863,252864,252865,252866,252867,252868,252869,252870,252871,252872,252873,252874,252875,252876,252877,252878,252879,252880,252881,252882,252883,252884,252885,252886,252887,252888,252889,252890,252891,252892,252893,252894,252895,252896,252897,252898,252899,252900
8,801,'008-Saturday-1-26-09-0000010',209489,209490,209491,209492,209493,209494,209495,209496,209497,209498,209499,209500,209501,209502,209503,209504,209505,209506,209507,209508,209509,209510,209511,209512,209513,209514,209515,209516,209517,209518,209519,209520,209521,209522,209523,209524,209525,209526,209527,209528,209529,209530,209531,209532,209533,209534,209535,209536,209537,209538,209539,209540,209541,209542,209543,209544,209545,209546,209547,209548,209549,209550,209551,209552,209553,209554,209555,209556,209557,209558,209559,209560,209561,209562
8,801,'008-Sunday-1-26-09-0000001',209563,209564,209565,209566,209567,209568,209569,209570,209571,209572,209573,209574,209575,209576,209577,209578,209579,209580,209581,209582,209583,209584,209585,209586,209587,209588,209589,209590,209591,209592,209593,209594,209595,209596,209597,209598,209599,209600,209601,209602,209603,209604,209605,209606,209607,209608,209609,209610,209611,209612,209613,209614,209615,209616,209617,209618,209619,209620,209621,209622,209623,209624,209625,209626,209627,209628,209629,209630,209631,209632,209633,209634
9,900,'009-Weekday-1-26-09-1111100',209635,209636,209637,209638,209639,209640,209641,209642,209643,209644,209645,209646,209647,209648,209649,209650,209651,209652,209653,209654,209655,209656,209657,209658,209659,209660,209661,209662,209663,209664,209665,209666,209667,209668,209669,209670,209671,209672,209673,209674,209675,209676,209677,209678,209679,209680,209681,209682,209683,209684,209685,209686,209687,209688,209689,209690,209691,209692,209693,209694,209695,209696,209697,209698,209699,209700,209701,209702,209703,209704,209705,209706,209707,209708,209709,209710,209711,209712,209713,209714,209715,209716,209717,209718,209719,209720,209721,209722,209723,209724,209725,209726,209727,209728,209729,209730,209731,209732,209733,209734,209735,209736,209737,209738,209739,209740,209741,209742,209743,209744,209745,209746,209747,209748,209749,209750,209751,209752,209753,209754,209755,209756,209757,209758
9,900,'009-Weekday-2-26-09-1111100',209759,209760,209761,209762,209763,209764,209765,209766,209767,209768,209769,209770,209771,209772,209773,209774,209775,209776,209777,209778,209779,209780,209781,209782,209783,209784,209785,209786,209787,209788,209789,209790,209791,209792,209793,209794,209795,209796,209797,209798,209799,209800,209801,209802,209803,209804,209805,209806,209807,209808,209809,209810,209811,209812,209813,209814,209815,209816,209817,209818,209819,209820,209821,209822,209823,209824,209825,209826,209827,209828,209829,209830,209831,209832,209833,209834,209835,209836,209837,209838,209839,209840,209841,209842,209843,209844,209845,209846,209847,209848,209849,209850,209851,209852,209853,209854,209855,209856,209857,209858,209859,209860,209861,209862,209863,209864,209865,209866,209867,209868,209869,209870,209871,209872,209873,209874,209875,209876,209877,209878,209879,209880,209881,209882
9,900,'009-Weekday-3-26-09-1111100',252901,252902,252903,252904,252905,252906,252907,252908,252909,252910,252911,252912,252913,252914,252915,252916,252917,252918,252919,252920,252921,252922,252923,252924,252925,252926,252927,252928,252929,252930,252931,252932,252933,252934,252935,252936,252937,252938,252939,252940,252941,252942,252943,252944,252945,252946,252947,252948,252949,252950,252951,252952,252953,252954,252955,252956,252957,252958,252959,252960,252961,252962,252963,252964,252965,252966,252967,252968,252969,252970,252971,252972,252973,252974,252975,252976,252977,252978,252979,252980,252981,252982,252983,252984,252985,252986,252987,252988,252989,252990,252991,252992,252993,252994,252995,252996,252997,252998,252999,253000,253001,253002,253003,253004,253005,253006,253007,253008,253009,253010,253011,253012,253013,253014,253015,253016,253017,253018,253019,253020,253021,253022,253023
9,900,'009-Weekday-4-26-09-1111100',209883,209884,209885,209886,209887,209888,209889,209890,209891,209892,209893,209894,209895,209896,209897,209898,209899,209900,209901,209902,209903,209904,209905,209906,209907,209908,209909,209910,209911,209912,209913,209914,209915,209916,209917,209918,209919,209920,209921,209922,209923,209924,209925,209926,209927,209928,209929,209930,209931,209932,209933,209934,209935,209936,209937,209938,209939,209940,209941,209942,209943,209944,209945,209946,209947,209948,209949,209950,209951,209952,209953,209954,209955,209956,209957,209958,209959,209960,209961,209962,209963,209964,209965,209966,209967,209968,209969,209970,209971,209972,209973,209974,209975,209976,209977,209978,209979,209980,209981,209982,209983,209984,209985,209986,209987,209988,209989,209990,209991,209992,209993,209994,209995,209996,209997,209998,209999,210000,210001,210002,210003,210004,210005
9,900,'009-Weekday-5-26-09-1111100',253024,253025,253026,253027,253028,253029,253030,253031,253032,253033,253034,253035,253036,253037,253038,253039,253040,253041,253042,253043,253044,253045,253046,253047,253048,253049,253050,253051,253052,253053,253054,253055,253056,253057,253058,253059,253060,253061,253062,253063,253064,253065,253066,253067,253068,253069,253070,253071,253072,253073,253074,253075,253076,253077,253078,253079,253080,253081,253082,253083,253084,253085,253086,253087,253088,253089,253090,253091,253092,253093,253094,253095,253096,253097,253098,253099,253100,253101,253102,253103,253104,253105,253106,253107,253108,253109,253110,253111,253112,253113,253114,253115,253116,253117,253118,253119,253120,253121,253122,253123,253124,253125,253126,253127,253128,253129,253130,253131,253132,253133,253134,253135,253136,253137,253138,253139,253140,253141,253142,253143,253144,253145,253146
9,900,'009-Weekday-6-26-09-1111100',253147,253148,253149,253150,253151,253152,253153,253154,253155,253156,253157,253158,253159,253160,253161,253162,253163,253164,253165,253166,253167,253168,253169,253170,253171,253172,253173,253174,253175,253176,253177,253178,253179,253180,253181,253182,253183,253184,253185,253186,253187,253188,253189,253190,253191,253192,253193,253194,253195,253196,253197,253198,253199,253200,253201,253202,253203,253204,253205,253206,253207,253208,253209,253210,253211,253212,253213,253214,253215,253216,253217,253218,253219,253220,253221,253222,253223,253224,253225,253226,253227,253228,253229,253230,253231,253232,253233,253234,253235,253236,253237,253238,253239,253240,253241,253242,253243,253244,253245,253246,253247,253248,253249,253250,253251,253252,253253,253254,253255,253256,253257,253258,253259,253260,253261,253262,253263,253264,253265,253266,253267,253268,253269,253270
9,900,'009-Weekday-7-26-09-1111100',253271,253272,253273,253274,253275,253276,253277,253278,253279,253280,253281,253282,253283,253284,253285,253286,253287,253288,253289,253290,253291,253292,253293,253294,253295,253296,253297,253298,253299,253300,253301,253302,253303,253304,253305,253306,253307,253308,253309,253310,253311,253312,253313,253314,253315,253316,253317,253318,253319,253320,253321,253322,253323,253324,253325,253326,253327,253328,253329,253330,253331,253332,253333,253334,253335,253336,253337,253338,253339,253340,253341,253342,253343,253344,253345,253346,253347,253348,253349,253350,253351,253352,253353,253354,253355,253356,253357,253358,253359,253360,253361,253362,253363,253364,253365,253366,253367,253368,253369,253370,253371,253372,253373,253374,253375,253376,253377,253378,253379,253380,253381,253382,253383,253384,253385,253386,253387,253388,253389,253390,253391,253392,253393
9,900,'009-Saturday-1-26-09-0000010',210006,210007,210008,210009,210010,210011,210012,210013,210014,210015,210016,210017,210018,210019,210020,210021,210022,210023,210024,210025,210026,210027,210028,210029,210030,210031,210032,210033,210034,210035,210036,210037,210038,210039,210040,210041,210042,210043,210044,210045,210046,210047,210048,210049,210050,210051,210052,210053,210054,210055,210056,210057,210058,210059,210060,210061,210062,210063,210064,210065,210066,210067,210068,210069,210070,210071,210072,210073,210074,210075,210076,210077,210078,210079,210080,210081,210082
9,900,'009-Sunday-1-26-09-0000001',210083,210084,210085,210086,210087,210088,210089,210090,210091,210092,210093,210094,210095,210096,210097,210098,210099,210100,210101,210102,210103,210104,210105,210106,210107,210108,210109,210110,210111,210112,210113,210114,210115,210116,210117,210118,210119,210120,210121,210122,210123,210124,210125,210126,210127,210128,210129,210130,210131,210132,210133,210134,210135,210136,210137,210138,210139,210140,210141,210142,210143,210144,210145,210146,210147,210148,210149,210150,210151,210152,210153,210154,210155,210156,210157,210158
9,901,'009-Weekday-1-26-09-1111100',210159,210160,210161,210162,210163,210164,210165,210166,210167,210168,210169,210170,210171,210172,210173,210174,210175,210176,210177,210178,210179,210180,210181,210182,210183,210184,210185,210186,210187,210188,210189,210190,210191,210192,210193,210194,210195,210196,210197,210198,210199,210200,210201,210202,210203,210204,210205,210206,210207,210208,210209,210210,210211,210212,210213,210214,210215,210216,210217,210218,210219,210220,210221,210222,210223,210224,210225,210226,210227,210228,210229,210230,210231,210232,210233,210234,210235,210236,210237,210238,210239,210240,210241,210242,210243,210244,210245,210246,210247,210248,210249,210250,210251,210252,210253,210254,210255,210256,210257,210258,210259,210260,210261,210262,210263,210264,210265,210266,210267,210268,210269,210270,210271,210272,210273,210274,210275,210276,210277,210278,210279,210280,210281,210282
9,901,'009-Weekday-2-26-09-1111100',210283,210284,210285,210286,210287,210288,210289,210290,210291,210292,210293,210294,210295,210296,210297,210298,210299,210300,210301,210302,210303,210304,210305,210306,210307,210308,210309,210310,210311,210312,210313,210314,210315,210316,210317,210318,210319,210320,210321,210322,210323,210324,210325,210326,210327,210328,210329,210330,210331,210332,210333,210334,210335,210336,210337,210338,210339,210340,210341,210342,210343,210344,210345,210346,210347,210348,210349,210350,210351,210352,210353,210354,210355,210356,210357,210358,210359,210360,210361,210362,210363,210364,210365,210366,210367,210368,210369,210370,210371,210372,210373,210374,210375,210376,210377,210378,210379,210380,210381,210382,210383,210384,210385,210386,210387,210388,210389,210390,210391,210392,210393,210394,210395,210396,210397,210398,210399,210400,210401,210402,210403,210404,210405,210406
9,901,'009-Weekday-3-26-09-1111100',253394,253395,253396,253397,253398,253399,253400,253401,253402,253403,253404,253405,253406,253407,253408,253409,253410,253411,253412,253413,253414,253415,253416,253417,253418,253419,253420,253421,253422,253423,253424,253425,253426,253427,253428,253429,253430,253431,253432,253433,253434,253435,253436,253437,253438,253439,253440,253441,253442,253443,253444,253445,253446,253447,253448,253449,253450,253451,253452,253453,253454,253455,253456,253457,253458,253459,253460,253461,253462,253463,253464,253465,253466,253467,253468,253469,253470,253471,253472,253473,253474,253475,253476,253477,253478,253479,253480,253481,253482,253483,253484,253485,253486,253487,253488,253489,253490,253491,253492,253493,253494,253495,253496,253497,253498,253499,253500,253501,253502,253503,253504,253505,253506,253507,253508,253509,253510,253511,253512,253513,253514,253515,253516
9,901,'009-Weekday-4-26-09-1111100',210407,210408,210409,210410,210411,210412,210413,210414,210415,210416,210417,210418,210419,210420,210421,210422,210423,210424,210425,210426,210427,210428,210429,210430,210431,210432,210433,210434,210435,210436,210437,210438,210439,210440,210441,210442,210443,210444,210445,210446,210447,210448,210449,210450,210451,210452,210453,210454,210455,210456,210457,210458,210459,210460,210461,210462,210463,210464,210465,210466,210467,210468,210469,210470,210471,210472,210473,210474,210475,210476,210477,210478,210479,210480,210481,210482,210483,210484,210485,210486,210487,210488,210489,210490,210491,210492,210493,210494,210495,210496,210497,210498,210499,210500,210501,210502,210503,210504,210505,210506,210507,210508,210509,210510,210511,210512,210513,210514,210515,210516,210517,210518,210519,210520,210521,210522,210523,210524,210525,210526,210527,210528,210529
9,901,'009-Weekday-5-26-09-1111100',253517,253518,253519,253520,253521,253522,253523,253524,253525,253526,253527,253528,253529,253530,253531,253532,253533,253534,253535,253536,253537,253538,253539,253540,253541,253542,253543,253544,253545,253546,253547,253548,253549,253550,253551,253552,253553,253554,253555,253556,253557,253558,253559,253560,253561,253562,253563,253564,253565,253566,253567,253568,253569,253570,253571,253572,253573,253574,253575,253576,253577,253578,253579,253580,253581,253582,253583,253584,253585,253586,253587,253588,253589,253590,253591,253592,253593,253594,253595,253596,253597,253598,253599,253600,253601,253602,253603,253604,253605,253606,253607,253608,253609,253610,253611,253612,253613,253614,253615,253616,253617,253618,253619,253620,253621,253622,253623,253624,253625,253626,253627,253628,253629,253630,253631,253632,253633,253634,253635,253636,253637,253638,253639
9,901,'009-Weekday-6-26-09-1111100',253640,253641,253642,253643,253644,253645,253646,253647,253648,253649,253650,253651,253652,253653,253654,253655,253656,253657,253658,253659,253660,253661,253662,253663,253664,253665,253666,253667,253668,253669,253670,253671,253672,253673,253674,253675,253676,253677,253678,253679,253680,253681,253682,253683,253684,253685,253686,253687,253688,253689,253690,253691,253692,253693,253694,253695,253696,253697,253698,253699,253700,253701,253702,253703,253704,253705,253706,253707,253708,253709,253710,253711,253712,253713,253714,253715,253716,253717,253718,253719,253720,253721,253722,253723,253724,253725,253726,253727,253728,253729,253730,253731,253732,253733,253734,253735,253736,253737,253738,253739,253740,253741,253742,253743,253744,253745,253746,253747,253748,253749,253750,253751,253752,253753,253754,253755,253756,253757,253758,253759,253760,253761,253762,253763
9,901,'009-Weekday-7-26-09-1111100',253764,253765,253766,253767,253768,253769,253770,253771,253772,253773,253774,253775,253776,253777,253778,253779,253780,253781,253782,253783,253784,253785,253786,253787,253788,253789,253790,253791,253792,253793,253794,253795,253796,253797,253798,253799,253800,253801,253802,253803,253804,253805,253806,253807,253808,253809,253810,253811,253812,253813,253814,253815,253816,253817,253818,253819,253820,253821,253822,253823,253824,253825,253826,253827,253828,253829,253830,253831,253832,253833,253834,253835,253836,253837,253838,253839,253840,253841,253842,253843,253844,253845,253846,253847,253848,253849,253850,253851,253852,253853,253854,253855,253856,253857,253858,253859,253860,253861,253862,253863,253864,253865,253866,253867,253868,253869,253870,253871,253872,253873,253874,253875,253876,253877,253878,253879,253880,253881,253882,253883,253884,253885,253886
9,901,'009-Saturday-1-26-09-0000010',210530,210531,210532,210533,210534,210535,210536,210537,210538,210539,210540,210541,210542,210543,210544,210545,210546,210547,210548,210549,210550,210551,210552,210553,210554,210555,210556,210557,210558,210559,210560,210561,210562,210563,210564,210565,210566,210567,210568,210569,210570,210571,210572,210573,210574,210575,210576,210577,210578,210579,210580,210581,210582,210583,210584,210585,210586,210587,210588,210589,210590,210591,210592,210593,210594,210595,210596,210597,210598,210599,210600,210601,210602,210603,210604,210605,210606
9,901,'009-Sunday-1-26-09-0000001',210607,210608,210609,210610,210611,210612,210613,210614,210615,210616,210617,210618,210619,210620,210621,210622,210623,210624,210625,210626,210627,210628,210629,210630,210631,210632,210633,210634,210635,210636,210637,210638,210639,210640,210641,210642,210643,210644,210645,210646,210647,210648,210649,210650,210651,210652,210653,210654,210655,210656,210657,210658,210659,210660,210661,210662,210663,210664,210665,210666,210667,210668,210669,210670,210671,210672,210673,210674,210675,210676,210677,210678,210679,210680,210681,210682
31,3100,'031-Weekday-1-26-09-1111100',210683,210684,210685,210686,210687,210688,210689,210690,210691,210692,210693,210694,210695,210696,210697,210698,210699,210700,210701,210702,210703,210704,210705,210706,210707,210708,210709,210710,210711,210712,210713,210714,210715,210716,210717,210718,210719,210720,210721,210722,210723
31,3100,'031-Weekday-2-26-09-1111100',210724,210725,210726,210727,210728,210729,210730,210731,210732,210733,210734,210735,210736,210737,210738,210739,210740,210741,210742,210743,210744,210745,210746,210747,210748,210749,210750,210751,210752,210753,210754,210755,210756,210757,210758,210759,210760,210761,210762,210763,210764
31,3100,'031-Weekday-3-26-09-1111100',253887,253888,253889,253890,253891,253892,253893,253894,253895,253896,253897,253898,253899,253900,253901,253902,253903,253904,253905,253906,253907,253908,253909,253910,253911,253912,253913,253914,253915,253916,253917,253918,253919,253920,253921,253922,253923,253924,253925,253926,253927
31,3100,'031-Weekday-4-26-09-1111100',210765,210766,210767,210768,210769,210770,210771,210772,210773,210774,210775,210776,210777,210778,210779,210780,210781,210782,210783,210784,210785,210786,210787,210788,210789,210790,210791,210792,210793,210794,210795,210796,210797,210798,210799,210800,210801,210802,210803,210804,210805
31,3100,'031-Weekday-5-26-09-1111100',253928,253929,253930,253931,253932,253933,253934,253935,253936,253937,253938,253939,253940,253941,253942,253943,253944,253945,253946,253947,253948,253949,253950,253951,253952,253953,253954,253955,253956,253957,253958,253959,253960,253961,253962,253963,253964,253965,253966,253967,253968
31,3100,'031-Weekday-6-26-09-1111100',253969,253970,253971,253972,253973,253974,253975,253976,253977,253978,253979,253980,253981,253982,253983,253984,253985,253986,253987,253988,253989,253990,253991,253992,253993,253994,253995,253996,253997,253998,253999,254000,254001,254002,254003,254004,254005,254006,254007,254008,254009
31,3100,'031-Weekday-7-26-09-1111100',254010,254011,254012,254013,254014,254015,254016,254017,254018,254019,254020,254021,254022,254023,254024,254025,254026,254027,254028,254029,254030,254031,254032,254033,254034,254035,254036,254037,254038,254039,254040,254041,254042,254043,254044,254045,254046,254047,254048,254049,254050
31,3101,'031-Weekday-1-26-09-1111100',210806,210807,210808,210809,210810,210811,210812,210813,210814,210815,210816,210817,210818,210819,210820,210821,210822,210823,210824,210825,210826,210827,210828,210829,210830,210831,210832,210833,210834,210835,210836,210837,210838,210839,210840,210841,210842,210843,210844,210845,210846,210847,210848
31,3101,'031-Weekday-2-26-09-1111100',210849,210850,210851,210852,210853,210854,210855,210856,210857,210858,210859,210860,210861,210862,210863,210864,210865,210866,210867,210868,210869,210870,210871,210872,210873,210874,210875,210876,210877,210878,210879,210880,210881,210882,210883,210884,210885,210886,210887,210888,210889,210890,210891
31,3101,'031-Weekday-3-26-09-1111100',254051,254052,254053,254054,254055,254056,254057,254058,254059,254060,254061,254062,254063,254064,254065,254066,254067,254068,254069,254070,254071,254072,254073,254074,254075,254076,254077,254078,254079,254080,254081,254082,254083,254084,254085,254086,254087,254088,254089,254090,254091,254092,254093
31,3101,'031-Weekday-4-26-09-1111100',210892,210893,210894,210895,210896,210897,210898,210899,210900,210901,210902,210903,210904,210905,210906,210907,210908,210909,210910,210911,210912,210913,210914,210915,210916,210917,210918,210919,210920,210921,210922,210923,210924,210925,210926,210927,210928,210929,210930,210931,210932,210933,210934
31,3101,'031-Weekday-5-26-09-1111100',254094,254095,254096,254097,254098,254099,254100,254101,254102,254103,254104,254105,254106,254107,254108,254109,254110,254111,254112,254113,254114,254115,254116,254117,254118,254119,254120,254121,254122,254123,254124,254125,254126,254127,254128,254129,254130,254131,254132,254133,254134,254135,254136
31,3101,'031-Weekday-6-26-09-1111100',254137,254138,254139,254140,254141,254142,254143,254144,254145,254146,254147,254148,254149,254150,254151,254152,254153,254154,254155,254156,254157,254158,254159,254160,254161,254162,254163,254164,254165,254166,254167,254168,254169,254170,254171,254172,254173,254174,254175,254176,254177,254178,254179
31,3101,'031-Weekday-7-26-09-1111100',254180,254181,254182,254183,254184,254185,254186,254187,254188,254189,254190,254191,254192,254193,254194,254195,254196,254197,254198,254199,254200,254201,254202,254203,254204,254205,254206,254207,254208,254209,254210,254211,254212,254213,254214,254215,254216,254217,254218,254219,254220,254221,254222
51,5100,'051-Weekday-1-26-09-1111100',210935,210936,210937,210938,210939,210940,210941,210942,210943,210944,210945,210946,210947,210948,210949,210950,210951,210952,210953,210954,210955,210956,210957,210958,210959,210960,210961,210962,210963,210964,210965,210966,210967,210968,210969,210970,210971,210972,210973,210974,210975,210976,210977,210978,210979,210980,210981
51,5100,'051-Weekday-2-26-09-1111100',210982,210983,210984,210985,210986,210987,210988,210989,210990,210991,210992,210993,210994,210995,210996,210997,210998,210999,211000,211001,211002,211003,211004,211005,211006,211007,211008,211009,211010,211011,211012,211013,211014,211015,211016,211017,211018,211019,211020,211021,211022,211023,211024,211025,211026,211027,211028
51,5100,'051-Weekday-3-26-09-1111100',254223,254224,254225,254226,254227,254228,254229,254230,254231,254232,254233,254234,254235,254236,254237,254238,254239,254240,254241,254242,254243,254244,254245,254246,254247,254248,254249,254250,254251,254252,254253,254254,254255,254256,254257,254258,254259,254260,254261,254262,254263,254264,254265,254266,254267
51,5100,'051-Weekday-4-26-09-1111100',211029,211030,211031,211032,211033,211034,211035,211036,211037,211038,211039,211040,211041,211042,211043,211044,211045,211046,211047,211048,211049,211050,211051,211052,211053,211054,211055,211056,211057,211058,211059,211060,211061,211062,211063,211064,211065,211066,211067,211068,211069,211070,211071,211072,211073
51,5100,'051-Weekday-5-26-09-1111100',254268,254269,254270,254271,254272,254273,254274,254275,254276,254277,254278,254279,254280,254281,254282,254283,254284,254285,254286,254287,254288,254289,254290,254291,254292,254293,254294,254295,254296,254297,254298,254299,254300,254301,254302,254303,254304,254305,254306,254307,254308,254309,254310,254311,254312
51,5100,'051-Weekday-6-26-09-1111100',254313,254314,254315,254316,254317,254318,254319,254320,254321,254322,254323,254324,254325,254326,254327,254328,254329,254330,254331,254332,254333,254334,254335,254336,254337,254338,254339,254340,254341,254342,254343,254344,254345,254346,254347,254348,254349,254350,254351,254352,254353,254354,254355,254356,254357,254358
51,5100,'051-Weekday-7-26-09-1111100',254359,254360,254361,254362,254363,254364,254365,254366,254367,254368,254369,254370,254371,254372,254373,254374,254375,254376,254377,254378,254379,254380,254381,254382,254383,254384,254385,254386,254387,254388,254389,254390,254391,254392,254393,254394,254395,254396,254397,254398,254399,254400,254401,254402
51,5100,'051-Saturday-1-26-09-0000010',211074,211075,211076,211077,211078,211079,211080,211081,211082,211083,211084,211085,211086,211087,211088,211089,211090,211091,211092,211093,211094,211095,211096,211097,211098,211099,211100
51,5100,'051-Sunday-1-26-09-0000001',211101,211102,211103,211104,211105,211106,211107,211108,211109,211110,211111,211112,211113,211114,211115,211116,211117,211118,211119,211120,211121,211122,211123,211124,211125,211126
51,5101,'051-Weekday-1-26-09-1111100',211127,211128,211129,211130,211131,211132,211133,211134,211135,211136,211137,211138,211139,211140,211141,211142,211143,211144,211145,211146,211147,211148,211149,211150,211151,211152,211153,211154,211155,211156,211157,211158,211159,211160,211161,211162,211163,211164,211165,211166,211167,211168,211169,211170,211171,211172,211173,211174,211175,211176,211177,211178
51,5101,'051-Weekday-2-26-09-1111100',211179,211180,211181,211182,211183,211184,211185,211186,211187,211188,211189,211190,211191,211192,211193,211194,211195,211196,211197,211198,211199,211200,211201,211202,211203,211204,211205,211206,211207,211208,211209,211210,211211,211212,211213,211214,211215,211216,211217,211218,211219,211220,211221,211222,211223,211224,211225,211226,211227,211228,211229,211230
51,5101,'051-Weekday-3-26-09-1111100',254403,254404,254405,254406,254407,254408,254409,254410,254411,254412,254413,254414,254415,254416,254417,254418,254419,254420,254421,254422,254423,254424,254425,254426,254427,254428,254429,254430,254431,254432,254433,254434,254435,254436,254437,254438,254439,254440,254441,254442,254443,254444,254445,254446,254447,254448,254449,254450,254451,254452,254453,254454
51,5101,'051-Weekday-4-26-09-1111100',211231,211232,211233,211234,211235,211236,211237,211238,211239,211240,211241,211242,211243,211244,211245,211246,211247,211248,211249,211250,211251,211252,211253,211254,211255,211256,211257,211258,211259,211260,211261,211262,211263,211264,211265,211266,211267,211268,211269,211270,211271,211272,211273,211274,211275,211276,211277,211278,211279,211280
51,5101,'051-Weekday-5-26-09-1111100',254455,254456,254457,254458,254459,254460,254461,254462,254463,254464,254465,254466,254467,254468,254469,254470,254471,254472,254473,254474,254475,254476,254477,254478,254479,254480,254481,254482,254483,254484,254485,254486,254487,254488,254489,254490,254491,254492,254493,254494,254495,254496,254497,254498,254499,254500,254501,254502,254503,254504
51,5101,'051-Weekday-6-26-09-1111100',254505,254506,254507,254508,254509,254510,254511,254512,254513,254514,254515,254516,254517,254518,254519,254520,254521,254522,254523,254524,254525,254526,254527,254528,254529,254530,254531,254532,254533,254534,254535,254536,254537,254538,254539,254540,254541,254542,254543,254544,254545,254546,254547,254548,254549,254550,254551,254552,254553,254554,254555
51,5101,'051-Weekday-7-26-09-1111100',254556,254557,254558,254559,254560,254561,254562,254563,254564,254565,254566,254567,254568,254569,254570,254571,254572,254573,254574,254575,254576,254577,254578,254579,254580,254581,254582,254583,254584,254585,254586,254587,254588,254589,254590,254591,254592,254593,254594,254595,254596,254597,254598,254599,254600,254601,254602,254603,254604
51,5101,'051-Saturday-1-26-09-0000010',211281,211282,211283,211284,211285,211286,211287,211288,211289,211290,211291,211292,211293,211294,211295,211296,211297,211298,211299,211300,211301,211302,211303,211304,211305,211306,211307,211308
51,5101,'051-Sunday-1-26-09-0000001',211309,211310,211311,211312,211313,211314,211315,211316,211317,211318,211319,211320,211321,211322,211323,211324,211325,211326,211327,211328,211329,211330,211331,211332,211333,211334
52,5200,'052-Weekday-1-26-09-1111100',211335,211336,211337,211338,211339,211340,211341,211342,211343,211344,211345,211346,211347,211348,211349,211350,211351,211352,211353,211354,211355,211356,211357,211358,211359,211360,211361,211362,211363,211364,211365,211366,211367,211368,211369,211370,211371,211372,211373,211374,211375,211376,211377,211378,211379,211380,211381
52,5200,'052-Weekday-2-26-09-1111100',211382,211383,211384,211385,211386,211387,211388,211389,211390,211391,211392,211393,211394,211395,211396,211397,211398,211399,211400,211401,211402,211403,211404,211405,211406,211407,211408,211409,211410,211411,211412,211413,211414,211415,211416,211417,211418,211419,211420,211421,211422,211423,211424,211425,211426,211427,211428
52,5200,'052-Weekday-3-26-09-1111100',254605,254606,254607,254608,254609,254610,254611,254612,254613,254614,254615,254616,254617,254618,254619,254620,254621,254622,254623,254624,254625,254626,254627,254628,254629,254630,254631,254632,254633,254634,254635,254636,254637,254638,254639,254640,254641,254642,254643,254644,254645,254646,254647,254648,254649,254650
52,5200,'052-Weekday-4-26-09-1111100',211429,211430,211431,211432,211433,211434,211435,211436,211437,211438,211439,211440,211441,211442,211443,211444,211445,211446,211447,211448,211449,211450,211451,211452,211453,211454,211455,211456,211457,211458,211459,211460,211461,211462,211463,211464,211465,211466,211467,211468,211469,211470,211471,211472,211473,211474
52,5200,'052-Weekday-5-26-09-1111100',254651,254652,254653,254654,254655,254656,254657,254658,254659,254660,254661,254662,254663,254664,254665,254666,254667,254668,254669,254670,254671,254672,254673,254674,254675,254676,254677,254678,254679,254680,254681,254682,254683,254684,254685,254686,254687,254688,254689,254690,254691,254692,254693,254694,254695,254696
52,5200,'052-Weekday-6-26-09-1111100',254697,254698,254699,254700,254701,254702,254703,254704,254705,254706,254707,254708,254709,254710,254711,254712,254713,254714,254715,254716,254717,254718,254719,254720,254721,254722,254723,254724,254725,254726,254727,254728,254729,254730,254731,254732,254733,254734,254735,254736,254737,254738,254739,254740,254741,254742,254743
52,5200,'052-Weekday-7-26-09-1111100',254744,254745,254746,254747,254748,254749,254750,254751,254752,254753,254754,254755,254756,254757,254758,254759,254760,254761,254762,254763,254764,254765,254766,254767,254768,254769,254770,254771,254772,254773,254774,254775,254776,254777,254778,254779,254780,254781,254782,254783,254784,254785,254786,254787,254788,254789
52,5200,'052-Saturday-1-26-09-0000010',211475,211476,211477,211478,211479,211480,211481,211482,211483,211484,211485,211486,211487,211488,211489,211490,211491,211492,211493,211494,211495,211496,211497,211498,211499,211500,211501,211502,211503,211504
52,5200,'052-Sunday-1-26-09-0000001',211505,211506,211507,211508,211509,211510,211511,211512,211513,211514,211515,211516,211517,211518,211519,211520,211521,211522,211523,211524,211525,211526,211527,211528,211529
52,5201,'052-Weekday-1-26-09-1111100',211530,211531,211532,211533,211534,211535,211536,211537,211538,211539,211540,211541,211542,211543,211544,211545,211546,211547,211548,211549,211550,211551,211552,211553,211554,211555,211556,211557,211558,211559,211560,211561,211562,211563,211564,211565,211566,211567,211568,211569,211570,211571,211572,211573,211574,211575,211576
52,5201,'052-Weekday-2-26-09-1111100',211577,211578,211579,211580,211581,211582,211583,211584,211585,211586,211587,211588,211589,211590,211591,211592,211593,211594,211595,211596,211597,211598,211599,211600,211601,211602,211603,211604,211605,211606,211607,211608,211609,211610,211611,211612,211613,211614,211615,211616,211617,211618,211619,211620,211621,211622,211623
52,5201,'052-Weekday-3-26-09-1111100',254790,254791,254792,254793,254794,254795,254796,254797,254798,254799,254800,254801,254802,254803,254804,254805,254806,254807,254808,254809,254810,254811,254812,254813,254814,254815,254816,254817,254818,254819,254820,254821,254822,254823,254824,254825,254826,254827,254828,254829,254830,254831,254832,254833,254834
52,5201,'052-Weekday-4-26-09-1111100',211624,211625,211626,211627,211628,211629,211630,211631,211632,211633,211634,211635,211636,211637,211638,211639,211640,211641,211642,211643,211644,211645,211646,211647,211648,211649,211650,211651,211652,211653,211654,211655,211656,211657,211658,211659,211660,211661,211662,211663,211664,211665,211666,211667,211668
52,5201,'052-Weekday-5-26-09-1111100',254835,254836,254837,254838,254839,254840,254841,254842,254843,254844,254845,254846,254847,254848,254849,254850,254851,254852,254853,254854,254855,254856,254857,254858,254859,254860,254861,254862,254863,254864,254865,254866,254867,254868,254869,254870,254871,254872,254873,254874,254875,254876,254877,254878,254879
52,5201,'052-Weekday-6-26-09-1111100',254880,254881,254882,254883,254884,254885,254886,254887,254888,254889,254890,254891,254892,254893,254894,254895,254896,254897,254898,254899,254900,254901,254902,254903,254904,254905,254906,254907,254908,254909,254910,254911,254912,254913,254914,254915,254916,254917,254918,254919,254920,254921,254922,254923,254924,254925,254926
52,5201,'052-Weekday-7-26-09-1111100',254927,254928,254929,254930,254931,254932,254933,254934,254935,254936,254937,254938,254939,254940,254941,254942,254943,254944,254945,254946,254947,254948,254949,254950,254951,254952,254953,254954,254955,254956,254957,254958,254959,254960,254961,254962,254963,254964,254965,254966,254967,254968,254969,254970,254971
52,5201,'052-Saturday-1-26-09-0000010',211669,211670,211671,211672,211673,211674,211675,211676,211677,211678,211679,211680,211681,211682,211683,211684,211685,211686,211687,211688,211689,211690,211691,211692,211693,211694,211695,211696,211697
52,5201,'052-Sunday-1-26-09-0000001',211698,211699,211700,211701,211702,211703,211704,211705,211706,211707,211708,211709,211710,211711,211712,211713,211714,211715,211716,211717,211718,211719,211720,211721,211722
53,5300,'053-Weekday-1-26-09-1111100',211723,211724,211725,211726,211727,211728,211729,211730,211731,211732,211733,211734,211735,211736,211737,211738,211739,211740,211741,211742,211743,211744,211745,211746,211747,211748,211749,211750,211751,211752,211753,211754,211755,211756,211757,211758,211759,211760,211761,211762,211763,211764,211765,211766,211767,211768,211769,211770,211771,211772,211773,211774,211775
53,5300,'053-Weekday-2-26-09-1111100',211776,211777,211778,211779,211780,211781,211782,211783,211784,211785,211786,211787,211788,211789,211790,211791,211792,211793,211794,211795,211796,211797,211798,211799,211800,211801,211802,211803,211804,211805,211806,211807,211808,211809,211810,211811,211812,211813,211814,211815,211816,211817,211818,211819,211820,211821,211822,211823,211824,211825,211826,211827,211828
53,5300,'053-Weekday-3-26-09-1111100',254972,254973,254974,254975,254976,254977,254978,254979,254980,254981,254982,254983,254984,254985,254986,254987,254988,254989,254990,254991,254992,254993,254994,254995,254996,254997,254998,254999,255000,255001,255002,255003,255004,255005,255006,255007,255008,255009,255010,255011,255012,255013,255014,255015,255016,255017,255018,255019,255020,255021,255022,255023,255024
53,5300,'053-Weekday-4-26-09-1111100',211829,211830,211831,211832,211833,211834,211835,211836,211837,211838,211839,211840,211841,211842,211843,211844,211845,211846,211847,211848,211849,211850,211851,211852,211853,211854,211855,211856,211857,211858,211859,211860,211861,211862,211863,211864,211865,211866,211867,211868,211869,211870,211871,211872,211873,211874,211875,211876,211877,211878,211879,211880,211881
53,5300,'053-Weekday-5-26-09-1111100',255025,255026,255027,255028,255029,255030,255031,255032,255033,255034,255035,255036,255037,255038,255039,255040,255041,255042,255043,255044,255045,255046,255047,255048,255049,255050,255051,255052,255053,255054,255055,255056,255057,255058,255059,255060,255061,255062,255063,255064,255065,255066,255067,255068,255069,255070,255071,255072,255073,255074,255075,255076,255077
53,5300,'053-Weekday-6-26-09-1111100',255078,255079,255080,255081,255082,255083,255084,255085,255086,255087,255088,255089,255090,255091,255092,255093,255094,255095,255096,255097,255098,255099,255100,255101,255102,255103,255104,255105,255106,255107,255108,255109,255110,255111,255112,255113,255114,255115,255116,255117,255118,255119,255120,255121,255122,255123,255124,255125,255126,255127,255128,255129,255130
53,5300,'053-Weekday-7-26-09-1111100',255131,255132,255133,255134,255135,255136,255137,255138,255139,255140,255141,255142,255143,255144,255145,255146,255147,255148,255149,255150,255151,255152,255153,255154,255155,255156,255157,255158,255159,255160,255161,255162,255163,255164,255165,255166,255167,255168,255169,255170,255171,255172,255173,255174,255175,255176,255177,255178,255179,255180,255181,255182,255183
53,5300,'053-Saturday-1-26-09-0000010',211882,211883,211884,211885,211886,211887,211888,211889,211890,211891,211892,211893,211894,211895,211896,211897,211898,211899,211900,211901,211902,211903,211904,211905,211906,211907,211908,211909,211910,211911,211912
53,5300,'053-Sunday-1-26-09-0000001',211913,211914,211915,211916,211917,211918,211919,211920,211921,211922,211923,211924,211925,211926,211927,211928,211929,211930,211931,211932,211933,211934,211935,211936,211937,211938
53,5301,'053-Weekday-1-26-09-1111100',211939,211940,211941,211942,211943,211944,211945,211946,211947,211948,211949,211950,211951,211952,211953,211954,211955,211956,211957,211958,211959,211960,211961,211962,211963,211964,211965,211966,211967,211968,211969,211970,211971,211972,211973,211974,211975,211976,211977,211978,211979,211980,211981,211982,211983,211984,211985,211986,211987,211988,211989,211990
53,5301,'053-Weekday-2-26-09-1111100',211991,211992,211993,211994,211995,211996,211997,211998,211999,212000,212001,212002,212003,212004,212005,212006,212007,212008,212009,212010,212011,212012,212013,212014,212015,212016,212017,212018,212019,212020,212021,212022,212023,212024,212025,212026,212027,212028,212029,212030,212031,212032,212033,212034,212035,212036,212037,212038,212039,212040,212041,212042
53,5301,'053-Weekday-3-26-09-1111100',255184,255185,255186,255187,255188,255189,255190,255191,255192,255193,255194,255195,255196,255197,255198,255199,255200,255201,255202,255203,255204,255205,255206,255207,255208,255209,255210,255211,255212,255213,255214,255215,255216,255217,255218,255219,255220,255221,255222,255223,255224,255225,255226,255227,255228,255229,255230,255231,255232,255233,255234,255235
53,5301,'053-Weekday-4-26-09-1111100',212043,212044,212045,212046,212047,212048,212049,212050,212051,212052,212053,212054,212055,212056,212057,212058,212059,212060,212061,212062,212063,212064,212065,212066,212067,212068,212069,212070,212071,212072,212073,212074,212075,212076,212077,212078,212079,212080,212081,212082,212083,212084,212085,212086,212087,212088,212089,212090,212091,212092,212093,212094
53,5301,'053-Weekday-5-26-09-1111100',255236,255237,255238,255239,255240,255241,255242,255243,255244,255245,255246,255247,255248,255249,255250,255251,255252,255253,255254,255255,255256,255257,255258,255259,255260,255261,255262,255263,255264,255265,255266,255267,255268,255269,255270,255271,255272,255273,255274,255275,255276,255277,255278,255279,255280,255281,255282,255283,255284,255285,255286,255287
53,5301,'053-Weekday-6-26-09-1111100',255288,255289,255290,255291,255292,255293,255294,255295,255296,255297,255298,255299,255300,255301,255302,255303,255304,255305,255306,255307,255308,255309,255310,255311,255312,255313,255314,255315,255316,255317,255318,255319,255320,255321,255322,255323,255324,255325,255326,255327,255328,255329,255330,255331,255332,255333,255334,255335,255336,255337,255338,255339
53,5301,'053-Weekday-7-26-09-1111100',255340,255341,255342,255343,255344,255345,255346,255347,255348,255349,255350,255351,255352,255353,255354,255355,255356,255357,255358,255359,255360,255361,255362,255363,255364,255365,255366,255367,255368,255369,255370,255371,255372,255373,255374,255375,255376,255377,255378,255379,255380,255381,255382,255383,255384,255385,255386,255387,255388,255389,255390,255391
53,5301,'053-Saturday-1-26-09-0000010',212095,212096,212097,212098,212099,212100,212101,212102,212103,212104,212105,212106,212107,212108,212109,212110,212111,212112,212113,212114,212115,212116,212117,212118,212119,212120,212121,212122,212123,212124,212125
53,5301,'053-Sunday-1-26-09-0000001',212126,212127,212128,212129,212130,212131,212132,212133,212134,212135,212136,212137,212138,212139,212140,212141,212142,212143,212144,212145,212146,212147,212148,212149,212150,212151,212152
54,5400,'054-Weekday-1-26-09-1111100',212153,212154,212155,212156,212157,212158,212159,212160,212161,212162,212163,212164,212165,212166,212167,212168,212169,212170,212171,212172,212173,212174,212175,212176,212177,212178,212179,212180,212181,212182,212183,212184,212185,212186,212187,212188,212189,212190,212191,212192,212193,212194,212195,212196,212197,212198,212199,212200,212201,212202,212203,212204,212205,212206,212207
54,5400,'054-Weekday-2-26-09-1111100',212208,212209,212210,212211,212212,212213,212214,212215,212216,212217,212218,212219,212220,212221,212222,212223,212224,212225,212226,212227,212228,212229,212230,212231,212232,212233,212234,212235,212236,212237,212238,212239,212240,212241,212242,212243,212244,212245,212246,212247,212248,212249,212250,212251,212252,212253,212254,212255,212256,212257,212258,212259,212260,212261,212262
54,5400,'054-Weekday-3-26-09-1111100',255392,255393,255394,255395,255396,255397,255398,255399,255400,255401,255402,255403,255404,255405,255406,255407,255408,255409,255410,255411,255412,255413,255414,255415,255416,255417,255418,255419,255420,255421,255422,255423,255424,255425,255426,255427,255428,255429,255430,255431,255432,255433,255434,255435,255436,255437,255438,255439,255440,255441,255442,255443,255444,255445,255446
54,5400,'054-Weekday-4-26-09-1111100',212263,212264,212265,212266,212267,212268,212269,212270,212271,212272,212273,212274,212275,212276,212277,212278,212279,212280,212281,212282,212283,212284,212285,212286,212287,212288,212289,212290,212291,212292,212293,212294,212295,212296,212297,212298,212299,212300,212301,212302,212303,212304,212305,212306,212307,212308,212309,212310,212311,212312,212313,212314,212315,212316,212317
54,5400,'054-Weekday-5-26-09-1111100',255447,255448,255449,255450,255451,255452,255453,255454,255455,255456,255457,255458,255459,255460,255461,255462,255463,255464,255465,255466,255467,255468,255469,255470,255471,255472,255473,255474,255475,255476,255477,255478,255479,255480,255481,255482,255483,255484,255485,255486,255487,255488,255489,255490,255491,255492,255493,255494,255495,255496,255497,255498,255499,255500,255501
54,5400,'054-Weekday-6-26-09-1111100',255502,255503,255504,255505,255506,255507,255508,255509,255510,255511,255512,255513,255514,255515,255516,255517,255518,255519,255520,255521,255522,255523,255524,255525,255526,255527,255528,255529,255530,255531,255532,255533,255534,255535,255536,255537,255538,255539,255540,255541,255542,255543,255544,255545,255546,255547,255548,255549,255550,255551,255552,255553,255554,255555,255556
54,5400,'054-Weekday-7-26-09-1111100',255557,255558,255559,255560,255561,255562,255563,255564,255565,255566,255567,255568,255569,255570,255571,255572,255573,255574,255575,255576,255577,255578,255579,255580,255581,255582,255583,255584,255585,255586,255587,255588,255589,255590,255591,255592,255593,255594,255595,255596,255597,255598,255599,255600,255601,255602,255603,255604,255605,255606,255607,255608,255609,255610,255611
54,5400,'054-Saturday-1-26-09-0000010',212318,212319,212320,212321,212322,212323,212324,212325,212326,212327,212328,212329,212330,212331,212332,212333,212334,212335,212336,212337,212338,212339,212340,212341,212342,212343,212344,212345,212346,212347,212348,212349,212350,212351,212352,212353,212354,212355,212356,212357,212358,212359,212360,212361,212362,212363,212364,212365
54,5400,'054-Sunday-1-26-09-0000001',212366,212367,212368,212369,212370,212371,212372,212373,212374,212375,212376,212377,212378,212379,212380,212381,212382,212383,212384,212385,212386,212387,212388,212389,212390,212391,212392,212393,212394,212395,212396,212397,212398,212399,212400,212401,212402,212403,212404,212405,212406,212407,212408,212409
54,5401,'054-Weekday-1-26-09-1111100',212410,212411,212412,212413,212414,212415,212416,212417,212418,212419,212420,212421,212422,212423,212424,212425,212426,212427,212428,212429,212430,212431,212432,212433,212434,212435,212436,212437,212438,212439,212440,212441,212442,212443,212444,212445,212446,212447,212448,212449,212450,212451,212452,212453,212454,212455,212456,212457,212458,212459,212460,212461,212462
54,5401,'054-Weekday-2-26-09-1111100',212463,212464,212465,212466,212467,212468,212469,212470,212471,212472,212473,212474,212475,212476,212477,212478,212479,212480,212481,212482,212483,212484,212485,212486,212487,212488,212489,212490,212491,212492,212493,212494,212495,212496,212497,212498,212499,212500,212501,212502,212503,212504,212505,212506,212507,212508,212509,212510,212511,212512,212513,212514,212515
54,5401,'054-Weekday-3-26-09-1111100',255612,255613,255614,255615,255616,255617,255618,255619,255620,255621,255622,255623,255624,255625,255626,255627,255628,255629,255630,255631,255632,255633,255634,255635,255636,255637,255638,255639,255640,255641,255642,255643,255644,255645,255646,255647,255648,255649,255650,255651,255652,255653,255654,255655,255656,255657,255658,255659,255660,255661,255662,255663,255664
54,5401,'054-Weekday-4-26-09-1111100',212516,212517,212518,212519,212520,212521,212522,212523,212524,212525,212526,212527,212528,212529,212530,212531,212532,212533,212534,212535,212536,212537,212538,212539,212540,212541,212542,212543,212544,212545,212546,212547,212548,212549,212550,212551,212552,212553,212554,212555,212556,212557,212558,212559,212560,212561,212562,212563,212564,212565,212566,212567,212568
54,5401,'054-Weekday-5-26-09-1111100',255665,255666,255667,255668,255669,255670,255671,255672,255673,255674,255675,255676,255677,255678,255679,255680,255681,255682,255683,255684,255685,255686,255687,255688,255689,255690,255691,255692,255693,255694,255695,255696,255697,255698,255699,255700,255701,255702,255703,255704,255705,255706,255707,255708,255709,255710,255711,255712,255713,255714,255715,255716,255717
54,5401,'054-Weekday-6-26-09-1111100',255718,255719,255720,255721,255722,255723,255724,255725,255726,255727,255728,255729,255730,255731,255732,255733,255734,255735,255736,255737,255738,255739,255740,255741,255742,255743,255744,255745,255746,255747,255748,255749,255750,255751,255752,255753,255754,255755,255756,255757,255758,255759,255760,255761,255762,255763,255764,255765,255766,255767,255768,255769,255770
54,5401,'054-Weekday-7-26-09-1111100',255771,255772,255773,255774,255775,255776,255777,255778,255779,255780,255781,255782,255783,255784,255785,255786,255787,255788,255789,255790,255791,255792,255793,255794,255795,255796,255797,255798,255799,255800,255801,255802,255803,255804,255805,255806,255807,255808,255809,255810,255811,255812,255813,255814,255815,255816,255817,255818,255819,255820,255821,255822,255823
54,5401,'054-Saturday-1-26-09-0000010',212569,212570,212571,212572,212573,212574,212575,212576,212577,212578,212579,212580,212581,212582,212583,212584,212585,212586,212587,212588,212589,212590,212591,212592,212593,212594,212595,212596,212597,212598,212599,212600,212601,212602,212603,212604,212605,212606,212607,212608,212609,212610,212611,212612,212613,212614,212615,212616
54,5401,'054-Sunday-1-26-09-0000001',212617,212618,212619,212620,212621,212622,212623,212624,212625,212626,212627,212628,212629,212630,212631,212632,212633,212634,212635,212636,212637,212638,212639,212640,212641,212642,212643,212644,212645,212646,212647,212648,212649,212650,212651,212652,212653,212654,212655,212656,212657,212658,212659,212660
55,5500,'055-Weekday-1-26-09-1111100',212661,212662,212663,212664,212665,212666,212667,212668,212669,212670,212671,212672,212673,212674,212675,212676,212677,212678,212679,212680,212681,212682,212683,212684,212685,212686,212687,212688,212689,212690,212691,212692,212693,212694,212695,212696,212697,212698,212699,212700,212701,212702,212703,212704,212705,212706,212707,212708,212709,212710,212711,212712,212713
55,5500,'055-Weekday-2-26-09-1111100',212714,212715,212716,212717,212718,212719,212720,212721,212722,212723,212724,212725,212726,212727,212728,212729,212730,212731,212732,212733,212734,212735,212736,212737,212738,212739,212740,212741,212742,212743,212744,212745,212746,212747,212748,212749,212750,212751,212752,212753,212754,212755,212756,212757,212758,212759,212760,212761,212762,212763,212764,212765,212766
55,5500,'055-Weekday-3-26-09-1111100',255824,255825,255826,255827,255828,255829,255830,255831,255832,255833,255834,255835,255836,255837,255838,255839,255840,255841,255842,255843,255844,255845,255846,255847,255848,255849,255850,255851,255852,255853,255854,255855,255856,255857,255858,255859,255860,255861,255862,255863,255864,255865,255866,255867,255868,255869,255870,255871,255872,255873,255874,255875,255876
55,5500,'055-Weekday-4-26-09-1111100',212767,212768,212769,212770,212771,212772,212773,212774,212775,212776,212777,212778,212779,212780,212781,212782,212783,212784,212785,212786,212787,212788,212789,212790,212791,212792,212793,212794,212795,212796,212797,212798,212799,212800,212801,212802,212803,212804,212805,212806,212807,212808,212809,212810,212811,212812,212813,212814,212815,212816,212817,212818,212819
55,5500,'055-Weekday-5-26-09-1111100',255877,255878,255879,255880,255881,255882,255883,255884,255885,255886,255887,255888,255889,255890,255891,255892,255893,255894,255895,255896,255897,255898,255899,255900,255901,255902,255903,255904,255905,255906,255907,255908,255909,255910,255911,255912,255913,255914,255915,255916,255917,255918,255919,255920,255921,255922,255923,255924,255925,255926,255927,255928,255929
55,5500,'055-Weekday-6-26-09-1111100',255930,255931,255932,255933,255934,255935,255936,255937,255938,255939,255940,255941,255942,255943,255944,255945,255946,255947,255948,255949,255950,255951,255952,255953,255954,255955,255956,255957,255958,255959,255960,255961,255962,255963,255964,255965,255966,255967,255968,255969,255970,255971,255972,255973,255974,255975,255976,255977,255978,255979,255980,255981,255982
55,5500,'055-Weekday-7-26-09-1111100',255983,255984,255985,255986,255987,255988,255989,255990,255991,255992,255993,255994,255995,255996,255997,255998,255999,256000,256001,256002,256003,256004,256005,256006,256007,256008,256009,256010,256011,256012,256013,256014,256015,256016,256017,256018,256019,256020,256021,256022,256023,256024,256025,256026,256027,256028,256029,256030,256031,256032,256033,256034,256035
55,5500,'055-Saturday-1-26-09-0000010',212820,212821,212822,212823,212824,212825,212826,212827,212828,212829,212830,212831,212832,212833,212834,212835,212836,212837,212838,212839,212840,212841,212842,212843,212844,212845,212846,212847,212848,212849,212850,212851,212852,212853,212854,212855,212856,212857,212858,212859,212860,212861
55,5500,'055-Sunday-1-26-09-0000001',212862,212863,212864,212865,212866,212867,212868,212869,212870,212871,212872,212873,212874,212875,212876,212877,212878,212879,212880,212881,212882,212883,212884,212885,212886,212887,212888,212889,212890,212891,212892,212893,212894,212895,212896,212897,212898,212899,212900
55,5501,'055-Weekday-1-26-09-1111100',212901,212902,212903,212904,212905,212906,212907,212908,212909,212910,212911,212912,212913,212914,212915,212916,212917,212918,212919,212920,212921,212922,212923,212924,212925,212926,212927,212928,212929,212930,212931,212932,212933,212934,212935,212936,212937,212938,212939,212940,212941,212942,212943,212944,212945,212946,212947,212948,212949,212950,212951,212952,212953
55,5501,'055-Weekday-2-26-09-1111100',212954,212955,212956,212957,212958,212959,212960,212961,212962,212963,212964,212965,212966,212967,212968,212969,212970,212971,212972,212973,212974,212975,212976,212977,212978,212979,212980,212981,212982,212983,212984,212985,212986,212987,212988,212989,212990,212991,212992,212993,212994,212995,212996,212997,212998,212999,213000,213001,213002,213003,213004,213005,213006
55,5501,'055-Weekday-3-26-09-1111100',256036,256037,256038,256039,256040,256041,256042,256043,256044,256045,256046,256047,256048,256049,256050,256051,256052,256053,256054,256055,256056,256057,256058,256059,256060,256061,256062,256063,256064,256065,256066,256067,256068,256069,256070,256071,256072,256073,256074,256075,256076,256077,256078,256079,256080,256081,256082,256083,256084,256085,256086,256087,256088
55,5501,'055-Weekday-4-26-09-1111100',213007,213008,213009,213010,213011,213012,213013,213014,213015,213016,213017,213018,213019,213020,213021,213022,213023,213024,213025,213026,213027,213028,213029,213030,213031,213032,213033,213034,213035,213036,213037,213038,213039,213040,213041,213042,213043,213044,213045,213046,213047,213048,213049,213050,213051,213052,213053,213054,213055,213056,213057,213058,213059
55,5501,'055-Weekday-5-26-09-1111100',256089,256090,256091,256092,256093,256094,256095,256096,256097,256098,256099,256100,256101,256102,256103,256104,256105,256106,256107,256108,256109,256110,256111,256112,256113,256114,256115,256116,256117,256118,256119,256120,256121,256122,256123,256124,256125,256126,256127,256128,256129,256130,256131,256132,256133,256134,256135,256136,256137,256138,256139,256140,256141
55,5501,'055-Weekday-6-26-09-1111100',256142,256143,256144,256145,256146,256147,256148,256149,256150,256151,256152,256153,256154,256155,256156,256157,256158,256159,256160,256161,256162,256163,256164,256165,256166,256167,256168,256169,256170,256171,256172,256173,256174,256175,256176,256177,256178,256179,256180,256181,256182,256183,256184,256185,256186,256187,256188,256189,256190,256191,256192,256193,256194
55,5501,'055-Weekday-7-26-09-1111100',256195,256196,256197,256198,256199,256200,256201,256202,256203,256204,256205,256206,256207,256208,256209,256210,256211,256212,256213,256214,256215,256216,256217,256218,256219,256220,256221,256222,256223,256224,256225,256226,256227,256228,256229,256230,256231,256232,256233,256234,256235,256236,256237,256238,256239,256240,256241,256242,256243,256244,256245,256246,256247
55,5501,'055-Saturday-1-26-09-0000010',213060,213061,213062,213063,213064,213065,213066,213067,213068,213069,213070,213071,213072,213073,213074,213075,213076,213077,213078,213079,213080,213081,213082,213083,213084,213085,213086,213087,213088,213089,213090,213091,213092,213093,213094,213095,213096,213097,213098,213099,213100,213101
55,5501,'055-Sunday-1-26-09-0000001',213102,213103,213104,213105,213106,213107,213108,213109,213110,213111,213112,213113,213114,213115,213116,213117,213118,213119,213120,213121,213122,213123,213124,213125,213126,213127,213128,213129,213130,213131,213132,213133,213134,213135,213136,213137,213138,213139,213140
56,5600,'056-Weekday-1-26-09-1111100',213141,213142,213143,213144,213145,213146,213147,213148,213149,213150,213151,213152,213153,213154,213155,213156,213157,213158,213159,213160,213161,213162,213163,213164,213165,213166,213167,213168,213169,213170,213171,213172,213173,213174,213175,213176,213177,213178,213179,213180,213181,213182,213183,213184,213185,213186,213187,213188,213189,213190,213191,213192,213193,213194,213195,213196,213197,213198,213199,213200,213201,213202,213203,213204,213205,213206,213207,213208,213209,213210,213211,213212,213213,213214
56,5600,'056-Weekday-2-26-09-1111100',213215,213216,213217,213218,213219,213220,213221,213222,213223,213224,213225,213226,213227,213228,213229,213230,213231,213232,213233,213234,213235,213236,213237,213238,213239,213240,213241,213242,213243,213244,213245,213246,213247,213248,213249,213250,213251,213252,213253,213254,213255,213256,213257,213258,213259,213260,213261,213262,213263,213264,213265,213266,213267,213268,213269,213270,213271,213272,213273,213274,213275,213276,213277,213278,213279,213280,213281,213282,213283,213284,213285,213286,213287,213288
56,5600,'056-Weekday-3-26-09-1111100',256248,256249,256250,256251,256252,256253,256254,256255,256256,256257,256258,256259,256260,256261,256262,256263,256264,256265,256266,256267,256268,256269,256270,256271,256272,256273,256274,256275,256276,256277,256278,256279,256280,256281,256282,256283,256284,256285,256286,256287,256288,256289,256290,256291,256292,256293,256294,256295,256296,256297,256298,256299,256300,256301,256302,256303,256304,256305,256306,256307,256308,256309,256310,256311,256312,256313,256314,256315,256316,256317,256318
56,5600,'056-Weekday-4-26-09-1111100',213289,213290,213291,213292,213293,213294,213295,213296,213297,213298,213299,213300,213301,213302,213303,213304,213305,213306,213307,213308,213309,213310,213311,213312,213313,213314,213315,213316,213317,213318,213319,213320,213321,213322,213323,213324,213325,213326,213327,213328,213329,213330,213331,213332,213333,213334,213335,213336,213337,213338,213339,213340,213341,213342,213343,213344,213345,213346,213347,213348,213349,213350,213351,213352,213353,213354,213355,213356,213357,213358
56,5600,'056-Weekday-5-26-09-1111100',256319,256320,256321,256322,256323,256324,256325,256326,256327,256328,256329,256330,256331,256332,256333,256334,256335,256336,256337,256338,256339,256340,256341,256342,256343,256344,256345,256346,256347,256348,256349,256350,256351,256352,256353,256354,256355,256356,256357,256358,256359,256360,256361,256362,256363,256364,256365,256366,256367,256368,256369,256370,256371,256372,256373,256374,256375,256376,256377,256378,256379,256380,256381,256382,256383,256384,256385,256386,256387,256388
56,5600,'056-Weekday-6-26-09-1111100',256389,256390,256391,256392,256393,256394,256395,256396,256397,256398,256399,256400,256401,256402,256403,256404,256405,256406,256407,256408,256409,256410,256411,256412,256413,256414,256415,256416,256417,256418,256419,256420,256421,256422,256423,256424,256425,256426,256427,256428,256429,256430,256431,256432,256433,256434,256435,256436,256437,256438,256439,256440,256441,256442,256443,256444,256445,256446,256447,256448,256449,256450,256451,256452,256453,256454,256455,256456,256457,256458,256459,256460,256461,256462
56,5600,'056-Weekday-7-26-09-1111100',256463,256464,256465,256466,256467,256468,256469,256470,256471,256472,256473,256474,256475,256476,256477,256478,256479,256480,256481,256482,256483,256484,256485,256486,256487,256488,256489,256490,256491,256492,256493,256494,256495,256496,256497,256498,256499,256500,256501,256502,256503,256504,256505,256506,256507,256508,256509,256510,256511,256512,256513,256514,256515,256516,256517,256518,256519,256520,256521,256522,256523,256524,256525,256526,256527,256528,256529,256530,256531,256532
56,5600,'056-Saturday-1-26-09-0000010',213359,213360,213361,213362,213363,213364,213365,213366,213367,213368,213369,213370,213371,213372,213373,213374,213375,213376,213377,213378,213379,213380,213381,213382,213383,213384,213385,213386,213387,213388,213389,213390,213391,213392,213393,213394,213395,213396,213397,213398,213399,213400,213401,213402,213403,213404,213405,213406,213407,213408,213409,213410,213411,213412,213413,213414,213415,213416,213417,213418,213419,213420,213421,213422
56,5600,'056-Sunday-1-26-09-0000001',213423,213424,213425,213426,213427,213428,213429,213430,213431,213432,213433,213434,213435,213436,213437,213438,213439,213440,213441,213442,213443,213444,213445,213446,213447,213448,213449,213450,213451,213452,213453,213454,213455,213456,213457,213458,213459,213460,213461,213462,213463,213464,213465,213466,213467,213468,213469,213470,213471,213472,213473,213474,213475,213476,213477,213478,213479,213480,213481,213482,213483,213484,213485,213486
56,5601,'056-Weekday-1-26-09-1111100',213487,213488,213489,213490,213491,213492,213493,213494,213495,213496,213497,213498,213499,213500,213501,213502,213503,213504,213505,213506,213507,213508,213509,213510,213511,213512,213513,213514,213515,213516,213517,213518,213519,213520,213521,213522,213523,213524,213525,213526,213527,213528,213529,213530,213531,213532,213533,213534,213535,213536,213537,213538,213539,213540,213541,213542,213543,213544,213545,213546,213547,213548,213549,213550,213551,213552,213553,213554,213555,213556,213557,213558,213559,213560,213561,213562,213563,213564,213565,213566,213567
56,5601,'056-Weekday-2-26-09-1111100',213568,213569,213570,213571,213572,213573,213574,213575,213576,213577,213578,213579,213580,213581,213582,213583,213584,213585,213586,213587,213588,213589,213590,213591,213592,213593,213594,213595,213596,213597,213598,213599,213600,213601,213602,213603,213604,213605,213606,213607,213608,213609,213610,213611,213612,213613,213614,213615,213616,213617,213618,213619,213620,213621,213622,213623,213624,213625,213626,213627,213628,213629,213630,213631,213632,213633,213634,213635,213636,213637,213638,213639,213640,213641,213642,213643,213644,213645,213646,213647,213648
56,5601,'056-Weekday-3-26-09-1111100',256533,256534,256535,256536,256537,256538,256539,256540,256541,256542,256543,256544,256545,256546,256547,256548,256549,256550,256551,256552,256553,256554,256555,256556,256557,256558,256559,256560,256561,256562,256563,256564,256565,256566,256567,256568,256569,256570,256571,256572,256573,256574,256575,256576,256577,256578,256579,256580,256581,256582,256583,256584,256585,256586,256587,256588,256589,256590,256591,256592,256593,256594,256595,256596,256597,256598,256599,256600,256601,256602,256603,256604,256605,256606,256607,256608,256609,256610,256611,256612
56,5601,'056-Weekday-4-26-09-1111100',213649,213650,213651,213652,213653,213654,213655,213656,213657,213658,213659,213660,213661,213662,213663,213664,213665,213666,213667,213668,213669,213670,213671,213672,213673,213674,213675,213676,213677,213678,213679,213680,213681,213682,213683,213684,213685,213686,213687,213688,213689,213690,213691,213692,213693,213694,213695,213696,213697,213698,213699,213700,213701,213702,213703,213704,213705,213706,213707,213708,213709,213710,213711,213712,213713,213714,213715,213716,213717,213718,213719,213720,213721,213722,213723,213724,213725,213726,213727,213728
56,5601,'056-Weekday-5-26-09-1111100',256613,256614,256615,256616,256617,256618,256619,256620,256621,256622,256623,256624,256625,256626,256627,256628,256629,256630,256631,256632,256633,256634,256635,256636,256637,256638,256639,256640,256641,256642,256643,256644,256645,256646,256647,256648,256649,256650,256651,256652,256653,256654,256655,256656,256657,256658,256659,256660,256661,256662,256663,256664,256665,256666,256667,256668,256669,256670,256671,256672,256673,256674,256675,256676,256677,256678,256679,256680,256681,256682,256683,256684,256685,256686,256687,256688,256689,256690,256691,256692
56,5601,'056-Weekday-6-26-09-1111100',256693,256694,256695,256696,256697,256698,256699,256700,256701,256702,256703,256704,256705,256706,256707,256708,256709,256710,256711,256712,256713,256714,256715,256716,256717,256718,256719,256720,256721,256722,256723,256724,256725,256726,256727,256728,256729,256730,256731,256732,256733,256734,256735,256736,256737,256738,256739,256740,256741,256742,256743,256744,256745,256746,256747,256748,256749,256750,256751,256752,256753,256754,256755,256756,256757,256758,256759,256760,256761,256762,256763,256764,256765,256766,256767,256768,256769,256770,256771,256772,256773
56,5601,'056-Weekday-7-26-09-1111100',256774,256775,256776,256777,256778,256779,256780,256781,256782,256783,256784,256785,256786,256787,256788,256789,256790,256791,256792,256793,256794,256795,256796,256797,256798,256799,256800,256801,256802,256803,256804,256805,256806,256807,256808,256809,256810,256811,256812,256813,256814,256815,256816,256817,256818,256819,256820,256821,256822,256823,256824,256825,256826,256827,256828,256829,256830,256831,256832,256833,256834,256835,256836,256837,256838,256839,256840,256841,256842,256843,256844,256845,256846,256847,256848,256849,256850,256851,256852,256853
56,5601,'056-Saturday-1-26-09-0000010',213729,213730,213731,213732,213733,213734,213735,213736,213737,213738,213739,213740,213741,213742,213743,213744,213745,213746,213747,213748,213749,213750,213751,213752,213753,213754,213755,213756,213757,213758,213759,213760,213761,213762,213763,213764,213765,213766,213767,213768,213769,213770,213771,213772,213773,213774,213775,213776,213777,213778,213779,213780,213781,213782,213783,213784,213785,213786,213787,213788,213789,213790,213791,213792
56,5601,'056-Sunday-1-26-09-0000001',213793,213794,213795,213796,213797,213798,213799,213800,213801,213802,213803,213804,213805,213806,213807,213808,213809,213810,213811,213812,213813,213814,213815,213816,213817,213818,213819,213820,213821,213822,213823,213824,213825,213826,213827,213828,213829,213830,213831,213832,213833,213834,213835,213836,213837,213838,213839,213840,213841,213842,213843,213844,213845,213846,213847,213848,213849,213850,213851,213852,213853,213854,213855
71,7100,'071-Saturday-1-26-09-0000010',256854,256855,256856,256857,256858,256859,256860,256861,256862,256863,256864,256865,256866,256867,256868,256869,256870,256871,256872,256873,256874,256875,256876,256877,256878,256879,256880,256881,256882,256883,256884,256885,256886,256887,256888,256889,256890,256891,256892,256893,256894,256895,256896,256897,256898,256899,256900,256901,256902,256903,256904,256905,256906,256907,256908,256909,256910,256911,256912,256913,256914,256915,256916,256917,256918,256919,256920,256921,256922,256923,256924,256925,256926,256927,256928,256929,256930,256931,256932,256933,256934,256935,256936,256937,256938,256939,256940,256941,256942,256943,256944,256945,256946,256947,256948,256949,256950,256951,256952,256953,256954,256955,256956,256957,256958,256959,256960,256961,256962,256963,256964,256965,256966,256967,256968,256969,256970,256971,256972,256973,256974,256975,256976,256977,256978,256979,256980,256981,256982,256983,256984,256985,256986,256987,256988,256989,256990,256991,256992,256993,256994,256995,256996,256997,256998,256999,257000,257001,257002,257003,257004,257005,257006,257007,257008,257009,257010,257011,257012,257013,257014,257015,257016,257017,257018
71,7100,'071-Sunday-1-26-09-0000001',257019,257020,257021,257022,257023,257024,257025,257026,257027,257028,257029,257030,257031,257032,257033,257034,257035,257036,257037,257038,257039,257040,257041,257042,257043,257044,257045,257046,257047,257048,257049,257050,257051,257052,257053,257054,257055,257056,257057,257058,257059,257060,257061,257062,257063,257064,257065,257066,257067,257068,257069,257070,257071,257072,257073,257074,257075,257076,257077,257078,257079,257080,257081,257082,257083,257084,257085,257086,257087,257088,257089,257090,257091,257092,257093,257094,257095,257096,257097,257098,257099,257100,257101,257102,257103,257104,257105,257106,257107,257108,257109,257110,257111,257112,257113,257114,257115,257116,257117,257118,257119,257120,257121,257122,257123,257124,257125,257126,257127,257128,257129,257130,257131,257132,257133,257134,257135,257136,257137,257138,257139,257140,257141,257142,257143,257144,257145,257146,257147,257148,257149,257150,257151,257152,257153,257154,257155,257156,257157,257158,257159,257160,257161,257162,257163,257164,257165,257166,257167,257168,257169,257170,257171,257172
71,7101,'071-Saturday-1-26-09-0000010',257173,257174,257175,257176,257177,257178,257179,257180,257181,257182,257183,257184,257185,257186,257187,257188,257189,257190,257191,257192,257193,257194,257195,257196,257197,257198,257199,257200,257201,257202,257203,257204,257205,257206,257207,257208,257209,257210,257211,257212,257213,257214,257215,257216,257217,257218,257219,257220,257221,257222,257223,257224,257225,257226,257227,257228,257229,257230,257231,257232,257233,257234,257235,257236,257237,257238,257239,257240,257241,257242,257243,257244,257245,257246,257247,257248,257249,257250,257251,257252,257253,257254,257255,257256,257257,257258,257259,257260,257261,257262,257263,257264,257265,257266,257267,257268,257269,257270,257271,257272,257273,257274,257275,257276,257277,257278,257279,257280,257281,257282,257283,257284,257285,257286,257287,257288,257289,257290,257291,257292,257293,257294,257295,257296,257297,257298,257299,257300,257301,257302,257303,257304,257305,257306,257307,257308,257309,257310,257311,257312,257313,257314,257315,257316,257317,257318,257319,257320,257321,257322,257323,257324,257325,257326,257327,257328,257329,257330,257331,257332,257333,257334
71,7101,'071-Sunday-1-26-09-0000001',257335,257336,257337,257338,257339,257340,257341,257342,257343,257344,257345,257346,257347,257348,257349,257350,257351,257352,257353,257354,257355,257356,257357,257358,257359,257360,257361,257362,257363,257364,257365,257366,257367,257368,257369,257370,257371,257372,257373,257374,257375,257376,257377,257378,257379,257380,257381,257382,257383,257384,257385,257386,257387,257388,257389,257390,257391,257392,257393,257394,257395,257396,257397,257398,257399,257400,257401,257402,257403,257404,257405,257406,257407,257408,257409,257410,257411,257412,257413,257414,257415,257416,257417,257418,257419,257420,257421,257422,257423,257424,257425,257426,257427,257428,257429,257430,257431,257432,257433,257434,257435,257436,257437,257438,257439,257440,257441,257442,257443,257444,257445,257446,257447,257448,257449,257450,257451,257452,257453,257454,257455,257456,257457,257458,257459,257460,257461,257462,257463,257464,257465,257466,257467,257468,257469,257470,257471,257472,257473,257474,257475,257476,257477,257478,257479,257480,257481,257482,257483,257484,257485,257486,257487,257488
101,10100,'101-Weekday-1-26-09-1111100',213856,213857,213858,213859,213860,213861,213862,213863,213864,213865,213866,213867,213868,213869,213870,213871,213872,213873,213874,213875,213876,213877,213878,213879,213880,213881,213882,213883,213884,213885,213886,213887,213888,213889,213890,213891,213892
101,10100,'101-Weekday-2-26-09-1111100',213893,213894,213895,213896,213897,213898,213899,213900,213901,213902,213903,213904,213905,213906,213907,213908,213909,213910,213911,213912,213913,213914,213915,213916,213917,213918,213919,213920,213921,213922,213923,213924,213925,213926,213927,213928,213929
101,10100,'101-Weekday-3-26-09-1111100',257489,257490,257491,257492,257493,257494,257495,257496,257497,257498,257499,257500,257501,257502,257503,257504,257505,257506,257507,257508,257509,257510,257511,257512,257513,257514,257515,257516,257517,257518,257519,257520,257521,257522,257523,257524,257525
101,10100,'101-Weekday-4-26-09-1111100',213930,213931,213932,213933,213934,213935,213936,213937,213938,213939,213940,213941,213942,213943,213944,213945,213946,213947,213948,213949,213950,213951,213952,213953,213954,213955,213956,213957,213958,213959,213960,213961,213962,213963,213964,213965,213966
101,10100,'101-Weekday-5-26-09-1111100',257526,257527,257528,257529,257530,257531,257532,257533,257534,257535,257536,257537,257538,257539,257540,257541,257542,257543,257544,257545,257546,257547,257548,257549,257550,257551,257552,257553,257554,257555,257556,257557,257558,257559,257560,257561,257562
101,10100,'101-Weekday-6-26-09-1111100',257563,257564,257565,257566,257567,257568,257569,257570,257571,257572,257573,257574,257575,257576,257577,257578,257579,257580,257581,257582,257583,257584,257585,257586,257587,257588,257589,257590,257591,257592,257593,257594,257595,257596,257597,257598,257599
101,10100,'101-Weekday-7-26-09-1111100',257600,257601,257602,257603,257604,257605,257606,257607,257608,257609,257610,257611,257612,257613,257614,257615,257616,257617,257618,257619,257620,257621,257622,257623,257624,257625,257626,257627,257628,257629,257630,257631,257632,257633,257634,257635,257636
101,10100,'101-Saturday-1-26-09-0000010',213967,213968,213969,213970,213971,213972,213973,213974,213975,213976,213977,213978,213979,213980,213981,213982,213983,213984,213985,213986,213987,213988,213989,213990,213991,213992,213993,213994
101,10100,'101-Sunday-1-26-09-0000001',213995,213996,213997,213998,213999,214000,214001,214002,214003,214004,214005,214006,214007,214008,214009,214010,214011,214012,214013,214014,214015
101,10101,'101-Weekday-1-26-09-1111100',214016,214017,214018,214019,214020,214021,214022,214023,214024,214025,214026,214027,214028,214029,214030,214031,214032,214033,214034,214035,214036,214037,214038,214039,214040,214041,214042,214043,214044,214045,214046,214047,214048,214049,214050,214051,214052
101,10101,'101-Weekday-2-26-09-1111100',214053,214054,214055,214056,214057,214058,214059,214060,214061,214062,214063,214064,214065,214066,214067,214068,214069,214070,214071,214072,214073,214074,214075,214076,214077,214078,214079,214080,214081,214082,214083,214084,214085,214086,214087,214088,214089
101,10101,'101-Weekday-3-26-09-1111100',257637,257638,257639,257640,257641,257642,257643,257644,257645,257646,257647,257648,257649,257650,257651,257652,257653,257654,257655,257656,257657,257658,257659,257660,257661,257662,257663,257664,257665,257666,257667,257668,257669,257670,257671,257672,257673
101,10101,'101-Weekday-4-26-09-1111100',214090,214091,214092,214093,214094,214095,214096,214097,214098,214099,214100,214101,214102,214103,214104,214105,214106,214107,214108,214109,214110,214111,214112,214113,214114,214115,214116,214117,214118,214119,214120,214121,214122,214123,214124,214125,214126
101,10101,'101-Weekday-5-26-09-1111100',257674,257675,257676,257677,257678,257679,257680,257681,257682,257683,257684,257685,257686,257687,257688,257689,257690,257691,257692,257693,257694,257695,257696,257697,257698,257699,257700,257701,257702,257703,257704,257705,257706,257707,257708,257709,257710
101,10101,'101-Weekday-6-26-09-1111100',257711,257712,257713,257714,257715,257716,257717,257718,257719,257720,257721,257722,257723,257724,257725,257726,257727,257728,257729,257730,257731,257732,257733,257734,257735,257736,257737,257738,257739,257740,257741,257742,257743,257744,257745,257746,257747
101,10101,'101-Weekday-7-26-09-1111100',257748,257749,257750,257751,257752,257753,257754,257755,257756,257757,257758,257759,257760,257761,257762,257763,257764,257765,257766,257767,257768,257769,257770,257771,257772,257773,257774,257775,257776,257777,257778,257779,257780,257781,257782,257783,257784
101,10101,'101-Saturday-1-26-09-0000010',214127,214128,214129,214130,214131,214132,214133,214134,214135,214136,214137,214138,214139,214140,214141,214142,214143,214144,214145,214146,214147,214148,214149,214150,214151,214152,214153
101,10101,'101-Sunday-1-26-09-0000001',214154,214155,214156,214157,214158,214159,214160,214161,214162,214163,214164,214165,214166,214167,214168,214169,214170,214171,214172,214173,214174
102,10200,'102-Weekday-1-26-09-1111100',214175,214176,214177,214178,214179,214180,214181,214182,214183,214184,214185,214186,214187,214188,214189,214190,214191,214192,214193,214194,214195,214196,214197,214198,214199,214200,214201,214202,214203,214204,214205,214206,214207,214208,214209,214210,214211,214212,214213,214214
102,10200,'102-Weekday-2-26-09-1111100',214215,214216,214217,214218,214219,214220,214221,214222,214223,214224,214225,214226,214227,214228,214229,214230,214231,214232,214233,214234,214235,214236,214237,214238,214239,214240,214241,214242,214243,214244,214245,214246,214247,214248,214249,214250,214251,214252,214253,214254
102,10200,'102-Weekday-3-26-09-1111100',257785,257786,257787,257788,257789,257790,257791,257792,257793,257794,257795,257796,257797,257798,257799,257800,257801,257802,257803,257804,257805,257806,257807,257808,257809,257810,257811,257812,257813,257814,257815,257816,257817,257818,257819,257820,257821,257822,257823,257824
102,10200,'102-Weekday-4-26-09-1111100',214255,214256,214257,214258,214259,214260,214261,214262,214263,214264,214265,214266,214267,214268,214269,214270,214271,214272,214273,214274,214275,214276,214277,214278,214279,214280,214281,214282,214283,214284,214285,214286,214287,214288,214289,214290,214291,214292,214293,214294
102,10200,'102-Weekday-5-26-09-1111100',257825,257826,257827,257828,257829,257830,257831,257832,257833,257834,257835,257836,257837,257838,257839,257840,257841,257842,257843,257844,257845,257846,257847,257848,257849,257850,257851,257852,257853,257854,257855,257856,257857,257858,257859,257860,257861,257862,257863,257864
102,10200,'102-Weekday-6-26-09-1111100',257865,257866,257867,257868,257869,257870,257871,257872,257873,257874,257875,257876,257877,257878,257879,257880,257881,257882,257883,257884,257885,257886,257887,257888,257889,257890,257891,257892,257893,257894,257895,257896,257897,257898,257899,257900,257901,257902,257903,257904
102,10200,'102-Weekday-7-26-09-1111100',257905,257906,257907,257908,257909,257910,257911,257912,257913,257914,257915,257916,257917,257918,257919,257920,257921,257922,257923,257924,257925,257926,257927,257928,257929,257930,257931,257932,257933,257934,257935,257936,257937,257938,257939,257940,257941,257942,257943,257944
102,10200,'102-Saturday-1-26-09-0000010',214295,214296,214297,214298,214299,214300,214301,214302,214303,214304,214305,214306,214307,214308,214309,214310,214311,214312,214313,214314,214315,214316,214317,214318
102,10200,'102-Sunday-1-26-09-0000001',214319,214320,214321,214322,214323,214324,214325,214326,214327,214328,214329,214330,214331,214332,214333,214334,214335,214336
102,10201,'102-Weekday-1-26-09-1111100',214337,214338,214339,214340,214341,214342,214343,214344,214345,214346,214347,214348,214349,214350,214351,214352,214353,214354,214355,214356,214357,214358,214359,214360,214361,214362,214363,214364,214365,214366,214367,214368,214369,214370,214371,214372,214373,214374,214375
102,10201,'102-Weekday-2-26-09-1111100',214376,214377,214378,214379,214380,214381,214382,214383,214384,214385,214386,214387,214388,214389,214390,214391,214392,214393,214394,214395,214396,214397,214398,214399,214400,214401,214402,214403,214404,214405,214406,214407,214408,214409,214410,214411,214412,214413,214414
102,10201,'102-Weekday-3-26-09-1111100',257945,257946,257947,257948,257949,257950,257951,257952,257953,257954,257955,257956,257957,257958,257959,257960,257961,257962,257963,257964,257965,257966,257967,257968,257969,257970,257971,257972,257973,257974,257975,257976,257977,257978,257979,257980,257981,257982,257983
102,10201,'102-Weekday-4-26-09-1111100',214415,214416,214417,214418,214419,214420,214421,214422,214423,214424,214425,214426,214427,214428,214429,214430,214431,214432,214433,214434,214435,214436,214437,214438,214439,214440,214441,214442,214443,214444,214445,214446,214447,214448,214449,214450,214451,214452,214453
102,10201,'102-Weekday-5-26-09-1111100',257984,257985,257986,257987,257988,257989,257990,257991,257992,257993,257994,257995,257996,257997,257998,257999,258000,258001,258002,258003,258004,258005,258006,258007,258008,258009,258010,258011,258012,258013,258014,258015,258016,258017,258018,258019,258020,258021,258022
102,10201,'102-Weekday-6-26-09-1111100',258023,258024,258025,258026,258027,258028,258029,258030,258031,258032,258033,258034,258035,258036,258037,258038,258039,258040,258041,258042,258043,258044,258045,258046,258047,258048,258049,258050,258051,258052,258053,258054,258055,258056,258057,258058,258059,258060,258061
102,10201,'102-Weekday-7-26-09-1111100',258062,258063,258064,258065,258066,258067,258068,258069,258070,258071,258072,258073,258074,258075,258076,258077,258078,258079,258080,258081,258082,258083,258084,258085,258086,258087,258088,258089,258090,258091,258092,258093,258094,258095,258096,258097,258098,258099,258100
102,10201,'102-Saturday-1-26-09-0000010',214454,214455,214456,214457,214458,214459,214460,214461,214462,214463,214464,214465,214466,214467,214468,214469,214470,214471,214472,214473,214474,214475,214476,214477
102,10201,'102-Sunday-1-26-09-0000001',214478,214479,214480,214481,214482,214483,214484,214485,214486,214487,214488,214489,214490,214491,214492,214493,214494,214495
103,10300,'103-Weekday-1-26-09-1110100',214496
103,10300,'103-Weekday-1-26-09-1111100',214497,214498,214499,214500,214501,214502,214503,214504,214505,214506,214507,214508,214509,214510,214511,214512,214513,214514,214515,214516,214517,214518,214519,214520,214521,214522,214523,214524,214525,214526,214527,214528,214529,214530,214531,214532,214533,214534,214535,214536,214537,214538,214539,214540,214541,214542,214543,214544,214545,214546,214547
103,10300,'103-Weekday-2-26-09-1111100',214548,214549,214550,214551,214552,214553,214554,214555,214556,214557,214558,214559,214560,214561,214562,214563,214564,214565,214566,214567,214568,214569,214570,214571,214572,214573,214574,214575,214576,214577,214578,214579,214580,214581,214582,214583,214584,214585,214586,214587,214588,214589,214590,214591,214592,214593,214594,214595,214596,214597
103,10300,'103-Weekday-3-26-09-1110100',258101
103,10300,'103-Weekday-3-26-09-1111100',258102,258103,258104,258105,258106,258107,258108,258109,258110,258111,258112,258113,258114,258115,258116,258117,258118,258119,258120,258121,258122,258123,258124,258125,258126,258127,258128,258129,258130,258131,258132,258133,258134,258135,258136,258137,258138,258139,258140,258141,258142,258143,258144,258145,258146,258147,258148,258149,258150,258151,258152
103,10300,'103-Weekday-4-26-09-1111100',214598,214599,214600,214601,214602,214603,214604,214605,214606,214607,214608,214609,214610,214611,214612,214613,214614,214615,214616,214617,214618,214619,214620,214621,214622,214623,214624,214625,214626,214627,214628,214629,214630,214631,214632,214633,214634,214635,214636,214637,214638,214639,214640,214641,214642,214643,214644,214645,214646,214647
103,10300,'103-Weekday-5-26-09-1111100',258153,258154,258155,258156,258157,258158,258159,258160,258161,258162,258163,258164,258165,258166,258167,258168,258169,258170,258171,258172,258173,258174,258175,258176,258177,258178,258179,258180,258181,258182,258183,258184,258185,258186,258187,258188,258189,258190,258191,258192,258193,258194,258195,258196,258197,258198,258199,258200,258201,258202
103,10300,'103-Weekday-6-26-09-1110100',258203
103,10300,'103-Weekday-6-26-09-1111100',258204,258205,258206,258207,258208,258209,258210,258211,258212,258213,258214,258215,258216,258217,258218,258219,258220,258221,258222,258223,258224,258225,258226,258227,258228,258229,258230,258231,258232,258233,258234,258235,258236,258237,258238,258239,258240,258241,258242,258243,258244,258245,258246,258247,258248,258249,258250,258251,258252,258253,258254
103,10300,'103-Weekday-7-26-09-1111100',258255,258256,258257,258258,258259,258260,258261,258262,258263,258264,258265,258266,258267,258268,258269,258270,258271,258272,258273,258274,258275,258276,258277,258278,258279,258280,258281,258282,258283,258284,258285,258286,258287,258288,258289,258290,258291,258292,258293,258294,258295,258296,258297,258298,258299,258300,258301,258302,258303,258304
103,10300,'103-Saturday-1-26-09-0000010',214648,214649,214650,214651,214652,214653,214654,214655,214656,214657,214658,214659,214660,214661,214662,214663,214664,214665,214666,214667,214668,214669,214670,214671,214672,214673,214674,214675,214676,214677,214678,214679,214680,214681,214682,214683,214684
103,10300,'103-Sunday-1-26-09-0000001',214685,214686,214687,214688,214689,214690,214691,214692,214693,214694,214695,214696,214697,214698,214699,214700,214701,214702,214703,214704,214705,214706,214707,214708,214709,214710,214711,214712,214713,214714,214715,214716,214717,214718,214719,214720,214721
103,10301,'103-Weekday-1-26-09-1110100',214722
103,10301,'103-Weekday-1-26-09-1111100',214723,214724,214725,214726,214727,214728,214729,214730,214731,214732,214733,214734,214735,214736,214737,214738,214739,214740,214741,214742,214743,214744,214745,214746,214747,214748,214749,214750,214751,214752,214753,214754,214755,214756,214757,214758,214759,214760,214761,214762,214763,214764,214765,214766,214767,214768,214769,214770,214771,214772
103,10301,'103-Weekday-2-26-09-1111100',214773,214774,214775,214776,214777,214778,214779,214780,214781,214782,214783,214784,214785,214786,214787,214788,214789,214790,214791,214792,214793,214794,214795,214796,214797,214798,214799,214800,214801,214802,214803,214804,214805,214806,214807,214808,214809,214810,214811,214812,214813,214814,214815,214816,214817,214818,214819,214820,214821
103,10301,'103-Weekday-3-26-09-1110100',258305
103,10301,'103-Weekday-3-26-09-1111100',258306,258307,258308,258309,258310,258311,258312,258313,258314,258315,258316,258317,258318,258319,258320,258321,258322,258323,258324,258325,258326,258327,258328,258329,258330,258331,258332,258333,258334,258335,258336,258337,258338,258339,258340,258341,258342,258343,258344,258345,258346,258347,258348,258349,258350,258351,258352,258353,258354,258355
103,10301,'103-Weekday-4-26-09-1111100',214822,214823,214824,214825,214826,214827,214828,214829,214830,214831,214832,214833,214834,214835,214836,214837,214838,214839,214840,214841,214842,214843,214844,214845,214846,214847,214848,214849,214850,214851,214852,214853,214854,214855,214856,214857,214858,214859,214860,214861,214862,214863,214864,214865,214866,214867,214868,214869,214870
103,10301,'103-Weekday-5-26-09-1111100',258356,258357,258358,258359,258360,258361,258362,258363,258364,258365,258366,258367,258368,258369,258370,258371,258372,258373,258374,258375,258376,258377,258378,258379,258380,258381,258382,258383,258384,258385,258386,258387,258388,258389,258390,258391,258392,258393,258394,258395,258396,258397,258398,258399,258400,258401,258402,258403,258404
103,10301,'103-Weekday-6-26-09-1110100',258405
103,10301,'103-Weekday-6-26-09-1111100',258406,258407,258408,258409,258410,258411,258412,258413,258414,258415,258416,258417,258418,258419,258420,258421,258422,258423,258424,258425,258426,258427,258428,258429,258430,258431,258432,258433,258434,258435,258436,258437,258438,258439,258440,258441,258442,258443,258444,258445,258446,258447,258448,258449,258450,258451,258452,258453,258454,258455
103,10301,'103-Weekday-7-26-09-1111100',258456,258457,258458,258459,258460,258461,258462,258463,258464,258465,258466,258467,258468,258469,258470,258471,258472,258473,258474,258475,258476,258477,258478,258479,258480,258481,258482,258483,258484,258485,258486,258487,258488,258489,258490,258491,258492,258493,258494,258495,258496,258497,258498,258499,258500,258501,258502,258503,258504
103,10301,'103-Saturday-1-26-09-0000010',214871,214872,214873,214874,214875,214876,214877,214878,214879,214880,214881,214882,214883,214884,214885,214886,214887,214888,214889,214890,214891,214892,214893,214894,214895,214896,214897,214898,214899,214900,214901,214902,214903,214904,214905,214906,214907
103,10301,'103-Sunday-1-26-09-0000001',214908,214909,214910,214911,214912,214913,214914,214915,214916,214917,214918,214919,214920,214921,214922,214923,214924,214925,214926,214927,214928,214929,214930,214931,214932,214933,214934,214935,214936,214937,214938,214939,214940,214941,214942,214943,214944
104,10400,'104-Weekday-1-26-09-1111100',214945,214946,214947,214948,214949,214950,214951,214952,214953,214954,214955,214956,214957,214958,214959,214960,214961,214962,214963,214964,214965,214966,214967,214968,214969,214970,214971,214972,214973,214974,214975,214976,214977,214978,214979,214980,214981,214982,214983,214984,214985,214986,214987,214988,214989,214990,214991,214992,214993
104,10400,'104-Weekday-2-26-09-1111100',214994,214995,214996,214997,214998,214999,215000,215001,215002,215003,215004,215005,215006,215007,215008,215009,215010,215011,215012,215013,215014,215015,215016,215017,215018,215019,215020,215021,215022,215023,215024,215025,215026,215027,215028,215029,215030,215031,215032,215033,215034,215035,215036,215037,215038,215039,215040,215041,215042
104,10400,'104-Weekday-3-26-09-1111100',258505,258506,258507,258508,258509,258510,258511,258512,258513,258514,258515,258516,258517,258518,258519,258520,258521,258522,258523,258524,258525,258526,258527,258528,258529,258530,258531,258532,258533,258534,258535,258536,258537,258538,258539,258540,258541,258542,258543,258544,258545,258546,258547,258548,258549,258550
104,10400,'104-Weekday-4-26-09-1111100',215043,215044,215045,215046,215047,215048,215049,215050,215051,215052,215053,215054,215055,215056,215057,215058,215059,215060,215061,215062,215063,215064,215065,215066,215067,215068,215069,215070,215071,215072,215073,215074,215075,215076,215077,215078,215079,215080,215081,215082,215083,215084,215085,215086,215087,215088
104,10400,'104-Weekday-5-26-09-1111100',258551,258552,258553,258554,258555,258556,258557,258558,258559,258560,258561,258562,258563,258564,258565,258566,258567,258568,258569,258570,258571,258572,258573,258574,258575,258576,258577,258578,258579,258580,258581,258582,258583,258584,258585,258586,258587,258588,258589,258590,258591,258592,258593,258594,258595,258596
104,10400,'104-Weekday-6-26-09-1111100',258597,258598,258599,258600,258601,258602,258603,258604,258605,258606,258607,258608,258609,258610,258611,258612,258613,258614,258615,258616,258617,258618,258619,258620,258621,258622,258623,258624,258625,258626,258627,258628,258629,258630,258631,258632,258633,258634,258635,258636,258637,258638,258639,258640,258641,258642,258643,258644,258645
104,10400,'104-Weekday-7-26-09-1111100',258646,258647,258648,258649,258650,258651,258652,258653,258654,258655,258656,258657,258658,258659,258660,258661,258662,258663,258664,258665,258666,258667,258668,258669,258670,258671,258672,258673,258674,258675,258676,258677,258678,258679,258680,258681,258682,258683,258684,258685,258686,258687,258688,258689,258690,258691
104,10400,'104-Saturday-1-26-09-0000010',215089,215090,215091,215092,215093,215094,215095,215096,215097,215098,215099,215100,215101,215102,215103,215104,215105,215106,215107,215108,215109,215110,215111
104,10400,'104-Sunday-1-26-09-0000001',215112,215113,215114,215115,215116,215117,215118,215119,215120,215121,215122,215123,215124,215125,215126,215127,215128,215129
104,10401,'104-Weekday-1-26-09-1111100',215130,215131,215132,215133,215134,215135,215136,215137,215138,215139,215140,215141,215142,215143,215144,215145,215146,215147,215148,215149,215150,215151,215152,215153,215154,215155,215156,215157,215158,215159,215160,215161,215162,215163,215164,215165,215166,215167,215168,215169,215170,215171,215172,215173,215174,215175,215176
104,10401,'104-Weekday-2-26-09-1111100',215177,215178,215179,215180,215181,215182,215183,215184,215185,215186,215187,215188,215189,215190,215191,215192,215193,215194,215195,215196,215197,215198,215199,215200,215201,215202,215203,215204,215205,215206,215207,215208,215209,215210,215211,215212,215213,215214,215215,215216,215217,215218,215219,215220,215221,215222,215223
104,10401,'104-Weekday-3-26-09-1111100',258692,258693,258694,258695,258696,258697,258698,258699,258700,258701,258702,258703,258704,258705,258706,258707,258708,258709,258710,258711,258712,258713,258714,258715,258716,258717,258718,258719,258720,258721,258722,258723,258724,258725,258726,258727,258728,258729,258730,258731,258732,258733,258734,258735,258736,258737
104,10401,'104-Weekday-4-26-09-1111100',215224,215225,215226,215227,215228,215229,215230,215231,215232,215233,215234,215235,215236,215237,215238,215239,215240,215241,215242,215243,215244,215245,215246,215247,215248,215249,215250,215251,215252,215253,215254,215255,215256,215257,215258,215259,215260,215261,215262,215263,215264,215265,215266,215267,215268,215269
104,10401,'104-Weekday-5-26-09-1111100',258738,258739,258740,258741,258742,258743,258744,258745,258746,258747,258748,258749,258750,258751,258752,258753,258754,258755,258756,258757,258758,258759,258760,258761,258762,258763,258764,258765,258766,258767,258768,258769,258770,258771,258772,258773,258774,258775,258776,258777,258778,258779,258780,258781,258782,258783
104,10401,'104-Weekday-6-26-09-1111100',258784,258785,258786,258787,258788,258789,258790,258791,258792,258793,258794,258795,258796,258797,258798,258799,258800,258801,258802,258803,258804,258805,258806,258807,258808,258809,258810,258811,258812,258813,258814,258815,258816,258817,258818,258819,258820,258821,258822,258823,258824,258825,258826,258827,258828,258829,258830
104,10401,'104-Weekday-7-26-09-1111100',258831,258832,258833,258834,258835,258836,258837,258838,258839,258840,258841,258842,258843,258844,258845,258846,258847,258848,258849,258850,258851,258852,258853,258854,258855,258856,258857,258858,258859,258860,258861,258862,258863,258864,258865,258866,258867,258868,258869,258870,258871,258872,258873,258874,258875,258876
104,10401,'104-Saturday-1-26-09-0000010',215270,215271,215272,215273,215274,215275,215276,215277,215278,215279,215280,215281,215282,215283,215284,215285,215286,215287,215288,215289,215290,215291,215292
104,10401,'104-Sunday-1-26-09-0000001',215293,215294,215295,215296,215297,215298,215299,215300,215301,215302,215303,215304,215305,215306,215307,215308,215309,215310,215311
106,10600,'106-Weekday-1-26-09-0001000',215312,215313
106,10600,'106-Weekday-1-26-09-1110100',215314,215315,215316
106,10600,'106-Weekday-1-26-09-1111100',215317,215318,215319,215320,215321,215322,215323,215324,215325,215326,215327,215328,215329,215330,215331,215332,215333,215334,215335,215336,215337,215338,215339,215340,215341,215342,215343,215344,215345,215346,215347,215348,215349,215350,215351,215352,215353,215354,215355,215356,215357,215358,215359,215360,215361,215362,215363,215364,215365,215366,215367,215368,215369,215370,215371,215372,215373,215374,215375,215376,215377,215378
106,10600,'106-Weekday-2-26-09-1111100',215379,215380,215381,215382,215383,215384,215385,215386,215387,215388,215389,215390,215391,215392,215393,215394,215395,215396,215397,215398,215399,215400,215401,215402,215403,215404,215405,215406,215407,215408,215409,215410,215411,215412,215413,215414,215415,215416,215417,215418,215419,215420,215421,215422,215423,215424,215425,215426,215427,215428,215429,215430,215431,215432,215433,215434,215435,215436,215437,215438,215439
106,10600,'106-Weekday-3-26-09-1110100',258877,258878,258879
106,10600,'106-Weekday-3-26-09-1111100',258880,258881,258882,258883,258884,258885,258886,258887,258888,258889,258890,258891,258892,258893,258894,258895,258896,258897,258898,258899,258900,258901,258902,258903,258904,258905,258906,258907,258908,258909,258910,258911,258912,258913,258914,258915,258916,258917,258918,258919,258920,258921,258922,258923,258924,258925,258926,258927,258928,258929,258930,258931,258932,258933,258934,258935,258936,258937,258938,258939,258940,258941
106,10600,'106-Weekday-4-26-09-1111100',215440,215441,215442,215443,215444,215445,215446,215447,215448,215449,215450,215451,215452,215453,215454,215455,215456,215457,215458,215459,215460,215461,215462,215463,215464,215465,215466,215467,215468,215469,215470,215471,215472,215473,215474,215475,215476,215477,215478,215479,215480,215481,215482,215483,215484,215485,215486,215487,215488,215489,215490,215491,215492,215493,215494,215495,215496,215497,215498,215499,215500
106,10600,'106-Weekday-5-26-09-1111100',258942,258943,258944,258945,258946,258947,258948,258949,258950,258951,258952,258953,258954,258955,258956,258957,258958,258959,258960,258961,258962,258963,258964,258965,258966,258967,258968,258969,258970,258971,258972,258973,258974,258975,258976,258977,258978,258979,258980,258981,258982,258983,258984,258985,258986,258987,258988,258989,258990,258991,258992,258993,258994,258995,258996,258997,258998,258999,259000,259001,259002
106,10600,'106-Weekday-6-26-09-1110100',259003,259004,259005
106,10600,'106-Weekday-6-26-09-1111100',259006,259007,259008,259009,259010,259011,259012,259013,259014,259015,259016,259017,259018,259019,259020,259021,259022,259023,259024,259025,259026,259027,259028,259029,259030,259031,259032,259033,259034,259035,259036,259037,259038,259039,259040,259041,259042,259043,259044,259045,259046,259047,259048,259049,259050,259051,259052,259053,259054,259055,259056,259057,259058,259059,259060,259061,259062,259063,259064,259065,259066,259067
106,10600,'106-Weekday-7-26-09-1111100',259068,259069,259070,259071,259072,259073,259074,259075,259076,259077,259078,259079,259080,259081,259082,259083,259084,259085,259086,259087,259088,259089,259090,259091,259092,259093,259094,259095,259096,259097,259098,259099,259100,259101,259102,259103,259104,259105,259106,259107,259108,259109,259110,259111,259112,259113,259114,259115,259116,259117,259118,259119,259120,259121,259122,259123,259124,259125,259126,259127,259128
106,10600,'106-Saturday-1-26-09-0000010',215501,215502,215503,215504,215505,215506,215507,215508,215509,215510,215511,215512,215513,215514,215515,215516,215517,215518,215519,215520,215521,215522,215523,215524,215525,215526,215527,215528,215529,215530,215531,215532,215533,215534,215535,215536
106,10600,'106-Sunday-1-26-09-0000001',215537,215538,215539,215540,215541,215542,215543,215544,215545,215546,215547,215548,215549,215550,215551,215552,215553,215554,215555,215556,215557,215558,215559,215560,215561,215562,215563,215564,215565,215566,215567,215568,215569
106,10601,'106-Weekday-1-26-09-0001000',215570
106,10601,'106-Weekday-1-26-09-1110100',215571,215572
106,10601,'106-Weekday-1-26-09-1111100',215573,215574,215575,215576,215577,215578,215579,215580,215581,215582,215583,215584,215585,215586,215587,215588,215589,215590,215591,215592,215593,215594,215595,215596,215597,215598,215599,215600,215601,215602,215603,215604,215605,215606,215607,215608,215609,215610,215611,215612,215613,215614,215615,215616,215617,215618,215619,215620,215621,215622,215623,215624,215625,215626,215627,215628,215629,215630,215631,215632,215633
106,10601,'106-Weekday-2-26-09-1111100',215634,215635,215636,215637,215638,215639,215640,215641,215642,215643,215644,215645,215646,215647,215648,215649,215650,215651,215652,215653,215654,215655,215656,215657,215658,215659,215660,215661,215662,215663,215664,215665,215666,215667,215668,215669,215670,215671,215672,215673,215674,215675,215676,215677,215678,215679,215680,215681,215682,215683,215684,215685,215686,215687,215688,215689,215690,215691,215692
106,10601,'106-Weekday-3-26-09-1110100',259129,259130
106,10601,'106-Weekday-3-26-09-1111100',259131,259132,259133,259134,259135,259136,259137,259138,259139,259140,259141,259142,259143,259144,259145,259146,259147,259148,259149,259150,259151,259152,259153,259154,259155,259156,259157,259158,259159,259160,259161,259162,259163,259164,259165,259166,259167,259168,259169,259170,259171,259172,259173,259174,259175,259176,259177,259178,259179,259180,259181,259182,259183,259184,259185,259186,259187,259188,259189,259190,259191
106,10601,'106-Weekday-4-26-09-1111100',215693,215694,215695,215696,215697,215698,215699,215700,215701,215702,215703,215704,215705,215706,215707,215708,215709,215710,215711,215712,215713,215714,215715,215716,215717,215718,215719,215720,215721,215722,215723,215724,215725,215726,215727,215728,215729,215730,215731,215732,215733,215734,215735,215736,215737,215738,215739,215740,215741,215742,215743,215744,215745,215746,215747,215748,215749,215750,215751
106,10601,'106-Weekday-5-26-09-1111100',259192,259193,259194,259195,259196,259197,259198,259199,259200,259201,259202,259203,259204,259205,259206,259207,259208,259209,259210,259211,259212,259213,259214,259215,259216,259217,259218,259219,259220,259221,259222,259223,259224,259225,259226,259227,259228,259229,259230,259231,259232,259233,259234,259235,259236,259237,259238,259239,259240,259241,259242,259243,259244,259245,259246,259247,259248,259249,259250
106,10601,'106-Weekday-6-26-09-1110100',259251,259252
106,10601,'106-Weekday-6-26-09-1111100',259253,259254,259255,259256,259257,259258,259259,259260,259261,259262,259263,259264,259265,259266,259267,259268,259269,259270,259271,259272,259273,259274,259275,259276,259277,259278,259279,259280,259281,259282,259283,259284,259285,259286,259287,259288,259289,259290,259291,259292,259293,259294,259295,259296,259297,259298,259299,259300,259301,259302,259303,259304,259305,259306,259307,259308,259309,259310,259311,259312,259313
106,10601,'106-Weekday-7-26-09-1111100',259314,259315,259316,259317,259318,259319,259320,259321,259322,259323,259324,259325,259326,259327,259328,259329,259330,259331,259332,259333,259334,259335,259336,259337,259338,259339,259340,259341,259342,259343,259344,259345,259346,259347,259348,259349,259350,259351,259352,259353,259354,259355,259356,259357,259358,259359,259360,259361,259362,259363,259364,259365,259366,259367,259368,259369,259370,259371,259372
106,10601,'106-Saturday-1-26-09-0000010',215752,215753,215754,215755,215756,215757,215758,215759,215760,215761,215762,215763,215764,215765,215766,215767,215768,215769,215770,215771,215772,215773,215774,215775,215776,215777,215778,215779,215780,215781,215782,215783,215784,215785,215786,215787
106,10601,'106-Sunday-1-26-09-0000001',215788,215789,215790,215791,215792,215793,215794,215795,215796,215797,215798,215799,215800,215801,215802,215803,215804,215805,215806,215807,215808,215809,215810,215811,215812,215813,215814,215815,215816,215817,215818,215819,215820
107,10700,'107-Weekday-1-26-09-1111100',215821,215822,215823,215824,215825,215826,215827,215828,215829,215830,215831,215832,215833,215834,215835,215836,215837,215838,215839,215840,215841,215842,215843,215844,215845,215846,215847,215848,215849,215850,215851,215852,215853,215854,215855,215856,215857,215858,215859,215860,215861,215862,215863,215864,215865,215866,215867,215868,215869,215870,215871,215872,215873,215874,215875,215876,215877,215878,215879
107,10700,'107-Weekday-2-26-09-1111100',215880,215881,215882,215883,215884,215885,215886,215887,215888,215889,215890,215891,215892,215893,215894,215895,215896,215897,215898,215899,215900,215901,215902,215903,215904,215905,215906,215907,215908,215909,215910,215911,215912,215913,215914,215915,215916,215917,215918,215919,215920,215921,215922,215923,215924,215925,215926,215927,215928,215929,215930,215931,215932,215933,215934,215935,215936,215937,215938
107,10700,'107-Weekday-3-26-09-1111100',259373,259374,259375,259376,259377,259378,259379,259380,259381,259382,259383,259384,259385,259386,259387,259388,259389,259390,259391,259392,259393,259394,259395,259396,259397,259398,259399,259400,259401,259402,259403,259404,259405,259406,259407,259408,259409,259410,259411,259412,259413,259414,259415,259416,259417,259418,259419,259420,259421,259422,259423,259424,259425,259426,259427,259428,259429,259430,259431
107,10700,'107-Weekday-4-26-09-1111100',215939,215940,215941,215942,215943,215944,215945,215946,215947,215948,215949,215950,215951,215952,215953,215954,215955,215956,215957,215958,215959,215960,215961,215962,215963,215964,215965,215966,215967,215968,215969,215970,215971,215972,215973,215974,215975,215976,215977,215978,215979,215980,215981,215982,215983,215984,215985,215986,215987,215988,215989,215990,215991,215992,215993,215994,215995,215996
107,10700,'107-Weekday-5-26-09-1111100',259432,259433,259434,259435,259436,259437,259438,259439,259440,259441,259442,259443,259444,259445,259446,259447,259448,259449,259450,259451,259452,259453,259454,259455,259456,259457,259458,259459,259460,259461,259462,259463,259464,259465,259466,259467,259468,259469,259470,259471,259472,259473,259474,259475,259476,259477,259478,259479,259480,259481,259482,259483,259484,259485,259486,259487,259488,259489
107,10700,'107-Weekday-6-26-09-1111100',259490,259491,259492,259493,259494,259495,259496,259497,259498,259499,259500,259501,259502,259503,259504,259505,259506,259507,259508,259509,259510,259511,259512,259513,259514,259515,259516,259517,259518,259519,259520,259521,259522,259523,259524,259525,259526,259527,259528,259529,259530,259531,259532,259533,259534,259535,259536,259537,259538,259539,259540,259541,259542,259543,259544,259545,259546,259547,259548
107,10700,'107-Weekday-7-26-09-1111100',259549,259550,259551,259552,259553,259554,259555,259556,259557,259558,259559,259560,259561,259562,259563,259564,259565,259566,259567,259568,259569,259570,259571,259572,259573,259574,259575,259576,259577,259578,259579,259580,259581,259582,259583,259584,259585,259586,259587,259588,259589,259590,259591,259592,259593,259594,259595,259596,259597,259598,259599,259600,259601,259602,259603,259604,259605,259606
107,10700,'107-Saturday-1-26-09-0000010',215997,215998,215999,216000,216001,216002,216003,216004,216005,216006,216007,216008,216009,216010,216011,216012,216013,216014,216015,216016,216017,216018,216019,216020,216021,216022,216023,216024,216025,216026
107,10700,'107-Sunday-1-26-09-0000001',216027,216028,216029,216030,216031,216032,216033,216034,216035,216036,216037,216038,216039,216040,216041,216042,216043,216044,216045,216046,216047,216048,216049,216050,216051,216052,216053,216054
107,10701,'107-Weekday-1-26-09-1111100',216055,216056,216057,216058,216059,216060,216061,216062,216063,216064,216065,216066,216067,216068,216069,216070,216071,216072,216073,216074,216075,216076,216077,216078,216079,216080,216081,216082,216083,216084,216085,216086,216087,216088,216089,216090,216091,216092,216093,216094,216095,216096,216097,216098,216099,216100,216101,216102,216103,216104,216105,216106,216107,216108,216109,216110,216111,216112,216113,216114
107,10701,'107-Weekday-2-26-09-1111100',216115,216116,216117,216118,216119,216120,216121,216122,216123,216124,216125,216126,216127,216128,216129,216130,216131,216132,216133,216134,216135,216136,216137,216138,216139,216140,216141,216142,216143,216144,216145,216146,216147,216148,216149,216150,216151,216152,216153,216154,216155,216156,216157,216158,216159,216160,216161,216162,216163,216164,216165,216166,216167,216168,216169,216170,216171,216172,216173,216174
107,10701,'107-Weekday-3-26-09-1111100',259607,259608,259609,259610,259611,259612,259613,259614,259615,259616,259617,259618,259619,259620,259621,259622,259623,259624,259625,259626,259627,259628,259629,259630,259631,259632,259633,259634,259635,259636,259637,259638,259639,259640,259641,259642,259643,259644,259645,259646,259647,259648,259649,259650,259651,259652,259653,259654,259655,259656,259657,259658,259659,259660,259661,259662,259663,259664,259665,259666
107,10701,'107-Weekday-4-26-09-1111100',216175,216176,216177,216178,216179,216180,216181,216182,216183,216184,216185,216186,216187,216188,216189,216190,216191,216192,216193,216194,216195,216196,216197,216198,216199,216200,216201,216202,216203,216204,216205,216206,216207,216208,216209,216210,216211,216212,216213,216214,216215,216216,216217,216218,216219,216220,216221,216222,216223,216224,216225,216226,216227,216228,216229,216230,216231,216232
107,10701,'107-Weekday-5-26-09-1111100',259667,259668,259669,259670,259671,259672,259673,259674,259675,259676,259677,259678,259679,259680,259681,259682,259683,259684,259685,259686,259687,259688,259689,259690,259691,259692,259693,259694,259695,259696,259697,259698,259699,259700,259701,259702,259703,259704,259705,259706,259707,259708,259709,259710,259711,259712,259713,259714,259715,259716,259717,259718,259719,259720,259721,259722,259723,259724
107,10701,'107-Weekday-6-26-09-1111100',259725,259726,259727,259728,259729,259730,259731,259732,259733,259734,259735,259736,259737,259738,259739,259740,259741,259742,259743,259744,259745,259746,259747,259748,259749,259750,259751,259752,259753,259754,259755,259756,259757,259758,259759,259760,259761,259762,259763,259764,259765,259766,259767,259768,259769,259770,259771,259772,259773,259774,259775,259776,259777,259778,259779,259780,259781,259782,259783,259784
107,10701,'107-Weekday-7-26-09-1111100',259785,259786,259787,259788,259789,259790,259791,259792,259793,259794,259795,259796,259797,259798,259799,259800,259801,259802,259803,259804,259805,259806,259807,259808,259809,259810,259811,259812,259813,259814,259815,259816,259817,259818,259819,259820,259821,259822,259823,259824,259825,259826,259827,259828,259829,259830,259831,259832,259833,259834,259835,259836,259837,259838,259839,259840,259841,259842
107,10701,'107-Saturday-1-26-09-0000010',216233,216234,216235,216236,216237,216238,216239,216240,216241,216242,216243,216244,216245,216246,216247,216248,216249,216250,216251,216252,216253,216254,216255,216256,216257,216258,216259,216260,216261,216262,216263
107,10701,'107-Sunday-1-26-09-0000001',216264,216265,216266,216267,216268,216269,216270,216271,216272,216273,216274,216275,216276,216277,216278,216279,216280,216281,216282,216283,216284,216285,216286,216287,216288,216289,216290,216291
108,10800,'108-Weekday-1-26-09-1110100',216292
108,10800,'108-Weekday-1-26-09-1111100',216293,216294,216295,216296,216297,216298,216299,216300,216301,216302,216303,216304,216305,216306,216307,216308,216309,216310,216311,216312,216313,216314,216315,216316,216317,216318,216319,216320,216321,216322,216323,216324,216325,216326,216327,216328,216329,216330,216331,216332,216333,216334,216335,216336,216337,216338,216339,216340,216341,216342,216343,216344,216345,216346,216347,216348,216349,216350,216351,216352,216353,216354,216355,216356,216357,216358,216359,216360,216361
108,10800,'108-Weekday-2-26-09-1110100',216362
108,10800,'108-Weekday-2-26-09-1111100',216363,216364,216365,216366,216367,216368,216369,216370,216371,216372,216373,216374,216375,216376,216377,216378,216379,216380,216381,216382,216383,216384,216385,216386,216387,216388,216389,216390,216391,216392,216393,216394,216395,216396,216397,216398,216399,216400,216401,216402,216403,216404,216405,216406,216407,216408,216409,216410,216411,216412,216413,216414,216415,216416,216417,216418,216419,216420,216421,216422,216423,216424,216425,216426,216427,216428,216429,216430,216431
108,10800,'108-Weekday-3-26-09-1111100',259843,259844,259845,259846,259847,259848,259849,259850,259851,259852,259853,259854,259855,259856,259857,259858,259859,259860,259861,259862,259863,259864,259865,259866,259867,259868,259869,259870,259871,259872,259873,259874,259875,259876,259877,259878,259879,259880,259881,259882,259883,259884,259885,259886,259887,259888,259889,259890,259891,259892,259893,259894,259895,259896,259897,259898,259899,259900,259901,259902,259903,259904,259905,259906,259907,259908,259909,259910
108,10800,'108-Weekday-4-26-09-1111100',216432,216433,216434,216435,216436,216437,216438,216439,216440,216441,216442,216443,216444,216445,216446,216447,216448,216449,216450,216451,216452,216453,216454,216455,216456,216457,216458,216459,216460,216461,216462,216463,216464,216465,216466,216467,216468,216469,216470,216471,216472,216473,216474,216475,216476,216477,216478,216479,216480,216481,216482,216483,216484,216485,216486,216487,216488,216489,216490,216491,216492,216493,216494,216495,216496,216497,216498,216499
108,10800,'108-Weekday-5-26-09-1111100',259911,259912,259913,259914,259915,259916,259917,259918,259919,259920,259921,259922,259923,259924,259925,259926,259927,259928,259929,259930,259931,259932,259933,259934,259935,259936,259937,259938,259939,259940,259941,259942,259943,259944,259945,259946,259947,259948,259949,259950,259951,259952,259953,259954,259955,259956,259957,259958,259959,259960,259961,259962,259963,259964,259965,259966,259967,259968,259969,259970,259971,259972,259973,259974,259975,259976,259977,259978
108,10800,'108-Weekday-6-26-09-1110100',259979
108,10800,'108-Weekday-6-26-09-1111100',259980,259981,259982,259983,259984,259985,259986,259987,259988,259989,259990,259991,259992,259993,259994,259995,259996,259997,259998,259999,260000,260001,260002,260003,260004,260005,260006,260007,260008,260009,260010,260011,260012,260013,260014,260015,260016,260017,260018,260019,260020,260021,260022,260023,260024,260025,260026,260027,260028,260029,260030,260031,260032,260033,260034,260035,260036,260037,260038,260039,260040,260041,260042,260043,260044,260045,260046,260047,260048
108,10800,'108-Weekday-7-26-09-1111100',260049,260050,260051,260052,260053,260054,260055,260056,260057,260058,260059,260060,260061,260062,260063,260064,260065,260066,260067,260068,260069,260070,260071,260072,260073,260074,260075,260076,260077,260078,260079,260080,260081,260082,260083,260084,260085,260086,260087,260088,260089,260090,260091,260092,260093,260094,260095,260096,260097,260098,260099,260100,260101,260102,260103,260104,260105,260106,260107,260108,260109,260110,260111,260112,260113,260114,260115,260116
108,10800,'108-Saturday-1-26-09-0000010',216500,216501,216502,216503,216504,216505,216506,216507,216508,216509,216510,216511,216512,216513,216514,216515,216516,216517,216518,216519,216520,216521,216522,216523,216524,216525,216526,216527,216528,216529,216530,216531,216532,216533,216534,216535,216536
108,10800,'108-Sunday-1-26-09-0000001',216537,216538,216539,216540,216541,216542,216543,216544,216545,216546,216547,216548,216549,216550,216551,216552,216553,216554,216555,216556,216557,216558,216559,216560,216561,216562,216563,216564,216565,216566,216567,216568,216569,216570,216571,216572,216573
108,10801,'108-Weekday-1-26-09-0001000',216574
108,10801,'108-Weekday-1-26-09-1110100',216575
108,10801,'108-Weekday-1-26-09-1111100',216576,216577,216578,216579,216580,216581,216582,216583,216584,216585,216586,216587,216588,216589,216590,216591,216592,216593,216594,216595,216596,216597,216598,216599,216600,216601,216602,216603,216604,216605,216606,216607,216608,216609,216610,216611,216612,216613,216614,216615,216616,216617,216618,216619,216620,216621,216622,216623,216624,216625,216626,216627,216628,216629,216630,216631,216632,216633,216634,216635,216636,216637,216638,216639,216640,216641,216642,216643
108,10801,'108-Weekday-2-26-09-1110100',216644
108,10801,'108-Weekday-2-26-09-1111100',216645,216646,216647,216648,216649,216650,216651,216652,216653,216654,216655,216656,216657,216658,216659,216660,216661,216662,216663,216664,216665,216666,216667,216668,216669,216670,216671,216672,216673,216674,216675,216676,216677,216678,216679,216680,216681,216682,216683,216684,216685,216686,216687,216688,216689,216690,216691,216692,216693,216694,216695,216696,216697,216698,216699,216700,216701,216702,216703,216704,216705,216706,216707,216708,216709,216710,216711,216712
108,10801,'108-Weekday-3-26-09-1111100',260117,260118,260119,260120,260121,260122,260123,260124,260125,260126,260127,260128,260129,260130,260131,260132,260133,260134,260135,260136,260137,260138,260139,260140,260141,260142,260143,260144,260145,260146,260147,260148,260149,260150,260151,260152,260153,260154,260155,260156,260157,260158,260159,260160,260161,260162,260163,260164,260165,260166,260167,260168,260169,260170,260171,260172,260173,260174,260175,260176,260177,260178,260179,260180,260181,260182,260183,260184
108,10801,'108-Weekday-4-26-09-1111100',216713,216714,216715,216716,216717,216718,216719,216720,216721,216722,216723,216724,216725,216726,216727,216728,216729,216730,216731,216732,216733,216734,216735,216736,216737,216738,216739,216740,216741,216742,216743,216744,216745,216746,216747,216748,216749,216750,216751,216752,216753,216754,216755,216756,216757,216758,216759,216760,216761,216762,216763,216764,216765,216766,216767,216768,216769,216770,216771,216772,216773,216774,216775,216776,216777,216778,216779,216780
108,10801,'108-Weekday-5-26-09-1111100',260185,260186,260187,260188,260189,260190,260191,260192,260193,260194,260195,260196,260197,260198,260199,260200,260201,260202,260203,260204,260205,260206,260207,260208,260209,260210,260211,260212,260213,260214,260215,260216,260217,260218,260219,260220,260221,260222,260223,260224,260225,260226,260227,260228,260229,260230,260231,260232,260233,260234,260235,260236,260237,260238,260239,260240,260241,260242,260243,260244,260245,260246,260247,260248,260249,260250,260251,260252
108,10801,'108-Weekday-6-26-09-1110100',260253
108,10801,'108-Weekday-6-26-09-1111100',260254,260255,260256,260257,260258,260259,260260,260261,260262,260263,260264,260265,260266,260267,260268,260269,260270,260271,260272,260273,260274,260275,260276,260277,260278,260279,260280,260281,260282,260283,260284,260285,260286,260287,260288,260289,260290,260291,260292,260293,260294,260295,260296,260297,260298,260299,260300,260301,260302,260303,260304,260305,260306,260307,260308,260309,260310,260311,260312,260313,260314,260315,260316,260317,260318,260319,260320,260321
108,10801,'108-Weekday-7-26-09-1111100',260322,260323,260324,260325,260326,260327,260328,260329,260330,260331,260332,260333,260334,260335,260336,260337,260338,260339,260340,260341,260342,260343,260344,260345,260346,260347,260348,260349,260350,260351,260352,260353,260354,260355,260356,260357,260358,260359,260360,260361,260362,260363,260364,260365,260366,260367,260368,260369,260370,260371,260372,260373,260374,260375,260376,260377,260378,260379,260380,260381,260382,260383,260384,260385,260386,260387,260388,260389
108,10801,'108-Saturday-1-26-09-0000010',216781,216782,216783,216784,216785,216786,216787,216788,216789,216790,216791,216792,216793,216794,216795,216796,216797,216798,216799,216800,216801,216802,216803,216804,216805,216806,216807,216808,216809,216810,216811,216812,216813,216814,216815,216816,216817
108,10801,'108-Sunday-1-26-09-0000001',216818,216819,216820,216821,216822,216823,216824,216825,216826,216827,216828,216829,216830,216831,216832,216833,216834,216835,216836,216837,216838,216839,216840,216841,216842,216843,216844,216845,216846,216847,216848,216849,216850,216851,216852,216853,216854
109,10900,'109-Weekday-1-26-09-1111100',216855,216856,216857,216858,216859,216860,216861,216862,216863,216864,216865,216866,216867,216868,216869,216870,216871,216872,216873,216874,216875,216876,216877,216878,216879,216880,216881,216882,216883,216884,216885,216886,216887,216888,216889,216890,216891,216892,216893,216894,216895,216896,216897,216898,216899
109,10900,'109-Weekday-2-26-09-1111100',216900,216901,216902,216903,216904,216905,216906,216907,216908,216909,216910,216911,216912,216913,216914,216915,216916,216917,216918,216919,216920,216921,216922,216923,216924,216925,216926,216927,216928,216929,216930,216931,216932,216933,216934,216935,216936,216937,216938,216939,216940,216941,216942,216943,216944
109,10900,'109-Weekday-3-26-09-1111100',260390,260391,260392,260393,260394,260395,260396,260397,260398,260399,260400,260401,260402,260403,260404,260405,260406,260407,260408,260409,260410,260411,260412,260413,260414,260415,260416,260417,260418,260419,260420,260421,260422,260423,260424,260425,260426,260427,260428,260429,260430,260431,260432,260433,260434
109,10900,'109-Weekday-4-26-09-1111100',216945,216946,216947,216948,216949,216950,216951,216952,216953,216954,216955,216956,216957,216958,216959,216960,216961,216962,216963,216964,216965,216966,216967,216968,216969,216970,216971,216972,216973,216974,216975,216976,216977,216978,216979,216980,216981,216982,216983,216984,216985,216986,216987,216988,216989
109,10900,'109-Weekday-5-26-09-1111100',260435,260436,260437,260438,260439,260440,260441,260442,260443,260444,260445,260446,260447,260448,260449,260450,260451,260452,260453,260454,260455,260456,260457,260458,260459,260460,260461,260462,260463,260464,260465,260466,260467,260468,260469,260470,260471,260472,260473,260474,260475,260476,260477,260478,260479
109,10900,'109-Weekday-6-26-09-1111100',260480,260481,260482,260483,260484,260485,260486,260487,260488,260489,260490,260491,260492,260493,260494,260495,260496,260497,260498,260499,260500,260501,260502,260503,260504,260505,260506,260507,260508,260509,260510,260511,260512,260513,260514,260515,260516,260517,260518,260519,260520,260521,260522,260523,260524
109,10900,'109-Weekday-7-26-09-1111100',260525,260526,260527,260528,260529,260530,260531,260532,260533,260534,260535,260536,260537,260538,260539,260540,260541,260542,260543,260544,260545,260546,260547,260548,260549,260550,260551,260552,260553,260554,260555,260556,260557,260558,260559,260560,260561,260562,260563,260564,260565,260566,260567,260568,260569
109,10900,'109-Saturday-1-26-09-0000010',216990,216991,216992,216993,216994,216995,216996,216997,216998,216999,217000,217001,217002,217003,217004,217005,217006,217007,217008,217009,217010,217011,217012,217013,217014,217015,217016,217017,217018
109,10900,'109-Sunday-1-26-09-0000001',217019,217020,217021,217022,217023,217024,217025,217026,217027,217028,217029,217030,217031,217032,217033,217034,217035,217036
109,10901,'109-Weekday-1-26-09-1111100',217037,217038,217039,217040,217041,217042,217043,217044,217045,217046,217047,217048,217049,217050,217051,217052,217053,217054,217055,217056,217057,217058,217059,217060,217061,217062,217063,217064,217065,217066,217067,217068,217069,217070,217071,217072,217073,217074,217075,217076,217077,217078,217079,217080
109,10901,'109-Weekday-2-26-09-1111100',217081,217082,217083,217084,217085,217086,217087,217088,217089,217090,217091,217092,217093,217094,217095,217096,217097,217098,217099,217100,217101,217102,217103,217104,217105,217106,217107,217108,217109,217110,217111,217112,217113,217114,217115,217116,217117,217118,217119,217120,217121,217122,217123,217124
109,10901,'109-Weekday-3-26-09-1111100',260570,260571,260572,260573,260574,260575,260576,260577,260578,260579,260580,260581,260582,260583,260584,260585,260586,260587,260588,260589,260590,260591,260592,260593,260594,260595,260596,260597,260598,260599,260600,260601,260602,260603,260604,260605,260606,260607,260608,260609,260610,260611,260612,260613
109,10901,'109-Weekday-4-26-09-1111100',217125,217126,217127,217128,217129,217130,217131,217132,217133,217134,217135,217136,217137,217138,217139,217140,217141,217142,217143,217144,217145,217146,217147,217148,217149,217150,217151,217152,217153,217154,217155,217156,217157,217158,217159,217160,217161,217162,217163,217164,217165,217166,217167,217168
109,10901,'109-Weekday-5-26-09-1111100',260614,260615,260616,260617,260618,260619,260620,260621,260622,260623,260624,260625,260626,260627,260628,260629,260630,260631,260632,260633,260634,260635,260636,260637,260638,260639,260640,260641,260642,260643,260644,260645,260646,260647,260648,260649,260650,260651,260652,260653,260654,260655,260656,260657
109,10901,'109-Weekday-6-26-09-1111100',260658,260659,260660,260661,260662,260663,260664,260665,260666,260667,260668,260669,260670,260671,260672,260673,260674,260675,260676,260677,260678,260679,260680,260681,260682,260683,260684,260685,260686,260687,260688,260689,260690,260691,260692,260693,260694,260695,260696,260697,260698,260699,260700,260701
109,10901,'109-Weekday-7-26-09-1111100',260702,260703,260704,260705,260706,260707,260708,260709,260710,260711,260712,260713,260714,260715,260716,260717,260718,260719,260720,260721,260722,260723,260724,260725,260726,260727,260728,260729,260730,260731,260732,260733,260734,260735,260736,260737,260738,260739,260740,260741,260742,260743,260744,260745
109,10901,'109-Saturday-1-26-09-0000010',217169,217170,217171,217172,217173,217174,217175,217176,217177,217178,217179,217180,217181,217182,217183,217184,217185,217186,217187,217188,217189,217190,217191,217192,217193,217194,217195,217196
109,10901,'109-Sunday-1-26-09-0000001',217197,217198,217199,217200,217201,217202,217203,217204,217205,217206,217207,217208,217209,217210,217211,217212,217213,217214
111,11100,'111-Weekday-1-26-09-1111100',217215,217216,217217,217218,217219,217220,217221
111,11100,'111-Weekday-2-26-09-1111100',217222,217223,217224,217225,217226,217227,217228
111,11100,'111-Weekday-3-26-09-1111100',260746,260747,260748,260749,260750,260751,260752
111,11100,'111-Weekday-4-26-09-1111100',217229,217230,217231,217232,217233,217234,217235
111,11100,'111-Weekday-5-26-09-1111100',260753,260754,260755,260756,260757,260758,260759
111,11100,'111-Weekday-6-26-09-1111100',260760,260761,260762,260763,260764,260765,260766
111,11100,'111-Weekday-7-26-09-1111100',260767,260768,260769,260770,260771,260772,260773
111,11100,'111-Saturday-1-26-09-0000010',217236,217237,217238,217239,217240,217241,217242
111,11101,'111-Weekday-1-26-09-1111100',217243,217244,217245,217246,217247,217248,217249
111,11101,'111-Weekday-2-26-09-1111100',217250,217251,217252,217253,217254,217255,217256
111,11101,'111-Weekday-3-26-09-1111100',260774,260775,260776,260777,260778,260779,260780
111,11101,'111-Weekday-4-26-09-1111100',217257,217258,217259,217260,217261,217262,217263
111,11101,'111-Weekday-5-26-09-1111100',260781,260782,260783,260784,260785,260786,260787
111,11101,'111-Weekday-6-26-09-1111100',260788,260789,260790,260791,260792,260793,260794
111,11101,'111-Weekday-7-26-09-1111100',260795,260796,260797,260798,260799,260800,260801
111,11101,'111-Saturday-1-26-09-0000010',217264,217265,217266,217267,217268,217269,217270
112,11200,'112-Weekday-1-26-09-0001000',217271
112,11200,'112-Weekday-1-26-09-1110100',217272
112,11200,'112-Weekday-1-26-09-1111100',217273,217274,217275,217276,217277,217278,217279,217280,217281,217282,217283,217284,217285,217286,217287,217288,217289,217290,217291,217292,217293,217294,217295,217296,217297,217298,217299,217300,217301,217302,217303,217304,217305,217306,217307,217308,217309
112,11200,'112-Weekday-2-26-09-1111100',217310,217311,217312,217313,217314,217315,217316,217317,217318,217319,217320,217321,217322,217323,217324,217325,217326,217327,217328,217329,217330,217331,217332,217333,217334,217335,217336,217337,217338,217339,217340,217341,217342,217343,217344,217345,217346
112,11200,'112-Weekday-3-26-09-1110100',260802
112,11200,'112-Weekday-3-26-09-1111100',260803,260804,260805,260806,260807,260808,260809,260810,260811,260812,260813,260814,260815,260816,260817,260818,260819,260820,260821,260822,260823,260824,260825,260826,260827,260828,260829,260830,260831,260832,260833,260834,260835,260836,260837,260838,260839
112,11200,'112-Weekday-4-26-09-1111100',217347,217348,217349,217350,217351,217352,217353,217354,217355,217356,217357,217358,217359,217360,217361,217362,217363,217364,217365,217366,217367,217368,217369,217370,217371,217372,217373,217374,217375,217376,217377,217378,217379,217380,217381,217382,217383
112,11200,'112-Weekday-5-26-09-1111100',260840,260841,260842,260843,260844,260845,260846,260847,260848,260849,260850,260851,260852,260853,260854,260855,260856,260857,260858,260859,260860,260861,260862,260863,260864,260865,260866,260867,260868,260869,260870,260871,260872,260873,260874,260875,260876
112,11200,'112-Weekday-6-26-09-1110100',260877
112,11200,'112-Weekday-6-26-09-1111100',260878,260879,260880,260881,260882,260883,260884,260885,260886,260887,260888,260889,260890,260891,260892,260893,260894,260895,260896,260897,260898,260899,260900,260901,260902,260903,260904,260905,260906,260907,260908,260909,260910,260911,260912,260913,260914
112,11200,'112-Weekday-7-26-09-1111100',260915,260916,260917,260918,260919,260920,260921,260922,260923,260924,260925,260926,260927,260928,260929,260930,260931,260932,260933,260934,260935,260936,260937,260938,260939,260940,260941,260942,260943,260944,260945,260946,260947,260948,260949,260950,260951
112,11200,'112-Saturday-1-26-09-0000010',217384,217385,217386,217387,217388,217389,217390,217391,217392,217393,217394,217395,217396,217397,217398,217399,217400,217401,217402,217403,217404,217405,217406
112,11200,'112-Sunday-1-26-09-0000001',217407,217408,217409,217410,217411,217412,217413,217414,217415,217416,217417,217418,217419,217420,217421,217422,217423,217424
112,11201,'112-Weekday-1-26-09-1111100',217425,217426,217427,217428,217429,217430,217431,217432,217433,217434,217435,217436,217437,217438,217439,217440,217441,217442,217443,217444,217445,217446,217447,217448,217449,217450,217451,217452,217453,217454,217455,217456,217457,217458,217459,217460,217461,217462
112,11201,'112-Weekday-2-26-09-1111100',217463,217464,217465,217466,217467,217468,217469,217470,217471,217472,217473,217474,217475,217476,217477,217478,217479,217480,217481,217482,217483,217484,217485,217486,217487,217488,217489,217490,217491,217492,217493,217494,217495,217496,217497,217498,217499
112,11201,'112-Weekday-3-26-09-1111100',260952,260953,260954,260955,260956,260957,260958,260959,260960,260961,260962,260963,260964,260965,260966,260967,260968,260969,260970,260971,260972,260973,260974,260975,260976,260977,260978,260979,260980,260981,260982,260983,260984,260985,260986,260987,260988,260989
112,11201,'112-Weekday-4-26-09-1111100',217500,217501,217502,217503,217504,217505,217506,217507,217508,217509,217510,217511,217512,217513,217514,217515,217516,217517,217518,217519,217520,217521,217522,217523,217524,217525,217526,217527,217528,217529,217530,217531,217532,217533,217534,217535,217536
112,11201,'112-Weekday-5-26-09-1111100',260990,260991,260992,260993,260994,260995,260996,260997,260998,260999,261000,261001,261002,261003,261004,261005,261006,261007,261008,261009,261010,261011,261012,261013,261014,261015,261016,261017,261018,261019,261020,261021,261022,261023,261024,261025,261026
112,11201,'112-Weekday-6-26-09-1111100',261027,261028,261029,261030,261031,261032,261033,261034,261035,261036,261037,261038,261039,261040,261041,261042,261043,261044,261045,261046,261047,261048,261049,261050,261051,261052,261053,261054,261055,261056,261057,261058,261059,261060,261061,261062,261063,261064
112,11201,'112-Weekday-7-26-09-1111100',261065,261066,261067,261068,261069,261070,261071,261072,261073,261074,261075,261076,261077,261078,261079,261080,261081,261082,261083,261084,261085,261086,261087,261088,261089,261090,261091,261092,261093,261094,261095,261096,261097,261098,261099,261100,261101
112,11201,'112-Saturday-1-26-09-0000010',217537,217538,217539,217540,217541,217542,217543,217544,217545,217546,217547,217548,217549,217550,217551,217552,217553,217554,217555,217556,217557,217558,217559
112,11201,'112-Sunday-1-26-09-0000001',217560,217561,217562,217563,217564,217565,217566,217567,217568,217569,217570,217571,217572,217573,217574,217575,217576,217577
113,11300,'113-Weekday-1-26-09-1111100',217578,217579,217580,217581,217582,217583,217584,217585,217586,217587,217588,217589,217590,217591,217592,217593,217594,217595,217596,217597,217598,217599,217600,217601,217602,217603,217604,217605,217606,217607,217608,217609,217610,217611,217612,217613,217614,217615,217616,217617,217618,217619,217620,217621,217622,217623,217624,217625
113,11300,'113-Weekday-2-26-09-1111100',217626,217627,217628,217629,217630,217631,217632,217633,217634,217635,217636,217637,217638,217639,217640,217641,217642,217643,217644,217645,217646,217647,217648,217649,217650,217651,217652,217653,217654,217655,217656,217657,217658,217659,217660,217661,217662,217663,217664,217665,217666,217667,217668,217669,217670,217671,217672,217673
113,11300,'113-Weekday-3-26-09-1111100',261102,261103,261104,261105,261106,261107,261108,261109,261110,261111,261112,261113,261114,261115,261116,261117,261118,261119,261120,261121,261122,261123,261124,261125,261126,261127,261128,261129,261130,261131,261132,261133,261134,261135,261136,261137,261138,261139,261140,261141,261142,261143,261144,261145,261146,261147,261148,261149
113,11300,'113-Weekday-4-26-09-1111100',217674,217675,217676,217677,217678,217679,217680,217681,217682,217683,217684,217685,217686,217687,217688,217689,217690,217691,217692,217693,217694,217695,217696,217697,217698,217699,217700,217701,217702,217703,217704,217705,217706,217707,217708,217709,217710,217711,217712,217713,217714,217715,217716,217717,217718,217719,217720,217721
113,11300,'113-Weekday-5-26-09-1111100',261150,261151,261152,261153,261154,261155,261156,261157,261158,261159,261160,261161,261162,261163,261164,261165,261166,261167,261168,261169,261170,261171,261172,261173,261174,261175,261176,261177,261178,261179,261180,261181,261182,261183,261184,261185,261186,261187,261188,261189,261190,261191,261192,261193,261194,261195,261196,261197
113,11300,'113-Weekday-6-26-09-1111100',261198,261199,261200,261201,261202,261203,261204,261205,261206,261207,261208,261209,261210,261211,261212,261213,261214,261215,261216,261217,261218,261219,261220,261221,261222,261223,261224,261225,261226,261227,261228,261229,261230,261231,261232,261233,261234,261235,261236,261237,261238,261239,261240,261241,261242,261243,261244,261245
113,11300,'113-Weekday-7-26-09-1111100',261246,261247,261248,261249,261250,261251,261252,261253,261254,261255,261256,261257,261258,261259,261260,261261,261262,261263,261264,261265,261266,261267,261268,261269,261270,261271,261272,261273,261274,261275,261276,261277,261278,261279,261280,261281,261282,261283,261284,261285,261286,261287,261288,261289,261290,261291,261292,261293
113,11300,'113-Saturday-1-26-09-0000010',217722,217723,217724,217725,217726,217727,217728,217729,217730,217731,217732,217733,217734,217735,217736,217737,217738,217739,217740,217741,217742,217743,217744,217745,217746,217747,217748,217749,217750,217751,217752,217753,217754,217755
113,11300,'113-Sunday-1-26-09-0000001',217756,217757,217758,217759,217760,217761,217762,217763,217764,217765,217766,217767,217768,217769,217770,217771,217772,217773,217774,217775,217776,217777,217778,217779,217780,217781,217782,217783,217784,217785,217786,217787,217788,217789
113,11301,'113-Weekday-1-26-09-1111100',217790,217791,217792,217793,217794,217795,217796,217797,217798,217799,217800,217801,217802,217803,217804,217805,217806,217807,217808,217809,217810,217811,217812,217813,217814,217815,217816,217817,217818,217819,217820,217821,217822,217823,217824,217825,217826,217827,217828,217829,217830,217831,217832,217833,217834,217835,217836,217837
113,11301,'113-Weekday-2-26-09-1111100',217838,217839,217840,217841,217842,217843,217844,217845,217846,217847,217848,217849,217850,217851,217852,217853,217854,217855,217856,217857,217858,217859,217860,217861,217862,217863,217864,217865,217866,217867,217868,217869,217870,217871,217872,217873,217874,217875,217876,217877,217878,217879,217880,217881,217882,217883,217884,217885
113,11301,'113-Weekday-3-26-09-1111100',261294,261295,261296,261297,261298,261299,261300,261301,261302,261303,261304,261305,261306,261307,261308,261309,261310,261311,261312,261313,261314,261315,261316,261317,261318,261319,261320,261321,261322,261323,261324,261325,261326,261327,261328,261329,261330,261331,261332,261333,261334,261335,261336,261337,261338,261339,261340,261341
113,11301,'113-Weekday-4-26-09-1111100',217886,217887,217888,217889,217890,217891,217892,217893,217894,217895,217896,217897,217898,217899,217900,217901,217902,217903,217904,217905,217906,217907,217908,217909,217910,217911,217912,217913,217914,217915,217916,217917,217918,217919,217920,217921,217922,217923,217924,217925,217926,217927,217928,217929,217930,217931,217932,217933
113,11301,'113-Weekday-5-26-09-1111100',261342,261343,261344,261345,261346,261347,261348,261349,261350,261351,261352,261353,261354,261355,261356,261357,261358,261359,261360,261361,261362,261363,261364,261365,261366,261367,261368,261369,261370,261371,261372,261373,261374,261375,261376,261377,261378,261379,261380,261381,261382,261383,261384,261385,261386,261387,261388,261389
113,11301,'113-Weekday-6-26-09-1111100',261390,261391,261392,261393,261394,261395,261396,261397,261398,261399,261400,261401,261402,261403,261404,261405,261406,261407,261408,261409,261410,261411,261412,261413,261414,261415,261416,261417,261418,261419,261420,261421,261422,261423,261424,261425,261426,261427,261428,261429,261430,261431,261432,261433,261434,261435,261436,261437
113,11301,'113-Weekday-7-26-09-1111100',261438,261439,261440,261441,261442,261443,261444,261445,261446,261447,261448,261449,261450,261451,261452,261453,261454,261455,261456,261457,261458,261459,261460,261461,261462,261463,261464,261465,261466,261467,261468,261469,261470,261471,261472,261473,261474,261475,261476,261477,261478,261479,261480,261481,261482,261483,261484,261485
113,11301,'113-Saturday-1-26-09-0000010',217934,217935,217936,217937,217938,217939,217940,217941,217942,217943,217944,217945,217946,217947,217948,217949,217950,217951,217952,217953,217954,217955,217956,217957,217958,217959,217960,217961,217962,217963,217964,217965,217966,217967,217968
113,11301,'113-Sunday-1-26-09-0000001',217969,217970,217971,217972,217973,217974,217975,217976,217977,217978,217979,217980,217981,217982,217983,217984,217985,217986,217987,217988,217989,217990,217991,217992,217993,217994,217995,217996,217997,217998,217999,218000
114,11400,'114-Weekday-1-26-09-1111100',218001,218002,218003,218004,218005,218006,218007,218008,218009,218010,218011,218012,218013,218014,218015,218016,218017,218018,218019,218020,218021,218022,218023,218024,218025,218026,218027,218028,218029,218030,218031,218032,218033,218034,218035,218036,218037,218038,218039,218040,218041,218042,218043,218044,218045,218046,218047,218048,218049,218050,218051,218052,218053,218054,218055,218056,218057,218058,218059,218060,218061,218062,218063,218064,218065,218066,218067,218068
114,11400,'114-Weekday-2-26-09-1111100',218069,218070,218071,218072,218073,218074,218075,218076,218077,218078,218079,218080,218081,218082,218083,218084,218085,218086,218087,218088,218089,218090,218091,218092,218093,218094,218095,218096,218097,218098,218099,218100,218101,218102,218103,218104,218105,218106,218107,218108,218109,218110,218111,218112,218113,218114,218115,218116,218117,218118,218119,218120,218121,218122,218123,218124,218125,218126,218127,218128,218129,218130,218131,218132,218133,218134,218135,218136
114,11400,'114-Weekday-3-26-09-1111100',261486,261487,261488,261489,261490,261491,261492,261493,261494,261495,261496,261497,261498,261499,261500,261501,261502,261503,261504,261505,261506,261507,261508,261509,261510,261511,261512,261513,261514,261515,261516,261517,261518,261519,261520,261521,261522,261523,261524,261525,261526,261527,261528,261529,261530,261531,261532,261533,261534,261535,261536,261537,261538,261539,261540,261541,261542,261543,261544,261545,261546,261547,261548,261549,261550,261551,261552,261553
114,11400,'114-Weekday-4-26-09-1111100',218137,218138,218139,218140,218141,218142,218143,218144,218145,218146,218147,218148,218149,218150,218151,218152,218153,218154,218155,218156,218157,218158,218159,218160,218161,218162,218163,218164,218165,218166,218167,218168,218169,218170,218171,218172,218173,218174,218175,218176,218177,218178,218179,218180,218181,218182,218183,218184,218185,218186,218187,218188,218189,218190,218191,218192,218193,218194,218195,218196,218197,218198,218199,218200,218201,218202
114,11400,'114-Weekday-5-26-09-1111100',261554,261555,261556,261557,261558,261559,261560,261561,261562,261563,261564,261565,261566,261567,261568,261569,261570,261571,261572,261573,261574,261575,261576,261577,261578,261579,261580,261581,261582,261583,261584,261585,261586,261587,261588,261589,261590,261591,261592,261593,261594,261595,261596,261597,261598,261599,261600,261601,261602,261603,261604,261605,261606,261607,261608,261609,261610,261611,261612,261613,261614,261615,261616,261617,261618,261619
114,11400,'114-Weekday-6-26-09-1111100',261620,261621,261622,261623,261624,261625,261626,261627,261628,261629,261630,261631,261632,261633,261634,261635,261636,261637,261638,261639,261640,261641,261642,261643,261644,261645,261646,261647,261648,261649,261650,261651,261652,261653,261654,261655,261656,261657,261658,261659,261660,261661,261662,261663,261664,261665,261666,261667,261668,261669,261670,261671,261672,261673,261674,261675,261676,261677,261678,261679,261680,261681,261682,261683,261684,261685,261686,261687
114,11400,'114-Weekday-7-26-09-1111100',261688,261689,261690,261691,261692,261693,261694,261695,261696,261697,261698,261699,261700,261701,261702,261703,261704,261705,261706,261707,261708,261709,261710,261711,261712,261713,261714,261715,261716,261717,261718,261719,261720,261721,261722,261723,261724,261725,261726,261727,261728,261729,261730,261731,261732,261733,261734,261735,261736,261737,261738,261739,261740,261741,261742,261743,261744,261745,261746,261747,261748,261749,261750,261751,261752,261753
114,11400,'114-Saturday-1-26-09-0000010',218203,218204,218205,218206,218207,218208,218209,218210,218211,218212,218213,218214,218215,218216,218217,218218,218219,218220,218221,218222,218223,218224,218225,218226,218227,218228,218229,218230,218231,218232,218233,218234,218235,218236,218237,218238,218239,218240,218241,218242,218243,218244,218245
114,11400,'114-Sunday-1-26-09-0000001',218246,218247,218248,218249,218250,218251,218252,218253,218254,218255,218256,218257,218258,218259,218260,218261,218262,218263,218264,218265,218266,218267,218268,218269,218270,218271,218272,218273,218274,218275,218276,218277,218278,218279,218280,218281,218282,218283,218284
114,11401,'114-Weekday-1-26-09-1111100',218285,218286,218287,218288,218289,218290,218291,218292,218293,218294,218295,218296,218297,218298,218299,218300,218301,218302,218303,218304,218305,218306,218307,218308,218309,218310,218311,218312,218313,218314,218315,218316,218317,218318,218319,218320,218321,218322,218323,218324,218325,218326,218327,218328,218329,218330,218331,218332,218333,218334,218335,218336,218337,218338,218339,218340,218341,218342,218343,218344,218345,218346,218347,218348,218349,218350,218351
114,11401,'114-Weekday-2-26-09-1111100',218352,218353,218354,218355,218356,218357,218358,218359,218360,218361,218362,218363,218364,218365,218366,218367,218368,218369,218370,218371,218372,218373,218374,218375,218376,218377,218378,218379,218380,218381,218382,218383,218384,218385,218386,218387,218388,218389,218390,218391,218392,218393,218394,218395,218396,218397,218398,218399,218400,218401,218402,218403,218404,218405,218406,218407,218408,218409,218410,218411,218412,218413,218414,218415,218416,218417,218418
114,11401,'114-Weekday-3-26-09-1111100',261754,261755,261756,261757,261758,261759,261760,261761,261762,261763,261764,261765,261766,261767,261768,261769,261770,261771,261772,261773,261774,261775,261776,261777,261778,261779,261780,261781,261782,261783,261784,261785,261786,261787,261788,261789,261790,261791,261792,261793,261794,261795,261796,261797,261798,261799,261800,261801,261802,261803,261804,261805,261806,261807,261808,261809,261810,261811,261812,261813,261814,261815,261816,261817,261818,261819,261820
114,11401,'114-Weekday-4-26-09-1111100',218419,218420,218421,218422,218423,218424,218425,218426,218427,218428,218429,218430,218431,218432,218433,218434,218435,218436,218437,218438,218439,218440,218441,218442,218443,218444,218445,218446,218447,218448,218449,218450,218451,218452,218453,218454,218455,218456,218457,218458,218459,218460,218461,218462,218463,218464,218465,218466,218467,218468,218469,218470,218471,218472,218473,218474,218475,218476,218477,218478,218479,218480
114,11401,'114-Weekday-5-26-09-1111100',261821,261822,261823,261824,261825,261826,261827,261828,261829,261830,261831,261832,261833,261834,261835,261836,261837,261838,261839,261840,261841,261842,261843,261844,261845,261846,261847,261848,261849,261850,261851,261852,261853,261854,261855,261856,261857,261858,261859,261860,261861,261862,261863,261864,261865,261866,261867,261868,261869,261870,261871,261872,261873,261874,261875,261876,261877,261878,261879,261880,261881,261882
114,11401,'114-Weekday-6-26-09-1111100',261883,261884,261885,261886,261887,261888,261889,261890,261891,261892,261893,261894,261895,261896,261897,261898,261899,261900,261901,261902,261903,261904,261905,261906,261907,261908,261909,261910,261911,261912,261913,261914,261915,261916,261917,261918,261919,261920,261921,261922,261923,261924,261925,261926,261927,261928,261929,261930,261931,261932,261933,261934,261935,261936,261937,261938,261939,261940,261941,261942,261943,261944,261945,261946,261947,261948,261949
114,11401,'114-Weekday-7-26-09-1111100',261950,261951,261952,261953,261954,261955,261956,261957,261958,261959,261960,261961,261962,261963,261964,261965,261966,261967,261968,261969,261970,261971,261972,261973,261974,261975,261976,261977,261978,261979,261980,261981,261982,261983,261984,261985,261986,261987,261988,261989,261990,261991,261992,261993,261994,261995,261996,261997,261998,261999,262000,262001,262002,262003,262004,262005,262006,262007,262008,262009,262010,262011
114,11401,'114-Saturday-1-26-09-0000010',218481,218482,218483,218484,218485,218486,218487,218488,218489,218490,218491,218492,218493,218494,218495,218496,218497,218498,218499,218500,218501,218502,218503,218504,218505,218506,218507,218508,218509,218510,218511,218512,218513,218514,218515,218516,218517,218518,218519,218520,218521,218522,218523
114,11401,'114-Sunday-1-26-09-0000001',218524,218525,218526,218527,218528,218529,218530,218531,218532,218533,218534,218535,218536,218537,218538,218539,218540,218541,218542,218543,218544,218545,218546,218547,218548,218549,218550,218551,218552,218553,218554,218555,218556,218557,218558,218559,218560,218561,218562
116,11600,'116-Weekday-1-26-09-0001000',218563
116,11600,'116-Weekday-1-26-09-1110100',218564
116,11600,'116-Weekday-1-26-09-1111100',218565,218566,218567,218568,218569,218570,218571,218572,218573,218574,218575,218576,218577,218578,218579,218580,218581,218582,218583,218584,218585,218586,218587,218588,218589,218590,218591,218592,218593,218594,218595,218596,218597,218598,218599,218600,218601,218602,218603,218604,218605,218606,218607
116,11600,'116-Weekday-2-26-09-1111100',218608,218609,218610,218611,218612,218613,218614,218615,218616,218617,218618,218619,218620,218621,218622,218623,218624,218625,218626,218627,218628,218629,218630,218631,218632,218633,218634,218635,218636,218637,218638,218639,218640,218641,218642,218643,218644,218645,218646,218647,218648,218649,218650
116,11600,'116-Weekday-3-26-09-1110100',262012
116,11600,'116-Weekday-3-26-09-1111100',262013,262014,262015,262016,262017,262018,262019,262020,262021,262022,262023,262024,262025,262026,262027,262028,262029,262030,262031,262032,262033,262034,262035,262036,262037,262038,262039,262040,262041,262042,262043,262044,262045,262046,262047,262048,262049,262050,262051,262052,262053,262054,262055
116,11600,'116-Weekday-4-26-09-1111100',218651,218652,218653,218654,218655,218656,218657,218658,218659,218660,218661,218662,218663,218664,218665,218666,218667,218668,218669,218670,218671,218672,218673,218674,218675,218676,218677,218678,218679,218680,218681,218682,218683,218684,218685,218686,218687,218688,218689,218690,218691,218692,218693
116,11600,'116-Weekday-5-26-09-1111100',262056,262057,262058,262059,262060,262061,262062,262063,262064,262065,262066,262067,262068,262069,262070,262071,262072,262073,262074,262075,262076,262077,262078,262079,262080,262081,262082,262083,262084,262085,262086,262087,262088,262089,262090,262091,262092,262093,262094,262095,262096,262097,262098
116,11600,'116-Weekday-6-26-09-1110100',262099
116,11600,'116-Weekday-6-26-09-1111100',262100,262101,262102,262103,262104,262105,262106,262107,262108,262109,262110,262111,262112,262113,262114,262115,262116,262117,262118,262119,262120,262121,262122,262123,262124,262125,262126,262127,262128,262129,262130,262131,262132,262133,262134,262135,262136,262137,262138,262139,262140,262141,262142
116,11600,'116-Weekday-7-26-09-1111100',262143,262144,262145,262146,262147,262148,262149,262150,262151,262152,262153,262154,262155,262156,262157,262158,262159,262160,262161,262162,262163,262164,262165,262166,262167,262168,262169,262170,262171,262172,262173,262174,262175,262176,262177,262178,262179,262180,262181,262182,262183,262184,262185
116,11600,'116-Saturday-1-26-09-0000010',218694,218695,218696,218697,218698,218699,218700,218701,218702,218703,218704,218705,218706,218707,218708,218709,218710,218711,218712,218713,218714,218715,218716,218717,218718,218719,218720,218721,218722,218723
116,11600,'116-Sunday-1-26-09-0000001',218724,218725,218726,218727,218728,218729,218730,218731,218732,218733,218734,218735,218736,218737,218738,218739,218740,218741,218742,218743,218744,218745,218746,218747,218748,218749
116,11601,'116-Weekday-1-26-09-1111100',218750,218751,218752,218753,218754,218755,218756,218757,218758,218759,218760,218761,218762,218763,218764,218765,218766,218767,218768,218769,218770,218771,218772,218773,218774,218775,218776,218777,218778,218779,218780,218781,218782,218783,218784,218785,218786,218787,218788,218789,218790,218791,218792
116,11601,'116-Weekday-2-26-09-1111100',218793,218794,218795,218796,218797,218798,218799,218800,218801,218802,218803,218804,218805,218806,218807,218808,218809,218810,218811,218812,218813,218814,218815,218816,218817,218818,218819,218820,218821,218822,218823,218824,218825,218826,218827,218828,218829,218830,218831,218832,218833,218834,218835
116,11601,'116-Weekday-3-26-09-1111100',262186,262187,262188,262189,262190,262191,262192,262193,262194,262195,262196,262197,262198,262199,262200,262201,262202,262203,262204,262205,262206,262207,262208,262209,262210,262211,262212,262213,262214,262215,262216,262217,262218,262219,262220,262221,262222,262223,262224,262225,262226,262227,262228
116,11601,'116-Weekday-4-26-09-1111100',218836,218837,218838,218839,218840,218841,218842,218843,218844,218845,218846,218847,218848,218849,218850,218851,218852,218853,218854,218855,218856,218857,218858,218859,218860,218861,218862,218863,218864,218865,218866,218867,218868,218869,218870,218871,218872,218873,218874,218875,218876,218877,218878
116,11601,'116-Weekday-5-26-09-1111100',262229,262230,262231,262232,262233,262234,262235,262236,262237,262238,262239,262240,262241,262242,262243,262244,262245,262246,262247,262248,262249,262250,262251,262252,262253,262254,262255,262256,262257,262258,262259,262260,262261,262262,262263,262264,262265,262266,262267,262268,262269,262270,262271
116,11601,'116-Weekday-6-26-09-1111100',262272,262273,262274,262275,262276,262277,262278,262279,262280,262281,262282,262283,262284,262285,262286,262287,262288,262289,262290,262291,262292,262293,262294,262295,262296,262297,262298,262299,262300,262301,262302,262303,262304,262305,262306,262307,262308,262309,262310,262311,262312,262313,262314
116,11601,'116-Weekday-7-26-09-1111100',262315,262316,262317,262318,262319,262320,262321,262322,262323,262324,262325,262326,262327,262328,262329,262330,262331,262332,262333,262334,262335,262336,262337,262338,262339,262340,262341,262342,262343,262344,262345,262346,262347,262348,262349,262350,262351,262352,262353,262354,262355,262356,262357
116,11601,'116-Saturday-1-26-09-0000010',218879,218880,218881,218882,218883,218884,218885,218886,218887,218888,218889,218890,218891,218892,218893,218894,218895,218896,218897,218898,218899,218900,218901,218902,218903,218904,218905,218906,218907,218908
116,11601,'116-Sunday-1-26-09-0000001',218909,218910,218911,218912,218913,218914,218915,218916,218917,218918,218919,218920,218921,218922,218923,218924,218925,218926,218927,218928,218929,218930,218931,218932,218933,218934,218935
117,11700,'117-Weekday-1-26-09-1111100',218936,218937,218938,218939,218940,218941,218942,218943,218944,218945,218946,218947,218948,218949,218950,218951,218952,218953,218954,218955,218956,218957,218958,218959,218960,218961,218962,218963,218964,218965,218966,218967,218968,218969,218970,218971,218972
117,11700,'117-Weekday-2-26-09-1111100',218973,218974,218975,218976,218977,218978,218979,218980,218981,218982,218983,218984,218985,218986,218987,218988,218989,218990,218991,218992,218993,218994,218995,218996,218997,218998,218999,219000,219001,219002,219003,219004,219005,219006,219007,219008,219009
117,11700,'117-Weekday-3-26-09-1111100',262358,262359,262360,262361,262362,262363,262364,262365,262366,262367,262368,262369,262370,262371,262372,262373,262374,262375,262376,262377,262378,262379,262380,262381,262382,262383,262384,262385,262386,262387,262388,262389,262390,262391,262392,262393,262394
117,11700,'117-Weekday-4-26-09-1111100',219010,219011,219012,219013,219014,219015,219016,219017,219018,219019,219020,219021,219022,219023,219024,219025,219026,219027,219028,219029,219030,219031,219032,219033,219034,219035,219036,219037,219038,219039,219040,219041,219042,219043,219044,219045,219046
117,11700,'117-Weekday-5-26-09-1111100',262395,262396,262397,262398,262399,262400,262401,262402,262403,262404,262405,262406,262407,262408,262409,262410,262411,262412,262413,262414,262415,262416,262417,262418,262419,262420,262421,262422,262423,262424,262425,262426,262427,262428,262429,262430,262431
117,11700,'117-Weekday-6-26-09-1111100',262432,262433,262434,262435,262436,262437,262438,262439,262440,262441,262442,262443,262444,262445,262446,262447,262448,262449,262450,262451,262452,262453,262454,262455,262456,262457,262458,262459,262460,262461,262462,262463,262464,262465,262466,262467,262468
117,11700,'117-Weekday-7-26-09-1111100',262469,262470,262471,262472,262473,262474,262475,262476,262477,262478,262479,262480,262481,262482,262483,262484,262485,262486,262487,262488,262489,262490,262491,262492,262493,262494,262495,262496,262497,262498,262499,262500,262501,262502,262503,262504,262505
117,11700,'117-Saturday-1-26-09-0000010',219047,219048,219049,219050,219051,219052,219053,219054,219055,219056,219057,219058,219059,219060,219061,219062,219063,219064,219065,219066,219067,219068,219069,219070,219071,219072,219073,219074,219075,219076,219077
117,11700,'117-Sunday-1-26-09-0000001',219078,219079,219080,219081,219082,219083,219084,219085,219086,219087,219088,219089,219090,219091,219092,219093,219094,219095,219096,219097,219098,219099,219100,219101
117,11701,'117-Weekday-1-26-09-1111100',219102,219103,219104,219105,219106,219107,219108,219109,219110,219111,219112,219113,219114,219115,219116,219117,219118,219119,219120,219121,219122,219123,219124,219125,219126,219127,219128,219129,219130,219131,219132,219133,219134,219135,219136,219137,219138
117,11701,'117-Weekday-2-26-09-1111100',219139,219140,219141,219142,219143,219144,219145,219146,219147,219148,219149,219150,219151,219152,219153,219154,219155,219156,219157,219158,219159,219160,219161,219162,219163,219164,219165,219166,219167,219168,219169,219170,219171,219172,219173,219174,219175
117,11701,'117-Weekday-3-26-09-1111100',262506,262507,262508,262509,262510,262511,262512,262513,262514,262515,262516,262517,262518,262519,262520,262521,262522,262523,262524,262525,262526,262527,262528,262529,262530,262531,262532,262533,262534,262535,262536,262537,262538,262539,262540,262541,262542
117,11701,'117-Weekday-4-26-09-1111100',219176,219177,219178,219179,219180,219181,219182,219183,219184,219185,219186,219187,219188,219189,219190,219191,219192,219193,219194,219195,219196,219197,219198,219199,219200,219201,219202,219203,219204,219205,219206,219207,219208,219209,219210,219211,219212
117,11701,'117-Weekday-5-26-09-1111100',262543,262544,262545,262546,262547,262548,262549,262550,262551,262552,262553,262554,262555,262556,262557,262558,262559,262560,262561,262562,262563,262564,262565,262566,262567,262568,262569,262570,262571,262572,262573,262574,262575,262576,262577,262578,262579
117,11701,'117-Weekday-6-26-09-1111100',262580,262581,262582,262583,262584,262585,262586,262587,262588,262589,262590,262591,262592,262593,262594,262595,262596,262597,262598,262599,262600,262601,262602,262603,262604,262605,262606,262607,262608,262609,262610,262611,262612,262613,262614,262615,262616
117,11701,'117-Weekday-7-26-09-1111100',262617,262618,262619,262620,262621,262622,262623,262624,262625,262626,262627,262628,262629,262630,262631,262632,262633,262634,262635,262636,262637,262638,262639,262640,262641,262642,262643,262644,262645,262646,262647,262648,262649,262650,262651,262652,262653
117,11701,'117-Saturday-1-26-09-0000010',219213,219214,219215,219216,219217,219218,219219,219220,219221,219222,219223,219224,219225,219226,219227,219228,219229,219230,219231,219232,219233,219234,219235,219236,219237,219238,219239,219240,219241,219242
117,11701,'117-Sunday-1-26-09-0000001',219243,219244,219245,219246,219247,219248,219249,219250,219251,219252,219253,219254,219255,219256,219257,219258,219259,219260,219261,219262,219263,219264,219265,219266,219267
118,11800,'118-Weekday-1-26-09-1111100',219268,219269,219270,219271,219272,219273,219274,219275,219276,219277,219278,219279,219280,219281,219282,219283,219284,219285,219286,219287,219288,219289,219290,219291,219292,219293,219294,219295,219296,219297,219298,219299,219300,219301,219302,219303,219304,219305,219306,219307,219308
118,11800,'118-Weekday-2-26-09-1111100',219309,219310,219311,219312,219313,219314,219315,219316,219317,219318,219319,219320,219321,219322,219323,219324,219325,219326,219327,219328,219329,219330,219331,219332,219333,219334,219335,219336,219337,219338,219339,219340,219341,219342,219343,219344,219345,219346,219347,219348,219349
118,11800,'118-Weekday-3-26-09-1111100',262654,262655,262656,262657,262658,262659,262660,262661,262662,262663,262664,262665,262666,262667,262668,262669,262670,262671,262672,262673,262674,262675,262676,262677,262678,262679,262680,262681,262682,262683,262684,262685,262686,262687,262688,262689,262690,262691,262692,262693,262694
118,11800,'118-Weekday-4-26-09-1111100',219350,219351,219352,219353,219354,219355,219356,219357,219358,219359,219360,219361,219362,219363,219364,219365,219366,219367,219368,219369,219370,219371,219372,219373,219374,219375,219376,219377,219378,219379,219380,219381,219382,219383,219384,219385,219386,219387,219388,219389,219390
118,11800,'118-Weekday-5-26-09-1111100',262695,262696,262697,262698,262699,262700,262701,262702,262703,262704,262705,262706,262707,262708,262709,262710,262711,262712,262713,262714,262715,262716,262717,262718,262719,262720,262721,262722,262723,262724,262725,262726,262727,262728,262729,262730,262731,262732,262733,262734,262735
118,11800,'118-Weekday-6-26-09-1111100',262736,262737,262738,262739,262740,262741,262742,262743,262744,262745,262746,262747,262748,262749,262750,262751,262752,262753,262754,262755,262756,262757,262758,262759,262760,262761,262762,262763,262764,262765,262766,262767,262768,262769,262770,262771,262772,262773,262774,262775,262776
118,11800,'118-Weekday-7-26-09-1111100',262777,262778,262779,262780,262781,262782,262783,262784,262785,262786,262787,262788,262789,262790,262791,262792,262793,262794,262795,262796,262797,262798,262799,262800,262801,262802,262803,262804,262805,262806,262807,262808,262809,262810,262811,262812,262813,262814,262815,262816,262817
118,11800,'118-Saturday-1-26-09-0000010',219391,219392,219393,219394,219395,219396,219397,219398,219399,219400,219401,219402,219403,219404,219405,219406,219407,219408,219409,219410,219411,219412,219413,219414,219415
118,11800,'118-Sunday-1-26-09-0000001',219416,219417,219418,219419,219420,219421,219422,219423,219424,219425,219426,219427,219428,219429,219430,219431,219432,219433,219434,219435,219436
118,11801,'118-Weekday-1-26-09-1111100',219437,219438,219439,219440,219441,219442,219443,219444,219445,219446,219447,219448,219449,219450,219451,219452,219453,219454,219455,219456,219457,219458,219459,219460,219461,219462,219463,219464,219465,219466,219467,219468,219469,219470,219471,219472,219473,219474,219475,219476
118,11801,'118-Weekday-2-26-09-1111100',219477,219478,219479,219480,219481,219482,219483,219484,219485,219486,219487,219488,219489,219490,219491,219492,219493,219494,219495,219496,219497,219498,219499,219500,219501,219502,219503,219504,219505,219506,219507,219508,219509,219510,219511,219512,219513,219514,219515,219516
118,11801,'118-Weekday-3-26-09-1111100',262818,262819,262820,262821,262822,262823,262824,262825,262826,262827,262828,262829,262830,262831,262832,262833,262834,262835,262836,262837,262838,262839,262840,262841,262842,262843,262844,262845,262846,262847,262848,262849,262850,262851,262852,262853,262854,262855,262856,262857
118,11801,'118-Weekday-4-26-09-1111100',219517,219518,219519,219520,219521,219522,219523,219524,219525,219526,219527,219528,219529,219530,219531,219532,219533,219534,219535,219536,219537,219538,219539,219540,219541,219542,219543,219544,219545,219546,219547,219548,219549,219550,219551,219552,219553,219554,219555,219556
118,11801,'118-Weekday-5-26-09-1111100',262858,262859,262860,262861,262862,262863,262864,262865,262866,262867,262868,262869,262870,262871,262872,262873,262874,262875,262876,262877,262878,262879,262880,262881,262882,262883,262884,262885,262886,262887,262888,262889,262890,262891,262892,262893,262894,262895,262896,262897
118,11801,'118-Weekday-6-26-09-1111100',262898,262899,262900,262901,262902,262903,262904,262905,262906,262907,262908,262909,262910,262911,262912,262913,262914,262915,262916,262917,262918,262919,262920,262921,262922,262923,262924,262925,262926,262927,262928,262929,262930,262931,262932,262933,262934,262935,262936,262937
118,11801,'118-Weekday-7-26-09-1111100',262938,262939,262940,262941,262942,262943,262944,262945,262946,262947,262948,262949,262950,262951,262952,262953,262954,262955,262956,262957,262958,262959,262960,262961,262962,262963,262964,262965,262966,262967,262968,262969,262970,262971,262972,262973,262974,262975,262976,262977
118,11801,'118-Saturday-1-26-09-0000010',219557,219558,219559,219560,219561,219562,219563,219564,219565,219566,219567,219568,219569,219570,219571,219572,219573,219574,219575,219576,219577,219578,219579,219580,219581
118,11801,'118-Sunday-1-26-09-0000001',219582,219583,219584,219585,219586,219587,219588,219589,219590,219591,219592,219593,219594,219595,219596,219597,219598,219599,219600,219601,219602,219603
119,11900,'119-Weekday-1-26-09-1111100',219604,219605,219606,219607,219608,219609,219610,219611,219612,219613,219614,219615,219616,219617,219618,219619,219620,219621,219622,219623,219624,219625,219626,219627,219628,219629,219630,219631,219632,219633,219634,219635,219636,219637,219638,219639,219640,219641,219642,219643,219644,219645,219646,219647,219648,219649,219650,219651,219652,219653,219654
119,11900,'119-Weekday-2-26-09-1111100',219655,219656,219657,219658,219659,219660,219661,219662,219663,219664,219665,219666,219667,219668,219669,219670,219671,219672,219673,219674,219675,219676,219677,219678,219679,219680,219681,219682,219683,219684,219685,219686,219687,219688,219689,219690,219691,219692,219693,219694,219695,219696,219697,219698,219699,219700,219701,219702,219703,219704,219705
119,11900,'119-Weekday-3-26-09-1111100',262978,262979,262980,262981,262982,262983,262984,262985,262986,262987,262988,262989,262990,262991,262992,262993,262994,262995,262996,262997,262998,262999,263000,263001,263002,263003,263004,263005,263006,263007,263008,263009,263010,263011,263012,263013,263014,263015,263016,263017,263018,263019,263020,263021,263022,263023,263024,263025,263026,263027,263028
119,11900,'119-Weekday-4-26-09-1111100',219706,219707,219708,219709,219710,219711,219712,219713,219714,219715,219716,219717,219718,219719,219720,219721,219722,219723,219724,219725,219726,219727,219728,219729,219730,219731,219732,219733,219734,219735,219736,219737,219738,219739,219740,219741,219742,219743,219744,219745,219746,219747,219748,219749,219750,219751,219752,219753,219754,219755,219756
119,11900,'119-Weekday-5-26-09-1111100',263029,263030,263031,263032,263033,263034,263035,263036,263037,263038,263039,263040,263041,263042,263043,263044,263045,263046,263047,263048,263049,263050,263051,263052,263053,263054,263055,263056,263057,263058,263059,263060,263061,263062,263063,263064,263065,263066,263067,263068,263069,263070,263071,263072,263073,263074,263075,263076,263077,263078,263079
119,11900,'119-Weekday-6-26-09-1111100',263080,263081,263082,263083,263084,263085,263086,263087,263088,263089,263090,263091,263092,263093,263094,263095,263096,263097,263098,263099,263100,263101,263102,263103,263104,263105,263106,263107,263108,263109,263110,263111,263112,263113,263114,263115,263116,263117,263118,263119,263120,263121,263122,263123,263124,263125,263126,263127,263128,263129,263130
119,11900,'119-Weekday-7-26-09-1111100',263131,263132,263133,263134,263135,263136,263137,263138,263139,263140,263141,263142,263143,263144,263145,263146,263147,263148,263149,263150,263151,263152,263153,263154,263155,263156,263157,263158,263159,263160,263161,263162,263163,263164,263165,263166,263167,263168,263169,263170,263171,263172,263173,263174,263175,263176,263177,263178,263179,263180,263181
119,11900,'119-Saturday-1-26-09-0000010',219757,219758,219759,219760,219761,219762,219763,219764,219765,219766,219767,219768,219769,219770,219771,219772,219773,219774,219775,219776,219777,219778,219779,219780,219781,219782,219783,219784,219785,219786,219787,219788,219789,219790,219791
119,11900,'119-Sunday-1-26-09-0000001',219792,219793,219794,219795,219796,219797,219798,219799,219800,219801,219802,219803,219804,219805,219806,219807,219808,219809,219810,219811,219812,219813,219814,219815,219816,219817,219818,219819,219820,219821,219822,219823,219824
119,11901,'119-Weekday-1-26-09-1111100',219825,219826,219827,219828,219829,219830,219831,219832,219833,219834,219835,219836,219837,219838,219839,219840,219841,219842,219843,219844,219845,219846,219847,219848,219849,219850,219851,219852,219853,219854,219855,219856,219857,219858,219859,219860,219861,219862,219863,219864,219865,219866,219867,219868,219869,219870,219871,219872,219873,219874,219875
119,11901,'119-Weekday-2-26-09-1111100',219876,219877,219878,219879,219880,219881,219882,219883,219884,219885,219886,219887,219888,219889,219890,219891,219892,219893,219894,219895,219896,219897,219898,219899,219900,219901,219902,219903,219904,219905,219906,219907,219908,219909,219910,219911,219912,219913,219914,219915,219916,219917,219918,219919,219920,219921,219922,219923,219924,219925,219926
119,11901,'119-Weekday-3-26-09-1111100',263182,263183,263184,263185,263186,263187,263188,263189,263190,263191,263192,263193,263194,263195,263196,263197,263198,263199,263200,263201,263202,263203,263204,263205,263206,263207,263208,263209,263210,263211,263212,263213,263214,263215,263216,263217,263218,263219,263220,263221,263222,263223,263224,263225,263226,263227,263228,263229,263230,263231,263232
119,11901,'119-Weekday-4-26-09-1111100',219927,219928,219929,219930,219931,219932,219933,219934,219935,219936,219937,219938,219939,219940,219941,219942,219943,219944,219945,219946,219947,219948,219949,219950,219951,219952,219953,219954,219955,219956,219957,219958,219959,219960,219961,219962,219963,219964,219965,219966,219967,219968,219969,219970,219971,219972,219973,219974,219975,219976,219977
119,11901,'119-Weekday-5-26-09-1111100',263233,263234,263235,263236,263237,263238,263239,263240,263241,263242,263243,263244,263245,263246,263247,263248,263249,263250,263251,263252,263253,263254,263255,263256,263257,263258,263259,263260,263261,263262,263263,263264,263265,263266,263267,263268,263269,263270,263271,263272,263273,263274,263275,263276,263277,263278,263279,263280,263281,263282,263283
119,11901,'119-Weekday-6-26-09-1111100',263284,263285,263286,263287,263288,263289,263290,263291,263292,263293,263294,263295,263296,263297,263298,263299,263300,263301,263302,263303,263304,263305,263306,263307,263308,263309,263310,263311,263312,263313,263314,263315,263316,263317,263318,263319,263320,263321,263322,263323,263324,263325,263326,263327,263328,263329,263330,263331,263332,263333,263334
119,11901,'119-Weekday-7-26-09-1111100',263335,263336,263337,263338,263339,263340,263341,263342,263343,263344,263345,263346,263347,263348,263349,263350,263351,263352,263353,263354,263355,263356,263357,263358,263359,263360,263361,263362,263363,263364,263365,263366,263367,263368,263369,263370,263371,263372,263373,263374,263375,263376,263377,263378,263379,263380,263381,263382,263383,263384,263385
119,11901,'119-Saturday-1-26-09-0000010',219978,219979,219980,219981,219982,219983,219984,219985,219986,219987,219988,219989,219990,219991,219992,219993,219994,219995,219996,219997,219998,219999,220000,220001,220002,220003,220004,220005,220006,220007,220008,220009,220010,220011,220012
119,11901,'119-Sunday-1-26-09-0000001',220013,220014,220015,220016,220017,220018,220019,220020,220021,220022,220023,220024,220025,220026,220027,220028,220029,220030,220031,220032,220033,220034,220035,220036,220037,220038,220039,220040,220041,220042,220043,220044,220045
121,12100,'121-Weekday-1-26-09-1110100',220046,220047
121,12100,'121-Weekday-1-26-09-1111100',220048,220049,220050,220051,220052,220053,220054,220055,220056,220057,220058,220059,220060,220061,220062,220063,220064,220065,220066,220067,220068,220069,220070,220071,220072,220073,220074,220075,220076,220077,220078,220079,220080,220081,220082,220083,220084,220085,220086,220087,220088,220089,220090,220091,220092,220093,220094,220095,220096,220097,220098,220099,220100,220101,220102,220103,220104,220105,220106,220107,220108
121,12100,'121-Weekday-2-26-09-1110100',220109,220110
121,12100,'121-Weekday-2-26-09-1111100',220111,220112,220113,220114,220115,220116,220117,220118,220119,220120,220121,220122,220123,220124,220125,220126,220127,220128,220129,220130,220131,220132,220133,220134,220135,220136,220137,220138,220139,220140,220141,220142,220143,220144,220145,220146,220147,220148,220149,220150,220151,220152,220153,220154,220155,220156,220157,220158,220159,220160,220161,220162,220163,220164,220165,220166,220167,220168,220169,220170,220171
121,12100,'121-Weekday-3-26-09-1110100',263386,263387
121,12100,'121-Weekday-3-26-09-1111100',263388,263389,263390,263391,263392,263393,263394,263395,263396,263397,263398,263399,263400,263401,263402,263403,263404,263405,263406,263407,263408,263409,263410,263411,263412,263413,263414,263415,263416,263417,263418,263419,263420,263421,263422,263423,263424,263425,263426,263427,263428,263429,263430,263431,263432,263433,263434,263435,263436,263437,263438,263439,263440,263441,263442,263443,263444,263445,263446,263447,263448
121,12100,'121-Weekday-4-26-09-1111100',220172,220173,220174,220175,220176,220177,220178,220179,220180,220181,220182,220183,220184,220185,220186,220187,220188,220189,220190,220191,220192,220193,220194,220195,220196,220197,220198,220199,220200,220201,220202,220203,220204,220205,220206,220207,220208,220209,220210,220211,220212,220213,220214,220215,220216,220217,220218,220219,220220,220221,220222,220223,220224,220225,220226,220227,220228,220229,220230,220231,220232
121,12100,'121-Weekday-5-26-09-1111100',263449,263450,263451,263452,263453,263454,263455,263456,263457,263458,263459,263460,263461,263462,263463,263464,263465,263466,263467,263468,263469,263470,263471,263472,263473,263474,263475,263476,263477,263478,263479,263480,263481,263482,263483,263484,263485,263486,263487,263488,263489,263490,263491,263492,263493,263494,263495,263496,263497,263498,263499,263500,263501,263502,263503,263504,263505,263506,263507,263508,263509
121,12100,'121-Weekday-6-26-09-1110100',263510,263511
121,12100,'121-Weekday-6-26-09-1111100',263512,263513,263514,263515,263516,263517,263518,263519,263520,263521,263522,263523,263524,263525,263526,263527,263528,263529,263530,263531,263532,263533,263534,263535,263536,263537,263538,263539,263540,263541,263542,263543,263544,263545,263546,263547,263548,263549,263550,263551,263552,263553,263554,263555,263556,263557,263558,263559,263560,263561,263562,263563,263564,263565,263566,263567,263568,263569,263570,263571,263572
121,12100,'121-Weekday-7-26-09-1111100',263573,263574,263575,263576,263577,263578,263579,263580,263581,263582,263583,263584,263585,263586,263587,263588,263589,263590,263591,263592,263593,263594,263595,263596,263597,263598,263599,263600,263601,263602,263603,263604,263605,263606,263607,263608,263609,263610,263611,263612,263613,263614,263615,263616,263617,263618,263619,263620,263621,263622,263623,263624,263625,263626,263627,263628,263629,263630,263631,263632,263633
121,12100,'121-Saturday-1-26-09-0000010',220233,220234,220235,220236,220237,220238,220239,220240,220241,220242,220243,220244,220245,220246,220247,220248,220249,220250,220251,220252,220253,220254,220255,220256,220257,220258,220259,220260,220261,220262,220263,220264,220265,220266,220267,220268,220269,220270,220271,220272,220273
121,12100,'121-Sunday-1-26-09-0000001',220274,220275,220276,220277,220278,220279,220280,220281,220282,220283,220284,220285,220286,220287,220288,220289,220290,220291,220292,220293,220294,220295,220296,220297,220298,220299,220300
121,12101,'121-Weekday-1-26-09-1111100',220301,220302,220303,220304,220305,220306,220307,220308,220309,220310,220311,220312,220313,220314,220315,220316,220317,220318,220319,220320,220321,220322,220323,220324,220325,220326,220327,220328,220329,220330,220331,220332,220333,220334,220335,220336,220337,220338,220339,220340,220341,220342,220343,220344,220345,220346,220347,220348,220349,220350,220351,220352,220353,220354,220355,220356,220357,220358,220359,220360,220361,220362,220363
121,12101,'121-Weekday-2-26-09-1111100',220364,220365,220366,220367,220368,220369,220370,220371,220372,220373,220374,220375,220376,220377,220378,220379,220380,220381,220382,220383,220384,220385,220386,220387,220388,220389,220390,220391,220392,220393,220394,220395,220396,220397,220398,220399,220400,220401,220402,220403,220404,220405,220406,220407,220408,220409,220410,220411,220412,220413,220414,220415,220416,220417,220418,220419,220420,220421,220422,220423,220424,220425,220426
121,12101,'121-Weekday-3-26-09-1111100',263634,263635,263636,263637,263638,263639,263640,263641,263642,263643,263644,263645,263646,263647,263648,263649,263650,263651,263652,263653,263654,263655,263656,263657,263658,263659,263660,263661,263662,263663,263664,263665,263666,263667,263668,263669,263670,263671,263672,263673,263674,263675,263676,263677,263678,263679,263680,263681,263682,263683,263684,263685,263686,263687,263688,263689,263690,263691,263692,263693,263694,263695,263696
121,12101,'121-Weekday-4-26-09-1111100',220427,220428,220429,220430,220431,220432,220433,220434,220435,220436,220437,220438,220439,220440,220441,220442,220443,220444,220445,220446,220447,220448,220449,220450,220451,220452,220453,220454,220455,220456,220457,220458,220459,220460,220461,220462,220463,220464,220465,220466,220467,220468,220469,220470,220471,220472,220473,220474,220475,220476,220477,220478,220479,220480,220481,220482,220483,220484,220485,220486,220487
121,12101,'121-Weekday-5-26-09-1111100',263697,263698,263699,263700,263701,263702,263703,263704,263705,263706,263707,263708,263709,263710,263711,263712,263713,263714,263715,263716,263717,263718,263719,263720,263721,263722,263723,263724,263725,263726,263727,263728,263729,263730,263731,263732,263733,263734,263735,263736,263737,263738,263739,263740,263741,263742,263743,263744,263745,263746,263747,263748,263749,263750,263751,263752,263753,263754,263755,263756,263757
121,12101,'121-Weekday-6-26-09-1111100',263758,263759,263760,263761,263762,263763,263764,263765,263766,263767,263768,263769,263770,263771,263772,263773,263774,263775,263776,263777,263778,263779,263780,263781,263782,263783,263784,263785,263786,263787,263788,263789,263790,263791,263792,263793,263794,263795,263796,263797,263798,263799,263800,263801,263802,263803,263804,263805,263806,263807,263808,263809,263810,263811,263812,263813,263814,263815,263816,263817,263818,263819,263820
121,12101,'121-Weekday-7-26-09-1111100',263821,263822,263823,263824,263825,263826,263827,263828,263829,263830,263831,263832,263833,263834,263835,263836,263837,263838,263839,263840,263841,263842,263843,263844,263845,263846,263847,263848,263849,263850,263851,263852,263853,263854,263855,263856,263857,263858,263859,263860,263861,263862,263863,263864,263865,263866,263867,263868,263869,263870,263871,263872,263873,263874,263875,263876,263877,263878,263879,263880,263881
121,12101,'121-Saturday-1-26-09-0000010',220488,220489,220490,220491,220492,220493,220494,220495,220496,220497,220498,220499,220500,220501,220502,220503,220504,220505,220506,220507,220508,220509,220510,220511,220512,220513,220514,220515,220516,220517,220518,220519,220520,220521,220522,220523,220524,220525,220526,220527,220528
121,12101,'121-Sunday-1-26-09-0000001',220529,220530,220531,220532,220533,220534,220535,220536,220537,220538,220539,220540,220541,220542,220543,220544,220545,220546,220547,220548,220549,220550,220551,220552,220553,220554,220555
122,12201,'122-Weekday-1-26-09-1111100',220556,220557,220558,220559,220560,220561,220562,220563,220564,220565,220566,220567,220568,220569,220570,220571,220572,220573,220574,220575,220576,220577,220578,220579,220580,220581,220582,220583,220584,220585,220586,220587,220588,220589,220590
122,12201,'122-Weekday-2-26-09-1111100',220591,220592,220593,220594,220595,220596,220597,220598,220599,220600,220601,220602,220603,220604,220605,220606,220607,220608,220609,220610,220611,220612,220613,220614,220615,220616,220617,220618,220619,220620,220621,220622,220623,220624,220625
122,12201,'122-Weekday-3-26-09-1111100',263882,263883,263884,263885,263886,263887,263888,263889,263890,263891,263892,263893,263894,263895,263896,263897,263898,263899,263900,263901,263902,263903,263904,263905,263906,263907,263908,263909,263910,263911,263912,263913,263914,263915,263916
122,12201,'122-Weekday-4-26-09-1111100',220626,220627,220628,220629,220630,220631,220632,220633,220634,220635,220636,220637,220638,220639,220640,220641,220642,220643,220644,220645,220646,220647,220648,220649,220650,220651,220652,220653,220654,220655,220656,220657,220658,220659,220660
122,12201,'122-Weekday-5-26-09-1111100',263917,263918,263919,263920,263921,263922,263923,263924,263925,263926,263927,263928,263929,263930,263931,263932,263933,263934,263935,263936,263937,263938,263939,263940,263941,263942,263943,263944,263945,263946,263947,263948,263949,263950,263951
122,12201,'122-Weekday-6-26-09-1111100',263952,263953,263954,263955,263956,263957,263958,263959,263960,263961,263962,263963,263964,263965,263966,263967,263968,263969,263970,263971,263972,263973,263974,263975,263976,263977,263978,263979,263980,263981,263982,263983,263984,263985,263986
122,12201,'122-Weekday-7-26-09-1111100',263987,263988,263989,263990,263991,263992,263993,263994,263995,263996,263997,263998,263999,264000,264001,264002,264003,264004,264005,264006,264007,264008,264009,264010,264011,264012,264013,264014,264015,264016,264017,264018,264019,264020,264021
122,12201,'122-Saturday-1-26-09-0000010',220661,220662,220663,220664,220665,220666,220667,220668,220669,220670,220671,220672,220673,220674,220675,220676,220677,220678,220679,220680,220681,220682,220683
122,12201,'122-Sunday-1-26-09-0000001',220684,220685,220686,220687,220688,220689,220690,220691,220692,220693,220694,220695,220696,220697,220698,220699,220700,220701,220702
124,12400,'124-Weekday-1-26-09-1111100',220703,220704,220705,220706,220707,220708,220709,220710,220711,220712,220713,220714,220715,220716,220717,220718,220719,220720,220721,220722,220723,220724,220725,220726,220727,220728,220729,220730,220731,220732,220733,220734,220735,220736,220737,220738,220739,220740,220741,220742,220743,220744,220745
124,12400,'124-Weekday-2-26-09-1111100',220746,220747,220748,220749,220750,220751,220752,220753,220754,220755,220756,220757,220758,220759,220760,220761,220762,220763,220764,220765,220766,220767,220768,220769,220770,220771,220772,220773,220774,220775,220776,220777,220778,220779,220780,220781,220782,220783,220784,220785,220786,220787,220788
124,12400,'124-Weekday-3-26-09-1111100',264022,264023,264024,264025,264026,264027,264028,264029,264030,264031,264032,264033,264034,264035,264036,264037,264038,264039,264040,264041,264042,264043,264044,264045,264046,264047,264048,264049,264050,264051,264052,264053,264054,264055,264056,264057,264058,264059,264060,264061,264062,264063
124,12400,'124-Weekday-4-26-09-1111100',220789,220790,220791,220792,220793,220794,220795,220796,220797,220798,220799,220800,220801,220802,220803,220804,220805,220806,220807,220808,220809,220810,220811,220812,220813,220814,220815,220816,220817,220818,220819,220820,220821,220822,220823,220824,220825,220826,220827,220828,220829,220830
124,12400,'124-Weekday-5-26-09-1111100',264064,264065,264066,264067,264068,264069,264070,264071,264072,264073,264074,264075,264076,264077,264078,264079,264080,264081,264082,264083,264084,264085,264086,264087,264088,264089,264090,264091,264092,264093,264094,264095,264096,264097,264098,264099,264100,264101,264102,264103,264104,264105
124,12400,'124-Weekday-6-26-09-1111100',264106,264107,264108,264109,264110,264111,264112,264113,264114,264115,264116,264117,264118,264119,264120,264121,264122,264123,264124,264125,264126,264127,264128,264129,264130,264131,264132,264133,264134,264135,264136,264137,264138,264139,264140,264141,264142,264143,264144,264145,264146,264147,264148
124,12400,'124-Weekday-7-26-09-1111100',264149,264150,264151,264152,264153,264154,264155,264156,264157,264158,264159,264160,264161,264162,264163,264164,264165,264166,264167,264168,264169,264170,264171,264172,264173,264174,264175,264176,264177,264178,264179,264180,264181,264182,264183,264184,264185,264186,264187,264188,264189,264190
124,12400,'124-Saturday-1-26-09-0000010',220831,220832,220833,220834,220835,220836,220837,220838,220839,220840,220841,220842,220843,220844,220845,220846,220847,220848,220849,220850,220851,220852,220853
124,12400,'124-Sunday-1-26-09-0000001',220854,220855,220856,220857,220858,220859,220860,220861,220862,220863,220864,220865,220866,220867,220868,220869,220870,220871,220872
124,12401,'124-Weekday-1-26-09-1111100',220873,220874,220875,220876,220877,220878,220879,220880,220881,220882,220883,220884,220885,220886,220887,220888,220889,220890,220891,220892,220893,220894,220895,220896,220897,220898,220899,220900,220901,220902,220903,220904,220905,220906,220907,220908,220909,220910,220911,220912,220913,220914,220915,220916,220917
124,12401,'124-Weekday-2-26-09-1111100',220918,220919,220920,220921,220922,220923,220924,220925,220926,220927,220928,220929,220930,220931,220932,220933,220934,220935,220936,220937,220938,220939,220940,220941,220942,220943,220944,220945,220946,220947,220948,220949,220950,220951,220952,220953,220954,220955,220956,220957,220958,220959,220960,220961,220962
124,12401,'124-Weekday-3-26-09-1111100',264191,264192,264193,264194,264195,264196,264197,264198,264199,264200,264201,264202,264203,264204,264205,264206,264207,264208,264209,264210,264211,264212,264213,264214,264215,264216,264217,264218,264219,264220,264221,264222,264223,264224,264225,264226,264227,264228,264229,264230,264231,264232,264233
124,12401,'124-Weekday-4-26-09-1111100',220963,220964,220965,220966,220967,220968,220969,220970,220971,220972,220973,220974,220975,220976,220977,220978,220979,220980,220981,220982,220983,220984,220985,220986,220987,220988,220989,220990,220991,220992,220993,220994,220995,220996,220997,220998,220999,221000,221001,221002,221003,221004,221005
124,12401,'124-Weekday-5-26-09-1111100',264234,264235,264236,264237,264238,264239,264240,264241,264242,264243,264244,264245,264246,264247,264248,264249,264250,264251,264252,264253,264254,264255,264256,264257,264258,264259,264260,264261,264262,264263,264264,264265,264266,264267,264268,264269,264270,264271,264272,264273,264274,264275,264276
124,12401,'124-Weekday-6-26-09-1111100',264277,264278,264279,264280,264281,264282,264283,264284,264285,264286,264287,264288,264289,264290,264291,264292,264293,264294,264295,264296,264297,264298,264299,264300,264301,264302,264303,264304,264305,264306,264307,264308,264309,264310,264311,264312,264313,264314,264315,264316,264317,264318,264319,264320,264321
124,12401,'124-Weekday-7-26-09-1111100',264322,264323,264324,264325,264326,264327,264328,264329,264330,264331,264332,264333,264334,264335,264336,264337,264338,264339,264340,264341,264342,264343,264344,264345,264346,264347,264348,264349,264350,264351,264352,264353,264354,264355,264356,264357,264358,264359,264360,264361,264362,264363,264364
124,12401,'124-Saturday-1-26-09-0000010',221006,221007,221008,221009,221010,221011,221012,221013,221014,221015,221016,221017,221018,221019,221020,221021,221022,221023,221024,221025,221026,221027,221028
124,12401,'124-Sunday-1-26-09-0000001',221029,221030,221031,221032,221033,221034,221035,221036,221037,221038,221039,221040,221041,221042,221043,221044,221045,221046,221047
127,12700,'127-Weekday-1-26-09-1111100',221048,221049,221050,221051,221052,221053,221054,221055,221056
127,12700,'127-Weekday-2-26-09-1111100',221057,221058,221059,221060,221061,221062,221063,221064,221065
127,12700,'127-Weekday-3-26-09-1111100',264365,264366,264367,264368,264369,264370,264371,264372,264373
127,12700,'127-Weekday-4-26-09-1111100',221066,221067,221068,221069,221070,221071,221072,221073,221074
127,12700,'127-Weekday-5-26-09-1111100',264374,264375,264376,264377,264378,264379,264380,264381,264382
127,12700,'127-Weekday-6-26-09-1111100',264383,264384,264385,264386,264387,264388,264389,264390,264391
127,12700,'127-Weekday-7-26-09-1111100',264392,264393,264394,264395,264396,264397,264398,264399,264400
127,12700,'127-Saturday-1-26-09-0000010',221075,221076,221077,221078,221079,221080,221081,221082,221083
127,12700,'127-Sunday-1-26-09-0000001',221084,221085,221086,221087,221088,221089,221090,221091,221092,221093
127,12701,'127-Weekday-1-26-09-1111100',221094,221095,221096,221097,221098,221099,221100,221101,221102,221103
127,12701,'127-Weekday-2-26-09-1111100',221104,221105,221106,221107,221108,221109,221110,221111,221112,221113
127,12701,'127-Weekday-3-26-09-1111100',264401,264402,264403,264404,264405,264406,264407,264408,264409,264410
127,12701,'127-Weekday-4-26-09-1111100',221114,221115,221116,221117,221118,221119,221120,221121,221122,221123
127,12701,'127-Weekday-5-26-09-1111100',264411,264412,264413,264414,264415,264416,264417,264418,264419,264420
127,12701,'127-Weekday-6-26-09-1111100',264421,264422,264423,264424,264425,264426,264427,264428,264429,264430
127,12701,'127-Weekday-7-26-09-1111100',264431,264432,264433,264434,264435,264436,264437,264438,264439,264440
127,12701,'127-Saturday-1-26-09-0000010',221124,221125,221126,221127,221128,221129,221130,221131,221132
127,12701,'127-Sunday-1-26-09-0000001',221133,221134,221135,221136,221137,221138,221139,221140,221141,221142
128,12800,'128-Weekday-1-26-09-1111100',221143,221144,221145,221146,221147,221148,221149,221150
128,12800,'128-Weekday-2-26-09-1111100',221151,221152,221153,221154,221155,221156,221157,221158
128,12800,'128-Weekday-3-26-09-1111100',264441,264442,264443,264444,264445,264446,264447,264448
128,12800,'128-Weekday-4-26-09-1111100',221159,221160,221161,221162,221163,221164,221165,221166
128,12800,'128-Weekday-5-26-09-1111100',264449,264450,264451,264452,264453,264454,264455,264456
128,12800,'128-Weekday-6-26-09-1111100',264457,264458,264459,264460,264461,264462,264463,264464
128,12800,'128-Weekday-7-26-09-1111100',264465,264466,264467,264468,264469,264470,264471,264472
128,12800,'128-Saturday-1-26-09-0000010',221167,221168,221169,221170,221171,221172,221173,221174
128,12801,'128-Weekday-1-26-09-1111100',221175,221176,221177,221178,221179,221180,221181,221182
128,12801,'128-Weekday-2-26-09-1111100',221183,221184,221185,221186,221187,221188,221189,221190
128,12801,'128-Weekday-3-26-09-1111100',264473,264474,264475,264476,264477,264478,264479,264480
128,12801,'128-Weekday-4-26-09-1111100',221191,221192,221193,221194,221195,221196,221197,221198
128,12801,'128-Weekday-5-26-09-1111100',264481,264482,264483,264484,264485,264486,264487,264488
128,12801,'128-Weekday-6-26-09-1111100',264489,264490,264491,264492,264493,264494,264495,264496
128,12801,'128-Weekday-7-26-09-1111100',264497,264498,264499,264500,264501,264502,264503,264504
128,12801,'128-Saturday-1-26-09-0000010',221199,221200,221201,221202,221203,221204,221205,221206
501,50100,'501-Weekday-1-26-09-1111100',221207,221208,221209,221210,221211,221212,221213,221214,221215,221216,221217,221218,221219,221220,221221,221222,221223,221224,221225,221226,221227,221228,221229,221230,221231,221232,221233,221234,221235,221236,221237,221238,221239,221240,221241,221242,221243,221244,221245,221246,221247
501,50100,'501-Weekday-2-26-09-1111100',221248,221249,221250,221251,221252,221253,221254,221255,221256,221257,221258,221259,221260,221261,221262,221263,221264,221265,221266,221267,221268,221269,221270,221271,221272,221273,221274,221275,221276,221277,221278,221279,221280,221281,221282,221283,221284,221285,221286,221287,221288
501,50100,'501-Weekday-3-26-09-1111100',264505,264506,264507,264508,264509,264510,264511,264512,264513,264514,264515,264516,264517,264518,264519,264520,264521,264522,264523,264524,264525,264526,264527,264528,264529,264530,264531,264532,264533,264534,264535,264536,264537,264538,264539,264540,264541,264542,264543,264544,264545
501,50100,'501-Weekday-4-26-09-1111100',221289,221290,221291,221292,221293,221294,221295,221296,221297,221298,221299,221300,221301,221302,221303,221304,221305,221306,221307,221308,221309,221310,221311,221312,221313,221314,221315,221316,221317,221318,221319,221320,221321,221322,221323,221324,221325,221326,221327,221328,221329
501,50100,'501-Weekday-5-26-09-1111100',264546,264547,264548,264549,264550,264551,264552,264553,264554,264555,264556,264557,264558,264559,264560,264561,264562,264563,264564,264565,264566,264567,264568,264569,264570,264571,264572,264573,264574,264575,264576,264577,264578,264579,264580,264581,264582,264583,264584,264585,264586
501,50100,'501-Weekday-6-26-09-1111100',264587,264588,264589,264590,264591,264592,264593,264594,264595,264596,264597,264598,264599,264600,264601,264602,264603,264604,264605,264606,264607,264608,264609,264610,264611,264612,264613,264614,264615,264616,264617,264618,264619,264620,264621,264622,264623,264624,264625,264626,264627
501,50100,'501-Weekday-7-26-09-1111100',264628,264629,264630,264631,264632,264633,264634,264635,264636,264637,264638,264639,264640,264641,264642,264643,264644,264645,264646,264647,264648,264649,264650,264651,264652,264653,264654,264655,264656,264657,264658,264659,264660,264661,264662,264663,264664,264665,264666,264667,264668
501,50100,'501-Saturday-1-26-09-0000010',221330,221331,221332,221333,221334,221335,221336,221337,221338,221339,221340,221341,221342,221343,221344,221345,221346,221347,221348,221349,221350,221351,221352,221353
501,50100,'501-Sunday-1-26-09-0000001',221354,221355,221356,221357,221358,221359,221360,221361,221362,221363,221364,221365,221366,221367,221368,221369,221370,221371,221372,221373,221374,221375,221376
501,50101,'501-Weekday-1-26-09-0001000',221377
501,50101,'501-Weekday-1-26-09-1110100',221378
501,50101,'501-Weekday-1-26-09-1111100',221379,221380,221381,221382,221383,221384,221385,221386,221387,221388,221389,221390,221391,221392,221393,221394,221395,221396,221397,221398,221399,221400,221401,221402,221403,221404,221405,221406,221407,221408,221409,221410,221411,221412,221413,221414,221415,221416,221417,221418,221419,221420,221421,221422
501,50101,'501-Weekday-2-26-09-1110100',221423
501,50101,'501-Weekday-2-26-09-1111100',221424,221425,221426,221427,221428,221429,221430,221431,221432,221433,221434,221435,221436,221437,221438,221439,221440,221441,221442,221443,221444,221445,221446,221447,221448,221449,221450,221451,221452,221453,221454,221455,221456,221457,221458,221459,221460,221461,221462,221463,221464,221465,221466,221467
501,50101,'501-Weekday-3-26-09-1111100',264669,264670,264671,264672,264673,264674,264675,264676,264677,264678,264679,264680,264681,264682,264683,264684,264685,264686,264687,264688,264689,264690,264691,264692,264693,264694,264695,264696,264697,264698,264699,264700,264701,264702,264703,264704,264705,264706,264707,264708,264709,264710,264711,264712
501,50101,'501-Weekday-4-26-09-1111100',221468,221469,221470,221471,221472,221473,221474,221475,221476,221477,221478,221479,221480,221481,221482,221483,221484,221485,221486,221487,221488,221489,221490,221491,221492,221493,221494,221495,221496,221497,221498,221499,221500,221501,221502,221503,221504,221505,221506,221507,221508,221509,221510,221511
501,50101,'501-Weekday-5-26-09-1111100',264713,264714,264715,264716,264717,264718,264719,264720,264721,264722,264723,264724,264725,264726,264727,264728,264729,264730,264731,264732,264733,264734,264735,264736,264737,264738,264739,264740,264741,264742,264743,264744,264745,264746,264747,264748,264749,264750,264751,264752,264753,264754,264755,264756
501,50101,'501-Weekday-6-26-09-1110100',264757
501,50101,'501-Weekday-6-26-09-1111100',264758,264759,264760,264761,264762,264763,264764,264765,264766,264767,264768,264769,264770,264771,264772,264773,264774,264775,264776,264777,264778,264779,264780,264781,264782,264783,264784,264785,264786,264787,264788,264789,264790,264791,264792,264793,264794,264795,264796,264797,264798,264799,264800,264801
501,50101,'501-Weekday-7-26-09-1111100',264802,264803,264804,264805,264806,264807,264808,264809,264810,264811,264812,264813,264814,264815,264816,264817,264818,264819,264820,264821,264822,264823,264824,264825,264826,264827,264828,264829,264830,264831,264832,264833,264834,264835,264836,264837,264838,264839,264840,264841,264842,264843,264844,264845
501,50101,'501-Saturday-1-26-09-0000010',221512,221513,221514,221515,221516,221517,221518,221519,221520,221521,221522,221523,221524,221525,221526,221527,221528,221529,221530,221531,221532,221533,221534,221535
501,50101,'501-Sunday-1-26-09-0000001',221536,221537,221538,221539,221540,221541,221542,221543,221544,221545,221546,221547,221548,221549,221550,221551,221552,221553,221554,221555,221556,221557,221558
502,50200,'502-Weekday-1-26-09-1111100',221559,221560,221561,221562,221563,221564,221565,221566,221567,221568,221569,221570,221571
502,50200,'502-Weekday-2-26-09-1111100',221572,221573,221574,221575,221576,221577,221578,221579,221580,221581,221582,221583,221584
502,50200,'502-Weekday-3-26-09-1111100',264846,264847,264848,264849,264850,264851,264852,264853,264854,264855,264856,264857,264858
502,50200,'502-Weekday-4-26-09-1111100',221585,221586,221587,221588,221589,221590,221591,221592,221593,221594,221595,221596,221597
502,50200,'502-Weekday-5-26-09-1111100',264859,264860,264861,264862,264863,264864,264865,264866,264867,264868,264869,264870,264871
502,50200,'502-Weekday-6-26-09-1111100',264872,264873,264874,264875,264876,264877,264878,264879,264880,264881,264882,264883,264884
502,50200,'502-Weekday-7-26-09-1111100',264885,264886,264887,264888,264889,264890,264891,264892,264893,264894,264895,264896,264897
502,50201,'502-Weekday-1-26-09-1111100',221598,221599,221600,221601,221602,221603,221604,221605,221606,221607,221608,221609
502,50201,'502-Weekday-2-26-09-1111100',221610,221611,221612,221613,221614,221615,221616,221617,221618,221619,221620,221621
502,50201,'502-Weekday-3-26-09-1111100',264898,264899,264900,264901,264902,264903,264904,264905,264906,264907,264908,264909
502,50201,'502-Weekday-4-26-09-1111100',221622,221623,221624,221625,221626,221627,221628,221629,221630,221631,221632,221633
502,50201,'502-Weekday-5-26-09-1111100',264910,264911,264912,264913,264914,264915,264916,264917,264918,264919,264920,264921
502,50201,'502-Weekday-6-26-09-1111100',264922,264923,264924,264925,264926,264927,264928,264929,264930,264931,264932,264933
502,50201,'502-Weekday-7-26-09-1111100',264934,264935,264936,264937,264938,264939,264940,264941,264942,264943,264944,264945
503,50300,'503-Weekday-1-26-09-1111100',221634,221635,221636,221637,221638,221639,221640,221641,221642,221643,221644
503,50300,'503-Weekday-2-26-09-1111100',221645,221646,221647,221648,221649,221650,221651,221652,221653,221654,221655
503,50300,'503-Weekday-3-26-09-1111100',264946,264947,264948,264949,264950,264951,264952,264953,264954,264955,264956
503,50300,'503-Weekday-4-26-09-1111100',221656,221657,221658,221659,221660,221661,221662,221663,221664,221665,221666
503,50300,'503-Weekday-5-26-09-1111100',264957,264958,264959,264960,264961,264962,264963,264964,264965,264966,264967
503,50300,'503-Weekday-6-26-09-1111100',264968,264969,264970,264971,264972,264973,264974,264975,264976,264977,264978
503,50300,'503-Weekday-7-26-09-1111100',264979,264980,264981,264982,264983,264984,264985,264986,264987,264988,264989
503,50301,'503-Weekday-1-26-09-1111100',221667,221668,221669,221670,221671,221672,221673,221674,221675,221676,221677
503,50301,'503-Weekday-2-26-09-1111100',221678,221679,221680,221681,221682,221683,221684,221685,221686,221687,221688
503,50301,'503-Weekday-3-26-09-1111100',264990,264991,264992,264993,264994,264995,264996,264997,264998,264999,265000
503,50301,'503-Weekday-4-26-09-1111100',221689,221690,221691,221692,221693,221694,221695,221696,221697,221698,221699
503,50301,'503-Weekday-5-26-09-1111100',265001,265002,265003,265004,265005,265006,265007,265008,265009,265010,265011
503,50301,'503-Weekday-6-26-09-1111100',265012,265013,265014,265015,265016,265017,265018,265019,265020,265021,265022
503,50301,'503-Weekday-7-26-09-1111100',265023,265024,265025,265026,265027,265028,265029,265030,265031,265032,265033
504,50400,'504-Weekday-1-26-09-1111100',221700,221701,221702,221703,221704,221705,221706,221707,221708,221709,221710,221711,221712,221713,221714,221715,221716,221717,221718,221719,221720,221721
504,50400,'504-Weekday-2-26-09-1111100',221722,221723,221724,221725,221726,221727,221728,221729,221730,221731,221732,221733,221734,221735,221736,221737,221738,221739,221740,221741,221742,221743
504,50400,'504-Weekday-3-26-09-1111100',265034,265035,265036,265037,265038,265039,265040,265041,265042,265043,265044,265045,265046,265047,265048,265049,265050,265051,265052,265053,265054,265055
504,50400,'504-Weekday-4-26-09-1111100',221744,221745,221746,221747,221748,221749,221750,221751,221752,221753,221754,221755,221756,221757,221758,221759,221760,221761,221762,221763,221764,221765
504,50400,'504-Weekday-5-26-09-1111100',265056,265057,265058,265059,265060,265061,265062,265063,265064,265065,265066,265067,265068,265069,265070,265071,265072,265073,265074,265075,265076,265077
504,50400,'504-Weekday-6-26-09-1111100',265078,265079,265080,265081,265082,265083,265084,265085,265086,265087,265088,265089,265090,265091,265092,265093,265094,265095,265096,265097,265098,265099
504,50400,'504-Weekday-7-26-09-1111100',265100,265101,265102,265103,265104,265105,265106,265107,265108,265109,265110,265111,265112,265113,265114,265115,265116,265117,265118,265119,265120,265121
504,50400,'504-Saturday-1-26-09-0000010',221766,221767,221768,221769,221770,221771,221772,221773,221774,221775,221776,221777,221778
504,50400,'504-Sunday-1-26-09-0000001',221779,221780,221781,221782,221783,221784,221785,221786,221787,221788,221789,221790
504,50401,'504-Weekday-1-26-09-1111100',221791,221792,221793,221794,221795,221796,221797,221798,221799,221800,221801,221802,221803,221804,221805,221806,221807,221808,221809,221810,221811,221812,221813
504,50401,'504-Weekday-2-26-09-1111100',221814,221815,221816,221817,221818,221819,221820,221821,221822,221823,221824,221825,221826,221827,221828,221829,221830,221831,221832,221833,221834,221835,221836
504,50401,'504-Weekday-3-26-09-1111100',265122,265123,265124,265125,265126,265127,265128,265129,265130,265131,265132,265133,265134,265135,265136,265137,265138,265139,265140,265141,265142,265143,265144
504,50401,'504-Weekday-4-26-09-1111100',221837,221838,221839,221840,221841,221842,221843,221844,221845,221846,221847,221848,221849,221850,221851,221852,221853,221854,221855,221856,221857,221858,221859
504,50401,'504-Weekday-5-26-09-1111100',265145,265146,265147,265148,265149,265150,265151,265152,265153,265154,265155,265156,265157,265158,265159,265160,265161,265162,265163,265164,265165,265166,265167
504,50401,'504-Weekday-6-26-09-1111100',265168,265169,265170,265171,265172,265173,265174,265175,265176,265177,265178,265179,265180,265181,265182,265183,265184,265185,265186,265187,265188,265189,265190
504,50401,'504-Weekday-7-26-09-1111100',265191,265192,265193,265194,265195,265196,265197,265198,265199,265200,265201,265202,265203,265204,265205,265206,265207,265208,265209,265210,265211,265212,265213
504,50401,'504-Saturday-1-26-09-0000010',221860,221861,221862,221863,221864,221865,221866,221867,221868,221869,221870,221871,221872
504,50401,'504-Sunday-1-26-09-0000001',221873,221874,221875,221876,221877,221878,221879,221880,221881,221882,221883,221884
505,50501,'505-Weekday-1-26-09-1111100',221885,221886,221887,221888,221889,221890,221891,221892,221893,221894,221895
505,50501,'505-Weekday-2-26-09-1111100',221896,221897,221898,221899,221900,221901,221902,221903,221904,221905,221906
505,50501,'505-Weekday-3-26-09-1111100',265214,265215,265216,265217,265218,265219,265220,265221,265222,265223,265224
505,50501,'505-Weekday-4-26-09-1111100',221907,221908,221909,221910,221911,221912,221913,221914,221915,221916,221917
505,50501,'505-Weekday-5-26-09-1111100',265225,265226,265227,265228,265229,265230,265231,265232,265233,265234,265235
505,50501,'505-Weekday-6-26-09-1111100',265236,265237,265238,265239,265240,265241,265242,265243,265244,265245,265246
505,50501,'505-Weekday-7-26-09-1111100',265247,265248,265249,265250,265251,265252,265253,265254,265255,265256,265257
506,50600,'506-Weekday-1-26-09-1111100',221918,221919,221920,221921,221922,221923,221924,221925,221926,221927,221928,221929,221930,221931,221932,221933,221934,221935,221936,221937,221938,221939,221940,221941,221942,221943,221944,221945,221946,221947,221948,221949,221950,221951,221952,221953,221954,221955,221956,221957,221958,221959,221960,221961,221962,221963,221964,221965
506,50600,'506-Weekday-2-26-09-1111100',221966,221967,221968,221969,221970,221971,221972,221973,221974,221975,221976,221977,221978,221979,221980,221981,221982,221983,221984,221985,221986,221987,221988,221989,221990,221991,221992,221993,221994,221995,221996,221997,221998,221999,222000,222001,222002,222003,222004,222005,222006,222007,222008,222009,222010,222011,222012,222013
506,50600,'506-Weekday-3-26-09-1111100',265258,265259,265260,265261,265262,265263,265264,265265,265266,265267,265268,265269,265270,265271,265272,265273,265274,265275,265276,265277,265278,265279,265280,265281,265282,265283,265284,265285,265286,265287,265288,265289,265290,265291,265292,265293,265294,265295,265296,265297,265298,265299,265300,265301,265302,265303
506,50600,'506-Weekday-4-26-09-1111100',222014,222015,222016,222017,222018,222019,222020,222021,222022,222023,222024,222025,222026,222027,222028,222029,222030,222031,222032,222033,222034,222035,222036,222037,222038,222039,222040,222041,222042,222043,222044,222045,222046,222047,222048,222049,222050,222051,222052,222053,222054,222055,222056,222057,222058,222059
506,50600,'506-Weekday-5-26-09-1111100',265304,265305,265306,265307,265308,265309,265310,265311,265312,265313,265314,265315,265316,265317,265318,265319,265320,265321,265322,265323,265324,265325,265326,265327,265328,265329,265330,265331,265332,265333,265334,265335,265336,265337,265338,265339,265340,265341,265342,265343,265344,265345,265346,265347,265348,265349
506,50600,'506-Weekday-6-26-09-1111100',265350,265351,265352,265353,265354,265355,265356,265357,265358,265359,265360,265361,265362,265363,265364,265365,265366,265367,265368,265369,265370,265371,265372,265373,265374,265375,265376,265377,265378,265379,265380,265381,265382,265383,265384,265385,265386,265387,265388,265389,265390,265391,265392,265393,265394,265395,265396,265397
506,50600,'506-Weekday-7-26-09-1111100',265398,265399,265400,265401,265402,265403,265404,265405,265406,265407,265408,265409,265410,265411,265412,265413,265414,265415,265416,265417,265418,265419,265420,265421,265422,265423,265424,265425,265426,265427,265428,265429,265430,265431,265432,265433,265434,265435,265436,265437,265438,265439,265440,265441,265442,265443
506,50600,'506-Saturday-1-26-09-0000010',222060,222061,222062,222063,222064,222065,222066,222067,222068,222069,222070,222071,222072,222073,222074,222075,222076,222077,222078,222079,222080,222081,222082,222083,222084,222085,222086,222087,222088,222089,222090,222091
506,50600,'506-Sunday-1-26-09-0000001',222092,222093,222094,222095,222096,222097,222098,222099,222100,222101,222102,222103,222104,222105,222106,222107,222108,222109,222110,222111,222112,222113,222114,222115,222116,222117,222118,222119
506,50601,'506-Weekday-1-26-09-1111100',222120,222121,222122,222123,222124,222125,222126,222127,222128,222129,222130,222131,222132,222133,222134,222135,222136,222137,222138,222139,222140,222141,222142,222143,222144,222145,222146,222147,222148,222149,222150,222151,222152,222153,222154,222155,222156,222157,222158,222159,222160,222161,222162,222163,222164,222165,222166,222167
506,50601,'506-Weekday-2-26-09-1111100',222168,222169,222170,222171,222172,222173,222174,222175,222176,222177,222178,222179,222180,222181,222182,222183,222184,222185,222186,222187,222188,222189,222190,222191,222192,222193,222194,222195,222196,222197,222198,222199,222200,222201,222202,222203,222204,222205,222206,222207,222208,222209,222210,222211,222212,222213,222214,222215
506,50601,'506-Weekday-3-26-09-1111100',265444,265445,265446,265447,265448,265449,265450,265451,265452,265453,265454,265455,265456,265457,265458,265459,265460,265461,265462,265463,265464,265465,265466,265467,265468,265469,265470,265471,265472,265473,265474,265475,265476,265477,265478,265479,265480,265481,265482,265483,265484,265485,265486,265487,265488,265489
506,50601,'506-Weekday-4-26-09-1111100',222216,222217,222218,222219,222220,222221,222222,222223,222224,222225,222226,222227,222228,222229,222230,222231,222232,222233,222234,222235,222236,222237,222238,222239,222240,222241,222242,222243,222244,222245,222246,222247,222248,222249,222250,222251,222252,222253,222254,222255,222256,222257,222258,222259,222260,222261
506,50601,'506-Weekday-5-26-09-1111100',265490,265491,265492,265493,265494,265495,265496,265497,265498,265499,265500,265501,265502,265503,265504,265505,265506,265507,265508,265509,265510,265511,265512,265513,265514,265515,265516,265517,265518,265519,265520,265521,265522,265523,265524,265525,265526,265527,265528,265529,265530,265531,265532,265533,265534,265535
506,50601,'506-Weekday-6-26-09-1111100',265536,265537,265538,265539,265540,265541,265542,265543,265544,265545,265546,265547,265548,265549,265550,265551,265552,265553,265554,265555,265556,265557,265558,265559,265560,265561,265562,265563,265564,265565,265566,265567,265568,265569,265570,265571,265572,265573,265574,265575,265576,265577,265578,265579,265580,265581,265582,265583
506,50601,'506-Weekday-7-26-09-1111100',265584,265585,265586,265587,265588,265589,265590,265591,265592,265593,265594,265595,265596,265597,265598,265599,265600,265601,265602,265603,265604,265605,265606,265607,265608,265609,265610,265611,265612,265613,265614,265615,265616,265617,265618,265619,265620,265621,265622,265623,265624,265625,265626,265627,265628,265629
506,50601,'506-Saturday-1-26-09-0000010',222262,222263,222264,222265,222266,222267,222268,222269,222270,222271,222272,222273,222274,222275,222276,222277,222278,222279,222280,222281,222282,222283,222284,222285,222286,222287,222288,222289,222290,222291,222292,222293
506,50601,'506-Sunday-1-26-09-0000001',222294,222295,222296,222297,222298,222299,222300,222301,222302,222303,222304,222305,222306,222307,222308,222309,222310,222311,222312,222313,222314,222315,222316,222317,222318,222319,222320,222321
507,50700,'507-Weekday-1-26-09-0001000',222322
507,50700,'507-Weekday-1-26-09-1111100',222323,222324,222325,222326,222327,222328,222329,222330,222331,222332,222333,222334,222335,222336,222337,222338,222339,222340,222341,222342,222343,222344,222345,222346,222347,222348,222349,222350,222351,222352,222353,222354,222355,222356,222357,222358,222359,222360,222361,222362,222363,222364,222365
507,50700,'507-Weekday-2-26-09-1111100',222366,222367,222368,222369,222370,222371,222372,222373,222374,222375,222376,222377,222378,222379,222380,222381,222382,222383,222384,222385,222386,222387,222388,222389,222390,222391,222392,222393,222394,222395,222396,222397,222398,222399,222400,222401,222402,222403,222404,222405,222406,222407,222408
507,50700,'507-Weekday-3-26-09-1111100',265630,265631,265632,265633,265634,265635,265636,265637,265638,265639,265640,265641,265642,265643,265644,265645,265646,265647,265648,265649,265650,265651,265652,265653,265654,265655,265656,265657,265658,265659,265660,265661,265662,265663,265664,265665,265666,265667,265668,265669,265670,265671,265672
507,50700,'507-Weekday-4-26-09-1111100',222409,222410,222411,222412,222413,222414,222415,222416,222417,222418,222419,222420,222421,222422,222423,222424,222425,222426,222427,222428,222429,222430,222431,222432,222433,222434,222435,222436,222437,222438,222439,222440,222441,222442,222443,222444,222445,222446,222447,222448,222449,222450
507,50700,'507-Weekday-5-26-09-1111100',265673,265674,265675,265676,265677,265678,265679,265680,265681,265682,265683,265684,265685,265686,265687,265688,265689,265690,265691,265692,265693,265694,265695,265696,265697,265698,265699,265700,265701,265702,265703,265704,265705,265706,265707,265708,265709,265710,265711,265712,265713,265714
507,50700,'507-Weekday-6-26-09-1111100',265715,265716,265717,265718,265719,265720,265721,265722,265723,265724,265725,265726,265727,265728,265729,265730,265731,265732,265733,265734,265735,265736,265737,265738,265739,265740,265741,265742,265743,265744,265745,265746,265747,265748,265749,265750,265751,265752,265753,265754,265755,265756,265757
507,50700,'507-Weekday-7-26-09-1111100',265758,265759,265760,265761,265762,265763,265764,265765,265766,265767,265768,265769,265770,265771,265772,265773,265774,265775,265776,265777,265778,265779,265780,265781,265782,265783,265784,265785,265786,265787,265788,265789,265790,265791,265792,265793,265794,265795,265796,265797,265798,265799
507,50700,'507-Saturday-1-26-09-0000010',222451,222452,222453,222454,222455,222456,222457,222458,222459,222460,222461,222462,222463,222464,222465,222466,222467,222468,222469,222470,222471,222472,222473,222474,222475,222476,222477,222478,222479
507,50700,'507-Sunday-1-26-09-0000001',222480,222481,222482,222483,222484,222485,222486,222487,222488,222489,222490,222491,222492,222493,222494,222495,222496,222497,222498,222499,222500,222501,222502,222503,222504,222505
507,50701,'507-Weekday-1-26-09-1111100',222506,222507,222508,222509,222510,222511,222512,222513,222514,222515,222516,222517,222518,222519,222520,222521,222522,222523,222524,222525,222526,222527,222528,222529,222530,222531,222532,222533,222534,222535,222536,222537,222538,222539,222540,222541,222542,222543,222544,222545,222546,222547
507,50701,'507-Weekday-2-26-09-1111100',222548,222549,222550,222551,222552,222553,222554,222555,222556,222557,222558,222559,222560,222561,222562,222563,222564,222565,222566,222567,222568,222569,222570,222571,222572,222573,222574,222575,222576,222577,222578,222579,222580,222581,222582,222583,222584,222585,222586,222587,222588,222589
507,50701,'507-Weekday-3-26-09-1111100',265800,265801,265802,265803,265804,265805,265806,265807,265808,265809,265810,265811,265812,265813,265814,265815,265816,265817,265818,265819,265820,265821,265822,265823,265824,265825,265826,265827,265828,265829,265830,265831,265832,265833,265834,265835,265836,265837,265838,265839,265840,265841
507,50701,'507-Weekday-4-26-09-1111100',222590,222591,222592,222593,222594,222595,222596,222597,222598,222599,222600,222601,222602,222603,222604,222605,222606,222607,222608,222609,222610,222611,222612,222613,222614,222615,222616,222617,222618,222619,222620,222621,222622,222623,222624,222625,222626,222627,222628,222629,222630,222631
507,50701,'507-Weekday-5-26-09-1111100',265842,265843,265844,265845,265846,265847,265848,265849,265850,265851,265852,265853,265854,265855,265856,265857,265858,265859,265860,265861,265862,265863,265864,265865,265866,265867,265868,265869,265870,265871,265872,265873,265874,265875,265876,265877,265878,265879,265880,265881,265882,265883
507,50701,'507-Weekday-6-26-09-1111100',265884,265885,265886,265887,265888,265889,265890,265891,265892,265893,265894,265895,265896,265897,265898,265899,265900,265901,265902,265903,265904,265905,265906,265907,265908,265909,265910,265911,265912,265913,265914,265915,265916,265917,265918,265919,265920,265921,265922,265923,265924,265925
507,50701,'507-Weekday-7-26-09-1111100',265926,265927,265928,265929,265930,265931,265932,265933,265934,265935,265936,265937,265938,265939,265940,265941,265942,265943,265944,265945,265946,265947,265948,265949,265950,265951,265952,265953,265954,265955,265956,265957,265958,265959,265960,265961,265962,265963,265964,265965,265966,265967
507,50701,'507-Saturday-1-26-09-0000010',222632,222633,222634,222635,222636,222637,222638,222639,222640,222641,222642,222643,222644,222645,222646,222647,222648,222649,222650,222651,222652,222653,222654,222655,222656,222657,222658,222659,222660,222661,222662
507,50701,'507-Sunday-1-26-09-0000001',222663,222664,222665,222666,222667,222668,222669,222670,222671,222672,222673,222674,222675,222676,222677,222678,222679,222680,222681,222682,222683,222684,222685,222686,222687,222688,222689,222690
508,50800,'508-Weekday-1-26-09-1111100',222691,222692,222693,222694,222695,222696,222697,222698,222699,222700,222701,222702,222703,222704,222705,222706,222707,222708,222709,222710,222711,222712,222713,222714,222715,222716,222717,222718,222719,222720,222721,222722,222723,222724,222725,222726,222727,222728
508,50800,'508-Weekday-2-26-09-1111100',222729,222730,222731,222732,222733,222734,222735,222736,222737,222738,222739,222740,222741,222742,222743,222744,222745,222746,222747,222748,222749,222750,222751,222752,222753,222754,222755,222756,222757,222758,222759,222760,222761,222762,222763,222764,222765,222766
508,50800,'508-Weekday-3-26-09-1111100',265968,265969,265970,265971,265972,265973,265974,265975,265976,265977,265978,265979,265980,265981,265982,265983,265984,265985,265986,265987,265988,265989,265990,265991,265992,265993,265994,265995,265996,265997,265998,265999,266000,266001,266002,266003,266004,266005
508,50800,'508-Weekday-4-26-09-1111100',222767,222768,222769,222770,222771,222772,222773,222774,222775,222776,222777,222778,222779,222780,222781,222782,222783,222784,222785,222786,222787,222788,222789,222790,222791,222792,222793,222794,222795,222796,222797,222798,222799,222800,222801,222802,222803,222804
508,50800,'508-Weekday-5-26-09-1111100',266006,266007,266008,266009,266010,266011,266012,266013,266014,266015,266016,266017,266018,266019,266020,266021,266022,266023,266024,266025,266026,266027,266028,266029,266030,266031,266032,266033,266034,266035,266036,266037,266038,266039,266040,266041,266042,266043
508,50800,'508-Weekday-6-26-09-1111100',266044,266045,266046,266047,266048,266049,266050,266051,266052,266053,266054,266055,266056,266057,266058,266059,266060,266061,266062,266063,266064,266065,266066,266067,266068,266069,266070,266071,266072,266073,266074,266075,266076,266077,266078,266079,266080,266081
508,50800,'508-Weekday-7-26-09-1111100',266082,266083,266084,266085,266086,266087,266088,266089,266090,266091,266092,266093,266094,266095,266096,266097,266098,266099,266100,266101,266102,266103,266104,266105,266106,266107,266108,266109,266110,266111,266112,266113,266114,266115,266116,266117,266118,266119
508,50800,'508-Saturday-1-26-09-0000010',222805,222806,222807,222808,222809,222810,222811,222812,222813,222814,222815,222816,222817,222818,222819,222820,222821,222822,222823,222824,222825,222826,222827,222828
508,50800,'508-Sunday-1-26-09-0000001',222829,222830,222831,222832,222833,222834,222835,222836,222837,222838,222839,222840,222841,222842,222843,222844,222845
508,50801,'508-Weekday-1-26-09-1111100',222846,222847,222848,222849,222850,222851,222852,222853,222854,222855,222856,222857,222858,222859,222860,222861,222862,222863,222864,222865,222866,222867,222868,222869,222870,222871,222872,222873,222874,222875,222876,222877,222878,222879,222880,222881,222882,222883
508,50801,'508-Weekday-2-26-09-1111100',222884,222885,222886,222887,222888,222889,222890,222891,222892,222893,222894,222895,222896,222897,222898,222899,222900,222901,222902,222903,222904,222905,222906,222907,222908,222909,222910,222911,222912,222913,222914,222915,222916,222917,222918,222919,222920,222921
508,50801,'508-Weekday-3-26-09-1111100',266120,266121,266122,266123,266124,266125,266126,266127,266128,266129,266130,266131,266132,266133,266134,266135,266136,266137,266138,266139,266140,266141,266142,266143,266144,266145,266146,266147,266148,266149,266150,266151,266152,266153,266154,266155,266156,266157
508,50801,'508-Weekday-4-26-09-1111100',222922,222923,222924,222925,222926,222927,222928,222929,222930,222931,222932,222933,222934,222935,222936,222937,222938,222939,222940,222941,222942,222943,222944,222945,222946,222947,222948,222949,222950,222951,222952,222953,222954,222955,222956,222957,222958,222959
508,50801,'508-Weekday-5-26-09-1111100',266158,266159,266160,266161,266162,266163,266164,266165,266166,266167,266168,266169,266170,266171,266172,266173,266174,266175,266176,266177,266178,266179,266180,266181,266182,266183,266184,266185,266186,266187,266188,266189,266190,266191,266192,266193,266194,266195
508,50801,'508-Weekday-6-26-09-1111100',266196,266197,266198,266199,266200,266201,266202,266203,266204,266205,266206,266207,266208,266209,266210,266211,266212,266213,266214,266215,266216,266217,266218,266219,266220,266221,266222,266223,266224,266225,266226,266227,266228,266229,266230,266231,266232,266233
508,50801,'508-Weekday-7-26-09-1111100',266234,266235,266236,266237,266238,266239,266240,266241,266242,266243,266244,266245,266246,266247,266248,266249,266250,266251,266252,266253,266254,266255,266256,266257,266258,266259,266260,266261,266262,266263,266264,266265,266266,266267,266268,266269,266270,266271
508,50801,'508-Saturday-1-26-09-0000010',222960,222961,222962,222963,222964,222965,222966,222967,222968,222969,222970,222971,222972,222973,222974,222975,222976,222977,222978,222979,222980,222981,222982,222983,222984
508,50801,'508-Sunday-1-26-09-0000001',222985,222986,222987,222988,222989,222990,222991,222992,222993,222994,222995,222996,222997,222998,222999,223000,223001,223002
511,51100,'511-Weekday-1-26-09-1111100',223003,223004,223005,223006
511,51100,'511-Weekday-2-26-09-1111100',223007,223008,223009,223010
511,51100,'511-Weekday-3-26-09-1111100',266272,266273,266274,266275
511,51100,'511-Weekday-4-26-09-1111100',223011,223012,223013,223014
511,51100,'511-Weekday-5-26-09-1111100',266276,266277,266278,266279
511,51100,'511-Weekday-6-26-09-1111100',266280,266281,266282,266283
511,51100,'511-Weekday-7-26-09-1111100',266284,266285,266286,266287
511,51100,'511-Saturday-1-26-09-0000010',223015,223016,223017,223018
511,51100,'511-Sunday-1-26-09-0000001',223019,223020,223021,223022
511,51101,'511-Weekday-1-26-09-1111100',223023,223024,223025,223026
511,51101,'511-Weekday-2-26-09-1111100',223027,223028,223029,223030
511,51101,'511-Weekday-3-26-09-1111100',266288,266289,266290,266291
511,51101,'511-Weekday-4-26-09-1111100',223031,223032,223033,223034
511,51101,'511-Weekday-5-26-09-1111100',266292,266293,266294,266295
511,51101,'511-Weekday-6-26-09-1111100',266296,266297,266298,266299
511,51101,'511-Weekday-7-26-09-1111100',266300,266301,266302,266303
511,51101,'511-Saturday-1-26-09-0000010',223035,223036,223037,223038
511,51101,'511-Sunday-1-26-09-0000001',223039,223040,223041,223042
512,51200,'512-Weekday-1-26-09-1111100',223043,223044,223045,223046,223047,223048,223049,223050,223051,223052,223053,223054,223055,223056,223057,223058,223059,223060,223061,223062,223063,223064,223065,223066,223067,223068,223069,223070,223071,223072,223073,223074,223075,223076,223077,223078,223079,223080
512,51200,'512-Weekday-2-26-09-1111100',223081,223082,223083,223084,223085,223086,223087,223088,223089,223090,223091,223092,223093,223094,223095,223096,223097,223098,223099,223100,223101,223102,223103,223104,223105,223106,223107,223108,223109,223110,223111,223112,223113,223114,223115,223116,223117,223118
512,51200,'512-Weekday-3-26-09-1111100',266304,266305,266306,266307,266308,266309,266310,266311,266312,266313,266314,266315,266316,266317,266318,266319,266320,266321,266322,266323,266324,266325,266326,266327,266328,266329,266330,266331,266332,266333,266334,266335,266336,266337,266338,266339,266340,266341
512,51200,'512-Weekday-4-26-09-1111100',223119,223120,223121,223122,223123,223124,223125,223126,223127,223128,223129,223130,223131,223132,223133,223134,223135,223136,223137,223138,223139,223140,223141,223142,223143,223144,223145,223146,223147,223148,223149,223150,223151,223152,223153,223154,223155,223156
512,51200,'512-Weekday-5-26-09-1111100',266342,266343,266344,266345,266346,266347,266348,266349,266350,266351,266352,266353,266354,266355,266356,266357,266358,266359,266360,266361,266362,266363,266364,266365,266366,266367,266368,266369,266370,266371,266372,266373,266374,266375,266376,266377,266378,266379
512,51200,'512-Weekday-6-26-09-1111100',266380,266381,266382,266383,266384,266385,266386,266387,266388,266389,266390,266391,266392,266393,266394,266395,266396,266397,266398,266399,266400,266401,266402,266403,266404,266405,266406,266407,266408,266409,266410,266411,266412,266413,266414,266415,266416,266417
512,51200,'512-Weekday-7-26-09-1111100',266418,266419,266420,266421,266422,266423,266424,266425,266426,266427,266428,266429,266430,266431,266432,266433,266434,266435,266436,266437,266438,266439,266440,266441,266442,266443,266444,266445,266446,266447,266448,266449,266450,266451,266452,266453,266454,266455
512,51200,'512-Saturday-1-26-09-0000010',223157,223158,223159,223160,223161,223162,223163,223164,223165,223166,223167,223168,223169,223170,223171,223172,223173,223174,223175,223176,223177,223178,223179,223180,223181,223182,223183,223184,223185,223186
512,51200,'512-Sunday-1-26-09-0000001',223187,223188,223189,223190,223191,223192,223193,223194,223195,223196,223197,223198,223199,223200,223201,223202,223203,223204,223205,223206,223207,223208,223209,223210,223211,223212,223213,223214,223215,223216
513,51301,'513-Weekday-1-26-09-1111100',223217,223218,223219,223220,223221,223222,223223,223224,223225,223226,223227,223228,223229,223230,223231,223232,223233,223234,223235,223236,223237,223238,223239,223240,223241,223242,223243,223244,223245,223246,223247,223248,223249,223250,223251,223252,223253
513,51301,'513-Weekday-2-26-09-1111100',223254,223255,223256,223257,223258,223259,223260,223261,223262,223263,223264,223265,223266,223267,223268,223269,223270,223271,223272,223273,223274,223275,223276,223277,223278,223279,223280,223281,223282,223283,223284,223285,223286,223287,223288,223289,223290
513,51301,'513-Weekday-3-26-09-1111100',266456,266457,266458,266459,266460,266461,266462,266463,266464,266465,266466,266467,266468,266469,266470,266471,266472,266473,266474,266475,266476,266477,266478,266479,266480,266481,266482,266483,266484,266485,266486,266487,266488,266489,266490,266491,266492
513,51301,'513-Weekday-4-26-09-1111100',223291,223292,223293,223294,223295,223296,223297,223298,223299,223300,223301,223302,223303,223304,223305,223306,223307,223308,223309,223310,223311,223312,223313,223314,223315,223316,223317,223318,223319,223320,223321,223322,223323,223324,223325,223326,223327
513,51301,'513-Weekday-5-26-09-1111100',266493,266494,266495,266496,266497,266498,266499,266500,266501,266502,266503,266504,266505,266506,266507,266508,266509,266510,266511,266512,266513,266514,266515,266516,266517,266518,266519,266520,266521,266522,266523,266524,266525,266526,266527,266528,266529
513,51301,'513-Weekday-6-26-09-1111100',266530,266531,266532,266533,266534,266535,266536,266537,266538,266539,266540,266541,266542,266543,266544,266545,266546,266547,266548,266549,266550,266551,266552,266553,266554,266555,266556,266557,266558,266559,266560,266561,266562,266563,266564,266565,266566
513,51301,'513-Weekday-7-26-09-1111100',266567,266568,266569,266570,266571,266572,266573,266574,266575,266576,266577,266578,266579,266580,266581,266582,266583,266584,266585,266586,266587,266588,266589,266590,266591,266592,266593,266594,266595,266596,266597,266598,266599,266600,266601,266602,266603
513,51301,'513-Saturday-1-26-09-0000010',223328,223329,223330,223331,223332,223333,223334,223335,223336,223337,223338,223339,223340,223341,223342,223343,223344,223345,223346,223347,223348,223349
513,51301,'513-Sunday-1-26-09-0000001',223350,223351,223352,223353,223354,223355,223356,223357,223358,223359,223360,223361,223362,223363,223364,223365,223366,223367,223368
514,51401,'514-Weekday-1-26-09-1111100',223369,223370,223371,223372,223373,223374,223375,223376,223377,223378,223379,223380,223381,223382,223383,223384,223385,223386,223387,223388,223389,223390,223391,223392,223393,223394,223395,223396,223397,223398,223399,223400,223401,223402,223403,223404,223405
514,51401,'514-Weekday-2-26-09-1111100',223406,223407,223408,223409,223410,223411,223412,223413,223414,223415,223416,223417,223418,223419,223420,223421,223422,223423,223424,223425,223426,223427,223428,223429,223430,223431,223432,223433,223434,223435,223436,223437,223438,223439,223440,223441,223442
514,51401,'514-Weekday-3-26-09-1111100',266604,266605,266606,266607,266608,266609,266610,266611,266612,266613,266614,266615,266616,266617,266618,266619,266620,266621,266622,266623,266624,266625,266626,266627,266628,266629,266630,266631,266632,266633,266634,266635,266636,266637,266638,266639,266640
514,51401,'514-Weekday-4-26-09-1111100',223443,223444,223445,223446,223447,223448,223449,223450,223451,223452,223453,223454,223455,223456,223457,223458,223459,223460,223461,223462,223463,223464,223465,223466,223467,223468,223469,223470,223471,223472,223473,223474,223475,223476,223477,223478,223479
514,51401,'514-Weekday-5-26-09-1111100',266641,266642,266643,266644,266645,266646,266647,266648,266649,266650,266651,266652,266653,266654,266655,266656,266657,266658,266659,266660,266661,266662,266663,266664,266665,266666,266667,266668,266669,266670,266671,266672,266673,266674,266675,266676,266677
514,51401,'514-Weekday-6-26-09-1111100',266678,266679,266680,266681,266682,266683,266684,266685,266686,266687,266688,266689,266690,266691,266692,266693,266694,266695,266696,266697,266698,266699,266700,266701,266702,266703,266704,266705,266706,266707,266708,266709,266710,266711,266712,266713,266714
514,51401,'514-Weekday-7-26-09-1111100',266715,266716,266717,266718,266719,266720,266721,266722,266723,266724,266725,266726,266727,266728,266729,266730,266731,266732,266733,266734,266735,266736,266737,266738,266739,266740,266741,266742,266743,266744,266745,266746,266747,266748,266749,266750,266751
514,51401,'514-Saturday-1-26-09-0000010',223480,223481,223482,223483,223484,223485,223486,223487,223488,223489,223490,223491,223492,223493,223494,223495,223496,223497,223498,223499,223500,223501,223502
514,51401,'514-Sunday-1-26-09-0000001',223503,223504,223505,223506,223507,223508,223509,223510,223511,223512,223513,223514,223515,223516,223517,223518,223519,223520,223521
515,51500,'515-Weekday-1-26-09-1110100',223522
515,51500,'515-Weekday-1-26-09-1111100',223523,223524,223525,223526,223527,223528,223529,223530,223531,223532,223533,223534,223535,223536,223537,223538,223539,223540,223541,223542,223543,223544,223545,223546,223547,223548,223549,223550,223551,223552,223553,223554,223555,223556,223557,223558,223559,223560,223561,223562,223563,223564,223565,223566,223567,223568,223569,223570,223571,223572,223573
515,51500,'515-Weekday-2-26-09-1110100',223574
515,51500,'515-Weekday-2-26-09-1111100',223575,223576,223577,223578,223579,223580,223581,223582,223583,223584,223585,223586,223587,223588,223589,223590,223591,223592,223593,223594,223595,223596,223597,223598,223599,223600,223601,223602,223603,223604,223605,223606,223607,223608,223609,223610,223611,223612,223613,223614,223615,223616,223617,223618,223619,223620,223621,223622,223623,223624,223625
515,51500,'515-Weekday-3-26-09-1111100',266752,266753,266754,266755,266756,266757,266758,266759,266760,266761,266762,266763,266764,266765,266766,266767,266768,266769,266770,266771,266772,266773,266774,266775,266776,266777,266778,266779,266780,266781,266782,266783,266784,266785,266786,266787,266788,266789,266790,266791,266792,266793,266794,266795,266796,266797,266798,266799,266800,266801,266802
515,51500,'515-Weekday-4-26-09-1111100',223626,223627,223628,223629,223630,223631,223632,223633,223634,223635,223636,223637,223638,223639,223640,223641,223642,223643,223644,223645,223646,223647,223648,223649,223650,223651,223652,223653,223654,223655,223656,223657,223658,223659,223660,223661,223662,223663,223664,223665,223666,223667,223668,223669,223670,223671,223672,223673,223674,223675,223676
515,51500,'515-Weekday-5-26-09-1111100',266803,266804,266805,266806,266807,266808,266809,266810,266811,266812,266813,266814,266815,266816,266817,266818,266819,266820,266821,266822,266823,266824,266825,266826,266827,266828,266829,266830,266831,266832,266833,266834,266835,266836,266837,266838,266839,266840,266841,266842,266843,266844,266845,266846,266847,266848,266849,266850,266851,266852,266853
515,51500,'515-Weekday-6-26-09-1110100',266854
515,51500,'515-Weekday-6-26-09-1111100',266855,266856,266857,266858,266859,266860,266861,266862,266863,266864,266865,266866,266867,266868,266869,266870,266871,266872,266873,266874,266875,266876,266877,266878,266879,266880,266881,266882,266883,266884,266885,266886,266887,266888,266889,266890,266891,266892,266893,266894,266895,266896,266897,266898,266899,266900,266901,266902,266903,266904,266905
515,51500,'515-Weekday-7-26-09-1111100',266906,266907,266908,266909,266910,266911,266912,266913,266914,266915,266916,266917,266918,266919,266920,266921,266922,266923,266924,266925,266926,266927,266928,266929,266930,266931,266932,266933,266934,266935,266936,266937,266938,266939,266940,266941,266942,266943,266944,266945,266946,266947,266948,266949,266950,266951,266952,266953,266954,266955,266956
515,51500,'515-Saturday-1-26-09-0000010',223677,223678,223679,223680,223681,223682,223683,223684,223685,223686,223687,223688,223689,223690,223691,223692,223693,223694,223695,223696,223697,223698,223699,223700,223701,223702,223703,223704,223705,223706,223707,223708,223709,223710,223711,223712,223713,223714,223715,223716,223717,223718,223719
515,51500,'515-Sunday-1-26-09-0000001',223720,223721,223722,223723,223724,223725,223726,223727,223728,223729,223730,223731,223732,223733,223734,223735,223736,223737,223738,223739,223740,223741,223742,223743,223744,223745,223746,223747,223748,223749,223750,223751,223752,223753,223754,223755,223756,223757,223758
515,51501,'515-Weekday-1-26-09-1101100',223759
515,51501,'515-Weekday-1-26-09-1111100',223760,223761,223762,223763,223764,223765,223766,223767,223768,223769,223770,223771,223772,223773,223774,223775,223776,223777,223778,223779,223780,223781,223782,223783,223784,223785,223786,223787,223788,223789,223790,223791,223792,223793,223794,223795,223796,223797,223798,223799,223800,223801,223802,223803,223804,223805,223806,223807,223808,223809,223810
515,51501,'515-Weekday-2-26-09-1101100',223811
515,51501,'515-Weekday-2-26-09-1111100',223812,223813,223814,223815,223816,223817,223818,223819,223820,223821,223822,223823,223824,223825,223826,223827,223828,223829,223830,223831,223832,223833,223834,223835,223836,223837,223838,223839,223840,223841,223842,223843,223844,223845,223846,223847,223848,223849,223850,223851,223852,223853,223854,223855,223856,223857,223858,223859,223860,223861,223862
515,51501,'515-Weekday-3-26-09-1111100',266957,266958,266959,266960,266961,266962,266963,266964,266965,266966,266967,266968,266969,266970,266971,266972,266973,266974,266975,266976,266977,266978,266979,266980,266981,266982,266983,266984,266985,266986,266987,266988,266989,266990,266991,266992,266993,266994,266995,266996,266997,266998,266999,267000,267001,267002,267003,267004,267005,267006,267007
515,51501,'515-Weekday-4-26-09-1111100',223863,223864,223865,223866,223867,223868,223869,223870,223871,223872,223873,223874,223875,223876,223877,223878,223879,223880,223881,223882,223883,223884,223885,223886,223887,223888,223889,223890,223891,223892,223893,223894,223895,223896,223897,223898,223899,223900,223901,223902,223903,223904,223905,223906,223907,223908,223909,223910,223911,223912,223913
515,51501,'515-Weekday-5-26-09-1111100',267008,267009,267010,267011,267012,267013,267014,267015,267016,267017,267018,267019,267020,267021,267022,267023,267024,267025,267026,267027,267028,267029,267030,267031,267032,267033,267034,267035,267036,267037,267038,267039,267040,267041,267042,267043,267044,267045,267046,267047,267048,267049,267050,267051,267052,267053,267054,267055,267056,267057,267058
515,51501,'515-Weekday-6-26-09-1101100',267059
515,51501,'515-Weekday-6-26-09-1111100',267060,267061,267062,267063,267064,267065,267066,267067,267068,267069,267070,267071,267072,267073,267074,267075,267076,267077,267078,267079,267080,267081,267082,267083,267084,267085,267086,267087,267088,267089,267090,267091,267092,267093,267094,267095,267096,267097,267098,267099,267100,267101,267102,267103,267104,267105,267106,267107,267108,267109,267110
515,51501,'515-Weekday-7-26-09-1111100',267111,267112,267113,267114,267115,267116,267117,267118,267119,267120,267121,267122,267123,267124,267125,267126,267127,267128,267129,267130,267131,267132,267133,267134,267135,267136,267137,267138,267139,267140,267141,267142,267143,267144,267145,267146,267147,267148,267149,267150,267151,267152,267153,267154,267155,267156,267157,267158,267159,267160,267161
515,51501,'515-Saturday-1-26-09-0000010',223914,223915,223916,223917,223918,223919,223920,223921,223922,223923,223924,223925,223926,223927,223928,223929,223930,223931,223932,223933,223934,223935,223936,223937,223938,223939,223940,223941,223942,223943,223944,223945,223946,223947,223948,223949,223950,223951,223952,223953,223954,223955,223956,223957
515,51501,'515-Sunday-1-26-09-0000001',223958,223959,223960,223961,223962,223963,223964,223965,223966,223967,223968,223969,223970,223971,223972,223973,223974,223975,223976,223977,223978,223979,223980,223981,223982,223983,223984,223985,223986,223987,223988,223989,223990,223991,223992,223993,223994,223995,223996,223997
516,51600,'516-Weekday-1-26-09-1111100',223998,223999,224000,224001,224002,224003,224004,224005,224006,224007,224008,224009,224010,224011,224012,224013,224014,224015,224016,224017,224018,224019,224020,224021,224022,224023,224024,224025,224026,224027,224028,224029,224030,224031,224032,224033,224034,224035,224036,224037,224038,224039,224040,224041,224042,224043,224044,224045,224046,224047,224048,224049,224050,224051,224052,224053,224054,224055,224056,224057,224058,224059,224060,224061,224062,224063,224064,224065,224066,224067,224068,224069,224070,224071,224072,224073,224074,224075,224076,224077
516,51600,'516-Weekday-2-26-09-1111100',224078,224079,224080,224081,224082,224083,224084,224085,224086,224087,224088,224089,224090,224091,224092,224093,224094,224095,224096,224097,224098,224099,224100,224101,224102,224103,224104,224105,224106,224107,224108,224109,224110,224111,224112,224113,224114,224115,224116,224117,224118,224119,224120,224121,224122,224123,224124,224125,224126,224127,224128,224129,224130,224131,224132,224133,224134,224135,224136,224137,224138,224139,224140,224141,224142,224143,224144,224145,224146,224147,224148,224149,224150,224151,224152,224153,224154,224155,224156,224157
516,51600,'516-Weekday-3-26-09-1111100',267162,267163,267164,267165,267166,267167,267168,267169,267170,267171,267172,267173,267174,267175,267176,267177,267178,267179,267180,267181,267182,267183,267184,267185,267186,267187,267188,267189,267190,267191,267192,267193,267194,267195,267196,267197,267198,267199,267200,267201,267202,267203,267204,267205,267206,267207,267208,267209,267210,267211,267212,267213,267214,267215,267216,267217,267218,267219,267220,267221,267222,267223,267224,267225,267226,267227,267228,267229,267230,267231,267232,267233,267234,267235,267236,267237,267238,267239,267240,267241
516,51600,'516-Weekday-4-26-09-1111100',224158,224159,224160,224161,224162,224163,224164,224165,224166,224167,224168,224169,224170,224171,224172,224173,224174,224175,224176,224177,224178,224179,224180,224181,224182,224183,224184,224185,224186,224187,224188,224189,224190,224191,224192,224193,224194,224195,224196,224197,224198,224199,224200,224201,224202,224203,224204,224205,224206,224207,224208,224209,224210,224211,224212,224213,224214,224215,224216,224217,224218,224219,224220,224221,224222,224223,224224,224225,224226,224227,224228,224229,224230,224231,224232,224233,224234,224235,224236,224237
516,51600,'516-Weekday-5-26-09-1111100',267242,267243,267244,267245,267246,267247,267248,267249,267250,267251,267252,267253,267254,267255,267256,267257,267258,267259,267260,267261,267262,267263,267264,267265,267266,267267,267268,267269,267270,267271,267272,267273,267274,267275,267276,267277,267278,267279,267280,267281,267282,267283,267284,267285,267286,267287,267288,267289,267290,267291,267292,267293,267294,267295,267296,267297,267298,267299,267300,267301,267302,267303,267304,267305,267306,267307,267308,267309,267310,267311,267312,267313,267314,267315,267316,267317,267318,267319,267320,267321
516,51600,'516-Weekday-6-26-09-1111100',267322,267323,267324,267325,267326,267327,267328,267329,267330,267331,267332,267333,267334,267335,267336,267337,267338,267339,267340,267341,267342,267343,267344,267345,267346,267347,267348,267349,267350,267351,267352,267353,267354,267355,267356,267357,267358,267359,267360,267361,267362,267363,267364,267365,267366,267367,267368,267369,267370,267371,267372,267373,267374,267375,267376,267377,267378,267379,267380,267381,267382,267383,267384,267385,267386,267387,267388,267389,267390,267391,267392,267393,267394,267395,267396,267397,267398,267399,267400,267401
516,51600,'516-Weekday-7-26-09-1111100',267402,267403,267404,267405,267406,267407,267408,267409,267410,267411,267412,267413,267414,267415,267416,267417,267418,267419,267420,267421,267422,267423,267424,267425,267426,267427,267428,267429,267430,267431,267432,267433,267434,267435,267436,267437,267438,267439,267440,267441,267442,267443,267444,267445,267446,267447,267448,267449,267450,267451,267452,267453,267454,267455,267456,267457,267458,267459,267460,267461,267462,267463,267464,267465,267466,267467,267468,267469,267470,267471,267472,267473,267474,267475,267476,267477,267478,267479,267480,267481
516,51600,'516-Saturday-1-26-09-0000010',224238,224239,224240,224241,224242,224243,224244,224245,224246,224247,224248,224249,224250,224251,224252,224253,224254,224255,224256,224257,224258,224259,224260,224261,224262,224263,224264,224265,224266,224267,224268,224269,224270,224271,224272,224273,224274,224275,224276,224277,224278,224279,224280,224281,224282,224283,224284,224285,224286,224287,224288,224289,224290,224291,224292,224293,224294,224295,224296,224297,224298,224299,224300,224301
516,51600,'516-Sunday-1-26-09-0000001',224302,224303,224304,224305,224306,224307,224308,224309,224310,224311,224312,224313,224314,224315,224316,224317,224318,224319,224320,224321,224322,224323,224324,224325,224326,224327,224328,224329,224330,224331,224332,224333,224334,224335,224336,224337,224338,224339,224340,224341,224342,224343,224344,224345,224346,224347,224348,224349,224350,224351,224352,224353,224354,224355,224356,224357,224358,224359,224360,224361
516,51601,'516-Weekday-1-26-09-1111100',224362,224363,224364,224365,224366,224367,224368,224369,224370,224371,224372,224373,224374,224375,224376,224377,224378,224379,224380,224381,224382,224383,224384,224385,224386,224387,224388,224389,224390,224391,224392,224393,224394,224395,224396,224397,224398,224399,224400,224401,224402,224403,224404,224405,224406,224407,224408,224409,224410,224411,224412,224413,224414,224415,224416,224417,224418,224419,224420,224421,224422,224423,224424,224425,224426,224427,224428,224429,224430,224431,224432,224433,224434
516,51601,'516-Weekday-2-26-09-1111100',224435,224436,224437,224438,224439,224440,224441,224442,224443,224444,224445,224446,224447,224448,224449,224450,224451,224452,224453,224454,224455,224456,224457,224458,224459,224460,224461,224462,224463,224464,224465,224466,224467,224468,224469,224470,224471,224472,224473,224474,224475,224476,224477,224478,224479,224480,224481,224482,224483,224484,224485,224486,224487,224488,224489,224490,224491,224492,224493,224494,224495,224496,224497,224498,224499,224500,224501,224502,224503,224504,224505,224506,224507
516,51601,'516-Weekday-3-26-09-1111100',267482,267483,267484,267485,267486,267487,267488,267489,267490,267491,267492,267493,267494,267495,267496,267497,267498,267499,267500,267501,267502,267503,267504,267505,267506,267507,267508,267509,267510,267511,267512,267513,267514,267515,267516,267517,267518,267519,267520,267521,267522,267523,267524,267525,267526,267527,267528,267529,267530,267531,267532,267533,267534,267535,267536,267537,267538,267539,267540,267541,267542,267543,267544,267545,267546,267547,267548,267549,267550,267551,267552,267553,267554
516,51601,'516-Weekday-4-26-09-1111100',224508,224509,224510,224511,224512,224513,224514,224515,224516,224517,224518,224519,224520,224521,224522,224523,224524,224525,224526,224527,224528,224529,224530,224531,224532,224533,224534,224535,224536,224537,224538,224539,224540,224541,224542,224543,224544,224545,224546,224547,224548,224549,224550,224551,224552,224553,224554,224555,224556,224557,224558,224559,224560,224561,224562,224563,224564,224565,224566,224567,224568,224569,224570,224571,224572,224573,224574,224575,224576,224577,224578,224579,224580
516,51601,'516-Weekday-5-26-09-1111100',267555,267556,267557,267558,267559,267560,267561,267562,267563,267564,267565,267566,267567,267568,267569,267570,267571,267572,267573,267574,267575,267576,267577,267578,267579,267580,267581,267582,267583,267584,267585,267586,267587,267588,267589,267590,267591,267592,267593,267594,267595,267596,267597,267598,267599,267600,267601,267602,267603,267604,267605,267606,267607,267608,267609,267610,267611,267612,267613,267614,267615,267616,267617,267618,267619,267620,267621,267622,267623,267624,267625,267626,267627
516,51601,'516-Weekday-6-26-09-1111100',267628,267629,267630,267631,267632,267633,267634,267635,267636,267637,267638,267639,267640,267641,267642,267643,267644,267645,267646,267647,267648,267649,267650,267651,267652,267653,267654,267655,267656,267657,267658,267659,267660,267661,267662,267663,267664,267665,267666,267667,267668,267669,267670,267671,267672,267673,267674,267675,267676,267677,267678,267679,267680,267681,267682,267683,267684,267685,267686,267687,267688,267689,267690,267691,267692,267693,267694,267695,267696,267697,267698,267699,267700
516,51601,'516-Weekday-7-26-09-1111100',267701,267702,267703,267704,267705,267706,267707,267708,267709,267710,267711,267712,267713,267714,267715,267716,267717,267718,267719,267720,267721,267722,267723,267724,267725,267726,267727,267728,267729,267730,267731,267732,267733,267734,267735,267736,267737,267738,267739,267740,267741,267742,267743,267744,267745,267746,267747,267748,267749,267750,267751,267752,267753,267754,267755,267756,267757,267758,267759,267760,267761,267762,267763,267764,267765,267766,267767,267768,267769,267770,267771,267772,267773
516,51601,'516-Saturday-1-26-09-0000010',224581,224582,224583,224584,224585,224586,224587,224588,224589,224590,224591,224592,224593,224594,224595,224596,224597,224598,224599,224600,224601,224602,224603,224604,224605,224606,224607,224608,224609,224610,224611,224612,224613,224614,224615,224616,224617,224618,224619,224620,224621,224622,224623,224624,224625,224626,224627,224628,224629,224630,224631,224632,224633,224634,224635,224636,224637,224638,224639,224640,224641,224642,224643,224644
516,51601,'516-Sunday-1-26-09-0000001',224645,224646,224647,224648,224649,224650,224651,224652,224653,224654,224655,224656,224657,224658,224659,224660,224661,224662,224663,224664,224665,224666,224667,224668,224669,224670,224671,224672,224673,224674,224675,224676,224677,224678,224679,224680,224681,224682,224683,224684,224685,224686,224687,224688,224689,224690,224691,224692,224693,224694,224695,224696,224697,224698,224699,224700,224701,224702,224703,224704,224705
517,51701,'517-Weekday-1-26-09-1111100',224706,224707,224708,224709,224710,224711,224712,224713,224714,224715,224716,224717,224718,224719,224720,224721,224722,224723,224724,224725,224726,224727,224728,224729,224730,224731,224732,224733,224734,224735,224736,224737,224738,224739,224740,224741,224742,224743
517,51701,'517-Weekday-2-26-09-1111100',224744,224745,224746,224747,224748,224749,224750,224751,224752,224753,224754,224755,224756,224757,224758,224759,224760,224761,224762,224763,224764,224765,224766,224767,224768,224769,224770,224771,224772,224773,224774,224775,224776,224777,224778,224779,224780,224781
517,51701,'517-Weekday-3-26-09-1111100',267774,267775,267776,267777,267778,267779,267780,267781,267782,267783,267784,267785,267786,267787,267788,267789,267790,267791,267792,267793,267794,267795,267796,267797,267798,267799,267800,267801,267802,267803,267804,267805,267806,267807,267808,267809,267810
517,51701,'517-Weekday-4-26-09-1111100',224782,224783,224784,224785,224786,224787,224788,224789,224790,224791,224792,224793,224794,224795,224796,224797,224798,224799,224800,224801,224802,224803,224804,224805,224806,224807,224808,224809,224810,224811,224812,224813,224814,224815,224816,224817,224818
517,51701,'517-Weekday-5-26-09-1111100',267811,267812,267813,267814,267815,267816,267817,267818,267819,267820,267821,267822,267823,267824,267825,267826,267827,267828,267829,267830,267831,267832,267833,267834,267835,267836,267837,267838,267839,267840,267841,267842,267843,267844,267845,267846,267847
517,51701,'517-Weekday-6-26-09-1111100',267848,267849,267850,267851,267852,267853,267854,267855,267856,267857,267858,267859,267860,267861,267862,267863,267864,267865,267866,267867,267868,267869,267870,267871,267872,267873,267874,267875,267876,267877,267878,267879,267880,267881,267882,267883,267884,267885
517,51701,'517-Weekday-7-26-09-1111100',267886,267887,267888,267889,267890,267891,267892,267893,267894,267895,267896,267897,267898,267899,267900,267901,267902,267903,267904,267905,267906,267907,267908,267909,267910,267911,267912,267913,267914,267915,267916,267917,267918,267919,267920,267921,267922
517,51701,'517-Saturday-1-26-09-0000010',224819,224820,224821,224822,224823,224824,224825,224826,224827,224828,224829,224830,224831,224832,224833,224834,224835,224836,224837,224838,224839,224840
517,51701,'517-Sunday-1-26-09-0000001',224841,224842,224843,224844,224845,224846,224847,224848,224849,224850,224851,224852,224853,224854,224855,224856,224857,224858
518,51800,'518-Weekday-1-26-09-1111100',224859,224860,224861,224862,224863,224864,224865,224866,224867,224868,224869,224870,224871,224872,224873,224874,224875,224876,224877,224878,224879,224880,224881,224882,224883,224884,224885,224886,224887,224888,224889,224890,224891,224892,224893,224894,224895,224896,224897,224898,224899,224900,224901,224902,224903,224904,224905,224906,224907,224908,224909,224910,224911
518,51800,'518-Weekday-2-26-09-1111100',224912,224913,224914,224915,224916,224917,224918,224919,224920,224921,224922,224923,224924,224925,224926,224927,224928,224929,224930,224931,224932,224933,224934,224935,224936,224937,224938,224939,224940,224941,224942,224943,224944,224945,224946,224947,224948,224949,224950,224951,224952,224953,224954,224955,224956,224957,224958,224959,224960,224961,224962,224963,224964
518,51800,'518-Weekday-3-26-09-1111100',267923,267924,267925,267926,267927,267928,267929,267930,267931,267932,267933,267934,267935,267936,267937,267938,267939,267940,267941,267942,267943,267944,267945,267946,267947,267948,267949,267950,267951,267952,267953,267954,267955,267956,267957,267958,267959,267960,267961,267962,267963,267964,267965,267966,267967,267968,267969,267970,267971,267972,267973,267974,267975
518,51800,'518-Weekday-4-26-09-1111100',224965,224966,224967,224968,224969,224970,224971,224972,224973,224974,224975,224976,224977,224978,224979,224980,224981,224982,224983,224984,224985,224986,224987,224988,224989,224990,224991,224992,224993,224994,224995,224996,224997,224998,224999,225000,225001,225002,225003,225004,225005,225006,225007,225008,225009,225010,225011,225012,225013,225014,225015,225016
518,51800,'518-Weekday-5-26-09-1111100',267976,267977,267978,267979,267980,267981,267982,267983,267984,267985,267986,267987,267988,267989,267990,267991,267992,267993,267994,267995,267996,267997,267998,267999,268000,268001,268002,268003,268004,268005,268006,268007,268008,268009,268010,268011,268012,268013,268014,268015,268016,268017,268018,268019,268020,268021,268022,268023,268024,268025,268026,268027
518,51800,'518-Weekday-6-26-09-1111100',268028,268029,268030,268031,268032,268033,268034,268035,268036,268037,268038,268039,268040,268041,268042,268043,268044,268045,268046,268047,268048,268049,268050,268051,268052,268053,268054,268055,268056,268057,268058,268059,268060,268061,268062,268063,268064,268065,268066,268067,268068,268069,268070,268071,268072,268073,268074,268075,268076,268077,268078,268079,268080
518,51800,'518-Weekday-7-26-09-1111100',268081,268082,268083,268084,268085,268086,268087,268088,268089,268090,268091,268092,268093,268094,268095,268096,268097,268098,268099,268100,268101,268102,268103,268104,268105,268106,268107,268108,268109,268110,268111,268112,268113,268114,268115,268116,268117,268118,268119,268120,268121,268122,268123,268124,268125,268126,268127,268128,268129,268130,268131,268132
518,51800,'518-Saturday-1-26-09-0000010',225017,225018,225019,225020,225021,225022,225023,225024,225025,225026,225027,225028,225029,225030,225031,225032,225033,225034,225035,225036,225037,225038,225039,225040,225041,225042,225043,225044,225045,225046,225047,225048,225049
518,51800,'518-Sunday-1-26-09-0000001',225050,225051,225052,225053,225054,225055,225056,225057,225058,225059,225060,225061,225062,225063,225064,225065,225066,225067,225068,225069,225070,225071,225072,225073,225074,225075,225076
518,51801,'518-Weekday-1-26-09-1111100',225077,225078,225079,225080,225081,225082,225083,225084,225085,225086,225087,225088,225089,225090,225091,225092,225093,225094,225095,225096,225097,225098,225099,225100,225101,225102,225103,225104,225105,225106,225107,225108,225109,225110,225111,225112,225113,225114,225115,225116,225117,225118,225119,225120,225121,225122,225123,225124,225125,225126,225127,225128,225129
518,51801,'518-Weekday-2-26-09-1111100',225130,225131,225132,225133,225134,225135,225136,225137,225138,225139,225140,225141,225142,225143,225144,225145,225146,225147,225148,225149,225150,225151,225152,225153,225154,225155,225156,225157,225158,225159,225160,225161,225162,225163,225164,225165,225166,225167,225168,225169,225170,225171,225172,225173,225174,225175,225176,225177,225178,225179,225180,225181,225182
518,51801,'518-Weekday-3-26-09-1111100',268133,268134,268135,268136,268137,268138,268139,268140,268141,268142,268143,268144,268145,268146,268147,268148,268149,268150,268151,268152,268153,268154,268155,268156,268157,268158,268159,268160,268161,268162,268163,268164,268165,268166,268167,268168,268169,268170,268171,268172,268173,268174,268175,268176,268177,268178,268179,268180,268181,268182,268183,268184,268185
518,51801,'518-Weekday-4-26-09-1111100',225183,225184,225185,225186,225187,225188,225189,225190,225191,225192,225193,225194,225195,225196,225197,225198,225199,225200,225201,225202,225203,225204,225205,225206,225207,225208,225209,225210,225211,225212,225213,225214,225215,225216,225217,225218,225219,225220,225221,225222,225223,225224,225225,225226,225227,225228,225229,225230,225231,225232,225233,225234
518,51801,'518-Weekday-5-26-09-1111100',268186,268187,268188,268189,268190,268191,268192,268193,268194,268195,268196,268197,268198,268199,268200,268201,268202,268203,268204,268205,268206,268207,268208,268209,268210,268211,268212,268213,268214,268215,268216,268217,268218,268219,268220,268221,268222,268223,268224,268225,268226,268227,268228,268229,268230,268231,268232,268233,268234,268235,268236,268237
518,51801,'518-Weekday-6-26-09-1111100',268238,268239,268240,268241,268242,268243,268244,268245,268246,268247,268248,268249,268250,268251,268252,268253,268254,268255,268256,268257,268258,268259,268260,268261,268262,268263,268264,268265,268266,268267,268268,268269,268270,268271,268272,268273,268274,268275,268276,268277,268278,268279,268280,268281,268282,268283,268284,268285,268286,268287,268288,268289,268290
518,51801,'518-Weekday-7-26-09-1111100',268291,268292,268293,268294,268295,268296,268297,268298,268299,268300,268301,268302,268303,268304,268305,268306,268307,268308,268309,268310,268311,268312,268313,268314,268315,268316,268317,268318,268319,268320,268321,268322,268323,268324,268325,268326,268327,268328,268329,268330,268331,268332,268333,268334,268335,268336,268337,268338,268339,268340,268341,268342
518,51801,'518-Saturday-1-26-09-0000010',225235,225236,225237,225238,225239,225240,225241,225242,225243,225244,225245,225246,225247,225248,225249,225250,225251,225252,225253,225254,225255,225256,225257,225258,225259,225260,225261,225262,225263,225264,225265,225266,225267
518,51801,'518-Sunday-1-26-09-0000001',225268,225269,225270,225271,225272,225273,225274,225275,225276,225277,225278,225279,225280,225281,225282,225283,225284,225285,225286,225287,225288,225289,225290,225291,225292,225293,225294
519,51900,'519-Weekday-1-26-09-1111100',225295,225296,225297,225298,225299,225300,225301,225302,225303,225304,225305,225306,225307,225308,225309,225310,225311,225312,225313,225314,225315,225316,225317,225318,225319,225320,225321,225322,225323,225324,225325,225326,225327,225328,225329,225330,225331,225332,225333,225334,225335,225336,225337,225338,225339,225340,225341
519,51900,'519-Weekday-2-26-09-1111100',225342,225343,225344,225345,225346,225347,225348,225349,225350,225351,225352,225353,225354,225355,225356,225357,225358,225359,225360,225361,225362,225363,225364,225365,225366,225367,225368,225369,225370,225371,225372,225373,225374,225375,225376,225377,225378,225379,225380,225381,225382,225383,225384,225385,225386,225387,225388
519,51900,'519-Weekday-3-26-09-1111100',268343,268344,268345,268346,268347,268348,268349,268350,268351,268352,268353,268354,268355,268356,268357,268358,268359,268360,268361,268362,268363,268364,268365,268366,268367,268368,268369,268370,268371,268372,268373,268374,268375,268376,268377,268378,268379,268380,268381,268382,268383,268384,268385,268386,268387,268388,268389
519,51900,'519-Weekday-4-26-09-1111100',225389,225390,225391,225392,225393,225394,225395,225396,225397,225398,225399,225400,225401,225402,225403,225404,225405,225406,225407,225408,225409,225410,225411,225412,225413,225414,225415,225416,225417,225418,225419,225420,225421,225422,225423,225424,225425,225426,225427,225428,225429,225430,225431,225432,225433,225434,225435
519,51900,'519-Weekday-5-26-09-1111100',268390,268391,268392,268393,268394,268395,268396,268397,268398,268399,268400,268401,268402,268403,268404,268405,268406,268407,268408,268409,268410,268411,268412,268413,268414,268415,268416,268417,268418,268419,268420,268421,268422,268423,268424,268425,268426,268427,268428,268429,268430,268431,268432,268433,268434,268435,268436
519,51900,'519-Weekday-6-26-09-1111100',268437,268438,268439,268440,268441,268442,268443,268444,268445,268446,268447,268448,268449,268450,268451,268452,268453,268454,268455,268456,268457,268458,268459,268460,268461,268462,268463,268464,268465,268466,268467,268468,268469,268470,268471,268472,268473,268474,268475,268476,268477,268478,268479,268480,268481,268482,268483
519,51900,'519-Weekday-7-26-09-1111100',268484,268485,268486,268487,268488,268489,268490,268491,268492,268493,268494,268495,268496,268497,268498,268499,268500,268501,268502,268503,268504,268505,268506,268507,268508,268509,268510,268511,268512,268513,268514,268515,268516,268517,268518,268519,268520,268521,268522,268523,268524,268525,268526,268527,268528,268529,268530
519,51900,'519-Saturday-1-26-09-0000010',225436,225437,225438,225439,225440,225441,225442,225443,225444,225445,225446,225447,225448,225449,225450,225451,225452,225453,225454,225455,225456,225457,225458,225459,225460,225461,225462,225463,225464,225465
519,51900,'519-Sunday-1-26-09-0000001',225466,225467,225468,225469,225470,225471,225472,225473,225474,225475,225476,225477,225478,225479,225480,225481,225482,225483,225484,225485,225486,225487,225488,225489,225490,225491,225492,225493
519,51901,'519-Weekday-1-26-09-1111100',225494,225495,225496,225497,225498,225499,225500,225501,225502,225503,225504,225505,225506,225507,225508,225509,225510,225511,225512,225513,225514,225515,225516,225517,225518,225519,225520,225521,225522,225523,225524,225525,225526,225527,225528,225529,225530,225531,225532,225533,225534,225535,225536,225537,225538,225539,225540,225541
519,51901,'519-Weekday-2-26-09-1111100',225542,225543,225544,225545,225546,225547,225548,225549,225550,225551,225552,225553,225554,225555,225556,225557,225558,225559,225560,225561,225562,225563,225564,225565,225566,225567,225568,225569,225570,225571,225572,225573,225574,225575,225576,225577,225578,225579,225580,225581,225582,225583,225584,225585,225586,225587,225588,225589
519,51901,'519-Weekday-3-26-09-1111100',268531,268532,268533,268534,268535,268536,268537,268538,268539,268540,268541,268542,268543,268544,268545,268546,268547,268548,268549,268550,268551,268552,268553,268554,268555,268556,268557,268558,268559,268560,268561,268562,268563,268564,268565,268566,268567,268568,268569,268570,268571,268572,268573,268574,268575,268576,268577,268578
519,51901,'519-Weekday-4-26-09-1111100',225590,225591,225592,225593,225594,225595,225596,225597,225598,225599,225600,225601,225602,225603,225604,225605,225606,225607,225608,225609,225610,225611,225612,225613,225614,225615,225616,225617,225618,225619,225620,225621,225622,225623,225624,225625,225626,225627,225628,225629,225630,225631,225632,225633,225634,225635,225636
519,51901,'519-Weekday-5-26-09-1111100',268579,268580,268581,268582,268583,268584,268585,268586,268587,268588,268589,268590,268591,268592,268593,268594,268595,268596,268597,268598,268599,268600,268601,268602,268603,268604,268605,268606,268607,268608,268609,268610,268611,268612,268613,268614,268615,268616,268617,268618,268619,268620,268621,268622,268623,268624,268625
519,51901,'519-Weekday-6-26-09-1111100',268626,268627,268628,268629,268630,268631,268632,268633,268634,268635,268636,268637,268638,268639,268640,268641,268642,268643,268644,268645,268646,268647,268648,268649,268650,268651,268652,268653,268654,268655,268656,268657,268658,268659,268660,268661,268662,268663,268664,268665,268666,268667,268668,268669,268670,268671,268672,268673
519,51901,'519-Weekday-7-26-09-1111100',268674,268675,268676,268677,268678,268679,268680,268681,268682,268683,268684,268685,268686,268687,268688,268689,268690,268691,268692,268693,268694,268695,268696,268697,268698,268699,268700,268701,268702,268703,268704,268705,268706,268707,268708,268709,268710,268711,268712,268713,268714,268715,268716,268717,268718,268719,268720
519,51901,'519-Saturday-1-26-09-0000010',225637,225638,225639,225640,225641,225642,225643,225644,225645,225646,225647,225648,225649,225650,225651,225652,225653,225654,225655,225656,225657,225658,225659,225660,225661,225662,225663,225664,225665,225666
519,51901,'519-Sunday-1-26-09-0000001',225667,225668,225669,225670,225671,225672,225673,225674,225675,225676,225677,225678,225679,225680,225681,225682,225683,225684,225685,225686,225687,225688,225689,225690,225691,225692,225693,225694
521,52100,'521-Weekday-1-26-09-1111100',225695,225696,225697,225698,225699,225700,225701,225702,225703,225704,225705,225706,225707,225708,225709,225710,225711,225712,225713,225714,225715,225716,225717,225718,225719,225720,225721,225722,225723,225724,225725,225726,225727,225728,225729,225730,225731,225732,225733,225734,225735,225736,225737,225738,225739,225740,225741,225742,225743
521,52100,'521-Weekday-2-26-09-1111100',225744,225745,225746,225747,225748,225749,225750,225751,225752,225753,225754,225755,225756,225757,225758,225759,225760,225761,225762,225763,225764,225765,225766,225767,225768,225769,225770,225771,225772,225773,225774,225775,225776,225777,225778,225779,225780,225781,225782,225783,225784,225785,225786,225787,225788,225789,225790,225791,225792
521,52100,'521-Weekday-3-26-09-1111100',268721,268722,268723,268724,268725,268726,268727,268728,268729,268730,268731,268732,268733,268734,268735,268736,268737,268738,268739,268740,268741,268742,268743,268744,268745,268746,268747,268748,268749,268750,268751,268752,268753,268754,268755,268756,268757,268758,268759,268760,268761,268762,268763,268764,268765,268766,268767,268768,268769
521,52100,'521-Weekday-4-26-09-1111100',225793,225794,225795,225796,225797,225798,225799,225800,225801,225802,225803,225804,225805,225806,225807,225808,225809,225810,225811,225812,225813,225814,225815,225816,225817,225818,225819,225820,225821,225822,225823,225824,225825,225826,225827,225828,225829,225830,225831,225832,225833,225834,225835,225836,225837,225838,225839,225840
521,52100,'521-Weekday-5-26-09-1111100',268770,268771,268772,268773,268774,268775,268776,268777,268778,268779,268780,268781,268782,268783,268784,268785,268786,268787,268788,268789,268790,268791,268792,268793,268794,268795,268796,268797,268798,268799,268800,268801,268802,268803,268804,268805,268806,268807,268808,268809,268810,268811,268812,268813,268814,268815,268816,268817
521,52100,'521-Weekday-6-26-09-1111100',268818,268819,268820,268821,268822,268823,268824,268825,268826,268827,268828,268829,268830,268831,268832,268833,268834,268835,268836,268837,268838,268839,268840,268841,268842,268843,268844,268845,268846,268847,268848,268849,268850,268851,268852,268853,268854,268855,268856,268857,268858,268859,268860,268861,268862,268863,268864,268865,268866
521,52100,'521-Weekday-7-26-09-1111100',268867,268868,268869,268870,268871,268872,268873,268874,268875,268876,268877,268878,268879,268880,268881,268882,268883,268884,268885,268886,268887,268888,268889,268890,268891,268892,268893,268894,268895,268896,268897,268898,268899,268900,268901,268902,268903,268904,268905,268906,268907,268908,268909,268910,268911,268912,268913,268914
521,52100,'521-Saturday-1-26-09-0000010',225841,225842,225843,225844,225845,225846,225847,225848,225849,225850,225851,225852,225853,225854,225855,225856,225857,225858,225859,225860,225861,225862,225863
521,52100,'521-Sunday-1-26-09-0000001',225864,225865,225866,225867,225868,225869,225870,225871,225872,225873,225874,225875,225876,225877,225878,225879,225880,225881,225882
521,52101,'521-Weekday-1-26-09-1111100',225883,225884,225885,225886,225887,225888,225889,225890,225891,225892,225893,225894,225895,225896,225897,225898,225899,225900,225901,225902,225903,225904,225905,225906,225907,225908,225909,225910,225911,225912,225913,225914,225915,225916,225917,225918,225919,225920,225921,225922,225923,225924,225925,225926,225927,225928,225929,225930,225931
521,52101,'521-Weekday-2-26-09-1111100',225932,225933,225934,225935,225936,225937,225938,225939,225940,225941,225942,225943,225944,225945,225946,225947,225948,225949,225950,225951,225952,225953,225954,225955,225956,225957,225958,225959,225960,225961,225962,225963,225964,225965,225966,225967,225968,225969,225970,225971,225972,225973,225974,225975,225976,225977,225978,225979,225980
521,52101,'521-Weekday-3-26-09-1111100',268915,268916,268917,268918,268919,268920,268921,268922,268923,268924,268925,268926,268927,268928,268929,268930,268931,268932,268933,268934,268935,268936,268937,268938,268939,268940,268941,268942,268943,268944,268945,268946,268947,268948,268949,268950,268951,268952,268953,268954,268955,268956,268957,268958,268959,268960,268961,268962,268963
521,52101,'521-Weekday-4-26-09-1111100',225981,225982,225983,225984,225985,225986,225987,225988,225989,225990,225991,225992,225993,225994,225995,225996,225997,225998,225999,226000,226001,226002,226003,226004,226005,226006,226007,226008,226009,226010,226011,226012,226013,226014,226015,226016,226017,226018,226019,226020,226021,226022,226023,226024,226025,226026,226027,226028
521,52101,'521-Weekday-5-26-09-1111100',268964,268965,268966,268967,268968,268969,268970,268971,268972,268973,268974,268975,268976,268977,268978,268979,268980,268981,268982,268983,268984,268985,268986,268987,268988,268989,268990,268991,268992,268993,268994,268995,268996,268997,268998,268999,269000,269001,269002,269003,269004,269005,269006,269007,269008,269009,269010,269011
521,52101,'521-Weekday-6-26-09-1111100',269012,269013,269014,269015,269016,269017,269018,269019,269020,269021,269022,269023,269024,269025,269026,269027,269028,269029,269030,269031,269032,269033,269034,269035,269036,269037,269038,269039,269040,269041,269042,269043,269044,269045,269046,269047,269048,269049,269050,269051,269052,269053,269054,269055,269056,269057,269058,269059,269060
521,52101,'521-Weekday-7-26-09-1111100',269061,269062,269063,269064,269065,269066,269067,269068,269069,269070,269071,269072,269073,269074,269075,269076,269077,269078,269079,269080,269081,269082,269083,269084,269085,269086,269087,269088,269089,269090,269091,269092,269093,269094,269095,269096,269097,269098,269099,269100,269101,269102,269103,269104,269105,269106,269107,269108
521,52101,'521-Saturday-1-26-09-0000010',226029,226030,226031,226032,226033,226034,226035,226036,226037,226038,226039,226040,226041,226042,226043,226044,226045,226046,226047,226048,226049,226050,226051
521,52101,'521-Sunday-1-26-09-0000001',226052,226053,226054,226055,226056,226057,226058,226059,226060,226061,226062,226063,226064,226065,226066,226067,226068,226069,226070
523,52300,'523-Weekday-1-26-09-1111100',226071,226072,226073,226074,226075,226076,226077,226078,226079,226080,226081,226082,226083,226084,226085,226086,226087,226088,226089,226090,226091,226092,226093,226094,226095,226096,226097,226098,226099,226100,226101,226102,226103,226104,226105,226106,226107,226108,226109,226110,226111,226112,226113,226114,226115,226116,226117,226118,226119,226120,226121,226122,226123,226124
523,52300,'523-Weekday-2-26-09-1111100',226125,226126,226127,226128,226129,226130,226131,226132,226133,226134,226135,226136,226137,226138,226139,226140,226141,226142,226143,226144,226145,226146,226147,226148,226149,226150,226151,226152,226153,226154,226155,226156,226157,226158,226159,226160,226161,226162,226163,226164,226165,226166,226167,226168,226169,226170,226171,226172,226173,226174,226175,226176,226177,226178
523,52300,'523-Weekday-3-26-09-1111100',269109,269110,269111,269112,269113,269114,269115,269116,269117,269118,269119,269120,269121,269122,269123,269124,269125,269126,269127,269128,269129,269130,269131,269132,269133,269134,269135,269136,269137,269138,269139,269140,269141,269142,269143,269144,269145,269146,269147,269148,269149,269150,269151,269152,269153,269154,269155,269156,269157,269158,269159,269160,269161,269162
523,52300,'523-Weekday-4-26-09-1111100',226179,226180,226181,226182,226183,226184,226185,226186,226187,226188,226189,226190,226191,226192,226193,226194,226195,226196,226197,226198,226199,226200,226201,226202,226203,226204,226205,226206,226207,226208,226209,226210,226211,226212,226213,226214,226215,226216,226217,226218,226219,226220,226221,226222,226223,226224,226225,226226,226227,226228,226229,226230,226231,226232
523,52300,'523-Weekday-5-26-09-1111100',269163,269164,269165,269166,269167,269168,269169,269170,269171,269172,269173,269174,269175,269176,269177,269178,269179,269180,269181,269182,269183,269184,269185,269186,269187,269188,269189,269190,269191,269192,269193,269194,269195,269196,269197,269198,269199,269200,269201,269202,269203,269204,269205,269206,269207,269208,269209,269210,269211,269212,269213,269214,269215,269216
523,52300,'523-Weekday-6-26-09-1111100',269217,269218,269219,269220,269221,269222,269223,269224,269225,269226,269227,269228,269229,269230,269231,269232,269233,269234,269235,269236,269237,269238,269239,269240,269241,269242,269243,269244,269245,269246,269247,269248,269249,269250,269251,269252,269253,269254,269255,269256,269257,269258,269259,269260,269261,269262,269263,269264,269265,269266,269267,269268,269269,269270
523,52300,'523-Weekday-7-26-09-1111100',269271,269272,269273,269274,269275,269276,269277,269278,269279,269280,269281,269282,269283,269284,269285,269286,269287,269288,269289,269290,269291,269292,269293,269294,269295,269296,269297,269298,269299,269300,269301,269302,269303,269304,269305,269306,269307,269308,269309,269310,269311,269312,269313,269314,269315,269316,269317,269318,269319,269320,269321,269322,269323,269324
523,52300,'523-Saturday-1-26-09-0000010',226233,226234,226235,226236,226237,226238,226239,226240,226241,226242,226243,226244,226245,226246,226247,226248,226249,226250,226251,226252,226253,226254,226255,226256,226257,226258,226259,226260,226261,226262,226263,226264,226265,226266,226267,226268,226269,226270,226271,226272,226273,226274,226275,226276,226277,226278,226279,226280
523,52300,'523-Sunday-1-26-09-0000001',226281,226282,226283,226284,226285,226286,226287,226288,226289,226290,226291,226292,226293,226294,226295,226296,226297,226298,226299,226300,226301,226302,226303,226304,226305,226306,226307,226308,226309,226310,226311,226312,226313,226314,226315,226316,226317,226318,226319
523,52301,'523-Weekday-1-26-09-1111100',226320,226321,226322,226323,226324,226325,226326,226327,226328,226329,226330,226331,226332,226333,226334,226335,226336,226337,226338,226339,226340,226341,226342,226343,226344,226345,226346,226347,226348,226349,226350,226351,226352,226353,226354,226355,226356,226357,226358,226359,226360,226361,226362,226363,226364,226365,226366,226367,226368,226369,226370,226371,226372,226373,226374,226375,226376,226377
523,52301,'523-Weekday-2-26-09-1111100',226378,226379,226380,226381,226382,226383,226384,226385,226386,226387,226388,226389,226390,226391,226392,226393,226394,226395,226396,226397,226398,226399,226400,226401,226402,226403,226404,226405,226406,226407,226408,226409,226410,226411,226412,226413,226414,226415,226416,226417,226418,226419,226420,226421,226422,226423,226424,226425,226426,226427,226428,226429,226430,226431,226432,226433,226434,226435
523,52301,'523-Weekday-3-26-09-1111100',269325,269326,269327,269328,269329,269330,269331,269332,269333,269334,269335,269336,269337,269338,269339,269340,269341,269342,269343,269344,269345,269346,269347,269348,269349,269350,269351,269352,269353,269354,269355,269356,269357,269358,269359,269360,269361,269362,269363,269364,269365,269366,269367,269368,269369,269370,269371,269372,269373,269374,269375,269376,269377,269378,269379,269380,269381,269382
523,52301,'523-Weekday-4-26-09-1111100',226436,226437,226438,226439,226440,226441,226442,226443,226444,226445,226446,226447,226448,226449,226450,226451,226452,226453,226454,226455,226456,226457,226458,226459,226460,226461,226462,226463,226464,226465,226466,226467,226468,226469,226470,226471,226472,226473,226474,226475,226476,226477,226478,226479,226480,226481,226482,226483,226484,226485,226486,226487,226488,226489,226490,226491,226492,226493
523,52301,'523-Weekday-5-26-09-1111100',269383,269384,269385,269386,269387,269388,269389,269390,269391,269392,269393,269394,269395,269396,269397,269398,269399,269400,269401,269402,269403,269404,269405,269406,269407,269408,269409,269410,269411,269412,269413,269414,269415,269416,269417,269418,269419,269420,269421,269422,269423,269424,269425,269426,269427,269428,269429,269430,269431,269432,269433,269434,269435,269436,269437,269438,269439,269440
523,52301,'523-Weekday-6-26-09-1111100',269441,269442,269443,269444,269445,269446,269447,269448,269449,269450,269451,269452,269453,269454,269455,269456,269457,269458,269459,269460,269461,269462,269463,269464,269465,269466,269467,269468,269469,269470,269471,269472,269473,269474,269475,269476,269477,269478,269479,269480,269481,269482,269483,269484,269485,269486,269487,269488,269489,269490,269491,269492,269493,269494,269495,269496,269497,269498
523,52301,'523-Weekday-7-26-09-1111100',269499,269500,269501,269502,269503,269504,269505,269506,269507,269508,269509,269510,269511,269512,269513,269514,269515,269516,269517,269518,269519,269520,269521,269522,269523,269524,269525,269526,269527,269528,269529,269530,269531,269532,269533,269534,269535,269536,269537,269538,269539,269540,269541,269542,269543,269544,269545,269546,269547,269548,269549,269550,269551,269552,269553,269554,269555,269556
523,52301,'523-Saturday-1-26-09-0000010',226494,226495,226496,226497,226498,226499,226500,226501,226502,226503,226504,226505,226506,226507,226508,226509,226510,226511,226512,226513,226514,226515,226516,226517,226518,226519,226520,226521,226522,226523,226524,226525,226526,226527,226528,226529,226530,226531,226532,226533,226534,226535,226536,226537,226538,226539
523,52301,'523-Sunday-1-26-09-0000001',226540,226541,226542,226543,226544,226545,226546,226547,226548,226549,226550,226551,226552,226553,226554,226555,226556,226557,226558,226559,226560,226561,226562,226563,226564,226565,226566,226567,226568,226569,226570,226571,226572,226573,226574,226575,226576,226577
524,52400,'524-Weekday-1-26-09-1111100',226578,226579,226580,226581,226582,226583,226584,226585,226586,226587,226588,226589,226590,226591,226592
524,52400,'524-Weekday-2-26-09-1111100',226593,226594,226595,226596,226597,226598,226599,226600,226601,226602,226603,226604,226605,226606,226607
524,52400,'524-Weekday-3-26-09-1111100',269557,269558,269559,269560,269561,269562,269563,269564,269565,269566,269567,269568,269569,269570,269571
524,52400,'524-Weekday-4-26-09-1111100',226608,226609,226610,226611,226612,226613,226614,226615,226616,226617,226618,226619,226620,226621,226622
524,52400,'524-Weekday-5-26-09-1111100',269572,269573,269574,269575,269576,269577,269578,269579,269580,269581,269582,269583,269584,269585,269586
524,52400,'524-Weekday-6-26-09-1111100',269587,269588,269589,269590,269591,269592,269593,269594,269595,269596,269597,269598,269599,269600,269601
524,52400,'524-Weekday-7-26-09-1111100',269602,269603,269604,269605,269606,269607,269608,269609,269610,269611,269612,269613,269614,269615,269616
524,52400,'524-Saturday-1-26-09-0000010',226623,226624,226625,226626,226627,226628,226629
524,52400,'524-Sunday-1-26-09-0000001',226630,226631,226632,226633,226634,226635
524,52401,'524-Weekday-1-26-09-1111100',226636,226637,226638,226639,226640,226641,226642,226643,226644,226645,226646,226647,226648,226649,226650
524,52401,'524-Weekday-2-26-09-1111100',226651,226652,226653,226654,226655,226656,226657,226658,226659,226660,226661,226662,226663,226664,226665
524,52401,'524-Weekday-3-26-09-1111100',269617,269618,269619,269620,269621,269622,269623,269624,269625,269626,269627,269628,269629,269630,269631
524,52401,'524-Weekday-4-26-09-1111100',226666,226667,226668,226669,226670,226671,226672,226673,226674,226675,226676,226677,226678,226679,226680
524,52401,'524-Weekday-5-26-09-1111100',269632,269633,269634,269635,269636,269637,269638,269639,269640,269641,269642,269643,269644,269645,269646
524,52401,'524-Weekday-6-26-09-1111100',269647,269648,269649,269650,269651,269652,269653,269654,269655,269656,269657,269658,269659,269660,269661
524,52401,'524-Weekday-7-26-09-1111100',269662,269663,269664,269665,269666,269667,269668,269669,269670,269671,269672,269673,269674,269675,269676
524,52401,'524-Saturday-1-26-09-0000010',226681,226682,226683,226684,226685,226686,226687
524,52401,'524-Sunday-1-26-09-0000001',226688,226689,226690,226691,226692,226693
525,52500,'525-Weekday-1-26-09-1111100',226694,226695,226696,226697,226698,226699,226700,226701,226702,226703,226704,226705,226706,226707
525,52500,'525-Weekday-2-26-09-1111100',226708,226709,226710,226711,226712,226713,226714,226715,226716,226717,226718,226719,226720,226721
525,52500,'525-Weekday-3-26-09-1111100',269677,269678,269679,269680,269681,269682,269683,269684,269685,269686,269687,269688,269689,269690
525,52500,'525-Weekday-4-26-09-1111100',226722,226723,226724,226725,226726,226727,226728,226729,226730,226731,226732,226733,226734,226735
525,52500,'525-Weekday-5-26-09-1111100',269691,269692,269693,269694,269695,269696,269697,269698,269699,269700,269701,269702,269703,269704
525,52500,'525-Weekday-6-26-09-1111100',269705,269706,269707,269708,269709,269710,269711,269712,269713,269714,269715,269716,269717,269718
525,52500,'525-Weekday-7-26-09-1111100',269719,269720,269721,269722,269723,269724,269725,269726,269727,269728,269729,269730,269731,269732
525,52500,'525-Saturday-1-26-09-0000010',226736,226737,226738,226739,226740,226741,226742
525,52500,'525-Sunday-1-26-09-0000001',226743,226744,226745,226746,226747,226748
525,52501,'525-Weekday-1-26-09-1111100',226749,226750,226751,226752,226753,226754,226755,226756,226757,226758,226759,226760,226761,226762
525,52501,'525-Weekday-2-26-09-1111100',226763,226764,226765,226766,226767,226768,226769,226770,226771,226772,226773,226774,226775,226776
525,52501,'525-Weekday-3-26-09-1111100',269733,269734,269735,269736,269737,269738,269739,269740,269741,269742,269743,269744,269745,269746
525,52501,'525-Weekday-4-26-09-1111100',226777,226778,226779,226780,226781,226782,226783,226784,226785,226786,226787,226788,226789,226790
525,52501,'525-Weekday-5-26-09-1111100',269747,269748,269749,269750,269751,269752,269753,269754,269755,269756,269757,269758,269759,269760
525,52501,'525-Weekday-6-26-09-1111100',269761,269762,269763,269764,269765,269766,269767,269768,269769,269770,269771,269772,269773,269774
525,52501,'525-Weekday-7-26-09-1111100',269775,269776,269777,269778,269779,269780,269781,269782,269783,269784,269785,269786,269787,269788
525,52501,'525-Saturday-1-26-09-0000010',226791,226792,226793,226794,226795,226796,226797
525,52501,'525-Sunday-1-26-09-0000001',226798,226799,226800,226801,226802,226803
526,52600,'526-Saturday-1-26-09-0000010',226804,226805,226806,226807,226808,226809,226810,226811
526,52600,'526-Sunday-1-26-09-0000001',226812,226813,226814,226815,226816,226817,226818,226819
526,52601,'526-Saturday-1-26-09-0000010',226820,226821,226822,226823,226824,226825,226826,226827
526,52601,'526-Sunday-1-26-09-0000001',226828,226829,226830,226831,226832,226833,226834,226835
527,52700,'527-Weekday-1-26-09-1111100',226836,226837,226838,226839,226840,226841,226842,226843,226844,226845,226846,226847,226848,226849,226850,226851,226852,226853,226854,226855,226856,226857,226858,226859,226860,226861,226862,226863,226864,226865,226866,226867,226868,226869,226870,226871,226872,226873,226874
527,52700,'527-Weekday-2-26-09-1111100',226875,226876,226877,226878,226879,226880,226881,226882,226883,226884,226885,226886,226887,226888,226889,226890,226891,226892,226893,226894,226895,226896,226897,226898,226899,226900,226901,226902,226903,226904,226905,226906,226907,226908,226909,226910,226911,226912,226913
527,52700,'527-Weekday-3-26-09-1111100',269789,269790,269791,269792,269793,269794,269795,269796,269797,269798,269799,269800,269801,269802,269803,269804,269805,269806,269807,269808,269809,269810,269811,269812,269813,269814,269815,269816,269817,269818,269819,269820,269821,269822,269823,269824,269825,269826,269827
527,52700,'527-Weekday-4-26-09-1111100',226914,226915,226916,226917,226918,226919,226920,226921,226922,226923,226924,226925,226926,226927,226928,226929,226930,226931,226932,226933,226934,226935,226936,226937,226938,226939,226940,226941,226942,226943,226944,226945,226946,226947,226948,226949,226950,226951,226952
527,52700,'527-Weekday-5-26-09-1111100',269828,269829,269830,269831,269832,269833,269834,269835,269836,269837,269838,269839,269840,269841,269842,269843,269844,269845,269846,269847,269848,269849,269850,269851,269852,269853,269854,269855,269856,269857,269858,269859,269860,269861,269862,269863,269864,269865,269866
527,52700,'527-Weekday-6-26-09-1111100',269867,269868,269869,269870,269871,269872,269873,269874,269875,269876,269877,269878,269879,269880,269881,269882,269883,269884,269885,269886,269887,269888,269889,269890,269891,269892,269893,269894,269895,269896,269897,269898,269899,269900,269901,269902,269903,269904,269905
527,52700,'527-Weekday-7-26-09-1111100',269906,269907,269908,269909,269910,269911,269912,269913,269914,269915,269916,269917,269918,269919,269920,269921,269922,269923,269924,269925,269926,269927,269928,269929,269930,269931,269932,269933,269934,269935,269936,269937,269938,269939,269940,269941,269942,269943,269944
527,52700,'527-Saturday-1-26-09-0000010',226953,226954,226955,226956,226957,226958,226959,226960,226961,226962,226963,226964,226965,226966,226967,226968,226969,226970,226971,226972,226973,226974,226975,226976
527,52700,'527-Sunday-1-26-09-0000001',226977,226978,226979,226980,226981,226982,226983,226984,226985,226986,226987,226988,226989,226990,226991,226992,226993,226994
527,52701,'527-Weekday-1-26-09-1111100',226995,226996,226997,226998,226999,227000,227001,227002,227003,227004,227005,227006,227007,227008,227009,227010,227011,227012,227013,227014,227015,227016,227017,227018,227019,227020,227021,227022,227023,227024,227025,227026,227027,227028,227029,227030,227031,227032,227033
527,52701,'527-Weekday-2-26-09-1111100',227034,227035,227036,227037,227038,227039,227040,227041,227042,227043,227044,227045,227046,227047,227048,227049,227050,227051,227052,227053,227054,227055,227056,227057,227058,227059,227060,227061,227062,227063,227064,227065,227066,227067,227068,227069,227070,227071,227072
527,52701,'527-Weekday-3-26-09-1111100',269945,269946,269947,269948,269949,269950,269951,269952,269953,269954,269955,269956,269957,269958,269959,269960,269961,269962,269963,269964,269965,269966,269967,269968,269969,269970,269971,269972,269973,269974,269975,269976,269977,269978,269979,269980,269981,269982,269983
527,52701,'527-Weekday-4-26-09-1111100',227073,227074,227075,227076,227077,227078,227079,227080,227081,227082,227083,227084,227085,227086,227087,227088,227089,227090,227091,227092,227093,227094,227095,227096,227097,227098,227099,227100,227101,227102,227103,227104,227105,227106,227107,227108,227109,227110,227111
527,52701,'527-Weekday-5-26-09-1111100',269984,269985,269986,269987,269988,269989,269990,269991,269992,269993,269994,269995,269996,269997,269998,269999,270000,270001,270002,270003,270004,270005,270006,270007,270008,270009,270010,270011,270012,270013,270014,270015,270016,270017,270018,270019,270020,270021,270022
527,52701,'527-Weekday-6-26-09-1111100',270023,270024,270025,270026,270027,270028,270029,270030,270031,270032,270033,270034,270035,270036,270037,270038,270039,270040,270041,270042,270043,270044,270045,270046,270047,270048,270049,270050,270051,270052,270053,270054,270055,270056,270057,270058,270059,270060,270061
527,52701,'527-Weekday-7-26-09-1111100',270062,270063,270064,270065,270066,270067,270068,270069,270070,270071,270072,270073,270074,270075,270076,270077,270078,270079,270080,270081,270082,270083,270084,270085,270086,270087,270088,270089,270090,270091,270092,270093,270094,270095,270096,270097,270098,270099,270100
527,52701,'527-Saturday-1-26-09-0000010',227112,227113,227114,227115,227116,227117,227118,227119,227120,227121,227122,227123,227124,227125,227126,227127,227128,227129,227130,227131,227132,227133,227134,227135
527,52701,'527-Sunday-1-26-09-0000001',227136,227137,227138,227139,227140,227141,227142,227143,227144,227145,227146,227147,227148,227149,227150,227151,227152,227153
560,56000,'560-Weekday-1-26-09-1111100',227154,227155,227156,227157,227158,227159,227160,227161,227162,227163,227164,227165,227166,227167,227168,227169,227170,227171,227172,227173,227174,227175,227176,227177,227178,227179,227180,227181,227182,227183,227184,227185
560,56000,'560-Weekday-2-26-09-1111100',227186,227187,227188,227189,227190,227191,227192,227193,227194,227195,227196,227197,227198,227199,227200,227201,227202,227203,227204,227205,227206,227207,227208,227209,227210,227211,227212,227213,227214,227215,227216,227217
560,56000,'560-Weekday-3-26-09-1111100',270101,270102,270103,270104,270105,270106,270107,270108,270109,270110,270111,270112,270113,270114,270115,270116,270117,270118,270119,270120,270121,270122,270123,270124,270125,270126,270127,270128,270129,270130,270131,270132
560,56000,'560-Weekday-4-26-09-1111100',227218,227219,227220,227221,227222,227223,227224,227225,227226,227227,227228,227229,227230,227231,227232,227233,227234,227235,227236,227237,227238,227239,227240,227241,227242,227243,227244,227245,227246,227247,227248,227249
560,56000,'560-Weekday-6-26-09-1111100',270133,270134,270135,270136,270137,270138,270139,270140,270141,270142,270143,270144,270145,270146,270147,270148,270149,270150,270151,270152,270153,270154,270155
560,56001,'560-Weekday-1-26-09-1111100',227250,227251,227252,227253,227254,227255,227256,227257,227258,227259,227260,227261,227262,227263,227264,227265,227266,227267,227268,227269,227270,227271,227272,227273,227274,227275,227276,227277,227278,227279,227280,227281,227282,227283,227284,227285,227286,227287
560,56001,'560-Weekday-2-26-09-1111100',227288,227289,227290,227291,227292,227293,227294,227295,227296,227297,227298,227299,227300,227301,227302,227303,227304,227305,227306,227307,227308,227309,227310,227311,227312,227313,227314,227315,227316,227317,227318,227319,227320,227321,227322,227323,227324,227325
560,56001,'560-Weekday-3-26-09-1111100',270156,270157,270158,270159,270160,270161,270162,270163,270164,270165,270166,270167,270168,270169,270170,270171,270172,270173,270174,270175,270176,270177,270178,270179,270180,270181,270182,270183,270184,270185,270186,270187,270188,270189,270190,270191,270192,270193
560,56001,'560-Weekday-4-26-09-1111100',227326,227327,227328,227329,227330,227331,227332,227333,227334,227335,227336,227337,227338,227339,227340,227341,227342,227343,227344,227345,227346,227347,227348,227349,227350,227351,227352,227353,227354,227355,227356,227357,227358,227359,227360,227361,227362,227363
560,56001,'560-Weekday-6-26-09-1111100',270194,270195,270196,270197,270198,270199,270200,270201,270202,270203,270204,270205,270206,270207,270208,270209,270210,270211,270212,270213,270214,270215,270216,270217,270218,270219,270220,270221
589,58900,'589-Weekday-1-26-09-1111100',227364,227365,227366
589,58900,'589-Weekday-2-26-09-1111100',227367,227368,227369
589,58900,'589-Weekday-3-26-09-1111100',270222,270223,270224
589,58900,'589-Weekday-4-26-09-1111100',227370,227371,227372
589,58900,'589-Weekday-5-26-09-1111100',270225,270226,270227
589,58900,'589-Weekday-6-26-09-1111100',270228,270229,270230
589,58900,'589-Weekday-7-26-09-1111100',270231,270232,270233
589,58901,'589-Weekday-1-26-09-1111100',227373,227374,227375
589,58901,'589-Weekday-2-26-09-1111100',227376,227377,227378
589,58901,'589-Weekday-3-26-09-1111100',270234,270235,270236
589,58901,'589-Weekday-4-26-09-1111100',227379,227380,227381
589,58901,'589-Weekday-5-26-09-1111100',270237,270238,270239
589,58901,'589-Weekday-6-26-09-1111100',270240,270241,270242
589,58901,'589-Weekday-7-26-09-1111100',270243,270244,270245
610,61000,'610-Weekday-1-26-09-0001000',227382,227383,227384
610,61000,'610-Weekday-1-26-09-1110100',227385,227386,227387,227388
610,61000,'610-Weekday-3-26-09-1110100',227389,227390
610,61000,'610-Weekday-4-26-09-1110100',270246,270247
610,61000,'610-Weekday-7-26-09-1110100',270248,270249,270250,270251
610,61001,'610-Weekday-1-26-09-1111100',227391,227392,227393,227394
610,61001,'610-Weekday-3-26-09-1111100',227395,227396
610,61001,'610-Weekday-4-26-09-1111100',270252,270253
610,61001,'610-Weekday-7-26-09-1111100',270254,270255,270256,270257
611,61100,'611-Weekday-1-26-09-0001000',227397,227398,227399
611,61100,'611-Weekday-1-26-09-1110100',227400,227401,227402
611,61100,'611-Weekday-3-26-09-1110100',227403
611,61100,'611-Weekday-4-26-09-1110100',270258,270259
611,61100,'611-Weekday-7-26-09-1110100',270260,270261,270262
611,61101,'611-Weekday-1-26-09-1111100',227404,227405,227406
611,61101,'611-Weekday-3-26-09-1111100',227407
611,61101,'611-Weekday-4-26-09-1111100',270263,270264
611,61101,'611-Weekday-7-26-09-1111100',270265,270266,270267
612,61200,'612-Weekday-1-26-09-0001000',227408
612,61200,'612-Weekday-1-26-09-1110100',227409
612,61200,'612-Weekday-4-26-09-1110100',270268
612,61200,'612-Weekday-7-26-09-1110100',270269
612,61201,'612-Weekday-1-26-09-1111100',227410
612,61201,'612-Weekday-4-26-09-1111100',270270
612,61201,'612-Weekday-7-26-09-1111100',270271
613,61300,'613-Weekday-1-26-09-1111100',227411,227412
613,61300,'613-Weekday-3-26-09-1111100',227413
613,61300,'613-Weekday-4-26-09-1111100',270272
613,61300,'613-Weekday-7-26-09-1111100',270273,270274
613,61301,'613-Weekday-1-26-09-0001000',227414,227415
613,61301,'613-Weekday-1-26-09-1110100',227416,227417
613,61301,'613-Weekday-3-26-09-1110100',227418
613,61301,'613-Weekday-4-26-09-1110100',270275
613,61301,'613-Weekday-7-26-09-1110100',270276,270277
614,61400,'614-Weekday-1-26-09-0001000',227419
614,61400,'614-Weekday-1-26-09-1110100',227420,227421
614,61400,'614-Weekday-3-26-09-1110100',227422
614,61400,'614-Weekday-4-26-09-1110100',270278
614,61400,'614-Weekday-7-26-09-1110100',270279,270280
614,61401,'614-Weekday-1-26-09-1111100',227423,227424
614,61401,'614-Weekday-3-26-09-1111100',227425
614,61401,'614-Weekday-4-26-09-1111100',270281
614,61401,'614-Weekday-7-26-09-1111100',270282,270283
615,61500,'615-Weekday-1-26-09-1111100',227426
615,61500,'615-Weekday-4-26-09-1111100',270284
615,61500,'615-Weekday-7-26-09-1111100',270285
615,61501,'615-Weekday-1-26-09-0001000',227427
615,61501,'615-Weekday-1-26-09-1110100',227428
615,61501,'615-Weekday-4-26-09-1110100',270286
615,61501,'615-Weekday-7-26-09-1110100',270287
616,61600,'616-Weekday-1-26-09-0001000',227429,227430
616,61600,'616-Weekday-1-26-09-1110100',227431,227432
616,61600,'616-Weekday-3-26-09-1110100',227433,227434
616,61600,'616-Weekday-7-26-09-1110100',270288,270289
616,61601,'616-Weekday-1-26-09-1111100',227435
616,61601,'616-Weekday-3-26-09-1111100',227436
616,61601,'616-Weekday-7-26-09-1111100',270290
617,61700,'617-Weekday-1-26-09-0001000',227437,227438,227439
617,61700,'617-Weekday-1-26-09-1110100',227440,227441,227442
617,61700,'617-Weekday-3-26-09-1110100',227443,227444
617,61700,'617-Weekday-4-26-09-1110100',270291
617,61700,'617-Weekday-7-26-09-1110100',270292,270293,270294
617,61701,'617-Weekday-1-26-09-1111100',227445
617,61701,'617-Weekday-3-26-09-1111100',227446
617,61701,'617-Weekday-4-26-09-1111100',270295
617,61701,'617-Weekday-7-26-09-1111100',270296
618,61800,'618-Weekday-1-26-09-0001000',227447
618,61800,'618-Weekday-1-26-09-1110100',227448
618,61800,'618-Weekday-4-26-09-1110100',270297
618,61800,'618-Weekday-7-26-09-1110100',270298
618,61801,'618-Weekday-1-26-09-1111100',227449
618,61801,'618-Weekday-4-26-09-1111100',270299
618,61801,'618-Weekday-7-26-09-1111100',270300
620,62000,'620-Weekday-1-26-09-0001000',227450
620,62000,'620-Weekday-1-26-09-1110100',227451
620,62000,'620-Weekday-1-26-09-1111100',227452,227453
620,62000,'620-Weekday-3-26-09-1111100',227454,227455
620,62000,'620-Weekday-4-26-09-1110100',270301
620,62000,'620-Weekday-7-26-09-1110100',270302
620,62000,'620-Weekday-7-26-09-1111100',270303,270304
620,62001,'620-Weekday-1-26-09-1111100',227456,227457,227458
620,62001,'620-Weekday-3-26-09-1111100',227459,227460
620,62001,'620-Weekday-4-26-09-1111100',270305
620,62001,'620-Weekday-7-26-09-1111100',270306,270307,270308
621,62100,'621-Weekday-1-26-09-0001000',227461
621,62100,'621-Weekday-1-26-09-1110100',227462,227463
621,62100,'621-Weekday-1-26-09-1111100',227464
621,62100,'621-Weekday-3-26-09-1111100',227465
621,62100,'621-Weekday-4-26-09-1110100',270309,270310
621,62100,'621-Weekday-7-26-09-1110100',270311,270312
621,62100,'621-Weekday-7-26-09-1111100',270313
621,62101,'621-Weekday-1-26-09-1111100',227466,227467,227468
621,62101,'621-Weekday-3-26-09-1111100',227469
621,62101,'621-Weekday-4-26-09-1111100',270314,270315
621,62101,'621-Weekday-7-26-09-1111100',270316,270317,270318
622,62200,'622-Weekday-1-26-09-1111100',227470,227471,227472,227473,227474,227475,227476,227477,227478,227479,227480,227481,227482
622,62200,'622-Weekday-2-26-09-1111100',227483,227484,227485,227486,227487,227488,227489,227490,227491,227492,227493,227494,227495
622,62200,'622-Weekday-3-26-09-1111100',270319,270320,270321,270322,270323,270324,270325,270326,270327,270328,270329,270330,270331
622,62200,'622-Weekday-4-26-09-1111100',227496,227497,227498,227499,227500,227501,227502,227503,227504,227505,227506,227507,227508
622,62200,'622-Weekday-5-26-09-1111100',270332,270333,270334,270335,270336,270337,270338,270339,270340,270341,270342,270343,270344
622,62201,'622-Weekday-1-26-09-1111100',227509,227510,227511,227512,227513,227514,227515,227516,227517,227518,227519,227520,227521
622,62201,'622-Weekday-2-26-09-1111100',227522,227523,227524,227525,227526,227527,227528,227529,227530,227531,227532,227533,227534
622,62201,'622-Weekday-3-26-09-1111100',270345,270346,270347,270348,270349,270350,270351,270352,270353,270354,270355,270356,270357
622,62201,'622-Weekday-4-26-09-1111100',227535,227536,227537,227538,227539,227540,227541,227542,227543,227544,227545,227546,227547
622,62201,'622-Weekday-5-26-09-1111100',270358,270359,270360,270361,270362,270363,270364,270365,270366,270367,270368,270369,270370
623,62300,'623-Weekday-1-26-09-0001000',227548
623,62300,'623-Weekday-1-26-09-1110100',227549
623,62300,'623-Weekday-4-26-09-1110100',270371
623,62300,'623-Weekday-7-26-09-1110100',270372
623,62301,'623-Weekday-1-26-09-1111100',227550
623,62301,'623-Weekday-4-26-09-1111100',270373
623,62301,'623-Weekday-7-26-09-1111100',270374
625,62500,'625-Weekday-1-26-09-1110100',227551
625,62500,'625-Weekday-4-26-09-1110100',270375
625,62500,'625-Weekday-7-26-09-1110100',270376
625,62501,'625-Weekday-1-26-09-1111100',227552
625,62501,'625-Weekday-4-26-09-1111100',270377
625,62501,'625-Weekday-7-26-09-1111100',270378
626,62600,'626-Weekday-1-26-09-0001000',227553,227554
626,62600,'626-Weekday-1-26-09-1110100',227555,227556,227557
626,62600,'626-Weekday-4-26-09-1110100',270379,270380,270381
626,62600,'626-Weekday-7-26-09-1110100',270382,270383,270384
626,62601,'626-Weekday-1-26-09-1111100',227558,227559,227560,227561
626,62601,'626-Weekday-4-26-09-1111100',270385,270386,270387,270388
626,62601,'626-Weekday-7-26-09-1111100',270389,270390,270391,270392
627,62700,'627-Weekday-1-26-09-1111100',227562
627,62700,'627-Weekday-3-26-09-1111100',227563
627,62700,'627-Weekday-7-26-09-1111100',270393
627,62701,'627-Weekday-1-26-09-1111100',227564
627,62701,'627-Weekday-3-26-09-1111100',227565
627,62701,'627-Weekday-7-26-09-1111100',270394
628,62800,'628-Weekday-1-26-09-1111100',227566
628,62800,'628-Weekday-3-26-09-1111100',227567
628,62800,'628-Weekday-7-26-09-1111100',270395
628,62801,'628-Weekday-1-26-09-1111100',227568
628,62801,'628-Weekday-3-26-09-1111100',227569
628,62801,'628-Weekday-7-26-09-1111100',270396
630,63000,'630-Weekday-1-26-09-1111100',227570
630,63000,'630-Weekday-3-26-09-1111100',227571
630,63000,'630-Weekday-4-26-09-1111100',270397
630,63000,'630-Weekday-7-26-09-1111100',270398
630,63001,'630-Weekday-1-26-09-1110100',227572
630,63001,'630-Weekday-3-26-09-1110100',227573
630,63001,'630-Weekday-4-26-09-1110100',270399
630,63001,'630-Weekday-7-26-09-1110100',270400
631,63100,'631-Weekday-1-26-09-1111100',227574
631,63100,'631-Weekday-3-26-09-1111100',227575
631,63100,'631-Weekday-4-26-09-1111100',270401
631,63100,'631-Weekday-7-26-09-1111100',270402
631,63101,'631-Weekday-1-26-09-0001000',227576
631,63101,'631-Weekday-1-26-09-1110100',227577
631,63101,'631-Weekday-3-26-09-1110100',227578
631,63101,'631-Weekday-4-26-09-1110100',270403
631,63101,'631-Weekday-7-26-09-1110100',270404
632,63200,'632-Weekday-1-26-09-0001000',270405
632,63200,'632-Weekday-1-26-09-1110100',270406
632,63200,'632-Weekday-3-26-09-1110100',270407
632,63200,'632-Weekday-4-26-09-1110100',270408
632,63201,'632-Weekday-1-26-09-1111100',270409
632,63201,'632-Weekday-3-26-09-1111100',270410
632,63201,'632-Weekday-4-26-09-1111100',270411
633,63300,'633-Weekday-1-26-09-0001000',227579,227580,227581
633,63300,'633-Weekday-1-26-09-1110100',227582,227583,227584,227585
633,63300,'633-Weekday-4-26-09-1110100',270412,270413,270414,270415
633,63300,'633-Weekday-7-26-09-1110100',270416,270417,270418,270419
633,63301,'633-Weekday-1-26-09-1111100',227586,227587,227588,227589
633,63301,'633-Weekday-4-26-09-1111100',270420,270421,270422,270423
633,63301,'633-Weekday-7-26-09-1111100',270424,270425,270426,270427
634,63400,'634-Weekday-1-26-09-0000100',227590
634,63400,'634-Weekday-1-26-09-1111000',227591,227592
634,63400,'634-Weekday-3-26-09-1111000',227593,227594
634,63400,'634-Weekday-7-26-09-1111000',270428,270429
634,63401,'634-Weekday-1-26-09-1111100',227595,227596
634,63401,'634-Weekday-3-26-09-1111100',227597,227598
634,63401,'634-Weekday-7-26-09-1111100',270430,270431
635,63500,'635-Weekday-1-26-09-0000100',227599
635,63500,'635-Weekday-1-26-09-1111000',227600
635,63500,'635-Weekday-3-26-09-1111000',227601
635,63500,'635-Weekday-7-26-09-1111000',270432
635,63501,'635-Weekday-1-26-09-1111100',227602
635,63501,'635-Weekday-3-26-09-1111100',227603
635,63501,'635-Weekday-7-26-09-1111100',270433
636,63600,'636-Weekday-1-26-09-0000100',227604
636,63600,'636-Weekday-1-26-09-1111000',227605
636,63600,'636-Weekday-3-26-09-1111000',227606
636,63600,'636-Weekday-7-26-09-1111000',270434
636,63601,'636-Weekday-1-26-09-1111100',227607,227608
636,63601,'636-Weekday-3-26-09-1111100',227609,227610
636,63601,'636-Weekday-7-26-09-1111100',270435,270436
638,63800,'638-Weekday-1-26-09-0000100',227611,227612
638,63800,'638-Weekday-1-26-09-1111000',227613,227614
638,63800,'638-Weekday-1-26-09-1111100',227615,227616
638,63800,'638-Weekday-3-26-09-1111000',227617,227618
638,63800,'638-Weekday-4-26-09-1111100',270437,270438
638,63800,'638-Weekday-7-26-09-1111000',270439,270440
638,63800,'638-Weekday-7-26-09-1111100',270441,270442
638,63801,'638-Weekday-1-26-09-0001000',227619
638,63801,'638-Weekday-1-26-09-1110100',227620
638,63801,'638-Weekday-1-26-09-1111100',227621
638,63801,'638-Weekday-3-26-09-1111100',227622
638,63801,'638-Weekday-4-26-09-1110100',270443
638,63801,'638-Weekday-7-26-09-1110100',270444
638,63801,'638-Weekday-7-26-09-1111100',270445
642,64200,'642-Weekday-1-26-09-0001000',227623,227624
642,64200,'642-Weekday-1-26-09-1110100',227625,227626,227627
642,64200,'642-Weekday-1-26-09-1111100',227628
642,64200,'642-Weekday-3-26-09-1111100',227629
642,64200,'642-Weekday-4-26-09-1110100',270446,270447,270448
642,64200,'642-Weekday-7-26-09-1110100',270449,270450,270451
642,64200,'642-Weekday-7-26-09-1111100',270452
642,64201,'642-Weekday-1-26-09-1111000',227630
642,64201,'642-Weekday-3-26-09-1111000',227631
642,64201,'642-Weekday-7-26-09-1111000',270453
646,64600,'646-Weekday-1-26-09-1111000',227632
646,64600,'646-Weekday-3-26-09-1111000',227633
646,64600,'646-Weekday-7-26-09-1111000',270454
646,64601,'646-Weekday-1-26-09-1111100',227634,227635
646,64601,'646-Weekday-3-26-09-1111100',227636,227637
646,64601,'646-Weekday-7-26-09-1111100',270455,270456
647,64700,'647-Weekday-1-26-09-1111000',227638
647,64700,'647-Weekday-3-26-09-1111000',227639
647,64700,'647-Weekday-7-26-09-1111000',270457
647,64701,'647-Weekday-1-26-09-1111100',227640
647,64701,'647-Weekday-3-26-09-1111100',227641
647,64701,'647-Weekday-7-26-09-1111100',270458
650,65000,'650-Weekday-1-26-09-1111100',227642,227643
650,65000,'650-Weekday-3-26-09-1111100',227644,227645
650,65000,'650-Weekday-7-26-09-1111100',270459,270460
650,65001,'650-Weekday-1-26-09-1111100',227646
650,65001,'650-Weekday-3-26-09-1111100',227647
650,65001,'650-Weekday-7-26-09-1111100',270461
651,65100,'651-Weekday-1-26-09-1111100',227648
651,65100,'651-Weekday-3-26-09-1111100',227649
651,65100,'651-Weekday-7-26-09-1111100',270462
651,65101,'651-Weekday-1-26-09-1111100',227650,227651
651,65101,'651-Weekday-3-26-09-1111100',227652,227653
651,65101,'651-Weekday-7-26-09-1111100',270463,270464
652,65200,'652-Weekday-1-26-09-1111100',227654,227655,227656
652,65200,'652-Weekday-3-26-09-1111100',227657,227658,227659
652,65200,'652-Weekday-7-26-09-1111100',270465,270466,270467
652,65201,'652-Weekday-1-26-09-1111100',227660,227661
652,65201,'652-Weekday-3-26-09-1111100',227662,227663
652,65201,'652-Weekday-7-26-09-1111100',270468,270469
653,65300,'653-Weekday-1-26-09-1111100',227664
653,65300,'653-Weekday-3-26-09-1111100',227665
653,65300,'653-Weekday-7-26-09-1111100',270470
653,65301,'653-Weekday-1-26-09-1111100',227666
653,65301,'653-Weekday-3-26-09-1111100',227667
653,65301,'653-Weekday-7-26-09-1111100',270471
654,65400,'654-Weekday-1-26-09-1111100',227668
654,65400,'654-Weekday-3-26-09-1111100',227669
654,65400,'654-Weekday-7-26-09-1111100',270472
654,65401,'654-Weekday-1-26-09-1111100',227670
654,65401,'654-Weekday-3-26-09-1111100',227671
654,65401,'654-Weekday-7-26-09-1111100',270473
655,65500,'655-Weekday-1-26-09-1111100',227672
655,65500,'655-Weekday-3-26-09-1111100',227673
655,65500,'655-Weekday-7-26-09-1111100',270474
655,65501,'655-Weekday-1-26-09-1111100',227674,227675
655,65501,'655-Weekday-3-26-09-1111100',227676,227677
655,65501,'655-Weekday-7-26-09-1111100',270475,270476
656,65600,'656-Weekday-1-26-09-1111100',227678,227679
656,65600,'656-Weekday-3-26-09-1111100',227680,227681
656,65600,'656-Weekday-7-26-09-1111100',270477,270478
656,65601,'656-Weekday-1-26-09-1111100',227682,227683
656,65601,'656-Weekday-3-26-09-1111100',227684,227685
656,65601,'656-Weekday-7-26-09-1111100',270479,270480
657,65700,'657-Weekday-1-26-09-1111100',227686,227687
657,65700,'657-Weekday-3-26-09-1111100',227688,227689
657,65700,'657-Weekday-7-26-09-1111100',270481,270482
657,65701,'657-Weekday-1-26-09-1111100',227690,227691
657,65701,'657-Weekday-3-26-09-1111100',227692,227693
657,65701,'657-Weekday-7-26-09-1111100',270483,270484
658,65800,'658-Weekday-1-26-09-0001000',227694,227695
658,65800,'658-Weekday-1-26-09-1110100',227696,227697,227698
658,65800,'658-Weekday-4-26-09-1110100',270485,270486,270487
658,65800,'658-Weekday-7-26-09-1110100',270488,270489,270490
658,65801,'658-Weekday-1-26-09-1111100',227699,227700,227701
658,65801,'658-Weekday-4-26-09-1111100',270491,270492,270493
658,65801,'658-Weekday-7-26-09-1111100',270494,270495,270496
659,65900,'659-Weekday-1-26-09-0001000',227702
659,65900,'659-Weekday-1-26-09-1110100',227703,227704
659,65900,'659-Weekday-4-26-09-1110100',270497,270498
659,65900,'659-Weekday-7-26-09-1110100',270499,270500
659,65901,'659-Weekday-1-26-09-1111100',227705,227706
659,65901,'659-Weekday-4-26-09-1111100',270501,270502
659,65901,'659-Weekday-7-26-09-1111100',270503,270504
660,66000,'660-Weekday-1-26-09-1111100',227707,227708,227709
660,66000,'660-Weekday-4-26-09-1111100',270505,270506,270507
660,66000,'660-Weekday-7-26-09-1111100',270508,270509,270510
661,66100,'661-Weekday-1-26-09-1111100',227710,227711,227712
661,66100,'661-Weekday-3-26-09-1111100',227713,227714,227715
661,66100,'661-Weekday-4-26-09-1111100',270511
661,66100,'661-Weekday-7-26-09-1111100',270512,270513,270514
661,66100,'661-Weekday-9-26-09-0000100',270515
661,66100,'661-Weekday-9-26-09-1111100',270516,270517,270518
661,66101,'661-Weekday-1-26-09-1111100',227716,227717,227718
661,66101,'661-Weekday-3-26-09-1111100',227719,227720,227721
661,66101,'661-Weekday-7-26-09-1111100',270519,270520,270521
661,66101,'661-Weekday-9-26-09-1111100',270522,270523,270524
662,66200,'662-Weekday-1-26-09-1111100',227722,227723,227724,227725,227726,227727
662,66200,'662-Weekday-3-26-09-1111100',227728,227729,227730,227731
662,66200,'662-Weekday-4-26-09-1111100',270525,270526
662,66200,'662-Weekday-7-26-09-1111100',270527,270528,270529,270530,270531,270532
662,66201,'662-Weekday-1-26-09-0001000',227732
662,66201,'662-Weekday-1-26-09-1110100',227733,227734
662,66201,'662-Weekday-1-26-09-1111100',227735,227736,227737,227738
662,66201,'662-Weekday-3-26-09-1111100',227739,227740,227741
662,66201,'662-Weekday-4-26-09-1110100',270533,270534
662,66201,'662-Weekday-4-26-09-1111100',270535
662,66201,'662-Weekday-7-26-09-1110100',270536,270537
662,66201,'662-Weekday-7-26-09-1111100',270538,270539,270540,270541
663,66300,'663-Weekday-1-26-09-1111100',227742,227743,227744
663,66300,'663-Weekday-4-26-09-1111100',270542,270543,270544
663,66300,'663-Weekday-7-26-09-1111100',270545,270546,270547
663,66301,'663-Weekday-1-26-09-0001000',227745,227746,227747
663,66301,'663-Weekday-1-26-09-1110100',227748,227749,227750
663,66301,'663-Weekday-4-26-09-1110100',270548,270549,270550
663,66301,'663-Weekday-7-26-09-1110100',270551,270552,270553
664,66400,'664-Weekday-1-26-09-0001000',227751,227752,227753
664,66400,'664-Weekday-1-26-09-1110100',227754,227755,227756,227757
664,66400,'664-Weekday-3-26-09-1110100',227758,227759
664,66400,'664-Weekday-4-26-09-1110100',270554,270555
664,66400,'664-Weekday-7-26-09-1110100',270556,270557,270558,270559
664,66401,'664-Weekday-1-26-09-1111100',227760,227761,227762,227763
664,66401,'664-Weekday-3-26-09-1111100',227764,227765
664,66401,'664-Weekday-4-26-09-1111100',270560,270561
664,66401,'664-Weekday-7-26-09-1111100',270562,270563,270564,270565
665,66500,'665-Weekday-1-26-09-0001000',227766,227767
665,66500,'665-Weekday-1-26-09-1110100',227768,227769
665,66500,'665-Weekday-3-26-09-1110100',227770,227771
665,66500,'665-Weekday-7-26-09-1110100',270566,270567
665,66501,'665-Weekday-1-26-09-1111100',227772,227773
665,66501,'665-Weekday-3-26-09-1111100',227774,227775
665,66501,'665-Weekday-7-26-09-1111100',270568,270569
667,66700,'667-Weekday-1-26-09-0001000',227776,227777
667,66700,'667-Weekday-1-26-09-1110100',227778,227779
667,66700,'667-Weekday-3-26-09-1110100',227780,227781
667,66700,'667-Weekday-7-26-09-1110100',270570,270571
667,66701,'667-Weekday-1-26-09-1111100',227782,227783
667,66701,'667-Weekday-3-26-09-1111100',227784,227785
667,66701,'667-Weekday-7-26-09-1111100',270572,270573
668,66800,'668-Weekday-1-26-09-1111100',227786,227787,227788
668,66800,'668-Weekday-3-26-09-1111100',227789,227790,227791
668,66800,'668-Weekday-7-26-09-1111100',270574,270575,270576
668,66801,'668-Weekday-1-26-09-0001000',227792,227793
668,66801,'668-Weekday-1-26-09-1110100',227794,227795,227796
668,66801,'668-Weekday-3-26-09-1110100',227797,227798,227799
668,66801,'668-Weekday-7-26-09-1110100',270577,270578,270579
669,66900,'669-Weekday-1-26-09-1111100',227800,227801
669,66900,'669-Weekday-4-26-09-1111100',270580,270581
669,66900,'669-Weekday-7-26-09-1111100',270582,270583
669,66901,'669-Weekday-1-26-09-0001000',227802,227803
669,66901,'669-Weekday-1-26-09-1110100',227804,227805
669,66901,'669-Weekday-4-26-09-1110100',270584,270585
669,66901,'669-Weekday-7-26-09-1110100',270586,270587
671,67100,'671-Weekday-1-26-09-1111100',227806,227807,227808,227809
671,67100,'671-Weekday-3-26-09-1111100',227810,227811,227812,227813
671,67100,'671-Weekday-7-26-09-1111100',270588,270589,270590,270591
671,67101,'671-Weekday-1-26-09-0001000',227814,227815
671,67101,'671-Weekday-1-26-09-1110100',227816,227817
671,67101,'671-Weekday-3-26-09-1110100',227818,227819
671,67101,'671-Weekday-7-26-09-1110100',270592,270593
673,67300,'673-Weekday-1-26-09-1111100',227820,227821
673,67300,'673-Weekday-3-26-09-1111100',227822,227823
673,67300,'673-Weekday-7-26-09-1111100',270594,270595
673,67301,'673-Weekday-1-26-09-0001000',227824,227825
673,67301,'673-Weekday-1-26-09-1110100',227826,227827
673,67301,'673-Weekday-3-26-09-1110100',227828,227829
673,67301,'673-Weekday-7-26-09-1110100',270596,270597
674,67400,'674-Weekday-1-26-09-1111100',227830
674,67400,'674-Weekday-4-26-09-1111100',270598
674,67400,'674-Weekday-7-26-09-1111100',270599
674,67401,'674-Weekday-1-26-09-0001000',227831,227832
674,67401,'674-Weekday-1-26-09-1110100',227833,227834
674,67401,'674-Weekday-4-26-09-1110100',270600,270601
674,67401,'674-Weekday-7-26-09-1110100',270602,270603
678,67800,'678-Weekday-1-26-09-1111100',227835,227836,227837,227838,227839,227840,227841
678,67800,'678-Weekday-3-26-09-1111100',227842,227843,227844,227845,227846
678,67800,'678-Weekday-4-26-09-1111100',270604,270605
678,67800,'678-Weekday-7-26-09-1111100',270606,270607,270608,270609,270610,270611,270612
678,67801,'678-Weekday-1-26-09-0001000',227847,227848,227849,227850
678,67801,'678-Weekday-1-26-09-1110100',227851,227852,227853,227854,227855
678,67801,'678-Weekday-3-26-09-1110100',227856,227857,227858
678,67801,'678-Weekday-4-26-09-1110100',270613,270614
678,67801,'678-Weekday-7-26-09-1110100',270615,270616,270617,270618,270619
681,68101,'681-Weekday-1-26-09-0001000',227859,227860
681,68101,'681-Weekday-1-26-09-1110100',227861,227862
681,68101,'681-Weekday-4-26-09-1110100',270620,270621
681,68101,'681-Weekday-7-26-09-1110100',270622,270623
682,68200,'682-Weekday-1-26-09-1111100',227863,227864,227865
682,68200,'682-Weekday-4-26-09-1111100',270624,270625,270626
682,68200,'682-Weekday-7-26-09-1111100',270627,270628,270629
682,68201,'682-Weekday-1-26-09-0001000',227866,227867
682,68201,'682-Weekday-1-26-09-1110100',227868,227869
682,68201,'682-Weekday-4-26-09-1110100',270630,270631
682,68201,'682-Weekday-7-26-09-1110100',270632,270633
683,68300,'683-Weekday-1-26-09-0001000',227870,227871
683,68300,'683-Weekday-1-26-09-1110100',227872,227873
683,68300,'683-Weekday-1-26-09-1111100',227874,227875
683,68300,'683-Weekday-3-26-09-1111100',227876,227877
683,68300,'683-Weekday-4-26-09-1110100',270634,270635
683,68300,'683-Weekday-7-26-09-1110100',270636,270637
683,68300,'683-Weekday-7-26-09-1111100',270638,270639
683,68301,'683-Weekday-1-26-09-1111100',227878,227879,227880,227881
683,68301,'683-Weekday-3-26-09-1111100',227882,227883,227884,227885
683,68301,'683-Weekday-4-26-09-1111100',270640,270641,270642,270643
683,68301,'683-Weekday-7-26-09-1111100',270644,270645,270646,270647
684,68400,'684-Weekday-1-26-09-0001000',227886,227887
684,68400,'684-Weekday-1-26-09-1110100',227888,227889
684,68400,'684-Weekday-1-26-09-1111100',227890,227891
684,68400,'684-Weekday-3-26-09-1111100',227892,227893
684,68400,'684-Weekday-4-26-09-1110100',270648,270649
684,68400,'684-Weekday-7-26-09-1110100',270650,270651
684,68400,'684-Weekday-7-26-09-1111100',270652,270653
684,68401,'684-Weekday-1-26-09-1111100',227894,227895,227896
684,68401,'684-Weekday-3-26-09-1111100',227897,227898,227899
684,68401,'684-Weekday-4-26-09-1111100',270654,270655,270656
684,68401,'684-Weekday-7-26-09-1111100',270657,270658,270659
685,68500,'685-Weekday-1-26-09-1111100',227900
685,68500,'685-Weekday-3-26-09-1111100',227901
685,68500,'685-Weekday-4-26-09-1111100',270660
685,68500,'685-Weekday-7-26-09-1111100',270661
691,69100,'691-Weekday-1-26-09-1111100',227902
691,69100,'691-Weekday-3-26-09-1111100',227903
691,69100,'691-Weekday-7-26-09-1111100',270662
692,69200,'692-Weekday-1-26-09-1111100',227904
692,69200,'692-Weekday-3-26-09-1111100',227905
692,69200,'692-Weekday-7-26-09-1111100',270663
692,69201,'692-Weekday-1-26-09-1111100',227906
692,69201,'692-Weekday-3-26-09-1111100',227907
692,69201,'692-Weekday-7-26-09-1111100',270664
701,70100,'701-Weekday-1-26-09-1111100',227908,227909,227910,227911,227912,227913,227914,227915,227916,227917,227918,227919,227920,227921,227922,227923,227924,227925,227926,227927,227928,227929,227930,227931,227932,227933,227934,227935,227936,227937,227938,227939,227940,227941,227942,227943,227944,227945,227946,227947,227948,227949,227950,227951,227952,227953,227954,227955,227956,227957,227958,227959,227960,227961,227962,227963
701,70100,'701-Weekday-3-26-09-1111100',227964,227965,227966,227967,227968,227969,227970,227971,227972,227973,227974,227975,227976,227977,227978,227979,227980,227981,227982,227983,227984,227985,227986,227987,227988,227989,227990,227991,227992,227993,227994,227995,227996,227997,227998,227999,228000,228001,228002,228003,228004,228005,228006,228007,228008,228009,228010,228011,228012,228013,228014,228015,228016,228017,228018,228019
701,70100,'701-Weekday-4-26-09-1111100',270665,270666,270667,270668,270669,270670,270671,270672,270673,270674,270675,270676,270677,270678,270679,270680,270681,270682,270683,270684,270685,270686,270687,270688,270689,270690,270691,270692,270693,270694,270695,270696,270697,270698,270699,270700,270701,270702,270703,270704,270705,270706,270707,270708,270709,270710,270711,270712,270713,270714,270715,270716,270717,270718,270719,270720
701,70100,'701-Weekday-5-26-09-1111100',228020,228021,228022,228023,228024,228025,228026,228027,228028,228029,228030,228031,228032,228033,228034,228035,228036,228037,228038,228039,228040,228041,228042,228043,228044,228045,228046,228047,228048,228049,228050,228051,228052,228053,228054,228055,228056,228057,228058,228059,228060,228061,228062,228063,228064,228065,228066,228067,228068,228069,228070,228071,228072,228073,228074,228075
701,70100,'701-Weekday-6-26-09-1111100',270721,270722,270723,270724,270725,270726,270727,270728,270729,270730,270731,270732,270733,270734,270735,270736,270737,270738,270739,270740,270741,270742,270743,270744,270745,270746,270747,270748,270749,270750,270751,270752,270753,270754,270755,270756,270757,270758,270759,270760,270761,270762,270763,270764,270765,270766,270767,270768,270769,270770,270771,270772,270773,270774,270775,270776
701,70100,'701-Weekday-7-26-09-1111100',270777,270778,270779,270780,270781,270782,270783,270784,270785,270786,270787,270788,270789,270790,270791,270792,270793,270794,270795,270796,270797,270798,270799,270800,270801,270802,270803,270804,270805,270806,270807,270808,270809,270810,270811,270812,270813,270814,270815,270816,270817,270818,270819,270820,270821,270822,270823,270824,270825,270826,270827,270828,270829,270830,270831,270832
701,70100,'701-Weekday-8-26-09-1111100',270833,270834,270835,270836,270837,270838,270839,270840,270841,270842,270843,270844,270845,270846,270847,270848,270849,270850,270851,270852,270853,270854,270855,270856,270857,270858,270859,270860,270861,270862,270863,270864,270865,270866,270867,270868,270869,270870,270871,270872,270873,270874,270875,270876,270877,270878,270879,270880,270881,270882,270883,270884,270885,270886,270887,270888
701,70100,'701-Saturday-1-26-09-0000010',228076,228077,228078,228079,228080,228081,228082,228083,228084,228085,228086,228087,228088,228089,228090,228091,228092,228093,228094,228095,228096,228097,228098,228099,228100,228101,228102,228103,228104,228105
701,70100,'701-Sunday-1-26-09-0000001',228106,228107,228108,228109,228110,228111,228112,228113,228114,228115,228116,228117,228118,228119,228120,228121,228122,228123,228124,228125,228126,228127,228128,228129,228130,228131,228132,228133,228134,228135
701,70101,'701-Weekday-1-26-09-1111100',228136,228137,228138,228139,228140,228141,228142,228143,228144,228145,228146,228147,228148,228149,228150,228151,228152,228153,228154,228155,228156,228157,228158,228159,228160,228161,228162,228163,228164,228165,228166,228167,228168,228169,228170,228171,228172,228173,228174,228175,228176,228177,228178,228179,228180,228181,228182,228183,228184,228185,228186,228187,228188,228189,228190,228191,228192
701,70101,'701-Weekday-3-26-09-1111100',228193,228194,228195,228196,228197,228198,228199,228200,228201,228202,228203,228204,228205,228206,228207,228208,228209,228210,228211,228212,228213,228214,228215,228216,228217,228218,228219,228220,228221,228222,228223,228224,228225,228226,228227,228228,228229,228230,228231,228232,228233,228234,228235,228236,228237,228238,228239,228240,228241,228242,228243,228244,228245,228246,228247,228248,228249
701,70101,'701-Weekday-4-26-09-1111100',270889,270890,270891,270892,270893,270894,270895,270896,270897,270898,270899,270900,270901,270902,270903,270904,270905,270906,270907,270908,270909,270910,270911,270912,270913,270914,270915,270916,270917,270918,270919,270920,270921,270922,270923,270924,270925,270926,270927,270928,270929,270930,270931,270932,270933,270934,270935,270936,270937,270938,270939,270940,270941,270942,270943,270944
701,70101,'701-Weekday-5-26-09-1111100',228250,228251,228252,228253,228254,228255,228256,228257,228258,228259,228260,228261,228262,228263,228264,228265,228266,228267,228268,228269,228270,228271,228272,228273,228274,228275,228276,228277,228278,228279,228280,228281,228282,228283,228284,228285,228286,228287,228288,228289,228290,228291,228292,228293,228294,228295,228296,228297,228298,228299,228300,228301,228302,228303,228304,228305
701,70101,'701-Weekday-6-26-09-1111100',270945,270946,270947,270948,270949,270950,270951,270952,270953,270954,270955,270956,270957,270958,270959,270960,270961,270962,270963,270964,270965,270966,270967,270968,270969,270970,270971,270972,270973,270974,270975,270976,270977,270978,270979,270980,270981,270982,270983,270984,270985,270986,270987,270988,270989,270990,270991,270992,270993,270994,270995,270996,270997,270998,270999,271000
701,70101,'701-Weekday-7-26-09-1111100',271001,271002,271003,271004,271005,271006,271007,271008,271009,271010,271011,271012,271013,271014,271015,271016,271017,271018,271019,271020,271021,271022,271023,271024,271025,271026,271027,271028,271029,271030,271031,271032,271033,271034,271035,271036,271037,271038,271039,271040,271041,271042,271043,271044,271045,271046,271047,271048,271049,271050,271051,271052,271053,271054,271055,271056,271057
701,70101,'701-Weekday-8-26-09-1111100',271058,271059,271060,271061,271062,271063,271064,271065,271066,271067,271068,271069,271070,271071,271072,271073,271074,271075,271076,271077,271078,271079,271080,271081,271082,271083,271084,271085,271086,271087,271088,271089,271090,271091,271092,271093,271094,271095,271096,271097,271098,271099,271100,271101,271102,271103,271104,271105,271106,271107,271108,271109,271110,271111,271112,271113
701,70101,'701-Saturday-1-26-09-0000010',228306,228307,228308,228309,228310,228311,228312,228313,228314,228315,228316,228317,228318,228319,228320,228321,228322,228323,228324,228325,228326,228327,228328,228329,228330,228331,228332,228333,228334
701,70101,'701-Sunday-1-26-09-0000001',228335,228336,228337,228338,228339,228340,228341,228342,228343,228344,228345,228346,228347,228348,228349,228350,228351,228352,228353,228354,228355,228356,228357,228358,228359,228360,228361,228362,228363
702,70200,'702-Weekday-1-26-09-1111100',228364,228365,228366,228367,228368,228369,228370,228371,228372,228373,228374,228375,228376,228377,228378,228379,228380,228381,228382,228383,228384,228385,228386,228387,228388,228389,228390,228391,228392,228393,228394,228395,228396,228397,228398,228399,228400,228401,228402,228403,228404
702,70200,'702-Weekday-2-26-09-1111100',228405,228406,228407,228408,228409,228410,228411,228412,228413,228414,228415,228416,228417,228418,228419,228420,228421,228422,228423,228424,228425,228426,228427,228428,228429,228430,228431,228432,228433,228434,228435,228436,228437,228438,228439,228440,228441,228442,228443,228444,228445
702,70200,'702-Weekday-3-26-09-1111100',271114,271115,271116,271117,271118,271119,271120,271121,271122,271123,271124,271125,271126,271127,271128,271129,271130,271131,271132,271133,271134,271135,271136,271137,271138,271139,271140,271141,271142,271143,271144,271145,271146,271147,271148,271149,271150,271151,271152,271153,271154
702,70200,'702-Weekday-4-26-09-1111100',228446,228447,228448,228449,228450,228451,228452,228453,228454,228455,228456,228457,228458,228459,228460,228461,228462,228463,228464,228465,228466,228467,228468,228469,228470,228471,228472,228473,228474,228475,228476,228477,228478,228479,228480,228481,228482,228483,228484,228485,228486
702,70200,'702-Weekday-5-26-09-1111100',271155,271156,271157,271158,271159,271160,271161,271162,271163,271164,271165,271166,271167,271168,271169,271170,271171,271172,271173,271174,271175,271176,271177,271178,271179,271180,271181,271182,271183,271184,271185,271186,271187,271188,271189,271190,271191,271192,271193,271194,271195
702,70200,'702-Weekday-6-26-09-1111100',271196,271197,271198,271199,271200,271201,271202,271203,271204,271205,271206,271207,271208,271209,271210,271211,271212,271213,271214,271215,271216,271217,271218,271219,271220,271221,271222,271223,271224,271225,271226,271227,271228,271229,271230,271231,271232,271233,271234,271235,271236
702,70200,'702-Weekday-7-26-09-1111100',271237,271238,271239,271240,271241,271242,271243,271244,271245,271246,271247,271248,271249,271250,271251,271252,271253,271254,271255,271256,271257,271258,271259,271260,271261,271262,271263,271264,271265,271266,271267,271268,271269,271270,271271,271272,271273,271274,271275,271276,271277
702,70200,'702-Saturday-1-26-09-0000010',228487,228488,228489,228490,228491,228492,228493,228494,228495,228496,228497,228498,228499,228500,228501,228502,228503,228504,228505,228506,228507,228508,228509,228510,228511
702,70200,'702-Sunday-1-26-09-0000001',228512,228513,228514,228515,228516,228517,228518,228519,228520,228521,228522,228523,228524,228525,228526,228527,228528,228529,228530,228531
702,70201,'702-Weekday-1-26-09-1111100',228532,228533,228534,228535,228536,228537,228538,228539,228540,228541,228542,228543,228544,228545,228546,228547,228548,228549,228550,228551,228552,228553,228554,228555,228556,228557,228558,228559,228560,228561,228562,228563,228564,228565,228566,228567,228568,228569,228570,228571,228572,228573,228574
702,70201,'702-Weekday-2-26-09-1111100',228575,228576,228577,228578,228579,228580,228581,228582,228583,228584,228585,228586,228587,228588,228589,228590,228591,228592,228593,228594,228595,228596,228597,228598,228599,228600,228601,228602,228603,228604,228605,228606,228607,228608,228609,228610,228611,228612,228613,228614,228615,228616,228617
702,70201,'702-Weekday-3-26-09-1111100',271278,271279,271280,271281,271282,271283,271284,271285,271286,271287,271288,271289,271290,271291,271292,271293,271294,271295,271296,271297,271298,271299,271300,271301,271302,271303,271304,271305,271306,271307,271308,271309,271310,271311,271312,271313,271314,271315,271316,271317,271318,271319,271320
702,70201,'702-Weekday-4-26-09-1111100',228618,228619,228620,228621,228622,228623,228624,228625,228626,228627,228628,228629,228630,228631,228632,228633,228634,228635,228636,228637,228638,228639,228640,228641,228642,228643,228644,228645,228646,228647,228648,228649,228650,228651,228652,228653,228654,228655,228656,228657,228658,228659,228660
702,70201,'702-Weekday-5-26-09-1111100',271321,271322,271323,271324,271325,271326,271327,271328,271329,271330,271331,271332,271333,271334,271335,271336,271337,271338,271339,271340,271341,271342,271343,271344,271345,271346,271347,271348,271349,271350,271351,271352,271353,271354,271355,271356,271357,271358,271359,271360,271361,271362,271363
702,70201,'702-Weekday-6-26-09-1111100',271364,271365,271366,271367,271368,271369,271370,271371,271372,271373,271374,271375,271376,271377,271378,271379,271380,271381,271382,271383,271384,271385,271386,271387,271388,271389,271390,271391,271392,271393,271394,271395,271396,271397,271398,271399,271400,271401,271402,271403,271404,271405,271406
702,70201,'702-Weekday-7-26-09-1111100',271407,271408,271409,271410,271411,271412,271413,271414,271415,271416,271417,271418,271419,271420,271421,271422,271423,271424,271425,271426,271427,271428,271429,271430,271431,271432,271433,271434,271435,271436,271437,271438,271439,271440,271441,271442,271443,271444,271445,271446,271447,271448,271449
702,70201,'702-Saturday-1-26-09-0000010',228661,228662,228663,228664,228665,228666,228667,228668,228669,228670,228671,228672,228673,228674,228675,228676,228677,228678,228679,228680,228681,228682,228683,228684,228685,228686
702,70201,'702-Sunday-1-26-09-0000001',228687,228688,228689,228690,228691,228692,228693,228694,228695,228696,228697,228698,228699,228700,228701,228702,228703,228704,228705
703,70300,'703-Weekday-1-26-09-1111100',228706,228707,228708,228709,228710,228711,228712,228713,228714,228715,228716,228717,228718,228719,228720,228721,228722,228723,228724,228725,228726,228727,228728,228729,228730,228731,228732,228733,228734,228735,228736,228737,228738,228739,228740,228741,228742,228743,228744,228745,228746,228747,228748,228749,228750,228751,228752
703,70300,'703-Weekday-2-26-09-1111100',228753,228754,228755,228756,228757,228758,228759,228760,228761,228762,228763,228764,228765,228766,228767,228768,228769,228770,228771,228772,228773,228774,228775,228776,228777,228778,228779,228780,228781,228782,228783,228784,228785,228786,228787,228788,228789,228790,228791,228792,228793,228794,228795,228796,228797,228798,228799
703,70300,'703-Weekday-3-26-09-1111100',271450,271451,271452,271453,271454,271455,271456,271457,271458,271459,271460,271461,271462,271463,271464,271465,271466,271467,271468,271469,271470,271471,271472,271473,271474,271475,271476,271477,271478,271479,271480,271481,271482,271483,271484,271485,271486,271487,271488,271489,271490,271491,271492,271493,271494,271495
703,70300,'703-Weekday-4-26-09-1111100',228800,228801,228802,228803,228804,228805,228806,228807,228808,228809,228810,228811,228812,228813,228814,228815,228816,228817,228818,228819,228820,228821,228822,228823,228824,228825,228826,228827,228828,228829,228830,228831,228832,228833,228834,228835,228836,228837,228838,228839,228840,228841,228842,228843,228844,228845
703,70300,'703-Weekday-5-26-09-1111100',271496,271497,271498,271499,271500,271501,271502,271503,271504,271505,271506,271507,271508,271509,271510,271511,271512,271513,271514,271515,271516,271517,271518,271519,271520,271521,271522,271523,271524,271525,271526,271527,271528,271529,271530,271531,271532,271533,271534,271535,271536,271537,271538,271539,271540,271541
703,70300,'703-Weekday-6-26-09-1111100',271542,271543,271544,271545,271546,271547,271548,271549,271550,271551,271552,271553,271554,271555,271556,271557,271558,271559,271560,271561,271562,271563,271564,271565,271566,271567,271568,271569,271570,271571,271572,271573,271574,271575,271576,271577,271578,271579,271580,271581,271582,271583,271584,271585,271586,271587,271588
703,70300,'703-Weekday-7-26-09-1111100',271589,271590,271591,271592,271593,271594,271595,271596,271597,271598,271599,271600,271601,271602,271603,271604,271605,271606,271607,271608,271609,271610,271611,271612,271613,271614,271615,271616,271617,271618,271619,271620,271621,271622,271623,271624,271625,271626,271627,271628,271629,271630,271631,271632,271633,271634
703,70300,'703-Saturday-1-26-09-0000010',228846,228847,228848,228849,228850,228851,228852,228853,228854,228855,228856,228857,228858,228859,228860,228861,228862,228863,228864,228865,228866,228867
703,70300,'703-Sunday-1-26-09-0000001',228868,228869,228870,228871,228872,228873,228874,228875,228876,228877,228878,228879,228880,228881,228882,228883,228884,228885
703,70301,'703-Weekday-1-26-09-1111100',228886,228887,228888,228889,228890,228891,228892,228893,228894,228895,228896,228897,228898,228899,228900,228901,228902,228903,228904,228905,228906,228907,228908,228909,228910,228911,228912,228913,228914,228915,228916,228917,228918,228919,228920,228921,228922,228923,228924,228925,228926,228927,228928,228929,228930,228931,228932
703,70301,'703-Weekday-2-26-09-1111100',228933,228934,228935,228936,228937,228938,228939,228940,228941,228942,228943,228944,228945,228946,228947,228948,228949,228950,228951,228952,228953,228954,228955,228956,228957,228958,228959,228960,228961,228962,228963,228964,228965,228966,228967,228968,228969,228970,228971,228972,228973,228974,228975,228976,228977,228978,228979
703,70301,'703-Weekday-3-26-09-1111100',271635,271636,271637,271638,271639,271640,271641,271642,271643,271644,271645,271646,271647,271648,271649,271650,271651,271652,271653,271654,271655,271656,271657,271658,271659,271660,271661,271662,271663,271664,271665,271666,271667,271668,271669,271670,271671,271672,271673,271674,271675,271676,271677,271678,271679,271680
703,70301,'703-Weekday-4-26-09-1111100',228980,228981,228982,228983,228984,228985,228986,228987,228988,228989,228990,228991,228992,228993,228994,228995,228996,228997,228998,228999,229000,229001,229002,229003,229004,229005,229006,229007,229008,229009,229010,229011,229012,229013,229014,229015,229016,229017,229018,229019,229020,229021,229022,229023,229024,229025
703,70301,'703-Weekday-5-26-09-1111100',271681,271682,271683,271684,271685,271686,271687,271688,271689,271690,271691,271692,271693,271694,271695,271696,271697,271698,271699,271700,271701,271702,271703,271704,271705,271706,271707,271708,271709,271710,271711,271712,271713,271714,271715,271716,271717,271718,271719,271720,271721,271722,271723,271724,271725,271726
703,70301,'703-Weekday-6-26-09-1111100',271727,271728,271729,271730,271731,271732,271733,271734,271735,271736,271737,271738,271739,271740,271741,271742,271743,271744,271745,271746,271747,271748,271749,271750,271751,271752,271753,271754,271755,271756,271757,271758,271759,271760,271761,271762,271763,271764,271765,271766,271767,271768,271769,271770,271771,271772,271773
703,70301,'703-Weekday-7-26-09-1111100',271774,271775,271776,271777,271778,271779,271780,271781,271782,271783,271784,271785,271786,271787,271788,271789,271790,271791,271792,271793,271794,271795,271796,271797,271798,271799,271800,271801,271802,271803,271804,271805,271806,271807,271808,271809,271810,271811,271812,271813,271814,271815,271816,271817,271818,271819
703,70301,'703-Saturday-1-26-09-0000010',229026,229027,229028,229029,229030,229031,229032,229033,229034,229035,229036,229037,229038,229039,229040,229041,229042,229043,229044,229045,229046,229047,229048
703,70301,'703-Sunday-1-26-09-0000001',229049,229050,229051,229052,229053,229054,229055,229056,229057,229058,229059,229060,229061,229062,229063,229064,229065,229066
704,70400,'704-Weekday-1-26-09-1111100',229067,229068,229069,229070,229071,229072,229073,229074,229075,229076,229077,229078,229079,229080,229081,229082,229083,229084,229085,229086,229087,229088,229089,229090,229091,229092,229093,229094,229095,229096,229097,229098,229099,229100,229101,229102,229103
704,70400,'704-Weekday-2-26-09-1111100',229104,229105,229106,229107,229108,229109,229110,229111,229112,229113,229114,229115,229116,229117,229118,229119,229120,229121,229122,229123,229124,229125,229126,229127,229128,229129,229130,229131,229132,229133,229134,229135,229136,229137,229138,229139,229140
704,70400,'704-Weekday-3-26-09-1111100',271820,271821,271822,271823,271824,271825,271826,271827,271828,271829,271830,271831,271832,271833,271834,271835,271836,271837,271838,271839,271840,271841,271842,271843,271844,271845,271846,271847,271848,271849,271850,271851,271852,271853,271854,271855,271856
704,70400,'704-Weekday-4-26-09-1111100',229141,229142,229143,229144,229145,229146,229147,229148,229149,229150,229151,229152,229153,229154,229155,229156,229157,229158,229159,229160,229161,229162,229163,229164,229165,229166,229167,229168,229169,229170,229171,229172,229173,229174,229175,229176,229177
704,70400,'704-Weekday-5-26-09-1111100',271857,271858,271859,271860,271861,271862,271863,271864,271865,271866,271867,271868,271869,271870,271871,271872,271873,271874,271875,271876,271877,271878,271879,271880,271881,271882,271883,271884,271885,271886,271887,271888,271889,271890,271891,271892,271893
704,70400,'704-Weekday-6-26-09-1111100',271894,271895,271896,271897,271898,271899,271900,271901,271902,271903,271904,271905,271906,271907,271908,271909,271910,271911,271912,271913,271914,271915,271916,271917,271918,271919,271920,271921,271922,271923,271924,271925,271926,271927,271928,271929,271930
704,70400,'704-Weekday-7-26-09-1111100',271931,271932,271933,271934,271935,271936,271937,271938,271939,271940,271941,271942,271943,271944,271945,271946,271947,271948,271949,271950,271951,271952,271953,271954,271955,271956,271957,271958,271959,271960,271961,271962,271963,271964,271965,271966,271967
704,70400,'704-Saturday-1-26-09-0000010',229178,229179,229180,229181,229182,229183,229184,229185,229186,229187,229188,229189,229190,229191,229192,229193,229194,229195,229196,229197,229198,229199,229200
704,70400,'704-Sunday-1-26-09-0000001',229201,229202,229203,229204,229205,229206,229207,229208,229209,229210,229211,229212,229213,229214,229215,229216,229217,229218,229219,229220,229221,229222,229223
704,70401,'704-Weekday-1-26-09-1111100',229224,229225,229226,229227,229228,229229,229230,229231,229232,229233,229234,229235,229236,229237,229238,229239,229240,229241,229242,229243,229244,229245,229246,229247,229248,229249,229250,229251,229252,229253,229254,229255,229256,229257,229258,229259,229260
704,70401,'704-Weekday-2-26-09-1111100',229261,229262,229263,229264,229265,229266,229267,229268,229269,229270,229271,229272,229273,229274,229275,229276,229277,229278,229279,229280,229281,229282,229283,229284,229285,229286,229287,229288,229289,229290,229291,229292,229293,229294,229295,229296,229297
704,70401,'704-Weekday-3-26-09-1111100',271968,271969,271970,271971,271972,271973,271974,271975,271976,271977,271978,271979,271980,271981,271982,271983,271984,271985,271986,271987,271988,271989,271990,271991,271992,271993,271994,271995,271996,271997,271998,271999,272000,272001,272002,272003,272004
704,70401,'704-Weekday-4-26-09-1111100',229298,229299,229300,229301,229302,229303,229304,229305,229306,229307,229308,229309,229310,229311,229312,229313,229314,229315,229316,229317,229318,229319,229320,229321,229322,229323,229324,229325,229326,229327,229328,229329,229330,229331,229332,229333,229334
704,70401,'704-Weekday-5-26-09-1111100',272005,272006,272007,272008,272009,272010,272011,272012,272013,272014,272015,272016,272017,272018,272019,272020,272021,272022,272023,272024,272025,272026,272027,272028,272029,272030,272031,272032,272033,272034,272035,272036,272037,272038,272039,272040,272041
704,70401,'704-Weekday-6-26-09-1111100',272042,272043,272044,272045,272046,272047,272048,272049,272050,272051,272052,272053,272054,272055,272056,272057,272058,272059,272060,272061,272062,272063,272064,272065,272066,272067,272068,272069,272070,272071,272072,272073,272074,272075,272076,272077,272078
704,70401,'704-Weekday-7-26-09-1111100',272079,272080,272081,272082,272083,272084,272085,272086,272087,272088,272089,272090,272091,272092,272093,272094,272095,272096,272097,272098,272099,272100,272101,272102,272103,272104,272105,272106,272107,272108,272109,272110,272111,272112,272113,272114,272115
704,70401,'704-Saturday-1-26-09-0000010',229335,229336,229337,229338,229339,229340,229341,229342,229343,229344,229345,229346,229347,229348,229349,229350,229351,229352,229353,229354,229355,229356,229357
704,70401,'704-Sunday-1-26-09-0000001',229358,229359,229360,229361,229362,229363,229364,229365,229366,229367,229368,229369,229370,229371,229372,229373,229374,229375,229376,229377,229378,229379,229380
705,70500,'705-Weekday-1-26-09-1111100',229381,229382,229383,229384,229385,229386,229387,229388,229389,229390,229391,229392,229393,229394,229395,229396,229397,229398,229399,229400,229401,229402,229403,229404,229405,229406,229407,229408,229409,229410,229411,229412,229413,229414,229415,229416,229417,229418,229419,229420
705,70500,'705-Weekday-2-26-09-1111100',229421,229422,229423,229424,229425,229426,229427,229428,229429,229430,229431,229432,229433,229434,229435,229436,229437,229438,229439,229440,229441,229442,229443,229444,229445,229446,229447,229448,229449,229450,229451,229452,229453,229454,229455,229456,229457,229458,229459,229460
705,70500,'705-Weekday-3-26-09-1111100',272116,272117,272118,272119,272120,272121,272122,272123,272124,272125,272126,272127,272128,272129,272130,272131,272132,272133,272134,272135,272136,272137,272138,272139,272140,272141,272142,272143,272144,272145,272146,272147,272148,272149,272150,272151,272152,272153,272154,272155
705,70500,'705-Weekday-4-26-09-1111100',229461,229462,229463,229464,229465,229466,229467,229468,229469,229470,229471,229472,229473,229474,229475,229476,229477,229478,229479,229480,229481,229482,229483,229484,229485,229486,229487,229488,229489,229490,229491,229492,229493,229494,229495,229496,229497,229498,229499,229500
705,70500,'705-Weekday-5-26-09-1111100',272156,272157,272158,272159,272160,272161,272162,272163,272164,272165,272166,272167,272168,272169,272170,272171,272172,272173,272174,272175,272176,272177,272178,272179,272180,272181,272182,272183,272184,272185,272186,272187,272188,272189,272190,272191,272192,272193,272194,272195
705,70500,'705-Weekday-6-26-09-1111100',272196,272197,272198,272199,272200,272201,272202,272203,272204,272205,272206,272207,272208,272209,272210,272211,272212,272213,272214,272215,272216,272217,272218,272219,272220,272221,272222,272223,272224,272225,272226,272227,272228,272229,272230,272231,272232,272233,272234,272235
705,70500,'705-Weekday-7-26-09-1111100',272236,272237,272238,272239,272240,272241,272242,272243,272244,272245,272246,272247,272248,272249,272250,272251,272252,272253,272254,272255,272256,272257,272258,272259,272260,272261,272262,272263,272264,272265,272266,272267,272268,272269,272270,272271,272272,272273,272274,272275
705,70500,'705-Saturday-1-26-09-0000010',229501,229502,229503,229504,229505,229506,229507,229508,229509,229510,229511,229512,229513,229514,229515,229516,229517,229518,229519,229520,229521,229522,229523,229524,229525,229526,229527,229528
705,70500,'705-Sunday-1-26-09-0000001',229529,229530,229531,229532,229533,229534,229535,229536,229537,229538,229539,229540,229541,229542,229543,229544,229545,229546,229547,229548,229549,229550,229551,229552
705,70501,'705-Weekday-1-26-09-1111100',229553,229554,229555,229556,229557,229558,229559,229560,229561,229562,229563,229564,229565,229566,229567,229568,229569,229570,229571,229572,229573,229574,229575,229576,229577,229578,229579,229580,229581,229582,229583,229584,229585,229586,229587,229588,229589,229590,229591,229592,229593
705,70501,'705-Weekday-2-26-09-1111100',229594,229595,229596,229597,229598,229599,229600,229601,229602,229603,229604,229605,229606,229607,229608,229609,229610,229611,229612,229613,229614,229615,229616,229617,229618,229619,229620,229621,229622,229623,229624,229625,229626,229627,229628,229629,229630,229631,229632,229633,229634
705,70501,'705-Weekday-3-26-09-1111100',272276,272277,272278,272279,272280,272281,272282,272283,272284,272285,272286,272287,272288,272289,272290,272291,272292,272293,272294,272295,272296,272297,272298,272299,272300,272301,272302,272303,272304,272305,272306,272307,272308,272309,272310,272311,272312,272313,272314,272315,272316
705,70501,'705-Weekday-4-26-09-1111100',229635,229636,229637,229638,229639,229640,229641,229642,229643,229644,229645,229646,229647,229648,229649,229650,229651,229652,229653,229654,229655,229656,229657,229658,229659,229660,229661,229662,229663,229664,229665,229666,229667,229668,229669,229670,229671,229672,229673,229674,229675
705,70501,'705-Weekday-5-26-09-1111100',272317,272318,272319,272320,272321,272322,272323,272324,272325,272326,272327,272328,272329,272330,272331,272332,272333,272334,272335,272336,272337,272338,272339,272340,272341,272342,272343,272344,272345,272346,272347,272348,272349,272350,272351,272352,272353,272354,272355,272356,272357
705,70501,'705-Weekday-6-26-09-1111100',272358,272359,272360,272361,272362,272363,272364,272365,272366,272367,272368,272369,272370,272371,272372,272373,272374,272375,272376,272377,272378,272379,272380,272381,272382,272383,272384,272385,272386,272387,272388,272389,272390,272391,272392,272393,272394,272395,272396,272397,272398
705,70501,'705-Weekday-7-26-09-1111100',272399,272400,272401,272402,272403,272404,272405,272406,272407,272408,272409,272410,272411,272412,272413,272414,272415,272416,272417,272418,272419,272420,272421,272422,272423,272424,272425,272426,272427,272428,272429,272430,272431,272432,272433,272434,272435,272436,272437,272438,272439
705,70501,'705-Saturday-1-26-09-0000010',229676,229677,229678,229679,229680,229681,229682,229683,229684,229685,229686,229687,229688,229689,229690,229691,229692,229693,229694,229695,229696,229697,229698,229699,229700,229701,229702,229703,229704
705,70501,'705-Sunday-1-26-09-0000001',229705,229706,229707,229708,229709,229710,229711,229712,229713,229714,229715,229716,229717,229718,229719,229720,229721,229722,229723,229724,229725,229726,229727,229728
706,70600,'706-Weekday-1-26-09-1111100',229729,229730,229731,229732,229733,229734,229735,229736,229737,229738,229739,229740,229741,229742,229743,229744,229745,229746,229747,229748,229749,229750,229751,229752,229753,229754,229755,229756,229757,229758,229759,229760,229761,229762,229763,229764
706,70600,'706-Weekday-2-26-09-1111100',229765,229766,229767,229768,229769,229770,229771,229772,229773,229774,229775,229776,229777,229778,229779,229780,229781,229782,229783,229784,229785,229786,229787,229788,229789,229790,229791,229792,229793,229794,229795,229796,229797,229798,229799,229800
706,70600,'706-Weekday-3-26-09-1111100',272440,272441,272442,272443,272444,272445,272446,272447,272448,272449,272450,272451,272452,272453,272454,272455,272456,272457,272458,272459,272460,272461,272462,272463,272464,272465,272466,272467,272468,272469,272470,272471,272472,272473,272474,272475
706,70600,'706-Weekday-4-26-09-1111100',229801,229802,229803,229804,229805,229806,229807,229808,229809,229810,229811,229812,229813,229814,229815,229816,229817,229818,229819,229820,229821,229822,229823,229824,229825,229826,229827,229828,229829,229830,229831,229832,229833,229834,229835,229836
706,70600,'706-Weekday-5-26-09-1111100',272476,272477,272478,272479,272480,272481,272482,272483,272484,272485,272486,272487,272488,272489,272490,272491,272492,272493,272494,272495,272496,272497,272498,272499,272500,272501,272502,272503,272504,272505,272506,272507,272508,272509,272510,272511
706,70600,'706-Weekday-6-26-09-1111100',272512,272513,272514,272515,272516,272517,272518,272519,272520,272521,272522,272523,272524,272525,272526,272527,272528,272529,272530,272531,272532,272533,272534,272535,272536,272537,272538,272539,272540,272541,272542,272543,272544,272545,272546,272547
706,70600,'706-Weekday-7-26-09-1111100',272548,272549,272550,272551,272552,272553,272554,272555,272556,272557,272558,272559,272560,272561,272562,272563,272564,272565,272566,272567,272568,272569,272570,272571,272572,272573,272574,272575,272576,272577,272578,272579,272580,272581,272582,272583
706,70600,'706-Saturday-1-26-09-0000010',229837,229838,229839,229840,229841,229842,229843,229844,229845,229846,229847,229848,229849,229850,229851,229852,229853,229854,229855,229856,229857,229858,229859,229860,229861,229862,229863,229864
706,70600,'706-Sunday-1-26-09-0000001',229865,229866,229867,229868,229869,229870,229871,229872,229873,229874,229875,229876,229877,229878,229879,229880,229881,229882,229883,229884,229885,229886,229887,229888,229889
706,70601,'706-Weekday-1-26-09-1111100',229890,229891,229892,229893,229894,229895,229896,229897,229898,229899,229900,229901,229902,229903,229904,229905,229906,229907,229908,229909,229910,229911,229912,229913,229914,229915,229916,229917,229918,229919,229920,229921,229922,229923,229924,229925,229926
706,70601,'706-Weekday-2-26-09-1111100',229927,229928,229929,229930,229931,229932,229933,229934,229935,229936,229937,229938,229939,229940,229941,229942,229943,229944,229945,229946,229947,229948,229949,229950,229951,229952,229953,229954,229955,229956,229957,229958,229959,229960,229961,229962,229963
706,70601,'706-Weekday-3-26-09-1111100',272584,272585,272586,272587,272588,272589,272590,272591,272592,272593,272594,272595,272596,272597,272598,272599,272600,272601,272602,272603,272604,272605,272606,272607,272608,272609,272610,272611,272612,272613,272614,272615,272616,272617,272618,272619,272620
706,70601,'706-Weekday-4-26-09-1111100',229964,229965,229966,229967,229968,229969,229970,229971,229972,229973,229974,229975,229976,229977,229978,229979,229980,229981,229982,229983,229984,229985,229986,229987,229988,229989,229990,229991,229992,229993,229994,229995,229996,229997,229998,229999,230000
706,70601,'706-Weekday-5-26-09-1111100',272621,272622,272623,272624,272625,272626,272627,272628,272629,272630,272631,272632,272633,272634,272635,272636,272637,272638,272639,272640,272641,272642,272643,272644,272645,272646,272647,272648,272649,272650,272651,272652,272653,272654,272655,272656,272657
706,70601,'706-Weekday-6-26-09-1111100',272658,272659,272660,272661,272662,272663,272664,272665,272666,272667,272668,272669,272670,272671,272672,272673,272674,272675,272676,272677,272678,272679,272680,272681,272682,272683,272684,272685,272686,272687,272688,272689,272690,272691,272692,272693,272694
706,70601,'706-Weekday-7-26-09-1111100',272695,272696,272697,272698,272699,272700,272701,272702,272703,272704,272705,272706,272707,272708,272709,272710,272711,272712,272713,272714,272715,272716,272717,272718,272719,272720,272721,272722,272723,272724,272725,272726,272727,272728,272729,272730,272731
706,70601,'706-Saturday-1-26-09-0000010',230001,230002,230003,230004,230005,230006,230007,230008,230009,230010,230011,230012,230013,230014,230015,230016,230017,230018,230019,230020,230021,230022,230023,230024,230025,230026,230027,230028
706,70601,'706-Sunday-1-26-09-0000001',230029,230030,230031,230032,230033,230034,230035,230036,230037,230038,230039,230040,230041,230042,230043,230044,230045,230046,230047,230048,230049,230050,230051,230052
707,70700,'707-Weekday-1-26-09-1111100',230053,230054,230055,230056,230057,230058,230059,230060,230061,230062,230063,230064,230065,230066,230067,230068,230069,230070,230071,230072,230073,230074,230075,230076,230077,230078,230079,230080,230081,230082,230083,230084,230085,230086,230087,230088,230089,230090,230091,230092,230093,230094,230095,230096,230097,230098,230099,230100
707,70700,'707-Weekday-2-26-09-1111100',230101,230102,230103,230104,230105,230106,230107,230108,230109,230110,230111,230112,230113,230114,230115,230116,230117,230118,230119,230120,230121,230122,230123,230124,230125,230126,230127,230128,230129,230130,230131,230132,230133,230134,230135,230136,230137,230138,230139,230140,230141,230142,230143,230144,230145,230146,230147,230148
707,70700,'707-Weekday-3-26-09-1111100',272732,272733,272734,272735,272736,272737,272738,272739,272740,272741,272742,272743,272744,272745,272746,272747,272748,272749,272750,272751,272752,272753,272754,272755,272756,272757,272758,272759,272760,272761,272762,272763,272764,272765,272766,272767,272768,272769,272770,272771,272772,272773,272774,272775,272776,272777
707,70700,'707-Weekday-4-26-09-1111100',230149,230150,230151,230152,230153,230154,230155,230156,230157,230158,230159,230160,230161,230162,230163,230164,230165,230166,230167,230168,230169,230170,230171,230172,230173,230174,230175,230176,230177,230178,230179,230180,230181,230182,230183,230184,230185,230186,230187,230188,230189,230190,230191,230192,230193,230194
707,70700,'707-Weekday-5-26-09-1111100',272778,272779,272780,272781,272782,272783,272784,272785,272786,272787,272788,272789,272790,272791,272792,272793,272794,272795,272796,272797,272798,272799,272800,272801,272802,272803,272804,272805,272806,272807,272808,272809,272810,272811,272812,272813,272814,272815,272816,272817,272818,272819,272820,272821,272822,272823
707,70700,'707-Weekday-6-26-09-1111100',272824,272825,272826,272827,272828,272829,272830,272831,272832,272833,272834,272835,272836,272837,272838,272839,272840,272841,272842,272843,272844,272845,272846,272847,272848,272849,272850,272851,272852,272853,272854,272855,272856,272857,272858,272859,272860,272861,272862,272863,272864,272865,272866,272867,272868,272869,272870,272871
707,70700,'707-Weekday-7-26-09-1111100',272872,272873,272874,272875,272876,272877,272878,272879,272880,272881,272882,272883,272884,272885,272886,272887,272888,272889,272890,272891,272892,272893,272894,272895,272896,272897,272898,272899,272900,272901,272902,272903,272904,272905,272906,272907,272908,272909,272910,272911,272912,272913,272914,272915,272916,272917
707,70700,'707-Saturday-1-26-09-0000010',230195,230196,230197,230198,230199,230200,230201,230202,230203,230204,230205,230206,230207,230208,230209,230210,230211,230212,230213,230214,230215,230216,230217,230218,230219,230220,230221,230222,230223
707,70700,'707-Sunday-1-26-09-0000001',230224,230225,230226,230227,230228,230229,230230,230231,230232,230233,230234,230235,230236,230237,230238,230239,230240,230241,230242,230243,230244,230245,230246,230247,230248
707,70701,'707-Weekday-1-26-09-1111100',230249,230250,230251,230252,230253,230254,230255,230256,230257,230258,230259,230260,230261,230262,230263,230264,230265,230266,230267,230268,230269,230270,230271,230272,230273,230274,230275,230276,230277,230278,230279,230280,230281,230282,230283,230284,230285,230286,230287,230288,230289,230290,230291,230292,230293,230294,230295,230296,230297,230298,230299
707,70701,'707-Weekday-2-26-09-1111100',230300,230301,230302,230303,230304,230305,230306,230307,230308,230309,230310,230311,230312,230313,230314,230315,230316,230317,230318,230319,230320,230321,230322,230323,230324,230325,230326,230327,230328,230329,230330,230331,230332,230333,230334,230335,230336,230337,230338,230339,230340,230341,230342,230343,230344,230345,230346,230347,230348,230349,230350
707,70701,'707-Weekday-3-26-09-1111100',272918,272919,272920,272921,272922,272923,272924,272925,272926,272927,272928,272929,272930,272931,272932,272933,272934,272935,272936,272937,272938,272939,272940,272941,272942,272943,272944,272945,272946,272947,272948,272949,272950,272951,272952,272953,272954,272955,272956,272957,272958,272959,272960,272961,272962,272963,272964
707,70701,'707-Weekday-4-26-09-1111100',230351,230352,230353,230354,230355,230356,230357,230358,230359,230360,230361,230362,230363,230364,230365,230366,230367,230368,230369,230370,230371,230372,230373,230374,230375,230376,230377,230378,230379,230380,230381,230382,230383,230384,230385,230386,230387,230388,230389,230390,230391,230392,230393,230394,230395,230396,230397
707,70701,'707-Weekday-5-26-09-1111100',272965,272966,272967,272968,272969,272970,272971,272972,272973,272974,272975,272976,272977,272978,272979,272980,272981,272982,272983,272984,272985,272986,272987,272988,272989,272990,272991,272992,272993,272994,272995,272996,272997,272998,272999,273000,273001,273002,273003,273004,273005,273006,273007,273008,273009,273010,273011
707,70701,'707-Weekday-6-26-09-1111100',273012,273013,273014,273015,273016,273017,273018,273019,273020,273021,273022,273023,273024,273025,273026,273027,273028,273029,273030,273031,273032,273033,273034,273035,273036,273037,273038,273039,273040,273041,273042,273043,273044,273045,273046,273047,273048,273049,273050,273051,273052,273053,273054,273055,273056,273057,273058,273059,273060,273061,273062
707,70701,'707-Weekday-7-26-09-1111100',273063,273064,273065,273066,273067,273068,273069,273070,273071,273072,273073,273074,273075,273076,273077,273078,273079,273080,273081,273082,273083,273084,273085,273086,273087,273088,273089,273090,273091,273092,273093,273094,273095,273096,273097,273098,273099,273100,273101,273102,273103,273104,273105,273106,273107,273108,273109
707,70701,'707-Saturday-1-26-09-0000010',230398,230399,230400,230401,230402,230403,230404,230405,230406,230407,230408,230409,230410,230411,230412,230413,230414,230415,230416,230417,230418,230419,230420,230421,230422,230423,230424,230425
707,70701,'707-Sunday-1-26-09-0000001',230426,230427,230428,230429,230430,230431,230432,230433,230434,230435,230436,230437,230438,230439,230440,230441,230442,230443,230444,230445,230446,230447,230448,230449,230450
708,70800,'708-Weekday-1-26-09-1111100',230451,230452,230453,230454,230455,230456,230457,230458,230459,230460,230461,230462,230463,230464,230465,230466,230467,230468,230469,230470,230471,230472,230473,230474,230475,230476,230477,230478,230479,230480,230481,230482,230483,230484,230485,230486,230487,230488,230489,230490,230491,230492,230493,230494,230495,230496,230497,230498,230499
708,70800,'708-Weekday-2-26-09-1111100',230500,230501,230502,230503,230504,230505,230506,230507,230508,230509,230510,230511,230512,230513,230514,230515,230516,230517,230518,230519,230520,230521,230522,230523,230524,230525,230526,230527,230528,230529,230530,230531,230532,230533,230534,230535,230536,230537,230538,230539,230540,230541,230542,230543,230544,230545,230546,230547,230548
708,70800,'708-Weekday-3-26-09-1111100',273110,273111,273112,273113,273114,273115,273116,273117,273118,273119,273120,273121,273122,273123,273124,273125,273126,273127,273128,273129,273130,273131,273132,273133,273134,273135,273136,273137,273138,273139,273140,273141,273142,273143,273144,273145,273146,273147,273148,273149,273150,273151,273152,273153,273154,273155,273156,273157,273158
708,70800,'708-Weekday-4-26-09-1111100',230549,230550,230551,230552,230553,230554,230555,230556,230557,230558,230559,230560,230561,230562,230563,230564,230565,230566,230567,230568,230569,230570,230571,230572,230573,230574,230575,230576,230577,230578,230579,230580,230581,230582,230583,230584,230585,230586,230587,230588,230589,230590,230591,230592,230593,230594,230595,230596,230597
708,70800,'708-Weekday-5-26-09-1111100',273159,273160,273161,273162,273163,273164,273165,273166,273167,273168,273169,273170,273171,273172,273173,273174,273175,273176,273177,273178,273179,273180,273181,273182,273183,273184,273185,273186,273187,273188,273189,273190,273191,273192,273193,273194,273195,273196,273197,273198,273199,273200,273201,273202,273203,273204,273205,273206,273207
708,70800,'708-Weekday-6-26-09-1111100',273208,273209,273210,273211,273212,273213,273214,273215,273216,273217,273218,273219,273220,273221,273222,273223,273224,273225,273226,273227,273228,273229,273230,273231,273232,273233,273234,273235,273236,273237,273238,273239,273240,273241,273242,273243,273244,273245,273246,273247,273248,273249,273250,273251,273252,273253,273254,273255,273256
708,70800,'708-Weekday-7-26-09-1111100',273257,273258,273259,273260,273261,273262,273263,273264,273265,273266,273267,273268,273269,273270,273271,273272,273273,273274,273275,273276,273277,273278,273279,273280,273281,273282,273283,273284,273285,273286,273287,273288,273289,273290,273291,273292,273293,273294,273295,273296,273297,273298,273299,273300,273301,273302,273303,273304,273305
708,70800,'708-Saturday-1-26-09-0000010',230598,230599,230600,230601,230602,230603,230604,230605,230606,230607,230608,230609,230610,230611,230612,230613,230614,230615,230616,230617,230618,230619,230620,230621,230622,230623,230624,230625,230626,230627
708,70800,'708-Sunday-1-26-09-0000001',230628,230629,230630,230631,230632,230633,230634,230635,230636,230637,230638,230639,230640,230641,230642,230643,230644,230645,230646,230647,230648,230649,230650,230651,230652,230653
708,70801,'708-Weekday-1-26-09-1111100',230654,230655,230656,230657,230658,230659,230660,230661,230662,230663,230664,230665,230666,230667,230668,230669,230670,230671,230672,230673,230674,230675,230676,230677,230678,230679,230680,230681,230682,230683,230684,230685,230686,230687,230688,230689,230690,230691,230692,230693,230694,230695,230696,230697,230698,230699,230700,230701,230702
708,70801,'708-Weekday-2-26-09-1111100',230703,230704,230705,230706,230707,230708,230709,230710,230711,230712,230713,230714,230715,230716,230717,230718,230719,230720,230721,230722,230723,230724,230725,230726,230727,230728,230729,230730,230731,230732,230733,230734,230735,230736,230737,230738,230739,230740,230741,230742,230743,230744,230745,230746,230747,230748,230749,230750,230751
708,70801,'708-Weekday-3-26-09-1111100',273306,273307,273308,273309,273310,273311,273312,273313,273314,273315,273316,273317,273318,273319,273320,273321,273322,273323,273324,273325,273326,273327,273328,273329,273330,273331,273332,273333,273334,273335,273336,273337,273338,273339,273340,273341,273342,273343,273344,273345,273346,273347,273348,273349,273350,273351,273352,273353
708,70801,'708-Weekday-4-26-09-1111100',230752,230753,230754,230755,230756,230757,230758,230759,230760,230761,230762,230763,230764,230765,230766,230767,230768,230769,230770,230771,230772,230773,230774,230775,230776,230777,230778,230779,230780,230781,230782,230783,230784,230785,230786,230787,230788,230789,230790,230791,230792,230793,230794,230795,230796,230797,230798,230799
708,70801,'708-Weekday-5-26-09-1111100',273354,273355,273356,273357,273358,273359,273360,273361,273362,273363,273364,273365,273366,273367,273368,273369,273370,273371,273372,273373,273374,273375,273376,273377,273378,273379,273380,273381,273382,273383,273384,273385,273386,273387,273388,273389,273390,273391,273392,273393,273394,273395,273396,273397,273398,273399,273400,273401
708,70801,'708-Weekday-6-26-09-1111100',273402,273403,273404,273405,273406,273407,273408,273409,273410,273411,273412,273413,273414,273415,273416,273417,273418,273419,273420,273421,273422,273423,273424,273425,273426,273427,273428,273429,273430,273431,273432,273433,273434,273435,273436,273437,273438,273439,273440,273441,273442,273443,273444,273445,273446,273447,273448,273449,273450
708,70801,'708-Weekday-7-26-09-1111100',273451,273452,273453,273454,273455,273456,273457,273458,273459,273460,273461,273462,273463,273464,273465,273466,273467,273468,273469,273470,273471,273472,273473,273474,273475,273476,273477,273478,273479,273480,273481,273482,273483,273484,273485,273486,273487,273488,273489,273490,273491,273492,273493,273494,273495,273496,273497,273498
708,70801,'708-Saturday-1-26-09-0000010',230800,230801,230802,230803,230804,230805,230806,230807,230808,230809,230810,230811,230812,230813,230814,230815,230816,230817,230818,230819,230820,230821,230822,230823,230824,230825,230826,230827,230828
708,70801,'708-Sunday-1-26-09-0000001',230829,230830,230831,230832,230833,230834,230835,230836,230837,230838,230839,230840,230841,230842,230843,230844,230845,230846,230847,230848,230849,230850,230851,230852,230853,230854,230855
709,70900,'709-Weekday-1-26-09-1111100',230856,230857,230858,230859,230860,230861,230862,230863,230864,230865,230866,230867,230868,230869,230870,230871,230872,230873,230874,230875,230876,230877,230878,230879,230880,230881,230882,230883,230884,230885,230886,230887,230888,230889,230890,230891,230892,230893,230894,230895,230896,230897,230898,230899,230900,230901,230902,230903,230904,230905,230906,230907,230908,230909,230910,230911,230912,230913,230914,230915,230916,230917,230918,230919,230920,230921,230922,230923,230924,230925,230926,230927,230928,230929,230930
709,70900,'709-Weekday-2-26-09-1111100',230931,230932,230933,230934,230935,230936,230937,230938,230939,230940,230941,230942,230943,230944,230945,230946,230947,230948,230949,230950,230951,230952,230953,230954,230955,230956,230957,230958,230959,230960,230961,230962,230963,230964,230965,230966,230967,230968,230969,230970,230971,230972,230973,230974,230975,230976,230977,230978,230979,230980,230981,230982,230983,230984,230985,230986,230987,230988,230989,230990,230991,230992,230993,230994,230995,230996,230997,230998,230999,231000,231001,231002,231003,231004,231005
709,70900,'709-Weekday-3-26-09-1111100',273499,273500,273501,273502,273503,273504,273505,273506,273507,273508,273509,273510,273511,273512,273513,273514,273515,273516,273517,273518,273519,273520,273521,273522,273523,273524,273525,273526,273527,273528,273529,273530,273531,273532,273533,273534,273535,273536,273537,273538,273539,273540,273541,273542,273543,273544,273545,273546,273547,273548,273549,273550,273551,273552,273553,273554,273555,273556,273557,273558,273559,273560,273561,273562,273563,273564,273565,273566,273567,273568,273569,273570,273571
709,70900,'709-Weekday-4-26-09-1111100',231006,231007,231008,231009,231010,231011,231012,231013,231014,231015,231016,231017,231018,231019,231020,231021,231022,231023,231024,231025,231026,231027,231028,231029,231030,231031,231032,231033,231034,231035,231036,231037,231038,231039,231040,231041,231042,231043,231044,231045,231046,231047,231048,231049,231050,231051,231052,231053,231054,231055,231056,231057,231058,231059,231060,231061,231062,231063,231064,231065,231066,231067,231068,231069,231070,231071,231072,231073,231074,231075,231076,231077,231078
709,70900,'709-Weekday-5-26-09-1111100',273572,273573,273574,273575,273576,273577,273578,273579,273580,273581,273582,273583,273584,273585,273586,273587,273588,273589,273590,273591,273592,273593,273594,273595,273596,273597,273598,273599,273600,273601,273602,273603,273604,273605,273606,273607,273608,273609,273610,273611,273612,273613,273614,273615,273616,273617,273618,273619,273620,273621,273622,273623,273624,273625,273626,273627,273628,273629,273630,273631,273632,273633,273634,273635,273636,273637,273638,273639,273640,273641,273642,273643,273644
709,70900,'709-Weekday-6-26-09-1111100',273645,273646,273647,273648,273649,273650,273651,273652,273653,273654,273655,273656,273657,273658,273659,273660,273661,273662,273663,273664,273665,273666,273667,273668,273669,273670,273671,273672,273673,273674,273675,273676,273677,273678,273679,273680,273681,273682,273683,273684,273685,273686,273687,273688,273689,273690,273691,273692,273693,273694,273695,273696,273697,273698,273699,273700,273701,273702,273703,273704,273705,273706,273707,273708,273709,273710,273711,273712,273713,273714,273715,273716,273717,273718,273719
709,70900,'709-Weekday-7-26-09-1111100',273720,273721,273722,273723,273724,273725,273726,273727,273728,273729,273730,273731,273732,273733,273734,273735,273736,273737,273738,273739,273740,273741,273742,273743,273744,273745,273746,273747,273748,273749,273750,273751,273752,273753,273754,273755,273756,273757,273758,273759,273760,273761,273762,273763,273764,273765,273766,273767,273768,273769,273770,273771,273772,273773,273774,273775,273776,273777,273778,273779,273780,273781,273782,273783,273784,273785,273786,273787,273788,273789,273790,273791,273792
709,70900,'709-Weekday-8-26-09-1111100',273793,273794,273795,273796,273797,273798,273799,273800,273801,273802,273803,273804,273805,273806,273807,273808,273809,273810,273811,273812,273813,273814,273815,273816,273817,273818,273819,273820,273821,273822,273823,273824,273825,273826,273827,273828,273829,273830,273831,273832,273833,273834,273835,273836,273837,273838,273839,273840,273841,273842,273843,273844,273845,273846,273847,273848,273849,273850,273851,273852,273853,273854,273855,273856,273857,273858,273859,273860,273861,273862,273863,273864,273865,273866,273867
709,70900,'709-Saturday-1-26-09-0000010',231079,231080,231081,231082,231083,231084,231085,231086,231087,231088,231089,231090,231091,231092,231093,231094,231095,231096,231097,231098,231099,231100,231101,231102,231103,231104,231105,231106,231107,231108,231109,231110,231111,231112,231113,231114,231115,231116,231117,231118,231119,231120,231121,231122,231123,231124,231125,231126,231127,231128
709,70900,'709-Sunday-1-26-09-0000001',231129,231130,231131,231132,231133,231134,231135,231136,231137,231138,231139,231140,231141,231142,231143,231144,231145,231146,231147,231148,231149,231150,231151,231152,231153,231154,231155,231156,231157,231158,231159,231160,231161,231162,231163,231164,231165
709,70901,'709-Weekday-1-26-09-0001000',231166,231167,231168
709,70901,'709-Weekday-1-26-09-1110100',231169,231170,231171
709,70901,'709-Weekday-1-26-09-1111100',231172,231173,231174,231175,231176,231177,231178,231179,231180,231181,231182,231183,231184,231185,231186,231187,231188,231189,231190,231191,231192,231193,231194,231195,231196,231197,231198,231199,231200,231201,231202,231203,231204,231205,231206,231207,231208,231209,231210,231211,231212,231213,231214,231215,231216,231217,231218,231219,231220,231221,231222,231223,231224,231225,231226,231227,231228,231229,231230,231231,231232,231233,231234,231235,231236,231237,231238,231239,231240,231241,231242,231243,231244
709,70901,'709-Weekday-2-26-09-1110100',231245,231246,231247
709,70901,'709-Weekday-2-26-09-1111100',231248,231249,231250,231251,231252,231253,231254,231255,231256,231257,231258,231259,231260,231261,231262,231263,231264,231265,231266,231267,231268,231269,231270,231271,231272,231273,231274,231275,231276,231277,231278,231279,231280,231281,231282,231283,231284,231285,231286,231287,231288,231289,231290,231291,231292,231293,231294,231295,231296,231297,231298,231299,231300,231301,231302,231303,231304,231305,231306,231307,231308,231309,231310,231311,231312,231313,231314,231315,231316,231317,231318,231319,231320
709,70901,'709-Weekday-3-26-09-1111100',273868,273869,273870,273871,273872,273873,273874,273875,273876,273877,273878,273879,273880,273881,273882,273883,273884,273885,273886,273887,273888,273889,273890,273891,273892,273893,273894,273895,273896,273897,273898,273899,273900,273901,273902,273903,273904,273905,273906,273907,273908,273909,273910,273911,273912,273913,273914,273915,273916,273917,273918,273919,273920,273921,273922,273923,273924,273925,273926,273927,273928,273929,273930,273931,273932,273933,273934,273935,273936,273937,273938
709,70901,'709-Weekday-4-26-09-1111100',231321,231322,231323,231324,231325,231326,231327,231328,231329,231330,231331,231332,231333,231334,231335,231336,231337,231338,231339,231340,231341,231342,231343,231344,231345,231346,231347,231348,231349,231350,231351,231352,231353,231354,231355,231356,231357,231358,231359,231360,231361,231362,231363,231364,231365,231366,231367,231368,231369,231370,231371,231372,231373,231374,231375,231376,231377,231378,231379,231380,231381,231382,231383,231384,231385,231386,231387,231388,231389,231390,231391
709,70901,'709-Weekday-5-26-09-1111100',273939,273940,273941,273942,273943,273944,273945,273946,273947,273948,273949,273950,273951,273952,273953,273954,273955,273956,273957,273958,273959,273960,273961,273962,273963,273964,273965,273966,273967,273968,273969,273970,273971,273972,273973,273974,273975,273976,273977,273978,273979,273980,273981,273982,273983,273984,273985,273986,273987,273988,273989,273990,273991,273992,273993,273994,273995,273996,273997,273998,273999,274000,274001,274002,274003,274004,274005,274006,274007,274008,274009
709,70901,'709-Weekday-6-26-09-1110100',274010,274011,274012
709,70901,'709-Weekday-6-26-09-1111100',274013,274014,274015,274016,274017,274018,274019,274020,274021,274022,274023,274024,274025,274026,274027,274028,274029,274030,274031,274032,274033,274034,274035,274036,274037,274038,274039,274040,274041,274042,274043,274044,274045,274046,274047,274048,274049,274050,274051,274052,274053,274054,274055,274056,274057,274058,274059,274060,274061,274062,274063,274064,274065,274066,274067,274068,274069,274070,274071,274072,274073,274074,274075,274076,274077,274078,274079,274080,274081,274082,274083,274084,274085
709,70901,'709-Weekday-7-26-09-1111100',274086,274087,274088,274089,274090,274091,274092,274093,274094,274095,274096,274097,274098,274099,274100,274101,274102,274103,274104,274105,274106,274107,274108,274109,274110,274111,274112,274113,274114,274115,274116,274117,274118,274119,274120,274121,274122,274123,274124,274125,274126,274127,274128,274129,274130,274131,274132,274133,274134,274135,274136,274137,274138,274139,274140,274141,274142,274143,274144,274145,274146,274147,274148,274149,274150,274151,274152,274153,274154,274155,274156
709,70901,'709-Weekday-8-26-09-0000100',274157
709,70901,'709-Weekday-8-26-09-1110100',274158,274159,274160
709,70901,'709-Weekday-8-26-09-1111100',274161,274162,274163,274164,274165,274166,274167,274168,274169,274170,274171,274172,274173,274174,274175,274176,274177,274178,274179,274180,274181,274182,274183,274184,274185,274186,274187,274188,274189,274190,274191,274192,274193,274194,274195,274196,274197,274198,274199,274200,274201,274202,274203,274204,274205,274206,274207,274208,274209,274210,274211,274212,274213,274214,274215,274216,274217,274218,274219,274220,274221,274222,274223,274224,274225,274226,274227,274228,274229,274230,274231,274232,274233
709,70901,'709-Saturday-1-26-09-0000010',231392,231393,231394,231395,231396,231397,231398,231399,231400,231401,231402,231403,231404,231405,231406,231407,231408,231409,231410,231411,231412,231413,231414,231415,231416,231417,231418,231419,231420,231421,231422,231423,231424,231425,231426,231427,231428,231429,231430,231431,231432,231433,231434,231435,231436,231437,231438,231439,231440,231441
709,70901,'709-Sunday-1-26-09-0000001',231442,231443,231444,231445,231446,231447,231448,231449,231450,231451,231452,231453,231454,231455,231456,231457,231458,231459,231460,231461,231462,231463,231464,231465,231466,231467,231468,231469,231470,231471,231472,231473,231474,231475,231476,231477,231478
712,71200,'712-Weekday-1-26-09-1111100',231479,231480,231481,231482,231483,231484,231485,231486,231487,231488,231489,231490,231491,231492,231493,231494,231495,231496,231497,231498,231499,231500,231501,231502,231503,231504,231505,231506,231507,231508,231509,231510,231511,231512,231513,231514,231515,231516
712,71200,'712-Weekday-2-26-09-1111100',231517,231518,231519,231520,231521,231522,231523,231524,231525,231526,231527,231528,231529,231530,231531,231532,231533,231534,231535,231536,231537,231538,231539,231540,231541,231542,231543,231544,231545,231546,231547,231548,231549,231550,231551,231552,231553
712,71200,'712-Weekday-3-26-09-1111100',274234,274235,274236,274237,274238,274239,274240,274241,274242,274243,274244,274245,274246,274247,274248,274249,274250,274251,274252,274253,274254,274255,274256,274257,274258,274259,274260,274261,274262,274263,274264,274265,274266,274267,274268,274269,274270,274271
712,71200,'712-Weekday-4-26-09-1111100',231554,231555,231556,231557,231558,231559,231560,231561,231562,231563,231564,231565,231566,231567,231568,231569,231570,231571,231572,231573,231574,231575,231576,231577,231578,231579,231580,231581,231582,231583,231584,231585,231586,231587,231588,231589,231590
712,71200,'712-Weekday-5-26-09-1111100',274272,274273,274274,274275,274276,274277,274278,274279,274280,274281,274282,274283,274284,274285,274286,274287,274288,274289,274290,274291,274292,274293,274294,274295,274296,274297,274298,274299,274300,274301,274302,274303,274304,274305,274306,274307,274308
712,71200,'712-Weekday-6-26-09-1111100',274309,274310,274311,274312,274313,274314,274315,274316,274317,274318,274319,274320,274321,274322,274323,274324,274325,274326,274327,274328,274329,274330,274331,274332,274333,274334,274335,274336,274337,274338,274339,274340,274341,274342,274343,274344,274345,274346
712,71200,'712-Weekday-7-26-09-1111100',274347,274348,274349,274350,274351,274352,274353,274354,274355,274356,274357,274358,274359,274360,274361,274362,274363,274364,274365,274366,274367,274368,274369,274370,274371,274372,274373,274374,274375,274376,274377,274378,274379,274380,274381,274382,274383
712,71200,'712-Saturday-1-26-09-0000010',231591,231592,231593,231594,231595,231596,231597,231598,231599,231600,231601,231602,231603,231604,231605,231606,231607,231608,231609,231610,231611,231612,231613
712,71200,'712-Sunday-1-26-09-0000001',231614,231615,231616,231617,231618,231619,231620,231621,231622,231623,231624,231625,231626,231627,231628,231629,231630,231631,231632,231633
713,71300,'713-Weekday-1-26-09-1111100',231634,231635,231636,231637,231638,231639,231640,231641,231642,231643,231644,231645,231646,231647,231648,231649,231650,231651,231652,231653,231654,231655,231656,231657,231658,231659,231660,231661,231662,231663,231664,231665,231666,231667,231668,231669,231670,231671,231672,231673,231674,231675
713,71300,'713-Weekday-2-26-09-1111100',231676,231677,231678,231679,231680,231681,231682,231683,231684,231685,231686,231687,231688,231689,231690,231691,231692,231693,231694,231695,231696,231697,231698,231699,231700,231701,231702,231703,231704,231705,231706,231707,231708,231709,231710,231711,231712,231713,231714,231715,231716,231717
713,71300,'713-Weekday-3-26-09-1111100',274384,274385,274386,274387,274388,274389,274390,274391,274392,274393,274394,274395,274396,274397,274398,274399,274400,274401,274402,274403,274404,274405,274406,274407,274408,274409,274410,274411,274412,274413,274414,274415,274416,274417,274418,274419,274420,274421,274422,274423,274424,274425
713,71300,'713-Weekday-4-26-09-1111100',231718,231719,231720,231721,231722,231723,231724,231725,231726,231727,231728,231729,231730,231731,231732,231733,231734,231735,231736,231737,231738,231739,231740,231741,231742,231743,231744,231745,231746,231747,231748,231749,231750,231751,231752,231753,231754,231755,231756,231757,231758,231759
713,71300,'713-Weekday-5-26-09-1111100',274426,274427,274428,274429,274430,274431,274432,274433,274434,274435,274436,274437,274438,274439,274440,274441,274442,274443,274444,274445,274446,274447,274448,274449,274450,274451,274452,274453,274454,274455,274456,274457,274458,274459,274460,274461,274462,274463,274464,274465,274466,274467
713,71300,'713-Weekday-6-26-09-1111100',274468,274469,274470,274471,274472,274473,274474,274475,274476,274477,274478,274479,274480,274481,274482,274483,274484,274485,274486,274487,274488,274489,274490,274491,274492,274493,274494,274495,274496,274497,274498,274499,274500,274501,274502,274503,274504,274505,274506,274507,274508,274509
713,71300,'713-Weekday-7-26-09-1111100',274510,274511,274512,274513,274514,274515,274516,274517,274518,274519,274520,274521,274522,274523,274524,274525,274526,274527,274528,274529,274530,274531,274532,274533,274534,274535,274536,274537,274538,274539,274540,274541,274542,274543,274544,274545,274546,274547,274548,274549,274550,274551
713,71300,'713-Saturday-1-26-09-0000010',231760,231761,231762,231763,231764,231765,231766,231767,231768,231769,231770,231771,231772,231773,231774,231775,231776,231777,231778,231779,231780,231781,231782,231783,231784,231785
713,71300,'713-Sunday-1-26-09-0000001',231786,231787,231788,231789,231790,231791,231792,231793,231794,231795,231796,231797,231798,231799,231800,231801,231802,231803,231804,231805
713,71301,'713-Weekday-1-26-09-1110100',231806
713,71301,'713-Weekday-1-26-09-1111100',231807,231808,231809,231810,231811,231812,231813,231814,231815,231816,231817,231818,231819,231820,231821,231822,231823,231824,231825,231826,231827,231828,231829,231830,231831,231832,231833,231834,231835,231836,231837,231838,231839,231840,231841,231842,231843,231844,231845,231846,231847,231848
713,71301,'713-Weekday-2-26-09-1110100',231849
713,71301,'713-Weekday-2-26-09-1111100',231850,231851,231852,231853,231854,231855,231856,231857,231858,231859,231860,231861,231862,231863,231864,231865,231866,231867,231868,231869,231870,231871,231872,231873,231874,231875,231876,231877,231878,231879,231880,231881,231882,231883,231884,231885,231886,231887,231888,231889,231890,231891
713,71301,'713-Weekday-3-26-09-1111100',274552,274553,274554,274555,274556,274557,274558,274559,274560,274561,274562,274563,274564,274565,274566,274567,274568,274569,274570,274571,274572,274573,274574,274575,274576,274577,274578,274579,274580,274581,274582,274583,274584,274585,274586,274587,274588,274589,274590,274591,274592,274593
713,71301,'713-Weekday-4-26-09-1111100',231892,231893,231894,231895,231896,231897,231898,231899,231900,231901,231902,231903,231904,231905,231906,231907,231908,231909,231910,231911,231912,231913,231914,231915,231916,231917,231918,231919,231920,231921,231922,231923,231924,231925,231926,231927,231928,231929,231930,231931,231932,231933
713,71301,'713-Weekday-5-26-09-1111100',274594,274595,274596,274597,274598,274599,274600,274601,274602,274603,274604,274605,274606,274607,274608,274609,274610,274611,274612,274613,274614,274615,274616,274617,274618,274619,274620,274621,274622,274623,274624,274625,274626,274627,274628,274629,274630,274631,274632,274633,274634,274635
713,71301,'713-Weekday-6-26-09-1110100',274636
713,71301,'713-Weekday-6-26-09-1111100',274637,274638,274639,274640,274641,274642,274643,274644,274645,274646,274647,274648,274649,274650,274651,274652,274653,274654,274655,274656,274657,274658,274659,274660,274661,274662,274663,274664,274665,274666,274667,274668,274669,274670,274671,274672,274673,274674,274675,274676,274677,274678
713,71301,'713-Weekday-7-26-09-1111100',274679,274680,274681,274682,274683,274684,274685,274686,274687,274688,274689,274690,274691,274692,274693,274694,274695,274696,274697,274698,274699,274700,274701,274702,274703,274704,274705,274706,274707,274708,274709,274710,274711,274712,274713,274714,274715,274716,274717,274718,274719,274720
713,71301,'713-Saturday-1-26-09-0000010',231934,231935,231936,231937,231938,231939,231940,231941,231942,231943,231944,231945,231946,231947,231948,231949,231950,231951,231952,231953,231954,231955,231956,231957,231958,231959
713,71301,'713-Sunday-1-26-09-0000001',231960,231961,231962,231963,231964,231965,231966,231967,231968,231969,231970,231971,231972,231973,231974,231975,231976,231977,231978,231979
715,71500,'715-Weekday-1-26-09-1111100',231980,231981,231982,231983,231984,231985,231986,231987,231988,231989,231990,231991,231992,231993,231994,231995,231996,231997,231998,231999,232000,232001,232002,232003,232004,232005,232006,232007,232008,232009,232010,232011,232012,232013,232014,232015,232016,232017,232018,232019,232020,232021,232022,232023
715,71500,'715-Weekday-2-26-09-1111100',232024,232025,232026,232027,232028,232029,232030,232031,232032,232033,232034,232035,232036,232037,232038,232039,232040,232041,232042,232043,232044,232045,232046,232047,232048,232049,232050,232051,232052,232053,232054,232055,232056,232057,232058,232059,232060,232061,232062,232063,232064,232065,232066,232067
715,71500,'715-Weekday-3-26-09-1111100',274721,274722,274723,274724,274725,274726,274727,274728,274729,274730,274731,274732,274733,274734,274735,274736,274737,274738,274739,274740,274741,274742,274743,274744,274745,274746,274747,274748,274749,274750,274751,274752,274753,274754,274755,274756,274757,274758,274759,274760,274761,274762
715,71500,'715-Weekday-4-26-09-1111100',232068,232069,232070,232071,232072,232073,232074,232075,232076,232077,232078,232079,232080,232081,232082,232083,232084,232085,232086,232087,232088,232089,232090,232091,232092,232093,232094,232095,232096,232097,232098,232099,232100,232101,232102,232103,232104,232105,232106,232107,232108,232109
715,71500,'715-Weekday-5-26-09-1111100',274763,274764,274765,274766,274767,274768,274769,274770,274771,274772,274773,274774,274775,274776,274777,274778,274779,274780,274781,274782,274783,274784,274785,274786,274787,274788,274789,274790,274791,274792,274793,274794,274795,274796,274797,274798,274799,274800,274801,274802,274803,274804
715,71500,'715-Weekday-6-26-09-1111100',274805,274806,274807,274808,274809,274810,274811,274812,274813,274814,274815,274816,274817,274818,274819,274820,274821,274822,274823,274824,274825,274826,274827,274828,274829,274830,274831,274832,274833,274834,274835,274836,274837,274838,274839,274840,274841,274842,274843,274844,274845,274846,274847,274848
715,71500,'715-Weekday-7-26-09-1111100',274849,274850,274851,274852,274853,274854,274855,274856,274857,274858,274859,274860,274861,274862,274863,274864,274865,274866,274867,274868,274869,274870,274871,274872,274873,274874,274875,274876,274877,274878,274879,274880,274881,274882,274883,274884,274885,274886,274887,274888,274889,274890
715,71500,'715-Saturday-1-26-09-0000010',232110,232111,232112,232113,232114,232115,232116,232117,232118,232119,232120,232121,232122,232123,232124,232125,232126,232127,232128,232129,232130,232131,232132,232133,232134,232135,232136,232137,232138,232139
715,71500,'715-Sunday-1-26-09-0000001',232140,232141,232142,232143,232144,232145,232146,232147,232148,232149,232150,232151,232152,232153,232154,232155,232156,232157,232158,232159,232160,232161,232162,232163,232164,232165,232166
715,71501,'715-Weekday-1-26-09-1111100',232167,232168,232169,232170,232171,232172,232173,232174,232175,232176,232177,232178,232179,232180,232181,232182,232183,232184,232185,232186,232187,232188,232189,232190,232191,232192,232193,232194,232195,232196,232197,232198,232199,232200,232201,232202,232203,232204,232205,232206,232207,232208,232209
715,71501,'715-Weekday-2-26-09-1111100',232210,232211,232212,232213,232214,232215,232216,232217,232218,232219,232220,232221,232222,232223,232224,232225,232226,232227,232228,232229,232230,232231,232232,232233,232234,232235,232236,232237,232238,232239,232240,232241,232242,232243,232244,232245,232246,232247,232248,232249,232250,232251,232252
715,71501,'715-Weekday-3-26-09-1111100',274891,274892,274893,274894,274895,274896,274897,274898,274899,274900,274901,274902,274903,274904,274905,274906,274907,274908,274909,274910,274911,274912,274913,274914,274915,274916,274917,274918,274919,274920,274921,274922,274923,274924,274925,274926,274927,274928,274929,274930,274931,274932
715,71501,'715-Weekday-4-26-09-1111100',232253,232254,232255,232256,232257,232258,232259,232260,232261,232262,232263,232264,232265,232266,232267,232268,232269,232270,232271,232272,232273,232274,232275,232276,232277,232278,232279,232280,232281,232282,232283,232284,232285,232286,232287,232288,232289,232290,232291,232292,232293,232294
715,71501,'715-Weekday-5-26-09-1111100',274933,274934,274935,274936,274937,274938,274939,274940,274941,274942,274943,274944,274945,274946,274947,274948,274949,274950,274951,274952,274953,274954,274955,274956,274957,274958,274959,274960,274961,274962,274963,274964,274965,274966,274967,274968,274969,274970,274971,274972,274973,274974
715,71501,'715-Weekday-6-26-09-1111100',274975,274976,274977,274978,274979,274980,274981,274982,274983,274984,274985,274986,274987,274988,274989,274990,274991,274992,274993,274994,274995,274996,274997,274998,274999,275000,275001,275002,275003,275004,275005,275006,275007,275008,275009,275010,275011,275012,275013,275014,275015,275016,275017
715,71501,'715-Weekday-7-26-09-1111100',275018,275019,275020,275021,275022,275023,275024,275025,275026,275027,275028,275029,275030,275031,275032,275033,275034,275035,275036,275037,275038,275039,275040,275041,275042,275043,275044,275045,275046,275047,275048,275049,275050,275051,275052,275053,275054,275055,275056,275057,275058,275059
715,71501,'715-Saturday-1-26-09-0000010',232295,232296,232297,232298,232299,232300,232301,232302,232303,232304,232305,232306,232307,232308,232309,232310,232311,232312,232313,232314,232315,232316,232317,232318,232319,232320,232321,232322,232323,232324,232325
715,71501,'715-Sunday-1-26-09-0000001',232326,232327,232328,232329,232330,232331,232332,232333,232334,232335,232336,232337,232338,232339,232340,232341,232342,232343,232344,232345,232346,232347,232348,232349,232350,232351,232352
716,71600,'716-Weekday-1-26-09-1111100',232353,232354,232355,232356,232357,232358,232359,232360,232361,232362,232363,232364,232365,232366,232367,232368,232369,232370,232371,232372,232373,232374,232375,232376,232377,232378,232379,232380,232381,232382,232383,232384,232385,232386,232387,232388,232389,232390
716,71600,'716-Weekday-2-26-09-1111100',232391,232392,232393,232394,232395,232396,232397,232398,232399,232400,232401,232402,232403,232404,232405,232406,232407,232408,232409,232410,232411,232412,232413,232414,232415,232416,232417,232418,232419,232420,232421,232422,232423,232424,232425,232426,232427,232428
716,71600,'716-Weekday-3-26-09-1111100',275060,275061,275062,275063,275064,275065,275066,275067,275068,275069,275070,275071,275072,275073,275074,275075,275076,275077,275078,275079,275080,275081,275082,275083,275084,275085,275086,275087,275088,275089,275090,275091,275092,275093,275094,275095,275096,275097
716,71600,'716-Weekday-4-26-09-1111100',232429,232430,232431,232432,232433,232434,232435,232436,232437,232438,232439,232440,232441,232442,232443,232444,232445,232446,232447,232448,232449,232450,232451,232452,232453,232454,232455,232456,232457,232458,232459,232460,232461,232462,232463,232464,232465,232466
716,71600,'716-Weekday-5-26-09-1111100',275098,275099,275100,275101,275102,275103,275104,275105,275106,275107,275108,275109,275110,275111,275112,275113,275114,275115,275116,275117,275118,275119,275120,275121,275122,275123,275124,275125,275126,275127,275128,275129,275130,275131,275132,275133,275134,275135
716,71600,'716-Weekday-6-26-09-1111100',275136,275137,275138,275139,275140,275141,275142,275143,275144,275145,275146,275147,275148,275149,275150,275151,275152,275153,275154,275155,275156,275157,275158,275159,275160,275161,275162,275163,275164,275165,275166,275167,275168,275169,275170,275171,275172,275173
716,71600,'716-Weekday-7-26-09-1111100',275174,275175,275176,275177,275178,275179,275180,275181,275182,275183,275184,275185,275186,275187,275188,275189,275190,275191,275192,275193,275194,275195,275196,275197,275198,275199,275200,275201,275202,275203,275204,275205,275206,275207,275208,275209,275210,275211
716,71600,'716-Saturday-1-26-09-0000010',232467,232468,232469,232470,232471,232472,232473,232474,232475,232476,232477,232478,232479,232480,232481,232482,232483,232484,232485,232486,232487,232488,232489,232490,232491,232492,232493,232494,232495,232496
716,71600,'716-Sunday-1-26-09-0000001',232497,232498,232499,232500,232501,232502,232503,232504,232505,232506,232507,232508,232509,232510,232511,232512,232513,232514,232515,232516,232517,232518,232519,232520,232521,232522,232523
716,71601,'716-Weekday-1-26-09-1111100',232524,232525,232526,232527,232528,232529,232530,232531,232532,232533,232534,232535,232536,232537,232538,232539,232540,232541,232542,232543,232544,232545,232546,232547,232548,232549,232550,232551,232552,232553,232554,232555,232556,232557,232558,232559,232560,232561,232562
716,71601,'716-Weekday-2-26-09-1111100',232563,232564,232565,232566,232567,232568,232569,232570,232571,232572,232573,232574,232575,232576,232577,232578,232579,232580,232581,232582,232583,232584,232585,232586,232587,232588,232589,232590,232591,232592,232593,232594,232595,232596,232597,232598,232599,232600,232601
716,71601,'716-Weekday-3-26-09-1111100',275212,275213,275214,275215,275216,275217,275218,275219,275220,275221,275222,275223,275224,275225,275226,275227,275228,275229,275230,275231,275232,275233,275234,275235,275236,275237,275238,275239,275240,275241,275242,275243,275244,275245,275246,275247,275248,275249,275250
716,71601,'716-Weekday-4-26-09-1111100',232602,232603,232604,232605,232606,232607,232608,232609,232610,232611,232612,232613,232614,232615,232616,232617,232618,232619,232620,232621,232622,232623,232624,232625,232626,232627,232628,232629,232630,232631,232632,232633,232634,232635,232636,232637,232638,232639,232640
716,71601,'716-Weekday-5-26-09-1111100',275251,275252,275253,275254,275255,275256,275257,275258,275259,275260,275261,275262,275263,275264,275265,275266,275267,275268,275269,275270,275271,275272,275273,275274,275275,275276,275277,275278,275279,275280,275281,275282,275283,275284,275285,275286,275287,275288,275289
716,71601,'716-Weekday-6-26-09-1111100',275290,275291,275292,275293,275294,275295,275296,275297,275298,275299,275300,275301,275302,275303,275304,275305,275306,275307,275308,275309,275310,275311,275312,275313,275314,275315,275316,275317,275318,275319,275320,275321,275322,275323,275324,275325,275326,275327,275328
716,71601,'716-Weekday-7-26-09-1111100',275329,275330,275331,275332,275333,275334,275335,275336,275337,275338,275339,275340,275341,275342,275343,275344,275345,275346,275347,275348,275349,275350,275351,275352,275353,275354,275355,275356,275357,275358,275359,275360,275361,275362,275363,275364,275365,275366,275367
716,71601,'716-Saturday-1-26-09-0000010',232641,232642,232643,232644,232645,232646,232647,232648,232649,232650,232651,232652,232653,232654,232655,232656,232657,232658,232659,232660,232661,232662,232663,232664,232665,232666,232667,232668,232669,232670
716,71601,'716-Sunday-1-26-09-0000001',232671,232672,232673,232674,232675,232676,232677,232678,232679,232680,232681,232682,232683,232684,232685,232686,232687,232688,232689,232690,232691,232692,232693,232694,232695,232696,232697
717,71700,'717-Weekday-1-26-09-1111100',232698,232699,232700,232701,232702,232703,232704,232705,232706,232707,232708,232709,232710,232711,232712,232713,232714,232715,232716,232717,232718,232719,232720,232721,232722,232723,232724,232725,232726,232727,232728,232729,232730,232731,232732,232733,232734,232735,232736,232737,232738,232739
717,71700,'717-Weekday-2-26-09-1111100',232740,232741,232742,232743,232744,232745,232746,232747,232748,232749,232750,232751,232752,232753,232754,232755,232756,232757,232758,232759,232760,232761,232762,232763,232764,232765,232766,232767,232768,232769,232770,232771,232772,232773,232774,232775,232776,232777,232778,232779,232780,232781
717,71700,'717-Weekday-3-26-09-1111100',275368,275369,275370,275371,275372,275373,275374,275375,275376,275377,275378,275379,275380,275381,275382,275383,275384,275385,275386,275387,275388,275389,275390,275391,275392,275393,275394,275395,275396,275397,275398,275399,275400,275401,275402,275403,275404,275405,275406
717,71700,'717-Weekday-4-26-09-1111100',232782,232783,232784,232785,232786,232787,232788,232789,232790,232791,232792,232793,232794,232795,232796,232797,232798,232799,232800,232801,232802,232803,232804,232805,232806,232807,232808,232809,232810,232811,232812,232813,232814,232815,232816,232817,232818,232819,232820
717,71700,'717-Weekday-5-26-09-1111100',275407,275408,275409,275410,275411,275412,275413,275414,275415,275416,275417,275418,275419,275420,275421,275422,275423,275424,275425,275426,275427,275428,275429,275430,275431,275432,275433,275434,275435,275436,275437,275438,275439,275440,275441,275442,275443,275444,275445
717,71700,'717-Weekday-6-26-09-1111100',275446,275447,275448,275449,275450,275451,275452,275453,275454,275455,275456,275457,275458,275459,275460,275461,275462,275463,275464,275465,275466,275467,275468,275469,275470,275471,275472,275473,275474,275475,275476,275477,275478,275479,275480,275481,275482,275483,275484,275485,275486,275487
717,71700,'717-Weekday-7-26-09-1111100',275488,275489,275490,275491,275492,275493,275494,275495,275496,275497,275498,275499,275500,275501,275502,275503,275504,275505,275506,275507,275508,275509,275510,275511,275512,275513,275514,275515,275516,275517,275518,275519,275520,275521,275522,275523,275524,275525,275526
717,71700,'717-Saturday-1-26-09-0000010',232821,232822,232823,232824,232825,232826,232827,232828,232829,232830,232831,232832,232833,232834,232835,232836,232837,232838,232839,232840,232841,232842
717,71700,'717-Sunday-1-26-09-0000001',232843,232844,232845,232846,232847,232848,232849,232850,232851,232852,232853,232854,232855,232856,232857,232858,232859,232860
717,71701,'717-Weekday-1-26-09-1111100',232861,232862,232863,232864,232865,232866,232867,232868,232869,232870,232871,232872,232873,232874,232875,232876,232877,232878,232879,232880,232881,232882,232883,232884,232885,232886,232887,232888,232889,232890,232891,232892,232893,232894,232895,232896,232897,232898,232899,232900,232901,232902,232903,232904
717,71701,'717-Weekday-2-26-09-1111100',232905,232906,232907,232908,232909,232910,232911,232912,232913,232914,232915,232916,232917,232918,232919,232920,232921,232922,232923,232924,232925,232926,232927,232928,232929,232930,232931,232932,232933,232934,232935,232936,232937,232938,232939,232940,232941,232942,232943,232944,232945,232946,232947,232948
717,71701,'717-Weekday-3-26-09-1111100',275527,275528,275529,275530,275531,275532,275533,275534,275535,275536,275537,275538,275539,275540,275541,275542,275543,275544,275545,275546,275547,275548,275549,275550,275551,275552,275553,275554,275555,275556,275557,275558,275559,275560,275561,275562,275563,275564,275565,275566,275567,275568
717,71701,'717-Weekday-4-26-09-1111100',232949,232950,232951,232952,232953,232954,232955,232956,232957,232958,232959,232960,232961,232962,232963,232964,232965,232966,232967,232968,232969,232970,232971,232972,232973,232974,232975,232976,232977,232978,232979,232980,232981,232982,232983,232984,232985,232986,232987,232988,232989
717,71701,'717-Weekday-5-26-09-1111100',275569,275570,275571,275572,275573,275574,275575,275576,275577,275578,275579,275580,275581,275582,275583,275584,275585,275586,275587,275588,275589,275590,275591,275592,275593,275594,275595,275596,275597,275598,275599,275600,275601,275602,275603,275604,275605,275606,275607,275608,275609
717,71701,'717-Weekday-6-26-09-1111100',275610,275611,275612,275613,275614,275615,275616,275617,275618,275619,275620,275621,275622,275623,275624,275625,275626,275627,275628,275629,275630,275631,275632,275633,275634,275635,275636,275637,275638,275639,275640,275641,275642,275643,275644,275645,275646,275647,275648,275649,275650,275651,275652,275653
717,71701,'717-Weekday-7-26-09-1111100',275654,275655,275656,275657,275658,275659,275660,275661,275662,275663,275664,275665,275666,275667,275668,275669,275670,275671,275672,275673,275674,275675,275676,275677,275678,275679,275680,275681,275682,275683,275684,275685,275686,275687,275688,275689,275690,275691,275692,275693,275694
717,71701,'717-Saturday-1-26-09-0000010',232990,232991,232992,232993,232994,232995,232996,232997,232998,232999,233000,233001,233002,233003,233004,233005,233006,233007,233008,233009,233010,233011
717,71701,'717-Sunday-1-26-09-0000001',233012,233013,233014,233015,233016,233017,233018,233019,233020,233021,233022,233023,233024,233025,233026,233027,233028,233029
718,71800,'718-Weekday-1-26-09-1111100',233030,233031,233032,233033,233034,233035,233036,233037,233038,233039,233040,233041,233042,233043,233044,233045,233046,233047,233048,233049,233050,233051,233052,233053,233054,233055,233056,233057,233058,233059,233060,233061,233062,233063,233064,233065,233066,233067,233068
718,71800,'718-Weekday-2-26-09-1111100',233069,233070,233071,233072,233073,233074,233075,233076,233077,233078,233079,233080,233081,233082,233083,233084,233085,233086,233087,233088,233089,233090,233091,233092,233093,233094,233095,233096,233097,233098,233099,233100,233101,233102,233103,233104,233105,233106,233107
718,71800,'718-Weekday-3-26-09-1111100',275695,275696,275697,275698,275699,275700,275701,275702,275703,275704,275705,275706,275707,275708,275709,275710,275711,275712,275713,275714,275715,275716,275717,275718,275719,275720,275721,275722,275723,275724,275725,275726,275727,275728,275729,275730,275731,275732
718,71800,'718-Weekday-4-26-09-1111100',233108,233109,233110,233111,233112,233113,233114,233115,233116,233117,233118,233119,233120,233121,233122,233123,233124,233125,233126,233127,233128,233129,233130,233131,233132,233133,233134,233135,233136,233137,233138,233139,233140,233141,233142,233143,233144,233145
718,71800,'718-Weekday-5-26-09-1111100',275733,275734,275735,275736,275737,275738,275739,275740,275741,275742,275743,275744,275745,275746,275747,275748,275749,275750,275751,275752,275753,275754,275755,275756,275757,275758,275759,275760,275761,275762,275763,275764,275765,275766,275767,275768,275769,275770
718,71800,'718-Weekday-6-26-09-1111100',275771,275772,275773,275774,275775,275776,275777,275778,275779,275780,275781,275782,275783,275784,275785,275786,275787,275788,275789,275790,275791,275792,275793,275794,275795,275796,275797,275798,275799,275800,275801,275802,275803,275804,275805,275806,275807,275808,275809
718,71800,'718-Weekday-7-26-09-1111100',275810,275811,275812,275813,275814,275815,275816,275817,275818,275819,275820,275821,275822,275823,275824,275825,275826,275827,275828,275829,275830,275831,275832,275833,275834,275835,275836,275837,275838,275839,275840,275841,275842,275843,275844,275845,275846,275847
718,71800,'718-Saturday-1-26-09-0000010',233146,233147,233148,233149,233150,233151,233152,233153,233154,233155,233156,233157,233158,233159,233160,233161,233162,233163,233164,233165,233166,233167,233168,233169,233170,233171
718,71800,'718-Sunday-1-26-09-0000001',233172,233173,233174,233175,233176,233177,233178,233179,233180,233181,233182,233183,233184,233185,233186,233187,233188,233189,233190,233191,233192,233193,233194,233195
718,71801,'718-Weekday-1-26-09-1111100',233196,233197,233198,233199,233200,233201,233202,233203,233204,233205,233206,233207,233208,233209,233210,233211,233212,233213,233214,233215,233216,233217,233218,233219,233220,233221,233222,233223,233224,233225,233226,233227,233228,233229,233230,233231,233232,233233,233234,233235,233236
718,71801,'718-Weekday-2-26-09-1111100',233237,233238,233239,233240,233241,233242,233243,233244,233245,233246,233247,233248,233249,233250,233251,233252,233253,233254,233255,233256,233257,233258,233259,233260,233261,233262,233263,233264,233265,233266,233267,233268,233269,233270,233271,233272,233273,233274,233275,233276,233277
718,71801,'718-Weekday-3-26-09-1111100',275848,275849,275850,275851,275852,275853,275854,275855,275856,275857,275858,275859,275860,275861,275862,275863,275864,275865,275866,275867,275868,275869,275870,275871,275872,275873,275874,275875,275876,275877,275878,275879,275880,275881,275882,275883,275884,275885,275886
718,71801,'718-Weekday-4-26-09-1111100',233278,233279,233280,233281,233282,233283,233284,233285,233286,233287,233288,233289,233290,233291,233292,233293,233294,233295,233296,233297,233298,233299,233300,233301,233302,233303,233304,233305,233306,233307,233308,233309,233310,233311,233312,233313,233314,233315,233316
718,71801,'718-Weekday-5-26-09-1111100',275887,275888,275889,275890,275891,275892,275893,275894,275895,275896,275897,275898,275899,275900,275901,275902,275903,275904,275905,275906,275907,275908,275909,275910,275911,275912,275913,275914,275915,275916,275917,275918,275919,275920,275921,275922,275923,275924,275925
718,71801,'718-Weekday-6-26-09-1111100',275926,275927,275928,275929,275930,275931,275932,275933,275934,275935,275936,275937,275938,275939,275940,275941,275942,275943,275944,275945,275946,275947,275948,275949,275950,275951,275952,275953,275954,275955,275956,275957,275958,275959,275960,275961,275962,275963,275964,275965,275966
718,71801,'718-Weekday-7-26-09-1111100',275967,275968,275969,275970,275971,275972,275973,275974,275975,275976,275977,275978,275979,275980,275981,275982,275983,275984,275985,275986,275987,275988,275989,275990,275991,275992,275993,275994,275995,275996,275997,275998,275999,276000,276001,276002,276003,276004,276005
718,71801,'718-Saturday-1-26-09-0000010',233317,233318,233319,233320,233321,233322,233323,233324,233325,233326,233327,233328,233329,233330,233331,233332,233333,233334,233335,233336,233337,233338,233339,233340,233341
718,71801,'718-Sunday-1-26-09-0000001',233342,233343,233344,233345,233346,233347,233348,233349,233350,233351,233352,233353,233354,233355,233356,233357,233358,233359,233360,233361,233362,233363,233364,233365
719,71900,'719-Weekday-1-26-09-1111100',233366,233367,233368,233369,233370,233371,233372,233373,233374,233375,233376,233377,233378,233379,233380,233381,233382,233383,233384,233385,233386,233387,233388,233389,233390,233391,233392,233393,233394,233395,233396,233397,233398,233399,233400,233401,233402,233403,233404,233405,233406,233407,233408,233409,233410,233411,233412,233413,233414,233415,233416,233417,233418,233419,233420,233421,233422,233423,233424,233425,233426,233427,233428,233429,233430,233431,233432,233433,233434,233435,233436,233437,233438,233439,233440,233441
719,71900,'719-Weekday-2-26-09-1111100',233442,233443,233444,233445,233446,233447,233448,233449,233450,233451,233452,233453,233454,233455,233456,233457,233458,233459,233460,233461,233462,233463,233464,233465,233466,233467,233468,233469,233470,233471,233472,233473,233474,233475,233476,233477,233478,233479,233480,233481,233482,233483,233484,233485,233486,233487,233488,233489,233490,233491,233492,233493,233494,233495,233496,233497,233498,233499,233500,233501,233502,233503,233504,233505,233506,233507,233508,233509,233510,233511,233512,233513,233514,233515,233516,233517
719,71900,'719-Weekday-3-26-09-1111100',276006,276007,276008,276009,276010,276011,276012,276013,276014,276015,276016,276017,276018,276019,276020,276021,276022,276023,276024,276025,276026,276027,276028,276029,276030,276031,276032,276033,276034,276035,276036,276037,276038,276039,276040,276041,276042,276043,276044,276045,276046,276047,276048,276049,276050,276051,276052,276053,276054,276055,276056,276057,276058,276059,276060,276061,276062,276063,276064,276065,276066,276067,276068,276069,276070,276071,276072,276073,276074,276075,276076,276077,276078,276079,276080,276081
719,71900,'719-Weekday-4-26-09-1111100',233518,233519,233520,233521,233522,233523,233524,233525,233526,233527,233528,233529,233530,233531,233532,233533,233534,233535,233536,233537,233538,233539,233540,233541,233542,233543,233544,233545,233546,233547,233548,233549,233550,233551,233552,233553,233554,233555,233556,233557,233558,233559,233560,233561,233562,233563,233564,233565,233566,233567,233568,233569,233570,233571,233572,233573,233574,233575,233576,233577,233578,233579,233580,233581,233582,233583,233584,233585,233586,233587,233588,233589,233590,233591,233592,233593
719,71900,'719-Weekday-5-26-09-1111100',276082,276083,276084,276085,276086,276087,276088,276089,276090,276091,276092,276093,276094,276095,276096,276097,276098,276099,276100,276101,276102,276103,276104,276105,276106,276107,276108,276109,276110,276111,276112,276113,276114,276115,276116,276117,276118,276119,276120,276121,276122,276123,276124,276125,276126,276127,276128,276129,276130,276131,276132,276133,276134,276135,276136,276137,276138,276139,276140,276141,276142,276143,276144,276145,276146,276147,276148,276149,276150,276151,276152,276153,276154,276155,276156,276157
719,71900,'719-Weekday-6-26-09-1111100',276158,276159,276160,276161,276162,276163,276164,276165,276166,276167,276168,276169,276170,276171,276172,276173,276174,276175,276176,276177,276178,276179,276180,276181,276182,276183,276184,276185,276186,276187,276188,276189,276190,276191,276192,276193,276194,276195,276196,276197,276198,276199,276200,276201,276202,276203,276204,276205,276206,276207,276208,276209,276210,276211,276212,276213,276214,276215,276216,276217,276218,276219,276220,276221,276222,276223,276224,276225,276226,276227,276228,276229,276230,276231,276232,276233
719,71900,'719-Weekday-7-26-09-1111100',276234,276235,276236,276237,276238,276239,276240,276241,276242,276243,276244,276245,276246,276247,276248,276249,276250,276251,276252,276253,276254,276255,276256,276257,276258,276259,276260,276261,276262,276263,276264,276265,276266,276267,276268,276269,276270,276271,276272,276273,276274,276275,276276,276277,276278,276279,276280,276281,276282,276283,276284,276285,276286,276287,276288,276289,276290,276291,276292,276293,276294,276295,276296,276297,276298,276299,276300,276301,276302,276303,276304,276305,276306,276307,276308,276309
719,71900,'719-Saturday-1-26-09-0000010',233594,233595,233596,233597,233598,233599,233600,233601,233602,233603,233604,233605,233606,233607,233608,233609,233610,233611,233612,233613,233614,233615,233616,233617,233618,233619,233620,233621,233622,233623,233624,233625,233626,233627,233628,233629,233630
719,71900,'719-Sunday-1-26-09-0000001',233631,233632,233633,233634,233635,233636,233637,233638,233639,233640,233641,233642,233643,233644,233645,233646,233647,233648,233649,233650,233651,233652,233653,233654,233655,233656,233657,233658
719,71901,'719-Weekday-1-26-09-1111100',233659,233660,233661,233662,233663,233664,233665,233666,233667,233668,233669,233670,233671,233672,233673,233674,233675,233676,233677,233678,233679,233680,233681,233682,233683,233684,233685,233686,233687,233688,233689,233690,233691,233692,233693,233694,233695,233696,233697,233698,233699,233700,233701,233702,233703,233704,233705,233706,233707,233708,233709,233710,233711,233712,233713,233714,233715,233716,233717,233718,233719,233720,233721
719,71901,'719-Weekday-2-26-09-1111100',233722,233723,233724,233725,233726,233727,233728,233729,233730,233731,233732,233733,233734,233735,233736,233737,233738,233739,233740,233741,233742,233743,233744,233745,233746,233747,233748,233749,233750,233751,233752,233753,233754,233755,233756,233757,233758,233759,233760,233761,233762,233763,233764,233765,233766,233767,233768,233769,233770,233771,233772,233773,233774,233775,233776,233777,233778,233779,233780,233781,233782,233783,233784
719,71901,'719-Weekday-3-26-09-1111100',276310,276311,276312,276313,276314,276315,276316,276317,276318,276319,276320,276321,276322,276323,276324,276325,276326,276327,276328,276329,276330,276331,276332,276333,276334,276335,276336,276337,276338,276339,276340,276341,276342,276343,276344,276345,276346,276347,276348,276349,276350,276351,276352,276353,276354,276355,276356,276357,276358,276359,276360,276361,276362,276363,276364,276365,276366,276367,276368,276369,276370,276371,276372
719,71901,'719-Weekday-4-26-09-1111100',233785,233786,233787,233788,233789,233790,233791,233792,233793,233794,233795,233796,233797,233798,233799,233800,233801,233802,233803,233804,233805,233806,233807,233808,233809,233810,233811,233812,233813,233814,233815,233816,233817,233818,233819,233820,233821,233822,233823,233824,233825,233826,233827,233828,233829,233830,233831,233832,233833,233834,233835,233836,233837,233838,233839,233840,233841,233842,233843,233844,233845,233846,233847
719,71901,'719-Weekday-5-26-09-1111100',276373,276374,276375,276376,276377,276378,276379,276380,276381,276382,276383,276384,276385,276386,276387,276388,276389,276390,276391,276392,276393,276394,276395,276396,276397,276398,276399,276400,276401,276402,276403,276404,276405,276406,276407,276408,276409,276410,276411,276412,276413,276414,276415,276416,276417,276418,276419,276420,276421,276422,276423,276424,276425,276426,276427,276428,276429,276430,276431,276432,276433,276434,276435
719,71901,'719-Weekday-6-26-09-1111100',276436,276437,276438,276439,276440,276441,276442,276443,276444,276445,276446,276447,276448,276449,276450,276451,276452,276453,276454,276455,276456,276457,276458,276459,276460,276461,276462,276463,276464,276465,276466,276467,276468,276469,276470,276471,276472,276473,276474,276475,276476,276477,276478,276479,276480,276481,276482,276483,276484,276485,276486,276487,276488,276489,276490,276491,276492,276493,276494,276495,276496,276497,276498
719,71901,'719-Weekday-7-26-09-1111100',276499,276500,276501,276502,276503,276504,276505,276506,276507,276508,276509,276510,276511,276512,276513,276514,276515,276516,276517,276518,276519,276520,276521,276522,276523,276524,276525,276526,276527,276528,276529,276530,276531,276532,276533,276534,276535,276536,276537,276538,276539,276540,276541,276542,276543,276544,276545,276546,276547,276548,276549,276550,276551,276552,276553,276554,276555,276556,276557,276558,276559,276560,276561
719,71901,'719-Saturday-1-26-09-0000010',233848,233849,233850,233851,233852,233853,233854,233855,233856,233857,233858,233859,233860,233861,233862,233863,233864,233865,233866,233867,233868,233869,233870,233871,233872,233873,233874,233875,233876,233877,233878,233879,233880,233881,233882,233883,233884
719,71901,'719-Sunday-1-26-09-0000001',233885,233886,233887,233888,233889,233890,233891,233892,233893,233894,233895,233896,233897,233898,233899,233900,233901,233902,233903,233904,233905,233906,233907,233908,233909,233910,233911
721,72100,'721-Weekday-1-26-09-0001000',233912
721,72100,'721-Weekday-1-26-09-1110100',233913,233914
721,72100,'721-Weekday-1-26-09-1111100',233915,233916,233917,233918,233919,233920,233921,233922,233923,233924,233925,233926,233927,233928,233929,233930,233931,233932,233933,233934,233935,233936,233937,233938,233939,233940,233941,233942,233943,233944,233945,233946,233947,233948,233949,233950,233951,233952,233953,233954,233955,233956,233957,233958,233959,233960,233961,233962,233963,233964,233965,233966,233967,233968,233969,233970,233971,233972,233973,233974,233975,233976,233977,233978,233979,233980
721,72100,'721-Weekday-2-26-09-1110100',233981,233982
721,72100,'721-Weekday-2-26-09-1111100',233983,233984,233985,233986,233987,233988,233989,233990,233991,233992,233993,233994,233995,233996,233997,233998,233999,234000,234001,234002,234003,234004,234005,234006,234007,234008,234009,234010,234011,234012,234013,234014,234015,234016,234017,234018,234019,234020,234021,234022,234023,234024,234025,234026,234027,234028,234029,234030,234031,234032,234033,234034,234035,234036,234037,234038,234039,234040,234041,234042,234043,234044,234045,234046,234047,234048
721,72100,'721-Weekday-3-26-09-1111100',276562,276563,276564,276565,276566,276567,276568,276569,276570,276571,276572,276573,276574,276575,276576,276577,276578,276579,276580,276581,276582,276583,276584,276585,276586,276587,276588,276589,276590,276591,276592,276593,276594,276595,276596,276597,276598,276599,276600,276601,276602,276603,276604,276605,276606,276607,276608,276609,276610,276611,276612,276613,276614,276615,276616,276617,276618,276619,276620,276621,276622,276623,276624,276625,276626,276627
721,72100,'721-Weekday-4-26-09-1111100',234049,234050,234051,234052,234053,234054,234055,234056,234057,234058,234059,234060,234061,234062,234063,234064,234065,234066,234067,234068,234069,234070,234071,234072,234073,234074,234075,234076,234077,234078,234079,234080,234081,234082,234083,234084,234085,234086,234087,234088,234089,234090,234091,234092,234093,234094,234095,234096,234097,234098,234099,234100,234101,234102,234103,234104,234105,234106,234107,234108,234109,234110,234111,234112,234113,234114
721,72100,'721-Weekday-5-26-09-1111100',276628,276629,276630,276631,276632,276633,276634,276635,276636,276637,276638,276639,276640,276641,276642,276643,276644,276645,276646,276647,276648,276649,276650,276651,276652,276653,276654,276655,276656,276657,276658,276659,276660,276661,276662,276663,276664,276665,276666,276667,276668,276669,276670,276671,276672,276673,276674,276675,276676,276677,276678,276679,276680,276681,276682,276683,276684,276685,276686,276687,276688,276689,276690,276691,276692,276693
721,72100,'721-Weekday-6-26-09-1110100',276694,276695
721,72100,'721-Weekday-6-26-09-1111100',276696,276697,276698,276699,276700,276701,276702,276703,276704,276705,276706,276707,276708,276709,276710,276711,276712,276713,276714,276715,276716,276717,276718,276719,276720,276721,276722,276723,276724,276725,276726,276727,276728,276729,276730,276731,276732,276733,276734,276735,276736,276737,276738,276739,276740,276741,276742,276743,276744,276745,276746,276747,276748,276749,276750,276751,276752,276753,276754,276755,276756,276757,276758,276759,276760,276761
721,72100,'721-Weekday-7-26-09-1111100',276762,276763,276764,276765,276766,276767,276768,276769,276770,276771,276772,276773,276774,276775,276776,276777,276778,276779,276780,276781,276782,276783,276784,276785,276786,276787,276788,276789,276790,276791,276792,276793,276794,276795,276796,276797,276798,276799,276800,276801,276802,276803,276804,276805,276806,276807,276808,276809,276810,276811,276812,276813,276814,276815,276816,276817,276818,276819,276820,276821,276822,276823,276824,276825,276826,276827
721,72100,'721-Saturday-1-26-09-0000010',234115,234116,234117,234118,234119,234120,234121,234122,234123,234124,234125,234126,234127,234128,234129,234130,234131,234132,234133,234134,234135,234136,234137,234138,234139,234140,234141,234142,234143,234144,234145,234146,234147,234148,234149,234150,234151,234152,234153,234154,234155,234156,234157,234158,234159,234160,234161,234162,234163
721,72100,'721-Sunday-1-26-09-0000001',234164,234165,234166,234167,234168,234169,234170,234171,234172,234173,234174,234175,234176,234177,234178,234179,234180,234181,234182,234183,234184,234185,234186,234187,234188,234189,234190,234191,234192,234193,234194,234195,234196,234197,234198
721,72101,'721-Weekday-1-26-09-1111100',234199,234200,234201,234202,234203,234204,234205,234206,234207,234208,234209,234210,234211,234212,234213,234214,234215,234216,234217,234218,234219,234220,234221,234222,234223,234224,234225,234226,234227,234228,234229,234230,234231,234232,234233,234234,234235,234236,234237,234238,234239,234240,234241,234242,234243,234244,234245,234246,234247,234248,234249,234250,234251,234252,234253,234254,234255,234256,234257,234258,234259,234260,234261,234262,234263,234264,234265
721,72101,'721-Weekday-2-26-09-1111100',234266,234267,234268,234269,234270,234271,234272,234273,234274,234275,234276,234277,234278,234279,234280,234281,234282,234283,234284,234285,234286,234287,234288,234289,234290,234291,234292,234293,234294,234295,234296,234297,234298,234299,234300,234301,234302,234303,234304,234305,234306,234307,234308,234309,234310,234311,234312,234313,234314,234315,234316,234317,234318,234319,234320,234321,234322,234323,234324,234325,234326,234327,234328,234329,234330,234331,234332
721,72101,'721-Weekday-3-26-09-1111100',276828,276829,276830,276831,276832,276833,276834,276835,276836,276837,276838,276839,276840,276841,276842,276843,276844,276845,276846,276847,276848,276849,276850,276851,276852,276853,276854,276855,276856,276857,276858,276859,276860,276861,276862,276863,276864,276865,276866,276867,276868,276869,276870,276871,276872,276873,276874,276875,276876,276877,276878,276879,276880,276881,276882,276883,276884,276885,276886,276887,276888,276889,276890,276891,276892,276893
721,72101,'721-Weekday-4-26-09-1111100',234333,234334,234335,234336,234337,234338,234339,234340,234341,234342,234343,234344,234345,234346,234347,234348,234349,234350,234351,234352,234353,234354,234355,234356,234357,234358,234359,234360,234361,234362,234363,234364,234365,234366,234367,234368,234369,234370,234371,234372,234373,234374,234375,234376,234377,234378,234379,234380,234381,234382,234383,234384,234385,234386,234387,234388,234389,234390,234391,234392,234393,234394,234395,234396,234397,234398
721,72101,'721-Weekday-5-26-09-1111100',276894,276895,276896,276897,276898,276899,276900,276901,276902,276903,276904,276905,276906,276907,276908,276909,276910,276911,276912,276913,276914,276915,276916,276917,276918,276919,276920,276921,276922,276923,276924,276925,276926,276927,276928,276929,276930,276931,276932,276933,276934,276935,276936,276937,276938,276939,276940,276941,276942,276943,276944,276945,276946,276947,276948,276949,276950,276951,276952,276953,276954,276955,276956,276957,276958,276959
721,72101,'721-Weekday-6-26-09-1111100',276960,276961,276962,276963,276964,276965,276966,276967,276968,276969,276970,276971,276972,276973,276974,276975,276976,276977,276978,276979,276980,276981,276982,276983,276984,276985,276986,276987,276988,276989,276990,276991,276992,276993,276994,276995,276996,276997,276998,276999,277000,277001,277002,277003,277004,277005,277006,277007,277008,277009,277010,277011,277012,277013,277014,277015,277016,277017,277018,277019,277020,277021,277022,277023,277024,277025,277026
721,72101,'721-Weekday-7-26-09-1111100',277027,277028,277029,277030,277031,277032,277033,277034,277035,277036,277037,277038,277039,277040,277041,277042,277043,277044,277045,277046,277047,277048,277049,277050,277051,277052,277053,277054,277055,277056,277057,277058,277059,277060,277061,277062,277063,277064,277065,277066,277067,277068,277069,277070,277071,277072,277073,277074,277075,277076,277077,277078,277079,277080,277081,277082,277083,277084,277085,277086,277087,277088,277089,277090,277091,277092
721,72101,'721-Saturday-1-26-09-0000010',234399,234400,234401,234402,234403,234404,234405,234406,234407,234408,234409,234410,234411,234412,234413,234414,234415,234416,234417,234418,234419,234420,234421,234422,234423,234424,234425,234426,234427,234428,234429,234430,234431,234432,234433,234434,234435,234436,234437,234438,234439,234440,234441,234442,234443,234444,234445,234446
721,72101,'721-Sunday-1-26-09-0000001',234447,234448,234449,234450,234451,234452,234453,234454,234455,234456,234457,234458,234459,234460,234461,234462,234463,234464,234465,234466,234467,234468,234469,234470,234471,234472,234473,234474,234475,234476,234477,234478,234479,234480
722,72200,'722-Weekday-1-26-09-1111100',234481,234482,234483,234484,234485,234486,234487,234488,234489,234490,234491,234492,234493,234494,234495,234496,234497,234498,234499,234500,234501,234502,234503,234504,234505,234506,234507,234508,234509,234510,234511,234512,234513,234514,234515,234516,234517,234518,234519,234520,234521,234522,234523,234524,234525,234526,234527,234528,234529,234530,234531,234532,234533,234534,234535,234536,234537,234538,234539,234540,234541,234542,234543,234544,234545
722,72200,'722-Weekday-2-26-09-1111100',234546,234547,234548,234549,234550,234551,234552,234553,234554,234555,234556,234557,234558,234559,234560,234561,234562,234563,234564,234565,234566,234567,234568,234569,234570,234571,234572,234573,234574,234575,234576,234577,234578,234579,234580,234581,234582,234583,234584,234585,234586,234587,234588,234589,234590,234591,234592,234593,234594,234595,234596,234597,234598,234599,234600,234601,234602,234603,234604,234605,234606,234607,234608,234609,234610
722,72200,'722-Weekday-3-26-09-1111100',277093,277094,277095,277096,277097,277098,277099,277100,277101,277102,277103,277104,277105,277106,277107,277108,277109,277110,277111,277112,277113,277114,277115,277116,277117,277118,277119,277120,277121,277122,277123,277124,277125,277126,277127,277128,277129,277130,277131,277132,277133,277134,277135,277136,277137,277138,277139,277140,277141,277142,277143,277144,277145,277146,277147,277148,277149,277150,277151,277152,277153,277154,277155,277156,277157
722,72200,'722-Weekday-4-26-09-1111100',234611,234612,234613,234614,234615,234616,234617,234618,234619,234620,234621,234622,234623,234624,234625,234626,234627,234628,234629,234630,234631,234632,234633,234634,234635,234636,234637,234638,234639,234640,234641,234642,234643,234644,234645,234646,234647,234648,234649,234650,234651,234652,234653,234654,234655,234656,234657,234658,234659,234660,234661,234662,234663,234664,234665,234666,234667,234668,234669,234670,234671,234672,234673,234674,234675
722,72200,'722-Weekday-5-26-09-1111100',277158,277159,277160,277161,277162,277163,277164,277165,277166,277167,277168,277169,277170,277171,277172,277173,277174,277175,277176,277177,277178,277179,277180,277181,277182,277183,277184,277185,277186,277187,277188,277189,277190,277191,277192,277193,277194,277195,277196,277197,277198,277199,277200,277201,277202,277203,277204,277205,277206,277207,277208,277209,277210,277211,277212,277213,277214,277215,277216,277217,277218,277219,277220,277221,277222
722,72200,'722-Weekday-6-26-09-1111100',277223,277224,277225,277226,277227,277228,277229,277230,277231,277232,277233,277234,277235,277236,277237,277238,277239,277240,277241,277242,277243,277244,277245,277246,277247,277248,277249,277250,277251,277252,277253,277254,277255,277256,277257,277258,277259,277260,277261,277262,277263,277264,277265,277266,277267,277268,277269,277270,277271,277272,277273,277274,277275,277276,277277,277278,277279,277280,277281,277282,277283,277284,277285,277286,277287
722,72200,'722-Weekday-7-26-09-1111100',277288,277289,277290,277291,277292,277293,277294,277295,277296,277297,277298,277299,277300,277301,277302,277303,277304,277305,277306,277307,277308,277309,277310,277311,277312,277313,277314,277315,277316,277317,277318,277319,277320,277321,277322,277323,277324,277325,277326,277327,277328,277329,277330,277331,277332,277333,277334,277335,277336,277337,277338,277339,277340,277341,277342,277343,277344,277345,277346,277347,277348,277349,277350,277351,277352
722,72200,'722-Saturday-1-26-09-0000010',234676,234677,234678,234679,234680,234681,234682,234683,234684,234685,234686,234687,234688,234689,234690,234691,234692,234693,234694,234695,234696,234697,234698,234699,234700,234701,234702,234703,234704,234705,234706,234707,234708,234709,234710,234711,234712,234713,234714,234715,234716,234717,234718,234719,234720,234721,234722,234723,234724
722,72200,'722-Sunday-1-26-09-0000001',234725,234726,234727,234728,234729,234730,234731,234732,234733,234734,234735,234736,234737,234738,234739,234740,234741,234742,234743,234744,234745,234746,234747,234748,234749,234750,234751,234752,234753,234754,234755,234756,234757
722,72201,'722-Weekday-1-26-09-1111100',234758,234759,234760,234761,234762,234763,234764,234765,234766,234767,234768,234769,234770,234771,234772,234773,234774,234775,234776,234777,234778,234779,234780,234781,234782,234783,234784,234785,234786,234787,234788,234789,234790,234791,234792,234793,234794,234795,234796,234797,234798,234799,234800,234801,234802,234803,234804,234805,234806,234807,234808,234809,234810,234811,234812,234813,234814,234815,234816,234817,234818,234819,234820,234821,234822
722,72201,'722-Weekday-2-26-09-1111100',234823,234824,234825,234826,234827,234828,234829,234830,234831,234832,234833,234834,234835,234836,234837,234838,234839,234840,234841,234842,234843,234844,234845,234846,234847,234848,234849,234850,234851,234852,234853,234854,234855,234856,234857,234858,234859,234860,234861,234862,234863,234864,234865,234866,234867,234868,234869,234870,234871,234872,234873,234874,234875,234876,234877,234878,234879,234880,234881,234882,234883,234884,234885,234886,234887
722,72201,'722-Weekday-3-26-09-1111100',277353,277354,277355,277356,277357,277358,277359,277360,277361,277362,277363,277364,277365,277366,277367,277368,277369,277370,277371,277372,277373,277374,277375,277376,277377,277378,277379,277380,277381,277382,277383,277384,277385,277386,277387,277388,277389,277390,277391,277392,277393,277394,277395,277396,277397,277398,277399,277400,277401,277402,277403,277404,277405,277406,277407,277408,277409,277410,277411,277412,277413,277414,277415,277416,277417
722,72201,'722-Weekday-4-26-09-1111100',234888,234889,234890,234891,234892,234893,234894,234895,234896,234897,234898,234899,234900,234901,234902,234903,234904,234905,234906,234907,234908,234909,234910,234911,234912,234913,234914,234915,234916,234917,234918,234919,234920,234921,234922,234923,234924,234925,234926,234927,234928,234929,234930,234931,234932,234933,234934,234935,234936,234937,234938,234939,234940,234941,234942,234943,234944,234945,234946,234947,234948,234949,234950,234951,234952
722,72201,'722-Weekday-5-26-09-1111100',277418,277419,277420,277421,277422,277423,277424,277425,277426,277427,277428,277429,277430,277431,277432,277433,277434,277435,277436,277437,277438,277439,277440,277441,277442,277443,277444,277445,277446,277447,277448,277449,277450,277451,277452,277453,277454,277455,277456,277457,277458,277459,277460,277461,277462,277463,277464,277465,277466,277467,277468,277469,277470,277471,277472,277473,277474,277475,277476,277477,277478,277479,277480,277481,277482
722,72201,'722-Weekday-6-26-09-1111100',277483,277484,277485,277486,277487,277488,277489,277490,277491,277492,277493,277494,277495,277496,277497,277498,277499,277500,277501,277502,277503,277504,277505,277506,277507,277508,277509,277510,277511,277512,277513,277514,277515,277516,277517,277518,277519,277520,277521,277522,277523,277524,277525,277526,277527,277528,277529,277530,277531,277532,277533,277534,277535,277536,277537,277538,277539,277540,277541,277542,277543,277544,277545,277546,277547
722,72201,'722-Weekday-7-26-09-1111100',277548,277549,277550,277551,277552,277553,277554,277555,277556,277557,277558,277559,277560,277561,277562,277563,277564,277565,277566,277567,277568,277569,277570,277571,277572,277573,277574,277575,277576,277577,277578,277579,277580,277581,277582,277583,277584,277585,277586,277587,277588,277589,277590,277591,277592,277593,277594,277595,277596,277597,277598,277599,277600,277601,277602,277603,277604,277605,277606,277607,277608,277609,277610,277611,277612
722,72201,'722-Saturday-1-26-09-0000010',234953,234954,234955,234956,234957,234958,234959,234960,234961,234962,234963,234964,234965,234966,234967,234968,234969,234970,234971,234972,234973,234974,234975,234976,234977,234978,234979,234980,234981,234982,234983,234984,234985,234986,234987,234988,234989,234990,234991,234992,234993,234994,234995,234996,234997,234998,234999,235000,235001
722,72201,'722-Sunday-1-26-09-0000001',235002,235003,235004,235005,235006,235007,235008,235009,235010,235011,235012,235013,235014,235015,235016,235017,235018,235019,235020,235021,235022,235023,235024,235025,235026,235027,235028,235029,235030,235031,235032,235033,235034,235035
723,72300,'723-Weekday-1-26-09-1111100',235036,235037,235038,235039,235040,235041,235042,235043,235044,235045,235046,235047,235048,235049,235050,235051,235052,235053,235054,235055
723,72300,'723-Weekday-2-26-09-1111100',235056,235057,235058,235059,235060,235061,235062,235063,235064,235065,235066,235067,235068,235069,235070,235071,235072,235073,235074,235075
723,72300,'723-Weekday-3-26-09-1111100',277613,277614,277615,277616,277617,277618,277619,277620,277621,277622,277623,277624,277625,277626,277627,277628,277629,277630,277631,277632
723,72300,'723-Weekday-4-26-09-1111100',235076,235077,235078,235079,235080,235081,235082,235083,235084,235085,235086,235087,235088,235089,235090,235091,235092,235093,235094,235095
723,72300,'723-Weekday-5-26-09-1111100',277633,277634,277635,277636,277637,277638,277639,277640,277641,277642,277643,277644,277645,277646,277647,277648,277649,277650,277651,277652
723,72300,'723-Weekday-6-26-09-1111100',277653,277654,277655,277656,277657,277658,277659,277660,277661,277662,277663,277664,277665,277666,277667,277668,277669,277670,277671,277672
723,72300,'723-Weekday-7-26-09-1111100',277673,277674,277675,277676,277677,277678,277679,277680,277681,277682,277683,277684,277685,277686,277687,277688,277689,277690,277691,277692
723,72301,'723-Weekday-1-26-09-1111100',235096,235097,235098,235099,235100,235101,235102,235103,235104,235105,235106,235107,235108,235109,235110,235111,235112,235113,235114,235115
723,72301,'723-Weekday-2-26-09-1111100',235116,235117,235118,235119,235120,235121,235122,235123,235124,235125,235126,235127,235128,235129,235130,235131,235132,235133,235134,235135
723,72301,'723-Weekday-3-26-09-1111100',277693,277694,277695,277696,277697,277698,277699,277700,277701,277702,277703,277704,277705,277706,277707,277708,277709,277710,277711,277712
723,72301,'723-Weekday-4-26-09-1111100',235136,235137,235138,235139,235140,235141,235142,235143,235144,235145,235146,235147,235148,235149,235150,235151,235152,235153,235154,235155
723,72301,'723-Weekday-5-26-09-1111100',277713,277714,277715,277716,277717,277718,277719,277720,277721,277722,277723,277724,277725,277726,277727,277728,277729,277730,277731,277732
723,72301,'723-Weekday-6-26-09-1111100',277733,277734,277735,277736,277737,277738,277739,277740,277741,277742,277743,277744,277745,277746,277747,277748,277749,277750,277751,277752
723,72301,'723-Weekday-7-26-09-1111100',277753,277754,277755,277756,277757,277758,277759,277760,277761,277762,277763,277764,277765,277766,277767,277768,277769,277770,277771,277772
724,72400,'724-Weekday-1-26-09-1111100',235156,235157,235158,235159,235160,235161,235162,235163,235164,235165,235166,235167
724,72400,'724-Weekday-2-26-09-1111100',235168,235169,235170,235171,235172,235173,235174,235175,235176,235177,235178,235179
724,72400,'724-Weekday-3-26-09-1111100',277773,277774,277775,277776,277777,277778,277779,277780,277781,277782,277783,277784
724,72400,'724-Weekday-4-26-09-1111100',235180,235181,235182,235183,235184,235185,235186,235187,235188,235189,235190,235191
724,72400,'724-Weekday-5-26-09-1111100',277785,277786,277787,277788,277789,277790,277791,277792,277793,277794,277795,277796
724,72400,'724-Weekday-6-26-09-1111100',277797,277798,277799,277800,277801,277802,277803,277804,277805,277806,277807,277808
724,72400,'724-Weekday-7-26-09-1111100',277809,277810,277811,277812,277813,277814,277815,277816,277817,277818,277819,277820
724,72401,'724-Weekday-1-26-09-1111100',235192,235193,235194,235195,235196,235197,235198,235199,235200,235201,235202,235203,235204
724,72401,'724-Weekday-2-26-09-1111100',235205,235206,235207,235208,235209,235210,235211,235212,235213,235214,235215,235216,235217
724,72401,'724-Weekday-3-26-09-1111100',277821,277822,277823,277824,277825,277826,277827,277828,277829,277830,277831,277832,277833
724,72401,'724-Weekday-4-26-09-1111100',235218,235219,235220,235221,235222,235223,235224,235225,235226,235227,235228,235229,235230
724,72401,'724-Weekday-5-26-09-1111100',277834,277835,277836,277837,277838,277839,277840,277841,277842,277843,277844,277845,277846
724,72401,'724-Weekday-6-26-09-1111100',277847,277848,277849,277850,277851,277852,277853,277854,277855,277856,277857,277858,277859
724,72401,'724-Weekday-7-26-09-1111100',277860,277861,277862,277863,277864,277865,277866,277867,277868,277869,277870,277871,277872
727,72700,'727-Weekday-1-26-09-1111100',235231,235232,235233,235234,235235,235236,235237,235238,235239,235240,235241,235242
727,72700,'727-Weekday-2-26-09-1111100',235243,235244,235245,235246,235247,235248,235249,235250,235251,235252,235253,235254
727,72700,'727-Weekday-3-26-09-1111100',277873,277874,277875,277876,277877,277878,277879,277880,277881,277882,277883,277884
727,72700,'727-Weekday-4-26-09-1111100',235255,235256,235257,235258,235259,235260,235261,235262,235263,235264,235265,235266
727,72700,'727-Weekday-5-26-09-1111100',277885,277886,277887,277888,277889,277890,277891,277892,277893,277894,277895,277896
727,72700,'727-Weekday-6-26-09-1111100',277897,277898,277899,277900,277901,277902,277903,277904,277905,277906,277907,277908
727,72700,'727-Weekday-7-26-09-1111100',277909,277910,277911,277912,277913,277914,277915,277916,277917,277918,277919,277920
727,72701,'727-Weekday-1-26-09-0001000',235267
727,72701,'727-Weekday-1-26-09-1111100',235268,235269,235270,235271,235272,235273,235274,235275,235276,235277,235278,235279,235280
727,72701,'727-Weekday-2-26-09-1111100',235281,235282,235283,235284,235285,235286,235287,235288,235289,235290,235291,235292,235293
727,72701,'727-Weekday-3-26-09-1111100',277921,277922,277923,277924,277925,277926,277927,277928,277929,277930,277931,277932,277933
727,72701,'727-Weekday-4-26-09-1111100',235294,235295,235296,235297,235298,235299,235300,235301,235302,235303,235304,235305,235306
727,72701,'727-Weekday-5-26-09-1111100',277934,277935,277936,277937,277938,277939,277940,277941,277942,277943,277944,277945,277946
727,72701,'727-Weekday-6-26-09-1111100',277947,277948,277949,277950,277951,277952,277953,277954,277955,277956,277957,277958,277959
727,72701,'727-Weekday-7-26-09-1111100',277960,277961,277962,277963,277964,277965,277966,277967,277968,277969,277970,277971,277972
729,72900,'729-Weekday-1-26-09-1111100',235307,235308,235309,235310,235311,235312,235313,235314,235315,235316,235317,235318,235319,235320,235321,235322,235323,235324,235325,235326,235327,235328,235329,235330,235331,235332,235333,235334,235335,235336,235337,235338,235339,235340,235341,235342,235343,235344,235345
729,72900,'729-Weekday-2-26-09-1111100',235346,235347,235348,235349,235350,235351,235352,235353,235354,235355,235356,235357,235358,235359,235360,235361,235362,235363,235364,235365,235366,235367,235368,235369,235370,235371,235372,235373,235374,235375,235376,235377,235378,235379,235380,235381,235382,235383,235384
729,72900,'729-Weekday-3-26-09-1111100',277973,277974,277975,277976,277977,277978,277979,277980,277981,277982,277983,277984,277985,277986,277987,277988,277989,277990,277991,277992,277993,277994,277995,277996,277997,277998,277999,278000,278001,278002,278003,278004,278005,278006,278007,278008,278009,278010,278011
729,72900,'729-Weekday-4-26-09-1111100',235385,235386,235387,235388,235389,235390,235391,235392,235393,235394,235395,235396,235397,235398,235399,235400,235401,235402,235403,235404,235405,235406,235407,235408,235409,235410,235411,235412,235413,235414,235415,235416,235417,235418,235419,235420,235421,235422
729,72900,'729-Weekday-5-26-09-1111100',278012,278013,278014,278015,278016,278017,278018,278019,278020,278021,278022,278023,278024,278025,278026,278027,278028,278029,278030,278031,278032,278033,278034,278035,278036,278037,278038,278039,278040,278041,278042,278043,278044,278045,278046,278047,278048,278049
729,72900,'729-Weekday-6-26-09-1111100',278050,278051,278052,278053,278054,278055,278056,278057,278058,278059,278060,278061,278062,278063,278064,278065,278066,278067,278068,278069,278070,278071,278072,278073,278074,278075,278076,278077,278078,278079,278080,278081,278082,278083,278084,278085,278086,278087,278088
729,72900,'729-Weekday-7-26-09-1111100',278089,278090,278091,278092,278093,278094,278095,278096,278097,278098,278099,278100,278101,278102,278103,278104,278105,278106,278107,278108,278109,278110,278111,278112,278113,278114,278115,278116,278117,278118,278119,278120,278121,278122,278123,278124,278125,278126
729,72901,'729-Weekday-1-26-09-1111100',235423,235424,235425,235426,235427,235428,235429,235430,235431,235432,235433,235434,235435,235436,235437,235438,235439,235440,235441,235442,235443,235444,235445,235446,235447,235448,235449,235450,235451,235452,235453,235454,235455,235456,235457,235458,235459,235460,235461,235462
729,72901,'729-Weekday-2-26-09-1111100',235463,235464,235465,235466,235467,235468,235469,235470,235471,235472,235473,235474,235475,235476,235477,235478,235479,235480,235481,235482,235483,235484,235485,235486,235487,235488,235489,235490,235491,235492,235493,235494,235495,235496,235497,235498,235499,235500,235501,235502
729,72901,'729-Weekday-3-26-09-1111100',278127,278128,278129,278130,278131,278132,278133,278134,278135,278136,278137,278138,278139,278140,278141,278142,278143,278144,278145,278146,278147,278148,278149,278150,278151,278152,278153,278154,278155,278156,278157,278158,278159,278160,278161,278162,278163,278164,278165,278166
729,72901,'729-Weekday-4-26-09-1111100',235503,235504,235505,235506,235507,235508,235509,235510,235511,235512,235513,235514,235515,235516,235517,235518,235519,235520,235521,235522,235523,235524,235525,235526,235527,235528,235529,235530,235531,235532,235533,235534,235535,235536,235537,235538,235539,235540,235541,235542
729,72901,'729-Weekday-5-26-09-1111100',278167,278168,278169,278170,278171,278172,278173,278174,278175,278176,278177,278178,278179,278180,278181,278182,278183,278184,278185,278186,278187,278188,278189,278190,278191,278192,278193,278194,278195,278196,278197,278198,278199,278200,278201,278202,278203,278204,278205,278206
729,72901,'729-Weekday-6-26-09-1111100',278207,278208,278209,278210,278211,278212,278213,278214,278215,278216,278217,278218,278219,278220,278221,278222,278223,278224,278225,278226,278227,278228,278229,278230,278231,278232,278233,278234,278235,278236,278237,278238,278239,278240,278241,278242,278243,278244,278245,278246
729,72901,'729-Weekday-7-26-09-1111100',278247,278248,278249,278250,278251,278252,278253,278254,278255,278256,278257,278258,278259,278260,278261,278262,278263,278264,278265,278266,278267,278268,278269,278270,278271,278272,278273,278274,278275,278276,278277,278278,278279,278280,278281,278282,278283,278284,278285,278286
747,74700,'747-Weekday-1-26-09-1111100',235543,235544,235545,235546,235547,235548,235549,235550,235551,235552,235553,235554,235555,235556,235557,235558,235559,235560,235561,235562,235563,235564,235565,235566,235567,235568,235569,235570,235571,235572,235573,235574,235575,235576,235577,235578
747,74700,'747-Weekday-2-26-09-1111100',235579,235580,235581,235582,235583,235584,235585,235586,235587,235588,235589,235590,235591,235592,235593,235594,235595,235596,235597,235598,235599,235600,235601,235602,235603,235604,235605,235606,235607,235608,235609,235610,235611,235612,235613,235614
747,74700,'747-Weekday-3-26-09-1111100',278287,278288,278289,278290,278291,278292,278293,278294,278295,278296,278297,278298,278299,278300,278301,278302,278303,278304,278305,278306,278307,278308,278309,278310,278311,278312,278313,278314,278315,278316,278317,278318,278319,278320,278321,278322
747,74700,'747-Weekday-4-26-09-1111100',235615,235616,235617,235618,235619,235620,235621,235622,235623,235624,235625,235626,235627,235628,235629,235630,235631,235632,235633,235634,235635,235636,235637,235638,235639,235640,235641,235642,235643,235644,235645,235646,235647,235648,235649,235650
747,74700,'747-Weekday-5-26-09-1111100',278323,278324,278325,278326,278327,278328,278329,278330,278331,278332,278333,278334,278335,278336,278337,278338,278339,278340,278341,278342,278343,278344,278345,278346,278347,278348,278349,278350,278351,278352,278353,278354,278355,278356,278357,278358
747,74700,'747-Weekday-6-26-09-1111100',278359,278360,278361,278362,278363,278364,278365,278366,278367,278368,278369,278370,278371,278372,278373,278374,278375,278376,278377,278378,278379,278380,278381,278382,278383,278384,278385,278386,278387,278388,278389,278390,278391,278392,278393,278394
747,74700,'747-Weekday-7-26-09-1111100',278395,278396,278397,278398,278399,278400,278401,278402,278403,278404,278405,278406,278407,278408,278409,278410,278411,278412,278413,278414,278415,278416,278417,278418,278419,278420,278421,278422,278423,278424,278425,278426,278427,278428,278429,278430
747,74700,'747-Saturday-1-26-09-0000010',235651,235652,235653,235654,235655,235656,235657,235658,235659,235660,235661,235662,235663,235664,235665,235666,235667,235668,235669,235670,235671,235672,235673,235674,235675,235676,235677,235678,235679,235680,235681,235682,235683,235684,235685,235686
747,74700,'747-Sunday-1-26-09-0000001',235687,235688,235689,235690,235691,235692,235693,235694,235695,235696,235697,235698,235699,235700,235701,235702,235703,235704,235705,235706,235707,235708,235709,235710,235711,235712,235713,235714,235715,235716,235717,235718,235719,235720,235721,235722
747,74701,'747-Weekday-1-26-09-1111100',235723,235724,235725,235726,235727,235728,235729,235730,235731,235732,235733,235734,235735,235736,235737,235738,235739,235740,235741,235742,235743,235744,235745,235746,235747,235748,235749,235750,235751,235752,235753,235754,235755,235756,235757,235758
747,74701,'747-Weekday-2-26-09-1111100',235759,235760,235761,235762,235763,235764,235765,235766,235767,235768,235769,235770,235771,235772,235773,235774,235775,235776,235777,235778,235779,235780,235781,235782,235783,235784,235785,235786,235787,235788,235789,235790,235791,235792,235793,235794
747,74701,'747-Weekday-3-26-09-1111100',278431,278432,278433,278434,278435,278436,278437,278438,278439,278440,278441,278442,278443,278444,278445,278446,278447,278448,278449,278450,278451,278452,278453,278454,278455,278456,278457,278458,278459,278460,278461,278462,278463,278464,278465,278466
747,74701,'747-Weekday-4-26-09-1111100',235795,235796,235797,235798,235799,235800,235801,235802,235803,235804,235805,235806,235807,235808,235809,235810,235811,235812,235813,235814,235815,235816,235817,235818,235819,235820,235821,235822,235823,235824,235825,235826,235827,235828,235829,235830
747,74701,'747-Weekday-5-26-09-1111100',278467,278468,278469,278470,278471,278472,278473,278474,278475,278476,278477,278478,278479,278480,278481,278482,278483,278484,278485,278486,278487,278488,278489,278490,278491,278492,278493,278494,278495,278496,278497,278498,278499,278500,278501,278502
747,74701,'747-Weekday-6-26-09-1111100',278503,278504,278505,278506,278507,278508,278509,278510,278511,278512,278513,278514,278515,278516,278517,278518,278519,278520,278521,278522,278523,278524,278525,278526,278527,278528,278529,278530,278531,278532,278533,278534,278535,278536,278537,278538
747,74701,'747-Weekday-7-26-09-1111100',278539,278540,278541,278542,278543,278544,278545,278546,278547,278548,278549,278550,278551,278552,278553,278554,278555,278556,278557,278558,278559,278560,278561,278562,278563,278564,278565,278566,278567,278568,278569,278570,278571,278572,278573,278574
747,74701,'747-Saturday-1-26-09-0000010',235831,235832,235833,235834,235835,235836,235837,235838,235839,235840,235841,235842,235843,235844,235845,235846,235847,235848,235849,235850,235851,235852,235853,235854,235855,235856,235857,235858,235859,235860,235861,235862,235863,235864,235865,235866
747,74701,'747-Sunday-1-26-09-0000001',235867,235868,235869,235870,235871,235872,235873,235874,235875,235876,235877,235878,235879,235880,235881,235882,235883,235884,235885,235886,235887,235888,235889,235890,235891,235892,235893,235894,235895,235896,235897,235898,235899,235900,235901,235902
901,90100,'901-Weekday-1-26-09-0001000',235903
901,90100,'901-Weekday-1-26-09-1110100',235904
901,90100,'901-Weekday-1-26-09-1111100',235905,235906,235907,235908,235909,235910,235911,235912,235913,235914,235915,235916,235917,235918,235919,235920,235921,235922,235923,235924,235925,235926,235927,235928,235929,235930,235931,235932,235933,235934,235935,235936,235937,235938,235939,235940,235941,235942,235943,235944,235945,235946,235947,235948,235949,235950,235951,235952,235953,235954,235955,235956,235957,235958,235959,235960,235961,235962,235963,235964,235965,235966,235967,235968,235969,235970,235971,235972,235973,235974,235975,235976,235977,235978,235979
901,90100,'901-Weekday-2-26-09-1111100',235980,235981,235982,235983,235984,235985,235986,235987,235988,235989,235990,235991,235992,235993,235994,235995,235996,235997,235998,235999,236000,236001,236002,236003,236004,236005,236006,236007,236008,236009,236010,236011,236012,236013,236014,236015,236016,236017,236018,236019,236020,236021,236022,236023,236024,236025,236026,236027,236028,236029,236030,236031,236032,236033,236034,236035,236036,236037,236038,236039,236040,236041,236042,236043,236044,236045,236046,236047,236048,236049,236050,236051,236052,236053,236054
901,90100,'901-Weekday-3-26-09-1110100',278575
901,90100,'901-Weekday-3-26-09-1111100',278576,278577,278578,278579,278580,278581,278582,278583,278584,278585,278586,278587,278588,278589,278590,278591,278592,278593,278594,278595,278596,278597,278598,278599,278600,278601,278602,278603,278604,278605,278606,278607,278608,278609,278610,278611,278612,278613,278614,278615,278616,278617,278618,278619,278620,278621,278622,278623,278624,278625,278626,278627,278628,278629,278630,278631,278632,278633,278634,278635,278636,278637,278638,278639,278640,278641,278642,278643,278644,278645,278646,278647,278648,278649,278650
901,90100,'901-Weekday-4-26-09-1111100',236055,236056,236057,236058,236059,236060,236061,236062,236063,236064,236065,236066,236067,236068,236069,236070,236071,236072,236073,236074,236075,236076,236077,236078,236079,236080,236081,236082,236083,236084,236085,236086,236087,236088,236089,236090,236091,236092,236093,236094,236095,236096,236097,236098,236099,236100,236101,236102,236103,236104,236105,236106,236107,236108,236109,236110,236111,236112,236113,236114,236115,236116,236117,236118,236119,236120,236121,236122,236123,236124,236125,236126,236127,236128,236129
901,90100,'901-Weekday-5-26-09-1111100',278651,278652,278653,278654,278655,278656,278657,278658,278659,278660,278661,278662,278663,278664,278665,278666,278667,278668,278669,278670,278671,278672,278673,278674,278675,278676,278677,278678,278679,278680,278681,278682,278683,278684,278685,278686,278687,278688,278689,278690,278691,278692,278693,278694,278695,278696,278697,278698,278699,278700,278701,278702,278703,278704,278705,278706,278707,278708,278709,278710,278711,278712,278713,278714,278715,278716,278717,278718,278719,278720,278721,278722,278723,278724,278725
901,90100,'901-Weekday-6-26-09-1110100',278726
901,90100,'901-Weekday-6-26-09-1111100',278727,278728,278729,278730,278731,278732,278733,278734,278735,278736,278737,278738,278739,278740,278741,278742,278743,278744,278745,278746,278747,278748,278749,278750,278751,278752,278753,278754,278755,278756,278757,278758,278759,278760,278761,278762,278763,278764,278765,278766,278767,278768,278769,278770,278771,278772,278773,278774,278775,278776,278777,278778,278779,278780,278781,278782,278783,278784,278785,278786,278787,278788,278789,278790,278791,278792,278793,278794,278795,278796,278797,278798,278799,278800,278801
901,90100,'901-Weekday-7-26-09-1111100',278802,278803,278804,278805,278806,278807,278808,278809,278810,278811,278812,278813,278814,278815,278816,278817,278818,278819,278820,278821,278822,278823,278824,278825,278826,278827,278828,278829,278830,278831,278832,278833,278834,278835,278836,278837,278838,278839,278840,278841,278842,278843,278844,278845,278846,278847,278848,278849,278850,278851,278852,278853,278854,278855,278856,278857,278858,278859,278860,278861,278862,278863,278864,278865,278866,278867,278868,278869,278870,278871,278872,278873,278874,278875,278876
901,90100,'901-Saturday-1-26-09-0000010',236130,236131,236132,236133,236134,236135,236136,236137,236138,236139,236140,236141,236142,236143,236144,236145,236146,236147,236148,236149,236150,236151,236152,236153,236154,236155,236156,236157,236158,236159,236160,236161,236162,236163,236164,236165,236166,236167,236168,236169,236170,236171,236172,236173,236174,236175,236176,236177,236178
901,90100,'901-Sunday-1-26-09-0000001',236179,236180,236181,236182,236183,236184,236185,236186,236187,236188,236189,236190,236191,236192,236193,236194,236195,236196,236197,236198,236199,236200,236201,236202,236203,236204,236205,236206,236207,236208,236209
901,90101,'901-Weekday-1-26-09-1111100',236210,236211,236212,236213,236214,236215,236216,236217,236218,236219,236220,236221,236222,236223,236224,236225,236226,236227,236228,236229,236230,236231,236232,236233,236234,236235,236236,236237,236238,236239,236240,236241,236242,236243,236244,236245,236246,236247,236248,236249,236250,236251,236252,236253,236254,236255,236256,236257,236258,236259,236260,236261,236262,236263,236264,236265,236266,236267,236268,236269,236270,236271,236272,236273,236274,236275,236276,236277,236278,236279,236280,236281,236282,236283,236284,236285
901,90101,'901-Weekday-2-26-09-1111100',236286,236287,236288,236289,236290,236291,236292,236293,236294,236295,236296,236297,236298,236299,236300,236301,236302,236303,236304,236305,236306,236307,236308,236309,236310,236311,236312,236313,236314,236315,236316,236317,236318,236319,236320,236321,236322,236323,236324,236325,236326,236327,236328,236329,236330,236331,236332,236333,236334,236335,236336,236337,236338,236339,236340,236341,236342,236343,236344,236345,236346,236347,236348,236349,236350,236351,236352,236353,236354,236355,236356,236357,236358,236359,236360,236361
901,90101,'901-Weekday-3-26-09-1111100',278877,278878,278879,278880,278881,278882,278883,278884,278885,278886,278887,278888,278889,278890,278891,278892,278893,278894,278895,278896,278897,278898,278899,278900,278901,278902,278903,278904,278905,278906,278907,278908,278909,278910,278911,278912,278913,278914,278915,278916,278917,278918,278919,278920,278921,278922,278923,278924,278925,278926,278927,278928,278929,278930,278931,278932,278933,278934,278935,278936,278937,278938,278939,278940,278941,278942,278943,278944,278945,278946,278947,278948,278949,278950,278951,278952
901,90101,'901-Weekday-4-26-09-1111100',236362,236363,236364,236365,236366,236367,236368,236369,236370,236371,236372,236373,236374,236375,236376,236377,236378,236379,236380,236381,236382,236383,236384,236385,236386,236387,236388,236389,236390,236391,236392,236393,236394,236395,236396,236397,236398,236399,236400,236401,236402,236403,236404,236405,236406,236407,236408,236409,236410,236411,236412,236413,236414,236415,236416,236417,236418,236419,236420,236421,236422,236423,236424,236425,236426,236427,236428,236429,236430,236431,236432,236433,236434,236435,236436,236437
901,90101,'901-Weekday-5-26-09-1111100',278953,278954,278955,278956,278957,278958,278959,278960,278961,278962,278963,278964,278965,278966,278967,278968,278969,278970,278971,278972,278973,278974,278975,278976,278977,278978,278979,278980,278981,278982,278983,278984,278985,278986,278987,278988,278989,278990,278991,278992,278993,278994,278995,278996,278997,278998,278999,279000,279001,279002,279003,279004,279005,279006,279007,279008,279009,279010,279011,279012,279013,279014,279015,279016,279017,279018,279019,279020,279021,279022,279023,279024,279025,279026,279027,279028
901,90101,'901-Weekday-6-26-09-1111100',279029,279030,279031,279032,279033,279034,279035,279036,279037,279038,279039,279040,279041,279042,279043,279044,279045,279046,279047,279048,279049,279050,279051,279052,279053,279054,279055,279056,279057,279058,279059,279060,279061,279062,279063,279064,279065,279066,279067,279068,279069,279070,279071,279072,279073,279074,279075,279076,279077,279078,279079,279080,279081,279082,279083,279084,279085,279086,279087,279088,279089,279090,279091,279092,279093,279094,279095,279096,279097,279098,279099,279100,279101,279102,279103,279104
901,90101,'901-Weekday-7-26-09-1111100',279105,279106,279107,279108,279109,279110,279111,279112,279113,279114,279115,279116,279117,279118,279119,279120,279121,279122,279123,279124,279125,279126,279127,279128,279129,279130,279131,279132,279133,279134,279135,279136,279137,279138,279139,279140,279141,279142,279143,279144,279145,279146,279147,279148,279149,279150,279151,279152,279153,279154,279155,279156,279157,279158,279159,279160,279161,279162,279163,279164,279165,279166,279167,279168,279169,279170,279171,279172,279173,279174,279175,279176,279177,279178,279179,279180
901,90101,'901-Saturday-1-26-09-0000010',236438,236439,236440,236441,236442,236443,236444,236445,236446,236447,236448,236449,236450,236451,236452,236453,236454,236455,236456,236457,236458,236459,236460,236461,236462,236463,236464,236465,236466,236467,236468,236469,236470,236471,236472,236473,236474,236475,236476,236477,236478,236479,236480,236481,236482,236483,236484,236485,236486
901,90101,'901-Sunday-1-26-09-0000001',236487,236488,236489,236490,236491,236492,236493,236494,236495,236496,236497,236498,236499,236500,236501,236502,236503,236504,236505,236506,236507,236508,236509,236510,236511,236512,236513,236514,236515,236516,236517
902,90200,'902-Weekday-1-26-09-1111100',236518,236519,236520,236521,236522,236523,236524,236525,236526,236527,236528,236529,236530,236531,236532,236533,236534,236535,236536,236537,236538,236539,236540,236541,236542,236543,236544,236545,236546,236547,236548,236549,236550,236551,236552,236553,236554,236555,236556,236557,236558,236559,236560,236561,236562,236563,236564,236565,236566,236567
902,90200,'902-Weekday-2-26-09-1111100',236568,236569,236570,236571,236572,236573,236574,236575,236576,236577,236578,236579,236580,236581,236582,236583,236584,236585,236586,236587,236588,236589,236590,236591,236592,236593,236594,236595,236596,236597,236598,236599,236600,236601,236602,236603,236604,236605,236606,236607,236608,236609,236610,236611,236612,236613,236614,236615,236616,236617
902,90200,'902-Weekday-3-26-09-1111100',279181,279182,279183,279184,279185,279186,279187,279188,279189,279190,279191,279192,279193,279194,279195,279196,279197,279198,279199,279200,279201,279202,279203,279204,279205,279206,279207,279208,279209,279210,279211,279212,279213,279214,279215,279216,279217,279218,279219,279220,279221,279222,279223,279224,279225,279226,279227,279228,279229,279230
902,90200,'902-Weekday-4-26-09-1111100',236618,236619,236620,236621,236622,236623,236624,236625,236626,236627,236628,236629,236630,236631,236632,236633,236634,236635,236636,236637,236638,236639,236640,236641,236642,236643,236644,236645,236646,236647,236648,236649,236650,236651,236652,236653,236654,236655,236656,236657,236658,236659,236660,236661,236662,236663,236664,236665,236666,236667
902,90200,'902-Weekday-5-26-09-1111100',279231,279232,279233,279234,279235,279236,279237,279238,279239,279240,279241,279242,279243,279244,279245,279246,279247,279248,279249,279250,279251,279252,279253,279254,279255,279256,279257,279258,279259,279260,279261,279262,279263,279264,279265,279266,279267,279268,279269,279270,279271,279272,279273,279274,279275,279276,279277,279278,279279,279280
902,90200,'902-Weekday-6-26-09-1111100',279281,279282,279283,279284,279285,279286,279287,279288,279289,279290,279291,279292,279293,279294,279295,279296,279297,279298,279299,279300,279301,279302,279303,279304,279305,279306,279307,279308,279309,279310,279311,279312,279313,279314,279315,279316,279317,279318,279319,279320,279321,279322,279323,279324,279325,279326,279327,279328,279329,279330
902,90200,'902-Weekday-7-26-09-1111100',279331,279332,279333,279334,279335,279336,279337,279338,279339,279340,279341,279342,279343,279344,279345,279346,279347,279348,279349,279350,279351,279352,279353,279354,279355,279356,279357,279358,279359,279360,279361,279362,279363,279364,279365,279366,279367,279368,279369,279370,279371,279372,279373,279374,279375,279376,279377,279378,279379,279380
902,90200,'902-Saturday-1-26-09-0000010',236668,236669,236670,236671,236672,236673,236674,236675,236676,236677,236678,236679,236680,236681,236682,236683,236684,236685,236686,236687,236688,236689,236690,236691,236692,236693,236694,236695,236696
902,90200,'902-Sunday-1-26-09-0000001',236697,236698,236699,236700,236701,236702,236703,236704,236705,236706,236707,236708,236709,236710,236711,236712,236713,236714,236715,236716,236717,236718,236719,236720,236721,236722,236723,236724
902,90201,'902-Weekday-1-26-09-1111100',236725,236726,236727,236728,236729,236730,236731,236732,236733,236734,236735,236736,236737,236738,236739,236740,236741,236742,236743,236744,236745,236746,236747,236748,236749,236750,236751,236752,236753,236754,236755,236756,236757,236758,236759,236760,236761,236762,236763,236764,236765,236766,236767,236768,236769,236770,236771,236772,236773
902,90201,'902-Weekday-2-26-09-1111100',236774,236775,236776,236777,236778,236779,236780,236781,236782,236783,236784,236785,236786,236787,236788,236789,236790,236791,236792,236793,236794,236795,236796,236797,236798,236799,236800,236801,236802,236803,236804,236805,236806,236807,236808,236809,236810,236811,236812,236813,236814,236815,236816,236817,236818,236819,236820,236821,236822
902,90201,'902-Weekday-3-26-09-1111100',279381,279382,279383,279384,279385,279386,279387,279388,279389,279390,279391,279392,279393,279394,279395,279396,279397,279398,279399,279400,279401,279402,279403,279404,279405,279406,279407,279408,279409,279410,279411,279412,279413,279414,279415,279416,279417,279418,279419,279420,279421,279422,279423,279424,279425,279426,279427,279428,279429
902,90201,'902-Weekday-4-26-09-1111100',236823,236824,236825,236826,236827,236828,236829,236830,236831,236832,236833,236834,236835,236836,236837,236838,236839,236840,236841,236842,236843,236844,236845,236846,236847,236848,236849,236850,236851,236852,236853,236854,236855,236856,236857,236858,236859,236860,236861,236862,236863,236864,236865,236866,236867,236868,236869,236870,236871
902,90201,'902-Weekday-5-26-09-1111100',279430,279431,279432,279433,279434,279435,279436,279437,279438,279439,279440,279441,279442,279443,279444,279445,279446,279447,279448,279449,279450,279451,279452,279453,279454,279455,279456,279457,279458,279459,279460,279461,279462,279463,279464,279465,279466,279467,279468,279469,279470,279471,279472,279473,279474,279475,279476,279477,279478
902,90201,'902-Weekday-6-26-09-1111100',279479,279480,279481,279482,279483,279484,279485,279486,279487,279488,279489,279490,279491,279492,279493,279494,279495,279496,279497,279498,279499,279500,279501,279502,279503,279504,279505,279506,279507,279508,279509,279510,279511,279512,279513,279514,279515,279516,279517,279518,279519,279520,279521,279522,279523,279524,279525,279526,279527
902,90201,'902-Weekday-7-26-09-1111100',279528,279529,279530,279531,279532,279533,279534,279535,279536,279537,279538,279539,279540,279541,279542,279543,279544,279545,279546,279547,279548,279549,279550,279551,279552,279553,279554,279555,279556,279557,279558,279559,279560,279561,279562,279563,279564,279565,279566,279567,279568,279569,279570,279571,279572,279573,279574,279575,279576
902,90201,'902-Saturday-1-26-09-0000010',236872,236873,236874,236875,236876,236877,236878,236879,236880,236881,236882,236883,236884,236885,236886,236887,236888,236889,236890,236891,236892,236893,236894,236895,236896,236897,236898,236899,236900
902,90201,'902-Sunday-1-26-09-0000001',236901,236902,236903,236904,236905,236906,236907,236908,236909,236910,236911,236912,236913,236914,236915,236916,236917,236918,236919,236920,236921,236922,236923,236924,236925,236926,236927
903,90300,'903-Weekday-1-26-09-1111100',236928,236929,236930,236931,236932,236933,236934,236935,236936,236937,236938,236939,236940,236941,236942,236943,236944,236945,236946,236947,236948,236949,236950,236951,236952,236953,236954,236955,236956,236957,236958,236959,236960,236961,236962,236963,236964,236965,236966,236967,236968,236969,236970,236971,236972,236973,236974,236975,236976,236977,236978
903,90300,'903-Weekday-2-26-09-1111100',236979,236980,236981,236982,236983,236984,236985,236986,236987,236988,236989,236990,236991,236992,236993,236994,236995,236996,236997,236998,236999,237000,237001,237002,237003,237004,237005,237006,237007,237008,237009,237010,237011,237012,237013,237014,237015,237016,237017,237018,237019,237020,237021,237022,237023,237024,237025,237026,237027,237028,237029
903,90300,'903-Weekday-3-26-09-1111100',279577,279578,279579,279580,279581,279582,279583,279584,279585,279586,279587,279588,279589,279590,279591,279592,279593,279594,279595,279596,279597,279598,279599,279600,279601,279602,279603,279604,279605,279606,279607,279608,279609,279610,279611,279612,279613,279614,279615,279616,279617,279618,279619,279620,279621,279622,279623,279624,279625,279626,279627
903,90300,'903-Weekday-4-26-09-1111100',237030,237031,237032,237033,237034,237035,237036,237037,237038,237039,237040,237041,237042,237043,237044,237045,237046,237047,237048,237049,237050,237051,237052,237053,237054,237055,237056,237057,237058,237059,237060,237061,237062,237063,237064,237065,237066,237067,237068,237069,237070,237071,237072,237073,237074,237075,237076,237077,237078,237079,237080
903,90300,'903-Weekday-5-26-09-1111100',279628,279629,279630,279631,279632,279633,279634,279635,279636,279637,279638,279639,279640,279641,279642,279643,279644,279645,279646,279647,279648,279649,279650,279651,279652,279653,279654,279655,279656,279657,279658,279659,279660,279661,279662,279663,279664,279665,279666,279667,279668,279669,279670,279671,279672,279673,279674,279675,279676,279677,279678
903,90300,'903-Weekday-6-26-09-1111100',279679,279680,279681,279682,279683,279684,279685,279686,279687,279688,279689,279690,279691,279692,279693,279694,279695,279696,279697,279698,279699,279700,279701,279702,279703,279704,279705,279706,279707,279708,279709,279710,279711,279712,279713,279714,279715,279716,279717,279718,279719,279720,279721,279722,279723,279724,279725,279726,279727,279728,279729
903,90300,'903-Weekday-7-26-09-1111100',279730,279731,279732,279733,279734,279735,279736,279737,279738,279739,279740,279741,279742,279743,279744,279745,279746,279747,279748,279749,279750,279751,279752,279753,279754,279755,279756,279757,279758,279759,279760,279761,279762,279763,279764,279765,279766,279767,279768,279769,279770,279771,279772,279773,279774,279775,279776,279777,279778,279779,279780
903,90300,'903-Saturday-1-26-09-0000010',237081,237082,237083,237084,237085,237086,237087,237088,237089,237090,237091,237092,237093,237094,237095,237096,237097,237098,237099,237100,237101,237102,237103,237104,237105,237106,237107,237108,237109,237110,237111,237112,237113,237114,237115,237116,237117,237118,237119,237120,237121,237122,237123,237124
903,90300,'903-Sunday-1-26-09-0000001',237125,237126,237127,237128,237129,237130,237131,237132,237133,237134,237135,237136,237137,237138,237139,237140,237141,237142,237143,237144,237145,237146,237147,237148,237149,237150,237151,237152,237153,237154,237155,237156
903,90301,'903-Weekday-1-26-09-1111100',237157,237158,237159,237160,237161,237162,237163,237164,237165,237166,237167,237168,237169,237170,237171,237172,237173,237174,237175,237176,237177,237178,237179,237180,237181,237182,237183,237184,237185,237186,237187,237188,237189,237190,237191,237192,237193,237194,237195,237196,237197,237198,237199,237200,237201,237202,237203,237204,237205,237206,237207,237208
903,90301,'903-Weekday-2-26-09-1111100',237209,237210,237211,237212,237213,237214,237215,237216,237217,237218,237219,237220,237221,237222,237223,237224,237225,237226,237227,237228,237229,237230,237231,237232,237233,237234,237235,237236,237237,237238,237239,237240,237241,237242,237243,237244,237245,237246,237247,237248,237249,237250,237251,237252,237253,237254,237255,237256,237257,237258,237259,237260
903,90301,'903-Weekday-3-26-09-1111100',279781,279782,279783,279784,279785,279786,279787,279788,279789,279790,279791,279792,279793,279794,279795,279796,279797,279798,279799,279800,279801,279802,279803,279804,279805,279806,279807,279808,279809,279810,279811,279812,279813,279814,279815,279816,279817,279818,279819,279820,279821,279822,279823,279824,279825,279826,279827,279828,279829,279830,279831,279832
903,90301,'903-Weekday-4-26-09-1111100',237261,237262,237263,237264,237265,237266,237267,237268,237269,237270,237271,237272,237273,237274,237275,237276,237277,237278,237279,237280,237281,237282,237283,237284,237285,237286,237287,237288,237289,237290,237291,237292,237293,237294,237295,237296,237297,237298,237299,237300,237301,237302,237303,237304,237305,237306,237307,237308,237309,237310,237311,237312
903,90301,'903-Weekday-5-26-09-1111100',279833,279834,279835,279836,279837,279838,279839,279840,279841,279842,279843,279844,279845,279846,279847,279848,279849,279850,279851,279852,279853,279854,279855,279856,279857,279858,279859,279860,279861,279862,279863,279864,279865,279866,279867,279868,279869,279870,279871,279872,279873,279874,279875,279876,279877,279878,279879,279880,279881,279882,279883,279884
903,90301,'903-Weekday-6-26-09-1111100',279885,279886,279887,279888,279889,279890,279891,279892,279893,279894,279895,279896,279897,279898,279899,279900,279901,279902,279903,279904,279905,279906,279907,279908,279909,279910,279911,279912,279913,279914,279915,279916,279917,279918,279919,279920,279921,279922,279923,279924,279925,279926,279927,279928,279929,279930,279931,279932,279933,279934,279935,279936
903,90301,'903-Weekday-7-26-09-1111100',279937,279938,279939,279940,279941,279942,279943,279944,279945,279946,279947,279948,279949,279950,279951,279952,279953,279954,279955,279956,279957,279958,279959,279960,279961,279962,279963,279964,279965,279966,279967,279968,279969,279970,279971,279972,279973,279974,279975,279976,279977,279978,279979,279980,279981,279982,279983,279984,279985,279986,279987,279988
903,90301,'903-Saturday-1-26-09-0000010',237313,237314,237315,237316,237317,237318,237319,237320,237321,237322,237323,237324,237325,237326,237327,237328,237329,237330,237331,237332,237333,237334,237335,237336,237337,237338,237339,237340,237341,237342,237343,237344,237345,237346,237347,237348,237349,237350,237351,237352,237353,237354,237355,237356,237357
903,90301,'903-Sunday-1-26-09-0000001',237358,237359,237360,237361,237362,237363,237364,237365,237366,237367,237368,237369,237370,237371,237372,237373,237374,237375,237376,237377,237378,237379,237380,237381,237382,237383,237384,237385,237386,237387
904,90400,'904-Weekday-1-26-09-0001000',237388
904,90400,'904-Weekday-1-26-09-1111100',237389,237390,237391,237392,237393,237394,237395,237396,237397,237398,237399,237400,237401,237402,237403,237404,237405,237406,237407,237408,237409,237410,237411,237412,237413,237414,237415,237416,237417,237418,237419,237420,237421,237422,237423,237424,237425,237426,237427,237428,237429,237430
904,90400,'904-Weekday-2-26-09-1111100',237431,237432,237433,237434,237435,237436,237437,237438,237439,237440,237441,237442,237443,237444,237445,237446,237447,237448,237449,237450,237451,237452,237453,237454,237455,237456,237457,237458,237459,237460,237461,237462,237463,237464,237465,237466,237467,237468,237469,237470,237471,237472
904,90400,'904-Weekday-3-26-09-1111100',279989,279990,279991,279992,279993,279994,279995,279996,279997,279998,279999,280000,280001,280002,280003,280004,280005,280006,280007,280008,280009,280010,280011,280012,280013,280014,280015,280016,280017,280018,280019,280020,280021,280022,280023,280024,280025,280026,280027,280028,280029,280030
904,90400,'904-Weekday-4-26-09-1111100',237473,237474,237475,237476,237477,237478,237479,237480,237481,237482,237483,237484,237485,237486,237487,237488,237489,237490,237491,237492,237493,237494,237495,237496,237497,237498,237499,237500,237501,237502,237503,237504,237505,237506,237507,237508,237509,237510,237511,237512,237513,237514
904,90400,'904-Weekday-5-26-09-1111100',280031,280032,280033,280034,280035,280036,280037,280038,280039,280040,280041,280042,280043,280044,280045,280046,280047,280048,280049,280050,280051,280052,280053,280054,280055,280056,280057,280058,280059,280060,280061,280062,280063,280064,280065,280066,280067,280068,280069,280070,280071,280072
904,90400,'904-Weekday-6-26-09-1111100',280073,280074,280075,280076,280077,280078,280079,280080,280081,280082,280083,280084,280085,280086,280087,280088,280089,280090,280091,280092,280093,280094,280095,280096,280097,280098,280099,280100,280101,280102,280103,280104,280105,280106,280107,280108,280109,280110,280111,280112,280113,280114
904,90400,'904-Weekday-7-26-09-1111100',280115,280116,280117,280118,280119,280120,280121,280122,280123,280124,280125,280126,280127,280128,280129,280130,280131,280132,280133,280134,280135,280136,280137,280138,280139,280140,280141,280142,280143,280144,280145,280146,280147,280148,280149,280150,280151,280152,280153,280154,280155,280156
904,90400,'904-Saturday-1-26-09-0000010',237515,237516,237517,237518,237519,237520,237521,237522,237523,237524,237525,237526,237527,237528,237529,237530,237531,237532,237533,237534,237535,237536,237537,237538,237539,237540,237541
904,90400,'904-Sunday-1-26-09-0000001',237542,237543,237544,237545,237546,237547,237548,237549,237550,237551,237552,237553,237554,237555,237556,237557,237558,237559,237560,237561,237562,237563
904,90401,'904-Weekday-1-26-09-1111100',237564,237565,237566,237567,237568,237569,237570,237571,237572,237573,237574,237575,237576,237577,237578,237579,237580,237581,237582,237583,237584,237585,237586,237587,237588,237589,237590,237591,237592,237593,237594,237595,237596,237597,237598,237599,237600,237601,237602,237603
904,90401,'904-Weekday-2-26-09-1111100',237604,237605,237606,237607,237608,237609,237610,237611,237612,237613,237614,237615,237616,237617,237618,237619,237620,237621,237622,237623,237624,237625,237626,237627,237628,237629,237630,237631,237632,237633,237634,237635,237636,237637,237638,237639,237640,237641,237642,237643
904,90401,'904-Weekday-3-26-09-1111100',280157,280158,280159,280160,280161,280162,280163,280164,280165,280166,280167,280168,280169,280170,280171,280172,280173,280174,280175,280176,280177,280178,280179,280180,280181,280182,280183,280184,280185,280186,280187,280188,280189,280190,280191,280192,280193,280194,280195
904,90401,'904-Weekday-4-26-09-1111100',237644,237645,237646,237647,237648,237649,237650,237651,237652,237653,237654,237655,237656,237657,237658,237659,237660,237661,237662,237663,237664,237665,237666,237667,237668,237669,237670,237671,237672,237673,237674,237675,237676,237677,237678,237679,237680,237681,237682
904,90401,'904-Weekday-5-26-09-1111100',280196,280197,280198,280199,280200,280201,280202,280203,280204,280205,280206,280207,280208,280209,280210,280211,280212,280213,280214,280215,280216,280217,280218,280219,280220,280221,280222,280223,280224,280225,280226,280227,280228,280229,280230,280231,280232,280233,280234
904,90401,'904-Weekday-6-26-09-1111100',280235,280236,280237,280238,280239,280240,280241,280242,280243,280244,280245,280246,280247,280248,280249,280250,280251,280252,280253,280254,280255,280256,280257,280258,280259,280260,280261,280262,280263,280264,280265,280266,280267,280268,280269,280270,280271,280272,280273,280274
904,90401,'904-Weekday-7-26-09-1111100',280275,280276,280277,280278,280279,280280,280281,280282,280283,280284,280285,280286,280287,280288,280289,280290,280291,280292,280293,280294,280295,280296,280297,280298,280299,280300,280301,280302,280303,280304,280305,280306,280307,280308,280309,280310,280311,280312,280313
904,90401,'904-Saturday-1-26-09-0000010',237683,237684,237685,237686,237687,237688,237689,237690,237691,237692,237693,237694,237695,237696,237697,237698,237699,237700,237701,237702,237703,237704,237705,237706,237707,237708,237709
904,90401,'904-Sunday-1-26-09-0000001',237710,237711,237712,237713,237714,237715,237716,237717,237718,237719,237720,237721,237722,237723,237724,237725,237726,237727,237728,237729,237730,237731
905,90500,'905-Weekday-1-26-09-1111100',237732,237733,237734,237735,237736,237737,237738,237739,237740,237741,237742,237743,237744,237745
905,90500,'905-Weekday-2-26-09-1111100',237746,237747,237748,237749,237750,237751,237752,237753,237754,237755,237756,237757,237758,237759
905,90500,'905-Weekday-3-26-09-1111100',280314,280315,280316,280317,280318,280319,280320,280321,280322,280323,280324,280325,280326,280327
905,90500,'905-Weekday-4-26-09-1111100',237760,237761,237762,237763,237764,237765,237766,237767,237768,237769,237770,237771,237772,237773
905,90500,'905-Weekday-5-26-09-1111100',280328,280329,280330,280331,280332,280333,280334,280335,280336,280337,280338,280339,280340,280341
905,90500,'905-Weekday-6-26-09-1111100',280342,280343,280344,280345,280346,280347,280348,280349,280350,280351,280352,280353,280354,280355
905,90500,'905-Weekday-7-26-09-1111100',280356,280357,280358,280359,280360,280361,280362,280363,280364,280365,280366,280367,280368,280369
905,90501,'905-Weekday-1-26-09-1111100',237774,237775,237776,237777,237778,237779,237780,237781,237782,237783,237784,237785,237786,237787,237788,237789
905,90501,'905-Weekday-2-26-09-1111100',237790,237791,237792,237793,237794,237795,237796,237797,237798,237799,237800,237801,237802,237803,237804,237805
905,90501,'905-Weekday-3-26-09-1111100',280370,280371,280372,280373,280374,280375,280376,280377,280378,280379,280380,280381,280382,280383,280384,280385
905,90501,'905-Weekday-4-26-09-1111100',237806,237807,237808,237809,237810,237811,237812,237813,237814,237815,237816,237817,237818,237819,237820,237821
905,90501,'905-Weekday-5-26-09-1111100',280386,280387,280388,280389,280390,280391,280392,280393,280394,280395,280396,280397,280398,280399,280400,280401
905,90501,'905-Weekday-6-26-09-1111100',280402,280403,280404,280405,280406,280407,280408,280409,280410,280411,280412,280413,280414,280415,280416,280417
905,90501,'905-Weekday-7-26-09-1111100',280418,280419,280420,280421,280422,280423,280424,280425,280426,280427,280428,280429,280430,280431,280432,280433
906,90600,'906-Weekday-1-26-09-1111100',237822,237823,237824,237825,237826,237827,237828,237829,237830,237831,237832,237833,237834,237835
906,90600,'906-Weekday-2-26-09-1111100',237836,237837,237838,237839,237840,237841,237842,237843,237844,237845,237846,237847,237848,237849
906,90600,'906-Weekday-3-26-09-1111100',280434,280435,280436,280437,280438,280439,280440,280441,280442,280443,280444,280445,280446,280447
906,90600,'906-Weekday-4-26-09-1111100',237850,237851,237852,237853,237854,237855,237856,237857,237858,237859,237860,237861,237862,237863
906,90600,'906-Weekday-5-26-09-1111100',280448,280449,280450,280451,280452,280453,280454,280455,280456,280457,280458,280459,280460,280461
906,90600,'906-Weekday-6-26-09-1111100',280462,280463,280464,280465,280466,280467,280468,280469,280470,280471,280472,280473,280474,280475
906,90600,'906-Weekday-7-26-09-1111100',280476,280477,280478,280479,280480,280481,280482,280483,280484,280485,280486,280487,280488,280489
906,90601,'906-Weekday-1-26-09-1111100',237864,237865,237866,237867,237868,237869,237870,237871,237872,237873,237874,237875
906,90601,'906-Weekday-2-26-09-1111100',237876,237877,237878,237879,237880,237881,237882,237883,237884,237885,237886,237887
906,90601,'906-Weekday-3-26-09-1111100',280490,280491,280492,280493,280494,280495,280496,280497,280498,280499,280500,280501
906,90601,'906-Weekday-4-26-09-1111100',237888,237889,237890,237891,237892,237893,237894,237895,237896,237897,237898,237899
906,90601,'906-Weekday-5-26-09-1111100',280502,280503,280504,280505,280506,280507,280508,280509,280510,280511,280512,280513
906,90601,'906-Weekday-6-26-09-1111100',280514,280515,280516,280517,280518,280519,280520,280521,280522,280523,280524,280525
906,90601,'906-Weekday-7-26-09-1111100',280526,280527,280528,280529,280530,280531,280532,280533,280534,280535,280536,280537
907,90700,'907-Weekday-1-26-09-1111100',237900,237901,237902,237903,237904,237905,237906,237907,237908,237909,237910,237911,237912,237913,237914,237915,237916,237917,237918,237919,237920,237921,237922,237923,237924,237925,237926,237927,237928,237929,237930,237931,237932,237933,237934,237935,237936,237937,237938,237939,237940,237941,237942,237943
907,90700,'907-Weekday-2-26-09-1111100',237944,237945,237946,237947,237948,237949,237950,237951,237952,237953,237954,237955,237956,237957,237958,237959,237960,237961,237962,237963,237964,237965,237966,237967,237968,237969,237970,237971,237972,237973,237974,237975,237976,237977,237978,237979,237980,237981,237982,237983,237984,237985,237986,237987
907,90700,'907-Weekday-3-26-09-1111100',280538,280539,280540,280541,280542,280543,280544,280545,280546,280547,280548,280549,280550,280551,280552,280553,280554,280555,280556,280557,280558,280559,280560,280561,280562,280563,280564,280565,280566,280567,280568,280569,280570,280571,280572,280573,280574,280575,280576,280577,280578,280579,280580,280581
907,90700,'907-Weekday-4-26-09-1111100',237988,237989,237990,237991,237992,237993,237994,237995,237996,237997,237998,237999,238000,238001,238002,238003,238004,238005,238006,238007,238008,238009,238010,238011,238012,238013,238014,238015,238016,238017,238018,238019,238020,238021,238022,238023,238024,238025,238026,238027,238028,238029,238030,238031
907,90700,'907-Weekday-5-26-09-1111100',280582,280583,280584,280585,280586,280587,280588,280589,280590,280591,280592,280593,280594,280595,280596,280597,280598,280599,280600,280601,280602,280603,280604,280605,280606,280607,280608,280609,280610,280611,280612,280613,280614,280615,280616,280617,280618,280619,280620,280621,280622,280623,280624,280625
907,90700,'907-Weekday-6-26-09-1111100',280626,280627,280628,280629,280630,280631,280632,280633,280634,280635,280636,280637,280638,280639,280640,280641,280642,280643,280644,280645,280646,280647,280648,280649,280650,280651,280652,280653,280654,280655,280656,280657,280658,280659,280660,280661,280662,280663,280664,280665,280666,280667,280668,280669
907,90700,'907-Weekday-7-26-09-1111100',280670,280671,280672,280673,280674,280675,280676,280677,280678,280679,280680,280681,280682,280683,280684,280685,280686,280687,280688,280689,280690,280691,280692,280693,280694,280695,280696,280697,280698,280699,280700,280701,280702,280703,280704,280705,280706,280707,280708,280709,280710,280711,280712,280713
907,90700,'907-Saturday-1-26-09-0000010',238032,238033,238034,238035,238036,238037,238038,238039,238040,238041,238042,238043,238044,238045,238046,238047,238048,238049,238050,238051,238052,238053,238054,238055,238056,238057,238058
907,90700,'907-Sunday-1-26-09-0000001',238059,238060,238061,238062,238063,238064,238065,238066,238067,238068,238069,238070,238071,238072,238073,238074,238075,238076,238077
907,90701,'907-Weekday-1-26-09-1111100',238078,238079,238080,238081,238082,238083,238084,238085,238086,238087,238088,238089,238090,238091,238092,238093,238094,238095,238096,238097,238098,238099,238100,238101,238102,238103,238104,238105,238106,238107,238108,238109,238110,238111,238112,238113,238114,238115,238116,238117,238118,238119,238120,238121,238122
907,90701,'907-Weekday-2-26-09-1111100',238123,238124,238125,238126,238127,238128,238129,238130,238131,238132,238133,238134,238135,238136,238137,238138,238139,238140,238141,238142,238143,238144,238145,238146,238147,238148,238149,238150,238151,238152,238153,238154,238155,238156,238157,238158,238159,238160,238161,238162,238163,238164,238165,238166,238167
907,90701,'907-Weekday-3-26-09-1111100',280714,280715,280716,280717,280718,280719,280720,280721,280722,280723,280724,280725,280726,280727,280728,280729,280730,280731,280732,280733,280734,280735,280736,280737,280738,280739,280740,280741,280742,280743,280744,280745,280746,280747,280748,280749,280750,280751,280752,280753,280754,280755,280756,280757,280758
907,90701,'907-Weekday-4-26-09-1111100',238168,238169,238170,238171,238172,238173,238174,238175,238176,238177,238178,238179,238180,238181,238182,238183,238184,238185,238186,238187,238188,238189,238190,238191,238192,238193,238194,238195,238196,238197,238198,238199,238200,238201,238202,238203,238204,238205,238206,238207,238208,238209,238210,238211,238212
907,90701,'907-Weekday-5-26-09-1111100',280759,280760,280761,280762,280763,280764,280765,280766,280767,280768,280769,280770,280771,280772,280773,280774,280775,280776,280777,280778,280779,280780,280781,280782,280783,280784,280785,280786,280787,280788,280789,280790,280791,280792,280793,280794,280795,280796,280797,280798,280799,280800,280801,280802,280803
907,90701,'907-Weekday-6-26-09-1111100',280804,280805,280806,280807,280808,280809,280810,280811,280812,280813,280814,280815,280816,280817,280818,280819,280820,280821,280822,280823,280824,280825,280826,280827,280828,280829,280830,280831,280832,280833,280834,280835,280836,280837,280838,280839,280840,280841,280842,280843,280844,280845,280846,280847,280848
907,90701,'907-Weekday-7-26-09-1111100',280849,280850,280851,280852,280853,280854,280855,280856,280857,280858,280859,280860,280861,280862,280863,280864,280865,280866,280867,280868,280869,280870,280871,280872,280873,280874,280875,280876,280877,280878,280879,280880,280881,280882,280883,280884,280885,280886,280887,280888,280889,280890,280891,280892,280893
907,90701,'907-Saturday-1-26-09-0000010',238213,238214,238215,238216,238217,238218,238219,238220,238221,238222,238223,238224,238225,238226,238227,238228,238229,238230,238231,238232,238233,238234,238235,238236,238237,238238,238239
907,90701,'907-Sunday-1-26-09-0000001',238240,238241,238242,238243,238244,238245,238246,238247,238248,238249,238250,238251,238252,238253,238254,238255,238256,238257,238258
908,90800,'908-Weekday-1-26-09-1111100',238259,238260,238261,238262,238263,238264,238265,238266,238267,238268,238269,238270
908,90800,'908-Weekday-2-26-09-1111100',238271,238272,238273,238274,238275,238276,238277,238278,238279,238280,238281,238282
908,90800,'908-Weekday-3-26-09-1111100',280894,280895,280896,280897,280898,280899,280900,280901,280902,280903,280904,280905
908,90800,'908-Weekday-4-26-09-1111100',238283,238284,238285,238286,238287,238288,238289,238290,238291,238292,238293,238294
908,90800,'908-Weekday-5-26-09-1111100',280906,280907,280908,280909,280910,280911,280912,280913,280914,280915,280916,280917
908,90800,'908-Weekday-6-26-09-1111100',280918,280919,280920,280921,280922,280923,280924,280925,280926,280927,280928,280929
908,90800,'908-Weekday-7-26-09-1111100',280930,280931,280932,280933,280934,280935,280936,280937,280938,280939,280940,280941
908,90801,'908-Weekday-1-26-09-1111100',238295,238296,238297,238298,238299,238300,238301,238302,238303,238304,238305,238306
908,90801,'908-Weekday-2-26-09-1111100',238307,238308,238309,238310,238311,238312,238313,238314,238315,238316,238317,238318
908,90801,'908-Weekday-3-26-09-1111100',280942,280943,280944,280945,280946,280947,280948,280949,280950,280951,280952,280953
908,90801,'908-Weekday-4-26-09-1111100',238319,238320,238321,238322,238323,238324,238325,238326,238327,238328,238329,238330
908,90801,'908-Weekday-5-26-09-1111100',280954,280955,280956,280957,280958,280959,280960,280961,280962,280963,280964,280965
908,90801,'908-Weekday-6-26-09-1111100',280966,280967,280968,280969,280970,280971,280972,280973,280974,280975,280976,280977
908,90801,'908-Weekday-7-26-09-1111100',280978,280979,280980,280981,280982,280983,280984,280985,280986,280987,280988,280989
909,90900,'909-Weekday-1-26-09-1111100',238331,238332,238333,238334,238335,238336,238337,238338,238339,238340,238341,238342,238343,238344,238345,238346,238347,238348,238349,238350,238351,238352,238353,238354,238355,238356,238357,238358,238359,238360,238361,238362,238363,238364,238365,238366,238367,238368,238369,238370
909,90900,'909-Weekday-2-26-09-1111100',238371,238372,238373,238374,238375,238376,238377,238378,238379,238380,238381,238382,238383,238384,238385,238386,238387,238388,238389,238390,238391,238392,238393,238394,238395,238396,238397,238398,238399,238400,238401,238402,238403,238404,238405,238406,238407,238408,238409,238410
909,90900,'909-Weekday-3-26-09-1111100',280990,280991,280992,280993,280994,280995,280996,280997,280998,280999,281000,281001,281002,281003,281004,281005,281006,281007,281008,281009,281010,281011,281012,281013,281014,281015,281016,281017,281018,281019,281020,281021,281022,281023,281024,281025,281026,281027,281028,281029
909,90900,'909-Weekday-4-26-09-1111100',238411,238412,238413,238414,238415,238416,238417,238418,238419,238420,238421,238422,238423,238424,238425,238426,238427,238428,238429,238430,238431,238432,238433,238434,238435,238436,238437,238438,238439,238440,238441,238442,238443,238444,238445,238446,238447,238448,238449,238450
909,90900,'909-Weekday-5-26-09-1111100',281030,281031,281032,281033,281034,281035,281036,281037,281038,281039,281040,281041,281042,281043,281044,281045,281046,281047,281048,281049,281050,281051,281052,281053,281054,281055,281056,281057,281058,281059,281060,281061,281062,281063,281064,281065,281066,281067,281068,281069
909,90900,'909-Weekday-6-26-09-1111100',281070,281071,281072,281073,281074,281075,281076,281077,281078,281079,281080,281081,281082,281083,281084,281085,281086,281087,281088,281089,281090,281091,281092,281093,281094,281095,281096,281097,281098,281099,281100,281101,281102,281103,281104,281105,281106,281107,281108,281109
909,90900,'909-Weekday-7-26-09-1111100',281110,281111,281112,281113,281114,281115,281116,281117,281118,281119,281120,281121,281122,281123,281124,281125,281126,281127,281128,281129,281130,281131,281132,281133,281134,281135,281136,281137,281138,281139,281140,281141,281142,281143,281144,281145,281146,281147,281148,281149
909,90900,'909-Saturday-1-26-09-0000010',238451,238452,238453,238454,238455,238456,238457,238458,238459,238460,238461,238462,238463,238464,238465,238466,238467,238468,238469,238470,238471,238472,238473,238474,238475,238476,238477
909,90900,'909-Sunday-1-26-09-0000001',238478,238479,238480,238481,238482,238483,238484,238485,238486,238487,238488,238489,238490,238491,238492,238493,238494,238495,238496,238497,238498,238499,238500,238501,238502
909,90901,'909-Weekday-1-26-09-1111100',238503,238504,238505,238506,238507,238508,238509,238510,238511,238512,238513,238514,238515,238516,238517,238518,238519,238520,238521,238522,238523,238524,238525,238526,238527,238528,238529,238530,238531,238532,238533,238534,238535,238536,238537,238538,238539,238540,238541,238542
909,90901,'909-Weekday-2-26-09-1111100',238543,238544,238545,238546,238547,238548,238549,238550,238551,238552,238553,238554,238555,238556,238557,238558,238559,238560,238561,238562,238563,238564,238565,238566,238567,238568,238569,238570,238571,238572,238573,238574,238575,238576,238577,238578,238579,238580,238581,238582
909,90901,'909-Weekday-3-26-09-1111100',281150,281151,281152,281153,281154,281155,281156,281157,281158,281159,281160,281161,281162,281163,281164,281165,281166,281167,281168,281169,281170,281171,281172,281173,281174,281175,281176,281177,281178,281179,281180,281181,281182,281183,281184,281185,281186,281187,281188,281189
909,90901,'909-Weekday-4-26-09-1111100',238583,238584,238585,238586,238587,238588,238589,238590,238591,238592,238593,238594,238595,238596,238597,238598,238599,238600,238601,238602,238603,238604,238605,238606,238607,238608,238609,238610,238611,238612,238613,238614,238615,238616,238617,238618,238619,238620,238621,238622
909,90901,'909-Weekday-5-26-09-1111100',281190,281191,281192,281193,281194,281195,281196,281197,281198,281199,281200,281201,281202,281203,281204,281205,281206,281207,281208,281209,281210,281211,281212,281213,281214,281215,281216,281217,281218,281219,281220,281221,281222,281223,281224,281225,281226,281227,281228,281229
909,90901,'909-Weekday-6-26-09-1111100',281230,281231,281232,281233,281234,281235,281236,281237,281238,281239,281240,281241,281242,281243,281244,281245,281246,281247,281248,281249,281250,281251,281252,281253,281254,281255,281256,281257,281258,281259,281260,281261,281262,281263,281264,281265,281266,281267,281268,281269
909,90901,'909-Weekday-7-26-09-1111100',281270,281271,281272,281273,281274,281275,281276,281277,281278,281279,281280,281281,281282,281283,281284,281285,281286,281287,281288,281289,281290,281291,281292,281293,281294,281295,281296,281297,281298,281299,281300,281301,281302,281303,281304,281305,281306,281307,281308,281309
909,90901,'909-Saturday-1-26-09-0000010',238623,238624,238625,238626,238627,238628,238629,238630,238631,238632,238633,238634,238635,238636,238637,238638,238639,238640,238641,238642,238643,238644,238645,238646,238647,238648,238649
909,90901,'909-Sunday-1-26-09-0000001',238650,238651,238652,238653,238654,238655,238656,238657,238658,238659,238660,238661,238662,238663,238664,238665,238666,238667,238668,238669,238670,238671,238672,238673
912,91200,'912-Weekday-1-26-09-1111100',238674,238675,238676,238677,238678,238679,238680,238681,238682,238683,238684,238685,238686,238687,238688,238689,238690,238691,238692,238693,238694,238695,238696,238697,238698,238699,238700,238701,238702,238703,238704,238705,238706,238707
912,91200,'912-Weekday-2-26-09-1111100',238708,238709,238710,238711,238712,238713,238714,238715,238716,238717,238718,238719,238720,238721,238722,238723,238724,238725,238726,238727,238728,238729,238730,238731,238732,238733,238734,238735,238736,238737,238738,238739,238740,238741
912,91200,'912-Weekday-3-26-09-1111100',281310,281311,281312,281313,281314,281315,281316,281317,281318,281319,281320,281321,281322,281323,281324,281325,281326,281327,281328,281329,281330,281331,281332,281333,281334,281335,281336,281337,281338,281339,281340,281341,281342,281343
912,91200,'912-Weekday-4-26-09-1111100',238742,238743,238744,238745,238746,238747,238748,238749,238750,238751,238752,238753,238754,238755,238756,238757,238758,238759,238760,238761,238762,238763,238764,238765,238766,238767,238768,238769,238770,238771,238772,238773,238774,238775
912,91200,'912-Weekday-5-26-09-1111100',281344,281345,281346,281347,281348,281349,281350,281351,281352,281353,281354,281355,281356,281357,281358,281359,281360,281361,281362,281363,281364,281365,281366,281367,281368,281369,281370,281371,281372,281373,281374,281375,281376,281377
912,91200,'912-Weekday-6-26-09-1111100',281378,281379,281380,281381,281382,281383,281384,281385,281386,281387,281388,281389,281390,281391,281392,281393,281394,281395,281396,281397,281398,281399,281400,281401,281402,281403,281404,281405,281406,281407,281408,281409,281410,281411
912,91200,'912-Weekday-7-26-09-1111100',281412,281413,281414,281415,281416,281417,281418,281419,281420,281421,281422,281423,281424,281425,281426,281427,281428,281429,281430,281431,281432,281433,281434,281435,281436,281437,281438,281439,281440,281441,281442,281443,281444,281445
912,91200,'912-Saturday-1-26-09-0000010',238776,238777,238778,238779,238780,238781,238782,238783,238784,238785,238786,238787,238788,238789,238790,238791,238792,238793,238794,238795,238796,238797,238798
912,91200,'912-Sunday-1-26-09-0000001',238799,238800,238801,238802,238803,238804,238805,238806,238807,238808,238809,238810,238811,238812,238813,238814,238815,238816,238817
912,91201,'912-Weekday-1-26-09-1111100',238818,238819,238820,238821,238822,238823,238824,238825,238826,238827,238828,238829,238830,238831,238832,238833,238834,238835,238836,238837,238838,238839,238840,238841,238842,238843,238844,238845,238846,238847,238848,238849,238850,238851
912,91201,'912-Weekday-2-26-09-1111100',238852,238853,238854,238855,238856,238857,238858,238859,238860,238861,238862,238863,238864,238865,238866,238867,238868,238869,238870,238871,238872,238873,238874,238875,238876,238877,238878,238879,238880,238881,238882,238883,238884,238885
912,91201,'912-Weekday-3-26-09-1111100',281446,281447,281448,281449,281450,281451,281452,281453,281454,281455,281456,281457,281458,281459,281460,281461,281462,281463,281464,281465,281466,281467,281468,281469,281470,281471,281472,281473,281474,281475,281476,281477,281478,281479
912,91201,'912-Weekday-4-26-09-1111100',238886,238887,238888,238889,238890,238891,238892,238893,238894,238895,238896,238897,238898,238899,238900,238901,238902,238903,238904,238905,238906,238907,238908,238909,238910,238911,238912,238913,238914,238915,238916,238917,238918,238919
912,91201,'912-Weekday-5-26-09-1111100',281480,281481,281482,281483,281484,281485,281486,281487,281488,281489,281490,281491,281492,281493,281494,281495,281496,281497,281498,281499,281500,281501,281502,281503,281504,281505,281506,281507,281508,281509,281510,281511,281512,281513
912,91201,'912-Weekday-6-26-09-1111100',281514,281515,281516,281517,281518,281519,281520,281521,281522,281523,281524,281525,281526,281527,281528,281529,281530,281531,281532,281533,281534,281535,281536,281537,281538,281539,281540,281541,281542,281543,281544,281545,281546,281547
912,91201,'912-Weekday-7-26-09-1111100',281548,281549,281550,281551,281552,281553,281554,281555,281556,281557,281558,281559,281560,281561,281562,281563,281564,281565,281566,281567,281568,281569,281570,281571,281572,281573,281574,281575,281576,281577,281578,281579,281580,281581
912,91201,'912-Saturday-1-26-09-0000010',238920,238921,238922,238923,238924,238925,238926,238927,238928,238929,238930,238931,238932,238933,238934,238935,238936,238937,238938,238939,238940,238941,238942
912,91201,'912-Sunday-1-26-09-0000001',238943,238944,238945,238946,238947,238948,238949,238950,238951,238952,238953,238954,238955,238956,238957,238958,238959,238960,238961
913,91300,'913-Weekday-1-26-09-1111100',238962,238963,238964,238965,238966,238967,238968,238969,238970,238971,238972,238973,238974,238975,238976,238977,238978,238979,238980,238981,238982,238983,238984,238985,238986,238987,238988,238989,238990,238991,238992,238993,238994,238995,238996,238997,238998,238999,239000,239001,239002,239003,239004,239005,239006,239007,239008,239009,239010,239011
913,91300,'913-Weekday-2-26-09-1111100',239012,239013,239014,239015,239016,239017,239018,239019,239020,239021,239022,239023,239024,239025,239026,239027,239028,239029,239030,239031,239032,239033,239034,239035,239036,239037,239038,239039,239040,239041,239042,239043,239044,239045,239046,239047,239048,239049,239050,239051,239052,239053,239054,239055,239056,239057,239058,239059,239060,239061
913,91300,'913-Weekday-3-26-09-1111100',281582,281583,281584,281585,281586,281587,281588,281589,281590,281591,281592,281593,281594,281595,281596,281597,281598,281599,281600,281601,281602,281603,281604,281605,281606,281607,281608,281609,281610,281611,281612,281613,281614,281615,281616,281617,281618,281619,281620,281621,281622,281623,281624,281625,281626,281627,281628,281629,281630,281631
913,91300,'913-Weekday-4-26-09-1111100',239062,239063,239064,239065,239066,239067,239068,239069,239070,239071,239072,239073,239074,239075,239076,239077,239078,239079,239080,239081,239082,239083,239084,239085,239086,239087,239088,239089,239090,239091,239092,239093,239094,239095,239096,239097,239098,239099,239100,239101,239102,239103,239104,239105,239106,239107,239108,239109,239110,239111
913,91300,'913-Weekday-5-26-09-1111100',281632,281633,281634,281635,281636,281637,281638,281639,281640,281641,281642,281643,281644,281645,281646,281647,281648,281649,281650,281651,281652,281653,281654,281655,281656,281657,281658,281659,281660,281661,281662,281663,281664,281665,281666,281667,281668,281669,281670,281671,281672,281673,281674,281675,281676,281677,281678,281679,281680,281681
913,91300,'913-Weekday-6-26-09-1111100',281682,281683,281684,281685,281686,281687,281688,281689,281690,281691,281692,281693,281694,281695,281696,281697,281698,281699,281700,281701,281702,281703,281704,281705,281706,281707,281708,281709,281710,281711,281712,281713,281714,281715,281716,281717,281718,281719,281720,281721,281722,281723,281724,281725,281726,281727,281728,281729,281730,281731
913,91300,'913-Weekday-7-26-09-1111100',281732,281733,281734,281735,281736,281737,281738,281739,281740,281741,281742,281743,281744,281745,281746,281747,281748,281749,281750,281751,281752,281753,281754,281755,281756,281757,281758,281759,281760,281761,281762,281763,281764,281765,281766,281767,281768,281769,281770,281771,281772,281773,281774,281775,281776,281777,281778,281779,281780,281781
913,91300,'913-Saturday-1-26-09-0000010',239112,239113,239114,239115,239116,239117,239118,239119,239120,239121,239122,239123,239124,239125,239126,239127,239128,239129,239130,239131,239132,239133,239134,239135,239136,239137,239138,239139,239140,239141
913,91300,'913-Sunday-1-26-09-0000001',239142,239143,239144,239145,239146,239147,239148,239149,239150,239151,239152,239153,239154,239155,239156,239157,239158,239159,239160,239161,239162,239163,239164,239165,239166,239167
914,91400,'914-Weekday-1-26-09-1111100',239168,239169,239170,239171,239172,239173,239174,239175,239176,239177,239178,239179,239180,239181,239182,239183,239184,239185,239186,239187,239188,239189,239190,239191,239192,239193,239194,239195,239196,239197,239198,239199,239200,239201,239202,239203,239204,239205,239206,239207,239208,239209
914,91400,'914-Weekday-2-26-09-1111100',239210,239211,239212,239213,239214,239215,239216,239217,239218,239219,239220,239221,239222,239223,239224,239225,239226,239227,239228,239229,239230,239231,239232,239233,239234,239235,239236,239237,239238,239239,239240,239241,239242,239243,239244,239245,239246,239247,239248,239249,239250,239251
914,91400,'914-Weekday-3-26-09-1111100',281782,281783,281784,281785,281786,281787,281788,281789,281790,281791,281792,281793,281794,281795,281796,281797,281798,281799,281800,281801,281802,281803,281804,281805,281806,281807,281808,281809,281810,281811,281812,281813,281814,281815,281816,281817,281818,281819,281820,281821,281822,281823
914,91400,'914-Weekday-4-26-09-1111100',239252,239253,239254,239255,239256,239257,239258,239259,239260,239261,239262,239263,239264,239265,239266,239267,239268,239269,239270,239271,239272,239273,239274,239275,239276,239277,239278,239279,239280,239281,239282,239283,239284,239285,239286,239287,239288,239289,239290,239291,239292,239293
914,91400,'914-Weekday-5-26-09-1111100',281824,281825,281826,281827,281828,281829,281830,281831,281832,281833,281834,281835,281836,281837,281838,281839,281840,281841,281842,281843,281844,281845,281846,281847,281848,281849,281850,281851,281852,281853,281854,281855,281856,281857,281858,281859,281860,281861,281862,281863,281864,281865
914,91400,'914-Weekday-6-26-09-1111100',281866,281867,281868,281869,281870,281871,281872,281873,281874,281875,281876,281877,281878,281879,281880,281881,281882,281883,281884,281885,281886,281887,281888,281889,281890,281891,281892,281893,281894,281895,281896,281897,281898,281899,281900,281901,281902,281903,281904,281905,281906,281907
914,91400,'914-Weekday-7-26-09-1111100',281908,281909,281910,281911,281912,281913,281914,281915,281916,281917,281918,281919,281920,281921,281922,281923,281924,281925,281926,281927,281928,281929,281930,281931,281932,281933,281934,281935,281936,281937,281938,281939,281940,281941,281942,281943,281944,281945,281946,281947,281948,281949
914,91400,'914-Saturday-1-26-09-0000010',239294,239295,239296,239297,239298,239299,239300,239301,239302,239303,239304,239305,239306,239307,239308,239309,239310,239311,239312,239313,239314,239315,239316,239317,239318,239319,239320
914,91400,'914-Sunday-1-26-09-0000001',239321,239322,239323,239324,239325,239326,239327,239328,239329,239330,239331,239332,239333,239334,239335,239336,239337,239338,239339,239340,239341,239342
914,91401,'914-Weekday-1-26-09-1111100',239343,239344,239345,239346,239347,239348,239349,239350,239351,239352,239353,239354,239355,239356,239357,239358,239359,239360,239361,239362,239363,239364,239365,239366,239367,239368,239369,239370,239371,239372,239373,239374,239375,239376,239377,239378,239379,239380,239381,239382,239383,239384
914,91401,'914-Weekday-2-26-09-1111100',239385,239386,239387,239388,239389,239390,239391,239392,239393,239394,239395,239396,239397,239398,239399,239400,239401,239402,239403,239404,239405,239406,239407,239408,239409,239410,239411,239412,239413,239414,239415,239416,239417,239418,239419,239420,239421,239422,239423,239424,239425,239426
914,91401,'914-Weekday-3-26-09-1111100',281950,281951,281952,281953,281954,281955,281956,281957,281958,281959,281960,281961,281962,281963,281964,281965,281966,281967,281968,281969,281970,281971,281972,281973,281974,281975,281976,281977,281978,281979,281980,281981,281982,281983,281984,281985,281986,281987,281988,281989,281990,281991
914,91401,'914-Weekday-4-26-09-1111100',239427,239428,239429,239430,239431,239432,239433,239434,239435,239436,239437,239438,239439,239440,239441,239442,239443,239444,239445,239446,239447,239448,239449,239450,239451,239452,239453,239454,239455,239456,239457,239458,239459,239460,239461,239462,239463,239464,239465,239466,239467,239468
914,91401,'914-Weekday-5-26-09-1111100',281992,281993,281994,281995,281996,281997,281998,281999,282000,282001,282002,282003,282004,282005,282006,282007,282008,282009,282010,282011,282012,282013,282014,282015,282016,282017,282018,282019,282020,282021,282022,282023,282024,282025,282026,282027,282028,282029,282030,282031,282032,282033
914,91401,'914-Weekday-6-26-09-1111100',282034,282035,282036,282037,282038,282039,282040,282041,282042,282043,282044,282045,282046,282047,282048,282049,282050,282051,282052,282053,282054,282055,282056,282057,282058,282059,282060,282061,282062,282063,282064,282065,282066,282067,282068,282069,282070,282071,282072,282073,282074,282075
914,91401,'914-Weekday-7-26-09-1111100',282076,282077,282078,282079,282080,282081,282082,282083,282084,282085,282086,282087,282088,282089,282090,282091,282092,282093,282094,282095,282096,282097,282098,282099,282100,282101,282102,282103,282104,282105,282106,282107,282108,282109,282110,282111,282112,282113,282114,282115,282116,282117
914,91401,'914-Saturday-1-26-09-0000010',239469,239470,239471,239472,239473,239474,239475,239476,239477,239478,239479,239480,239481,239482,239483,239484,239485,239486,239487,239488,239489,239490,239491,239492,239493,239494,239495
914,91401,'914-Sunday-1-26-09-0000001',239496,239497,239498,239499,239500,239501,239502,239503,239504,239505,239506,239507,239508,239509,239510,239511,239512,239513,239514,239515,239516,239517,239518
915,91500,'915-Weekday-1-26-09-1111100',239519,239520,239521,239522,239523,239524,239525,239526,239527,239528,239529,239530,239531,239532,239533,239534,239535,239536,239537,239538,239539,239540,239541,239542,239543,239544,239545,239546,239547,239548,239549,239550,239551,239552,239553,239554,239555,239556,239557,239558,239559,239560,239561,239562,239563,239564,239565
915,91500,'915-Weekday-2-26-09-1111100',239566,239567,239568,239569,239570,239571,239572,239573,239574,239575,239576,239577,239578,239579,239580,239581,239582,239583,239584,239585,239586,239587,239588,239589,239590,239591,239592,239593,239594,239595,239596,239597,239598,239599,239600,239601,239602,239603,239604,239605,239606,239607,239608,239609,239610,239611,239612
915,91500,'915-Weekday-3-26-09-1111100',282118,282119,282120,282121,282122,282123,282124,282125,282126,282127,282128,282129,282130,282131,282132,282133,282134,282135,282136,282137,282138,282139,282140,282141,282142,282143,282144,282145,282146,282147,282148,282149,282150,282151,282152,282153,282154,282155,282156,282157,282158,282159,282160,282161,282162,282163,282164
915,91500,'915-Weekday-4-26-09-1111100',239613,239614,239615,239616,239617,239618,239619,239620,239621,239622,239623,239624,239625,239626,239627,239628,239629,239630,239631,239632,239633,239634,239635,239636,239637,239638,239639,239640,239641,239642,239643,239644,239645,239646,239647,239648,239649,239650,239651,239652,239653,239654,239655,239656,239657,239658,239659
915,91500,'915-Weekday-5-26-09-1111100',282165,282166,282167,282168,282169,282170,282171,282172,282173,282174,282175,282176,282177,282178,282179,282180,282181,282182,282183,282184,282185,282186,282187,282188,282189,282190,282191,282192,282193,282194,282195,282196,282197,282198,282199,282200,282201,282202,282203,282204,282205,282206,282207,282208,282209,282210,282211
915,91500,'915-Weekday-6-26-09-1111100',282212,282213,282214,282215,282216,282217,282218,282219,282220,282221,282222,282223,282224,282225,282226,282227,282228,282229,282230,282231,282232,282233,282234,282235,282236,282237,282238,282239,282240,282241,282242,282243,282244,282245,282246,282247,282248,282249,282250,282251,282252,282253,282254,282255,282256,282257,282258
915,91500,'915-Weekday-7-26-09-1111100',282259,282260,282261,282262,282263,282264,282265,282266,282267,282268,282269,282270,282271,282272,282273,282274,282275,282276,282277,282278,282279,282280,282281,282282,282283,282284,282285,282286,282287,282288,282289,282290,282291,282292,282293,282294,282295,282296,282297,282298,282299,282300,282301,282302,282303,282304,282305
915,91500,'915-Saturday-1-26-09-0000010',239660,239661,239662,239663,239664,239665,239666,239667,239668,239669,239670,239671,239672,239673,239674,239675,239676,239677,239678,239679,239680,239681,239682,239683,239684,239685,239686,239687,239688,239689,239690,239691,239692
915,91500,'915-Sunday-1-26-09-0000001',239693,239694,239695,239696,239697,239698,239699,239700,239701,239702,239703,239704,239705,239706,239707,239708,239709,239710,239711,239712,239713,239714,239715,239716,239717,239718,239719,239720,239721,239722
915,91501,'915-Weekday-1-26-09-0001000',239723
915,91501,'915-Weekday-1-26-09-1111100',239724,239725,239726,239727,239728,239729,239730,239731,239732,239733,239734,239735,239736,239737,239738,239739,239740,239741,239742,239743,239744,239745,239746,239747,239748,239749,239750,239751,239752,239753,239754,239755,239756,239757,239758,239759,239760,239761,239762,239763,239764,239765,239766,239767,239768,239769,239770
915,91501,'915-Weekday-2-26-09-1111100',239771,239772,239773,239774,239775,239776,239777,239778,239779,239780,239781,239782,239783,239784,239785,239786,239787,239788,239789,239790,239791,239792,239793,239794,239795,239796,239797,239798,239799,239800,239801,239802,239803,239804,239805,239806,239807,239808,239809,239810,239811,239812,239813,239814,239815,239816,239817
915,91501,'915-Weekday-3-26-09-1111100',282306,282307,282308,282309,282310,282311,282312,282313,282314,282315,282316,282317,282318,282319,282320,282321,282322,282323,282324,282325,282326,282327,282328,282329,282330,282331,282332,282333,282334,282335,282336,282337,282338,282339,282340,282341,282342,282343,282344,282345,282346,282347,282348,282349,282350,282351,282352
915,91501,'915-Weekday-4-26-09-1111100',239818,239819,239820,239821,239822,239823,239824,239825,239826,239827,239828,239829,239830,239831,239832,239833,239834,239835,239836,239837,239838,239839,239840,239841,239842,239843,239844,239845,239846,239847,239848,239849,239850,239851,239852,239853,239854,239855,239856,239857,239858,239859,239860,239861,239862,239863,239864
915,91501,'915-Weekday-5-26-09-1111100',282353,282354,282355,282356,282357,282358,282359,282360,282361,282362,282363,282364,282365,282366,282367,282368,282369,282370,282371,282372,282373,282374,282375,282376,282377,282378,282379,282380,282381,282382,282383,282384,282385,282386,282387,282388,282389,282390,282391,282392,282393,282394,282395,282396,282397,282398,282399
915,91501,'915-Weekday-6-26-09-1111100',282400,282401,282402,282403,282404,282405,282406,282407,282408,282409,282410,282411,282412,282413,282414,282415,282416,282417,282418,282419,282420,282421,282422,282423,282424,282425,282426,282427,282428,282429,282430,282431,282432,282433,282434,282435,282436,282437,282438,282439,282440,282441,282442,282443,282444,282445,282446
915,91501,'915-Weekday-7-26-09-1111100',282447,282448,282449,282450,282451,282452,282453,282454,282455,282456,282457,282458,282459,282460,282461,282462,282463,282464,282465,282466,282467,282468,282469,282470,282471,282472,282473,282474,282475,282476,282477,282478,282479,282480,282481,282482,282483,282484,282485,282486,282487,282488,282489,282490,282491,282492,282493
915,91501,'915-Saturday-1-26-09-0000010',239865,239866,239867,239868,239869,239870,239871,239872,239873,239874,239875,239876,239877,239878,239879,239880,239881,239882,239883,239884,239885,239886,239887,239888,239889,239890,239891,239892,239893,239894,239895,239896,239897
915,91501,'915-Sunday-1-26-09-0000001',239898,239899,239900,239901,239902,239903,239904,239905,239906,239907,239908,239909,239910,239911,239912,239913,239914,239915,239916,239917,239918,239919,239920,239921,239922,239923,239924,239925,239926,239927
916,91600,'916-Weekday-1-26-09-0001000',239928
916,91600,'916-Weekday-1-26-09-1111100',239929,239930,239931,239932,239933,239934,239935,239936,239937,239938,239939,239940,239941,239942,239943,239944,239945,239946,239947,239948,239949,239950,239951,239952,239953,239954,239955,239956,239957,239958,239959,239960,239961,239962,239963,239964,239965,239966,239967,239968,239969,239970,239971,239972,239973,239974,239975,239976,239977,239978,239979
916,91600,'916-Weekday-2-26-09-1111100',239980,239981,239982,239983,239984,239985,239986,239987,239988,239989,239990,239991,239992,239993,239994,239995,239996,239997,239998,239999,240000,240001,240002,240003,240004,240005,240006,240007,240008,240009,240010,240011,240012,240013,240014,240015,240016,240017,240018,240019,240020,240021,240022,240023,240024,240025,240026,240027,240028,240029,240030
916,91600,'916-Weekday-3-26-09-1111100',282494,282495,282496,282497,282498,282499,282500,282501,282502,282503,282504,282505,282506,282507,282508,282509,282510,282511,282512,282513,282514,282515,282516,282517,282518,282519,282520,282521,282522,282523,282524,282525,282526,282527,282528,282529,282530,282531,282532,282533,282534,282535,282536,282537,282538,282539,282540,282541,282542,282543,282544
916,91600,'916-Weekday-4-26-09-1111100',240031,240032,240033,240034,240035,240036,240037,240038,240039,240040,240041,240042,240043,240044,240045,240046,240047,240048,240049,240050,240051,240052,240053,240054,240055,240056,240057,240058,240059,240060,240061,240062,240063,240064,240065,240066,240067,240068,240069,240070,240071,240072,240073,240074,240075,240076,240077,240078,240079,240080
916,91600,'916-Weekday-5-26-09-1111100',282545,282546,282547,282548,282549,282550,282551,282552,282553,282554,282555,282556,282557,282558,282559,282560,282561,282562,282563,282564,282565,282566,282567,282568,282569,282570,282571,282572,282573,282574,282575,282576,282577,282578,282579,282580,282581,282582,282583,282584,282585,282586,282587,282588,282589,282590,282591,282592,282593,282594
916,91600,'916-Weekday-6-26-09-1111100',282595,282596,282597,282598,282599,282600,282601,282602,282603,282604,282605,282606,282607,282608,282609,282610,282611,282612,282613,282614,282615,282616,282617,282618,282619,282620,282621,282622,282623,282624,282625,282626,282627,282628,282629,282630,282631,282632,282633,282634,282635,282636,282637,282638,282639,282640,282641,282642,282643,282644,282645
916,91600,'916-Weekday-7-26-09-1111100',282646,282647,282648,282649,282650,282651,282652,282653,282654,282655,282656,282657,282658,282659,282660,282661,282662,282663,282664,282665,282666,282667,282668,282669,282670,282671,282672,282673,282674,282675,282676,282677,282678,282679,282680,282681,282682,282683,282684,282685,282686,282687,282688,282689,282690,282691,282692,282693,282694,282695
916,91600,'916-Saturday-1-26-09-0000010',240081,240082,240083,240084,240085,240086,240087,240088,240089,240090,240091,240092,240093,240094,240095,240096,240097,240098,240099,240100,240101,240102,240103,240104,240105,240106,240107,240108,240109
916,91600,'916-Sunday-1-26-09-0000001',240110,240111,240112,240113,240114,240115,240116,240117,240118,240119,240120,240121,240122,240123,240124,240125,240126,240127,240128,240129,240130,240131,240132,240133,240134,240135,240136
916,91601,'916-Weekday-1-26-09-0001000',240137
916,91601,'916-Weekday-1-26-09-1110100',240138,240139
916,91601,'916-Weekday-1-26-09-1111100',240140,240141,240142,240143,240144,240145,240146,240147,240148,240149,240150,240151,240152,240153,240154,240155,240156,240157,240158,240159,240160,240161,240162,240163,240164,240165,240166,240167,240168,240169,240170,240171,240172,240173,240174,240175,240176,240177,240178,240179,240180,240181,240182,240183,240184,240185,240186
916,91601,'916-Weekday-2-26-09-1110100',240187
916,91601,'916-Weekday-2-26-09-1111100',240188,240189,240190,240191,240192,240193,240194,240195,240196,240197,240198,240199,240200,240201,240202,240203,240204,240205,240206,240207,240208,240209,240210,240211,240212,240213,240214,240215,240216,240217,240218,240219,240220,240221,240222,240223,240224,240225,240226,240227,240228,240229,240230,240231,240232,240233,240234
916,91601,'916-Weekday-3-26-09-1110100',282696
916,91601,'916-Weekday-3-26-09-1111100',282697,282698,282699,282700,282701,282702,282703,282704,282705,282706,282707,282708,282709,282710,282711,282712,282713,282714,282715,282716,282717,282718,282719,282720,282721,282722,282723,282724,282725,282726,282727,282728,282729,282730,282731,282732,282733,282734,282735,282736,282737,282738,282739,282740,282741,282742,282743
916,91601,'916-Weekday-4-26-09-1111100',240235,240236,240237,240238,240239,240240,240241,240242,240243,240244,240245,240246,240247,240248,240249,240250,240251,240252,240253,240254,240255,240256,240257,240258,240259,240260,240261,240262,240263,240264,240265,240266,240267,240268,240269,240270,240271,240272,240273,240274,240275,240276,240277,240278,240279,240280,240281
916,91601,'916-Weekday-5-26-09-1111100',282744,282745,282746,282747,282748,282749,282750,282751,282752,282753,282754,282755,282756,282757,282758,282759,282760,282761,282762,282763,282764,282765,282766,282767,282768,282769,282770,282771,282772,282773,282774,282775,282776,282777,282778,282779,282780,282781,282782,282783,282784,282785,282786,282787,282788,282789,282790
916,91601,'916-Weekday-6-26-09-1110100',282791,282792
916,91601,'916-Weekday-6-26-09-1111100',282793,282794,282795,282796,282797,282798,282799,282800,282801,282802,282803,282804,282805,282806,282807,282808,282809,282810,282811,282812,282813,282814,282815,282816,282817,282818,282819,282820,282821,282822,282823,282824,282825,282826,282827,282828,282829,282830,282831,282832,282833,282834,282835,282836,282837,282838,282839
916,91601,'916-Weekday-7-26-09-1111100',282840,282841,282842,282843,282844,282845,282846,282847,282848,282849,282850,282851,282852,282853,282854,282855,282856,282857,282858,282859,282860,282861,282862,282863,282864,282865,282866,282867,282868,282869,282870,282871,282872,282873,282874,282875,282876,282877,282878,282879,282880,282881,282882,282883,282884,282885,282886
916,91601,'916-Saturday-1-26-09-0000010',240282,240283,240284,240285,240286,240287,240288,240289,240290,240291,240292,240293,240294,240295,240296,240297,240298,240299,240300,240301,240302,240303,240304,240305,240306,240307,240308,240309,240310,240311
916,91601,'916-Sunday-1-26-09-0000001',240312,240313,240314,240315,240316,240317,240318,240319,240320,240321,240322,240323,240324,240325,240326,240327,240328,240329,240330,240331,240332,240333,240334,240335,240336,240337,240338
917,91700,'917-Weekday-1-26-09-1111100',240339,240340,240341,240342,240343,240344,240345,240346,240347,240348,240349,240350,240351,240352,240353,240354,240355,240356,240357,240358,240359,240360,240361,240362,240363,240364,240365,240366,240367,240368,240369,240370,240371,240372,240373,240374,240375,240376,240377,240378,240379,240380,240381
917,91700,'917-Weekday-2-26-09-1111100',240382,240383,240384,240385,240386,240387,240388,240389,240390,240391,240392,240393,240394,240395,240396,240397,240398,240399,240400,240401,240402,240403,240404,240405,240406,240407,240408,240409,240410,240411,240412,240413,240414,240415,240416,240417,240418,240419,240420,240421,240422,240423,240424
917,91700,'917-Weekday-3-26-09-1111100',282887,282888,282889,282890,282891,282892,282893,282894,282895,282896,282897,282898,282899,282900,282901,282902,282903,282904,282905,282906,282907,282908,282909,282910,282911,282912,282913,282914,282915,282916,282917,282918,282919,282920,282921,282922,282923,282924,282925,282926,282927,282928,282929
917,91700,'917-Weekday-4-26-09-1111100',240425,240426,240427,240428,240429,240430,240431,240432,240433,240434,240435,240436,240437,240438,240439,240440,240441,240442,240443,240444,240445,240446,240447,240448,240449,240450,240451,240452,240453,240454,240455,240456,240457,240458,240459,240460,240461,240462,240463,240464,240465,240466,240467
917,91700,'917-Weekday-5-26-09-1111100',282930,282931,282932,282933,282934,282935,282936,282937,282938,282939,282940,282941,282942,282943,282944,282945,282946,282947,282948,282949,282950,282951,282952,282953,282954,282955,282956,282957,282958,282959,282960,282961,282962,282963,282964,282965,282966,282967,282968,282969,282970,282971,282972
917,91700,'917-Weekday-6-26-09-1111100',282973,282974,282975,282976,282977,282978,282979,282980,282981,282982,282983,282984,282985,282986,282987,282988,282989,282990,282991,282992,282993,282994,282995,282996,282997,282998,282999,283000,283001,283002,283003,283004,283005,283006,283007,283008,283009,283010,283011,283012,283013,283014,283015
917,91700,'917-Weekday-7-26-09-1111100',283016,283017,283018,283019,283020,283021,283022,283023,283024,283025,283026,283027,283028,283029,283030,283031,283032,283033,283034,283035,283036,283037,283038,283039,283040,283041,283042,283043,283044,283045,283046,283047,283048,283049,283050,283051,283052,283053,283054,283055,283056,283057,283058
917,91700,'917-Saturday-1-26-09-0000010',240468,240469,240470,240471,240472,240473,240474,240475,240476,240477,240478,240479,240480,240481,240482,240483,240484,240485,240486,240487,240488,240489,240490,240491,240492,240493,240494,240495
917,91700,'917-Sunday-1-26-09-0000001',240496,240497,240498,240499,240500,240501,240502,240503,240504,240505,240506,240507,240508,240509,240510,240511,240512,240513,240514,240515,240516,240517,240518,240519,240520
917,91701,'917-Weekday-1-26-09-0001000',240521
917,91701,'917-Weekday-1-26-09-1111100',240522,240523,240524,240525,240526,240527,240528,240529,240530,240531,240532,240533,240534,240535,240536,240537,240538,240539,240540,240541,240542,240543,240544,240545,240546,240547,240548,240549,240550,240551,240552,240553,240554,240555,240556,240557,240558,240559,240560,240561,240562,240563,240564
917,91701,'917-Weekday-2-26-09-1111100',240565,240566,240567,240568,240569,240570,240571,240572,240573,240574,240575,240576,240577,240578,240579,240580,240581,240582,240583,240584,240585,240586,240587,240588,240589,240590,240591,240592,240593,240594,240595,240596,240597,240598,240599,240600,240601,240602,240603,240604,240605,240606,240607
917,91701,'917-Weekday-3-26-09-1111100',283059,283060,283061,283062,283063,283064,283065,283066,283067,283068,283069,283070,283071,283072,283073,283074,283075,283076,283077,283078,283079,283080,283081,283082,283083,283084,283085,283086,283087,283088,283089,283090,283091,283092,283093,283094,283095,283096,283097,283098,283099,283100,283101
917,91701,'917-Weekday-4-26-09-1111100',240608,240609,240610,240611,240612,240613,240614,240615,240616,240617,240618,240619,240620,240621,240622,240623,240624,240625,240626,240627,240628,240629,240630,240631,240632,240633,240634,240635,240636,240637,240638,240639,240640,240641,240642,240643,240644,240645,240646,240647,240648,240649,240650
917,91701,'917-Weekday-5-26-09-1111100',283102,283103,283104,283105,283106,283107,283108,283109,283110,283111,283112,283113,283114,283115,283116,283117,283118,283119,283120,283121,283122,283123,283124,283125,283126,283127,283128,283129,283130,283131,283132,283133,283134,283135,283136,283137,283138,283139,283140,283141,283142,283143,283144
917,91701,'917-Weekday-6-26-09-1111100',283145,283146,283147,283148,283149,283150,283151,283152,283153,283154,283155,283156,283157,283158,283159,283160,283161,283162,283163,283164,283165,283166,283167,283168,283169,283170,283171,283172,283173,283174,283175,283176,283177,283178,283179,283180,283181,283182,283183,283184,283185,283186,283187
917,91701,'917-Weekday-7-26-09-1111100',283188,283189,283190,283191,283192,283193,283194,283195,283196,283197,283198,283199,283200,283201,283202,283203,283204,283205,283206,283207,283208,283209,283210,283211,283212,283213,283214,283215,283216,283217,283218,283219,283220,283221,283222,283223,283224,283225,283226,283227,283228,283229,283230
917,91701,'917-Saturday-1-26-09-0000010',240651,240652,240653,240654,240655,240656,240657,240658,240659,240660,240661,240662,240663,240664,240665,240666,240667,240668,240669,240670,240671,240672,240673,240674,240675,240676,240677,240678
917,91701,'917-Sunday-1-26-09-0000001',240679,240680,240681,240682,240683,240684,240685,240686,240687,240688,240689,240690,240691,240692,240693,240694,240695,240696,240697,240698,240699,240700,240701,240702
919,91900,'919-Weekday-1-26-09-0001000',240703
919,91900,'919-Weekday-1-26-09-1111100',240704,240705,240706,240707,240708,240709,240710,240711,240712,240713,240714,240715,240716,240717,240718,240719,240720,240721,240722,240723,240724,240725,240726,240727,240728,240729,240730,240731,240732,240733,240734,240735,240736,240737,240738,240739,240740,240741,240742,240743,240744,240745,240746,240747,240748,240749,240750,240751,240752,240753,240754,240755,240756,240757,240758,240759,240760,240761,240762,240763,240764,240765,240766,240767,240768,240769,240770
919,91900,'919-Weekday-2-26-09-1111100',240771,240772,240773,240774,240775,240776,240777,240778,240779,240780,240781,240782,240783,240784,240785,240786,240787,240788,240789,240790,240791,240792,240793,240794,240795,240796,240797,240798,240799,240800,240801,240802,240803,240804,240805,240806,240807,240808,240809,240810,240811,240812,240813,240814,240815,240816,240817,240818,240819,240820,240821,240822,240823,240824,240825,240826,240827,240828,240829,240830,240831,240832,240833,240834,240835,240836,240837
919,91900,'919-Weekday-3-26-09-1111100',283231,283232,283233,283234,283235,283236,283237,283238,283239,283240,283241,283242,283243,283244,283245,283246,283247,283248,283249,283250,283251,283252,283253,283254,283255,283256,283257,283258,283259,283260,283261,283262,283263,283264,283265,283266,283267,283268,283269,283270,283271,283272,283273,283274,283275,283276,283277,283278,283279,283280,283281,283282,283283,283284,283285,283286,283287,283288,283289,283290,283291,283292,283293,283294,283295,283296,283297
919,91900,'919-Weekday-4-26-09-1111100',240838,240839,240840,240841,240842,240843,240844,240845,240846,240847,240848,240849,240850,240851,240852,240853,240854,240855,240856,240857,240858,240859,240860,240861,240862,240863,240864,240865,240866,240867,240868,240869,240870,240871,240872,240873,240874,240875,240876,240877,240878,240879,240880,240881,240882,240883,240884,240885,240886,240887,240888,240889,240890,240891,240892,240893,240894,240895,240896,240897,240898,240899,240900,240901,240902,240903,240904
919,91900,'919-Weekday-5-26-09-1111100',283298,283299,283300,283301,283302,283303,283304,283305,283306,283307,283308,283309,283310,283311,283312,283313,283314,283315,283316,283317,283318,283319,283320,283321,283322,283323,283324,283325,283326,283327,283328,283329,283330,283331,283332,283333,283334,283335,283336,283337,283338,283339,283340,283341,283342,283343,283344,283345,283346,283347,283348,283349,283350,283351,283352,283353,283354,283355,283356,283357,283358,283359,283360,283361,283362,283363,283364
919,91900,'919-Weekday-6-26-09-1111100',283365,283366,283367,283368,283369,283370,283371,283372,283373,283374,283375,283376,283377,283378,283379,283380,283381,283382,283383,283384,283385,283386,283387,283388,283389,283390,283391,283392,283393,283394,283395,283396,283397,283398,283399,283400,283401,283402,283403,283404,283405,283406,283407,283408,283409,283410,283411,283412,283413,283414,283415,283416,283417,283418,283419,283420,283421,283422,283423,283424,283425,283426,283427,283428,283429,283430,283431
919,91900,'919-Weekday-7-26-09-1111100',283432,283433,283434,283435,283436,283437,283438,283439,283440,283441,283442,283443,283444,283445,283446,283447,283448,283449,283450,283451,283452,283453,283454,283455,283456,283457,283458,283459,283460,283461,283462,283463,283464,283465,283466,283467,283468,283469,283470,283471,283472,283473,283474,283475,283476,283477,283478,283479,283480,283481,283482,283483,283484,283485,283486,283487,283488,283489,283490,283491,283492,283493,283494,283495,283496,283497,283498
919,91900,'919-Saturday-1-26-09-0000010',240905,240906,240907,240908,240909,240910,240911,240912,240913,240914,240915,240916,240917,240918,240919,240920,240921,240922,240923,240924,240925,240926,240927,240928,240929,240930,240931,240932
919,91900,'919-Sunday-1-26-09-0000001',240933,240934,240935,240936,240937,240938,240939,240940,240941,240942,240943,240944,240945,240946,240947,240948,240949,240950,240951,240952,240953,240954,240955,240956
919,91901,'919-Weekday-1-26-09-0001000',240957
919,91901,'919-Weekday-1-26-09-1111100',240958,240959,240960,240961,240962,240963,240964,240965,240966,240967,240968,240969,240970,240971,240972,240973,240974,240975,240976,240977,240978,240979,240980,240981,240982,240983,240984,240985,240986,240987,240988,240989,240990,240991,240992,240993,240994,240995,240996,240997,240998,240999,241000,241001,241002,241003,241004,241005,241006,241007,241008,241009,241010,241011,241012,241013,241014,241015,241016,241017,241018,241019,241020,241021,241022,241023,241024
919,91901,'919-Weekday-2-26-09-1111100',241025,241026,241027,241028,241029,241030,241031,241032,241033,241034,241035,241036,241037,241038,241039,241040,241041,241042,241043,241044,241045,241046,241047,241048,241049,241050,241051,241052,241053,241054,241055,241056,241057,241058,241059,241060,241061,241062,241063,241064,241065,241066,241067,241068,241069,241070,241071,241072,241073,241074,241075,241076,241077,241078,241079,241080,241081,241082,241083,241084,241085,241086,241087,241088,241089,241090,241091
919,91901,'919-Weekday-3-26-09-1111100',283499,283500,283501,283502,283503,283504,283505,283506,283507,283508,283509,283510,283511,283512,283513,283514,283515,283516,283517,283518,283519,283520,283521,283522,283523,283524,283525,283526,283527,283528,283529,283530,283531,283532,283533,283534,283535,283536,283537,283538,283539,283540,283541,283542,283543,283544,283545,283546,283547,283548,283549,283550,283551,283552,283553,283554,283555,283556,283557,283558,283559,283560,283561,283562,283563,283564,283565
919,91901,'919-Weekday-4-26-09-1111100',241092,241093,241094,241095,241096,241097,241098,241099,241100,241101,241102,241103,241104,241105,241106,241107,241108,241109,241110,241111,241112,241113,241114,241115,241116,241117,241118,241119,241120,241121,241122,241123,241124,241125,241126,241127,241128,241129,241130,241131,241132,241133,241134,241135,241136,241137,241138,241139,241140,241141,241142,241143,241144,241145,241146,241147,241148,241149,241150,241151,241152,241153,241154,241155,241156,241157,241158
919,91901,'919-Weekday-5-26-09-1111100',283566,283567,283568,283569,283570,283571,283572,283573,283574,283575,283576,283577,283578,283579,283580,283581,283582,283583,283584,283585,283586,283587,283588,283589,283590,283591,283592,283593,283594,283595,283596,283597,283598,283599,283600,283601,283602,283603,283604,283605,283606,283607,283608,283609,283610,283611,283612,283613,283614,283615,283616,283617,283618,283619,283620,283621,283622,283623,283624,283625,283626,283627,283628,283629,283630,283631,283632
919,91901,'919-Weekday-6-26-09-1111100',283633,283634,283635,283636,283637,283638,283639,283640,283641,283642,283643,283644,283645,283646,283647,283648,283649,283650,283651,283652,283653,283654,283655,283656,283657,283658,283659,283660,283661,283662,283663,283664,283665,283666,283667,283668,283669,283670,283671,283672,283673,283674,283675,283676,283677,283678,283679,283680,283681,283682,283683,283684,283685,283686,283687,283688,283689,283690,283691,283692,283693,283694,283695,283696,283697,283698,283699
919,91901,'919-Weekday-7-26-09-1111100',283700,283701,283702,283703,283704,283705,283706,283707,283708,283709,283710,283711,283712,283713,283714,283715,283716,283717,283718,283719,283720,283721,283722,283723,283724,283725,283726,283727,283728,283729,283730,283731,283732,283733,283734,283735,283736,283737,283738,283739,283740,283741,283742,283743,283744,283745,283746,283747,283748,283749,283750,283751,283752,283753,283754,283755,283756,283757,283758,283759,283760,283761,283762,283763,283764,283765,283766
919,91901,'919-Saturday-1-26-09-0000010',241159,241160,241161,241162,241163,241164,241165,241166,241167,241168,241169,241170,241171,241172,241173,241174,241175,241176,241177,241178,241179,241180,241181,241182,241183,241184,241185,241186
919,91901,'919-Sunday-1-26-09-0000001',241187,241188,241189,241190,241191,241192,241193,241194,241195,241196,241197,241198,241199,241200,241201,241202,241203,241204,241205,241206,241207,241208,241209,241210
921,92100,'921-Weekday-1-26-09-1111100',241211,241212,241213,241214,241215,241216,241217,241218,241219,241220,241221,241222,241223,241224,241225,241226,241227,241228,241229,241230,241231,241232,241233,241234,241235,241236,241237,241238,241239,241240,241241,241242,241243,241244,241245,241246,241247,241248,241249,241250
921,92100,'921-Weekday-2-26-09-1111100',241251,241252,241253,241254,241255,241256,241257,241258,241259,241260,241261,241262,241263,241264,241265,241266,241267,241268,241269,241270,241271,241272,241273,241274,241275,241276,241277,241278,241279,241280,241281,241282,241283,241284,241285,241286,241287,241288,241289,241290
921,92100,'921-Weekday-3-26-09-1111100',283767,283768,283769,283770,283771,283772,283773,283774,283775,283776,283777,283778,283779,283780,283781,283782,283783,283784,283785,283786,283787,283788,283789,283790,283791,283792,283793,283794,283795,283796,283797,283798,283799,283800,283801,283802,283803,283804,283805,283806
921,92100,'921-Weekday-4-26-09-1111100',241291,241292,241293,241294,241295,241296,241297,241298,241299,241300,241301,241302,241303,241304,241305,241306,241307,241308,241309,241310,241311,241312,241313,241314,241315,241316,241317,241318,241319,241320,241321,241322,241323,241324,241325,241326,241327,241328,241329,241330
921,92100,'921-Weekday-5-26-09-1111100',283807,283808,283809,283810,283811,283812,283813,283814,283815,283816,283817,283818,283819,283820,283821,283822,283823,283824,283825,283826,283827,283828,283829,283830,283831,283832,283833,283834,283835,283836,283837,283838,283839,283840,283841,283842,283843,283844,283845,283846
921,92100,'921-Weekday-6-26-09-1111100',283847,283848,283849,283850,283851,283852,283853,283854,283855,283856,283857,283858,283859,283860,283861,283862,283863,283864,283865,283866,283867,283868,283869,283870,283871,283872,283873,283874,283875,283876,283877,283878,283879,283880,283881,283882,283883,283884,283885,283886
921,92100,'921-Weekday-7-26-09-1111100',283887,283888,283889,283890,283891,283892,283893,283894,283895,283896,283897,283898,283899,283900,283901,283902,283903,283904,283905,283906,283907,283908,283909,283910,283911,283912,283913,283914,283915,283916,283917,283918,283919,283920,283921,283922,283923,283924,283925,283926
921,92100,'921-Saturday-1-26-09-0000010',241331,241332,241333,241334,241335,241336,241337,241338,241339,241340,241341,241342,241343,241344,241345,241346,241347,241348,241349,241350,241351,241352,241353,241354,241355,241356,241357
921,92100,'921-Sunday-1-26-09-0000001',241358,241359,241360,241361,241362,241363,241364,241365,241366,241367,241368,241369,241370,241371,241372,241373,241374,241375,241376,241377,241378,241379,241380
921,92101,'921-Weekday-1-26-09-1111100',241381,241382,241383,241384,241385,241386,241387,241388,241389,241390,241391,241392,241393,241394,241395,241396,241397,241398,241399,241400,241401,241402,241403,241404,241405,241406,241407,241408,241409,241410,241411,241412,241413,241414,241415,241416,241417,241418,241419,241420
921,92101,'921-Weekday-2-26-09-1111100',241421,241422,241423,241424,241425,241426,241427,241428,241429,241430,241431,241432,241433,241434,241435,241436,241437,241438,241439,241440,241441,241442,241443,241444,241445,241446,241447,241448,241449,241450,241451,241452,241453,241454,241455,241456,241457,241458,241459,241460
921,92101,'921-Weekday-3-26-09-1111100',283927,283928,283929,283930,283931,283932,283933,283934,283935,283936,283937,283938,283939,283940,283941,283942,283943,283944,283945,283946,283947,283948,283949,283950,283951,283952,283953,283954,283955,283956,283957,283958,283959,283960,283961,283962,283963,283964,283965,283966
921,92101,'921-Weekday-4-26-09-1111100',241461,241462,241463,241464,241465,241466,241467,241468,241469,241470,241471,241472,241473,241474,241475,241476,241477,241478,241479,241480,241481,241482,241483,241484,241485,241486,241487,241488,241489,241490,241491,241492,241493,241494,241495,241496,241497,241498,241499,241500
921,92101,'921-Weekday-5-26-09-1111100',283967,283968,283969,283970,283971,283972,283973,283974,283975,283976,283977,283978,283979,283980,283981,283982,283983,283984,283985,283986,283987,283988,283989,283990,283991,283992,283993,283994,283995,283996,283997,283998,283999,284000,284001,284002,284003,284004,284005,284006
921,92101,'921-Weekday-6-26-09-1111100',284007,284008,284009,284010,284011,284012,284013,284014,284015,284016,284017,284018,284019,284020,284021,284022,284023,284024,284025,284026,284027,284028,284029,284030,284031,284032,284033,284034,284035,284036,284037,284038,284039,284040,284041,284042,284043,284044,284045,284046
921,92101,'921-Weekday-7-26-09-1111100',284047,284048,284049,284050,284051,284052,284053,284054,284055,284056,284057,284058,284059,284060,284061,284062,284063,284064,284065,284066,284067,284068,284069,284070,284071,284072,284073,284074,284075,284076,284077,284078,284079,284080,284081,284082,284083,284084,284085,284086
921,92101,'921-Saturday-1-26-09-0000010',241501,241502,241503,241504,241505,241506,241507,241508,241509,241510,241511,241512,241513,241514,241515,241516,241517,241518,241519,241520,241521,241522,241523,241524,241525,241526,241527
921,92101,'921-Sunday-1-26-09-0000001',241528,241529,241530,241531,241532,241533,241534,241535,241536,241537,241538,241539,241540,241541,241542,241543,241544,241545,241546,241547,241548,241549,241550
922,92200,'922-Weekday-1-26-09-1111100',241551,241552,241553,241554,241555,241556,241557,241558,241559,241560,241561,241562,241563,241564,241565,241566,241567,241568,241569,241570,241571,241572,241573,241574,241575,241576,241577,241578,241579,241580,241581,241582,241583,241584,241585,241586,241587,241588,241589,241590,241591,241592,241593,241594,241595,241596,241597,241598,241599,241600,241601,241602,241603,241604,241605,241606
922,92200,'922-Weekday-2-26-09-1111100',241607,241608,241609,241610,241611,241612,241613,241614,241615,241616,241617,241618,241619,241620,241621,241622,241623,241624,241625,241626,241627,241628,241629,241630,241631,241632,241633,241634,241635,241636,241637,241638,241639,241640,241641,241642,241643,241644,241645,241646,241647,241648,241649,241650,241651,241652,241653,241654,241655,241656,241657,241658,241659,241660,241661,241662
922,92200,'922-Weekday-3-26-09-1111100',284087,284088,284089,284090,284091,284092,284093,284094,284095,284096,284097,284098,284099,284100,284101,284102,284103,284104,284105,284106,284107,284108,284109,284110,284111,284112,284113,284114,284115,284116,284117,284118,284119,284120,284121,284122,284123,284124,284125,284126,284127,284128,284129,284130,284131,284132,284133,284134,284135,284136,284137,284138,284139,284140,284141,284142
922,92200,'922-Weekday-4-26-09-1111100',241663,241664,241665,241666,241667,241668,241669,241670,241671,241672,241673,241674,241675,241676,241677,241678,241679,241680,241681,241682,241683,241684,241685,241686,241687,241688,241689,241690,241691,241692,241693,241694,241695,241696,241697,241698,241699,241700,241701,241702,241703,241704,241705,241706,241707,241708,241709,241710,241711,241712,241713,241714,241715,241716,241717,241718
922,92200,'922-Weekday-5-26-09-1111100',284143,284144,284145,284146,284147,284148,284149,284150,284151,284152,284153,284154,284155,284156,284157,284158,284159,284160,284161,284162,284163,284164,284165,284166,284167,284168,284169,284170,284171,284172,284173,284174,284175,284176,284177,284178,284179,284180,284181,284182,284183,284184,284185,284186,284187,284188,284189,284190,284191,284192,284193,284194,284195,284196,284197,284198
922,92200,'922-Weekday-6-26-09-1111100',284199,284200,284201,284202,284203,284204,284205,284206,284207,284208,284209,284210,284211,284212,284213,284214,284215,284216,284217,284218,284219,284220,284221,284222,284223,284224,284225,284226,284227,284228,284229,284230,284231,284232,284233,284234,284235,284236,284237,284238,284239,284240,284241,284242,284243,284244,284245,284246,284247,284248,284249,284250,284251,284252,284253,284254
922,92200,'922-Weekday-7-26-09-1111100',284255,284256,284257,284258,284259,284260,284261,284262,284263,284264,284265,284266,284267,284268,284269,284270,284271,284272,284273,284274,284275,284276,284277,284278,284279,284280,284281,284282,284283,284284,284285,284286,284287,284288,284289,284290,284291,284292,284293,284294,284295,284296,284297,284298,284299,284300,284301,284302,284303,284304,284305,284306,284307,284308,284309,284310
922,92200,'922-Saturday-1-26-09-0000010',241719,241720,241721,241722,241723,241724,241725,241726,241727,241728,241729,241730,241731,241732,241733,241734,241735,241736,241737,241738,241739,241740,241741,241742,241743,241744,241745,241746,241747,241748,241749,241750
922,92200,'922-Sunday-1-26-09-0000001',241751,241752,241753,241754,241755,241756,241757,241758,241759,241760,241761,241762,241763,241764,241765,241766,241767,241768,241769,241770,241771,241772,241773,241774,241775,241776,241777
922,92201,'922-Weekday-1-26-09-1111100',241778,241779,241780,241781,241782,241783,241784,241785,241786,241787,241788,241789,241790,241791,241792,241793,241794,241795,241796,241797,241798,241799,241800,241801,241802,241803,241804,241805,241806,241807,241808,241809,241810,241811,241812,241813,241814,241815,241816,241817,241818,241819,241820,241821,241822,241823,241824,241825,241826,241827,241828,241829,241830,241831,241832,241833
922,92201,'922-Weekday-2-26-09-1111100',241834,241835,241836,241837,241838,241839,241840,241841,241842,241843,241844,241845,241846,241847,241848,241849,241850,241851,241852,241853,241854,241855,241856,241857,241858,241859,241860,241861,241862,241863,241864,241865,241866,241867,241868,241869,241870,241871,241872,241873,241874,241875,241876,241877,241878,241879,241880,241881,241882,241883,241884,241885,241886,241887,241888,241889
922,92201,'922-Weekday-3-26-09-1111100',284311,284312,284313,284314,284315,284316,284317,284318,284319,284320,284321,284322,284323,284324,284325,284326,284327,284328,284329,284330,284331,284332,284333,284334,284335,284336,284337,284338,284339,284340,284341,284342,284343,284344,284345,284346,284347,284348,284349,284350,284351,284352,284353,284354,284355,284356,284357,284358,284359,284360,284361,284362,284363,284364,284365,284366
922,92201,'922-Weekday-4-26-09-1111100',241890,241891,241892,241893,241894,241895,241896,241897,241898,241899,241900,241901,241902,241903,241904,241905,241906,241907,241908,241909,241910,241911,241912,241913,241914,241915,241916,241917,241918,241919,241920,241921,241922,241923,241924,241925,241926,241927,241928,241929,241930,241931,241932,241933,241934,241935,241936,241937,241938,241939,241940,241941,241942,241943,241944,241945
922,92201,'922-Weekday-5-26-09-1111100',284367,284368,284369,284370,284371,284372,284373,284374,284375,284376,284377,284378,284379,284380,284381,284382,284383,284384,284385,284386,284387,284388,284389,284390,284391,284392,284393,284394,284395,284396,284397,284398,284399,284400,284401,284402,284403,284404,284405,284406,284407,284408,284409,284410,284411,284412,284413,284414,284415,284416,284417,284418,284419,284420,284421,284422
922,92201,'922-Weekday-6-26-09-1111100',284423,284424,284425,284426,284427,284428,284429,284430,284431,284432,284433,284434,284435,284436,284437,284438,284439,284440,284441,284442,284443,284444,284445,284446,284447,284448,284449,284450,284451,284452,284453,284454,284455,284456,284457,284458,284459,284460,284461,284462,284463,284464,284465,284466,284467,284468,284469,284470,284471,284472,284473,284474,284475,284476,284477,284478
922,92201,'922-Weekday-7-26-09-1111100',284479,284480,284481,284482,284483,284484,284485,284486,284487,284488,284489,284490,284491,284492,284493,284494,284495,284496,284497,284498,284499,284500,284501,284502,284503,284504,284505,284506,284507,284508,284509,284510,284511,284512,284513,284514,284515,284516,284517,284518,284519,284520,284521,284522,284523,284524,284525,284526,284527,284528,284529,284530,284531,284532,284533,284534
922,92201,'922-Saturday-1-26-09-0000010',241946,241947,241948,241949,241950,241951,241952,241953,241954,241955,241956,241957,241958,241959,241960,241961,241962,241963,241964,241965,241966,241967,241968,241969,241970,241971,241972,241973,241974,241975,241976,241977
922,92201,'922-Sunday-1-26-09-0000001',241978,241979,241980,241981,241982,241983,241984,241985,241986,241987,241988,241989,241990,241991,241992,241993,241994,241995,241996,241997,241998,241999,242000,242001,242002,242003,242004
923,92300,'923-Weekday-1-26-09-1111100',242005,242006,242007,242008,242009,242010,242011,242012,242013,242014,242015,242016,242017,242018,242019,242020,242021,242022,242023,242024,242025,242026,242027,242028,242029,242030,242031,242032,242033,242034,242035,242036,242037
923,92300,'923-Weekday-2-26-09-1111100',242038,242039,242040,242041,242042,242043,242044,242045,242046,242047,242048,242049,242050,242051,242052,242053,242054,242055,242056,242057,242058,242059,242060,242061,242062,242063,242064,242065,242066,242067,242068,242069,242070
923,92300,'923-Weekday-3-26-09-1111100',284535,284536,284537,284538,284539,284540,284541,284542,284543,284544,284545,284546,284547,284548,284549,284550,284551,284552,284553,284554,284555,284556,284557,284558,284559,284560,284561,284562,284563,284564,284565,284566,284567
923,92300,'923-Weekday-4-26-09-1111100',242071,242072,242073,242074,242075,242076,242077,242078,242079,242080,242081,242082,242083,242084,242085,242086,242087,242088,242089,242090,242091,242092,242093,242094,242095,242096,242097,242098,242099,242100,242101,242102,242103
923,92300,'923-Weekday-5-26-09-1111100',284568,284569,284570,284571,284572,284573,284574,284575,284576,284577,284578,284579,284580,284581,284582,284583,284584,284585,284586,284587,284588,284589,284590,284591,284592,284593,284594,284595,284596,284597,284598,284599,284600
923,92300,'923-Weekday-6-26-09-1111100',284601,284602,284603,284604,284605,284606,284607,284608,284609,284610,284611,284612,284613,284614,284615,284616,284617,284618,284619,284620,284621,284622,284623,284624,284625,284626,284627,284628,284629,284630,284631,284632,284633
923,92300,'923-Weekday-7-26-09-1111100',284634,284635,284636,284637,284638,284639,284640,284641,284642,284643,284644,284645,284646,284647,284648,284649,284650,284651,284652,284653,284654,284655,284656,284657,284658,284659,284660,284661,284662,284663,284664,284665,284666
923,92300,'923-Saturday-1-26-09-0000010',242104,242105,242106,242107,242108,242109,242110,242111,242112,242113,242114,242115,242116,242117,242118,242119,242120,242121,242122,242123,242124,242125,242126
923,92300,'923-Sunday-1-26-09-0000001',242127,242128,242129,242130,242131,242132,242133,242134,242135,242136,242137,242138,242139,242140,242141,242142,242143,242144,242145
923,92301,'923-Weekday-1-26-09-1111100',242146,242147,242148,242149,242150,242151,242152,242153,242154,242155,242156,242157,242158,242159,242160,242161,242162,242163,242164,242165,242166,242167,242168,242169,242170,242171,242172,242173,242174,242175,242176,242177,242178
923,92301,'923-Weekday-2-26-09-1111100',242179,242180,242181,242182,242183,242184,242185,242186,242187,242188,242189,242190,242191,242192,242193,242194,242195,242196,242197,242198,242199,242200,242201,242202,242203,242204,242205,242206,242207,242208,242209,242210,242211
923,92301,'923-Weekday-3-26-09-1111100',284667,284668,284669,284670,284671,284672,284673,284674,284675,284676,284677,284678,284679,284680,284681,284682,284683,284684,284685,284686,284687,284688,284689,284690,284691,284692,284693,284694,284695,284696,284697,284698,284699
923,92301,'923-Weekday-4-26-09-1111100',242212,242213,242214,242215,242216,242217,242218,242219,242220,242221,242222,242223,242224,242225,242226,242227,242228,242229,242230,242231,242232,242233,242234,242235,242236,242237,242238,242239,242240,242241,242242,242243,242244
923,92301,'923-Weekday-5-26-09-1111100',284700,284701,284702,284703,284704,284705,284706,284707,284708,284709,284710,284711,284712,284713,284714,284715,284716,284717,284718,284719,284720,284721,284722,284723,284724,284725,284726,284727,284728,284729,284730,284731,284732
923,92301,'923-Weekday-6-26-09-1111100',284733,284734,284735,284736,284737,284738,284739,284740,284741,284742,284743,284744,284745,284746,284747,284748,284749,284750,284751,284752,284753,284754,284755,284756,284757,284758,284759,284760,284761,284762,284763,284764,284765
923,92301,'923-Weekday-7-26-09-1111100',284766,284767,284768,284769,284770,284771,284772,284773,284774,284775,284776,284777,284778,284779,284780,284781,284782,284783,284784,284785,284786,284787,284788,284789,284790,284791,284792,284793,284794,284795,284796,284797,284798
923,92301,'923-Saturday-1-26-09-0000010',242245,242246,242247,242248,242249,242250,242251,242252,242253,242254,242255,242256,242257,242258,242259,242260,242261,242262,242263,242264,242265,242266,242267
923,92301,'923-Sunday-1-26-09-0000001',242268,242269,242270,242271,242272,242273,242274,242275,242276,242277,242278,242279,242280,242281,242282,242283,242284,242285,242286
924,92400,'924-Weekday-1-26-09-1111100',242287,242288,242289,242290,242291,242292,242293,242294,242295,242296,242297,242298,242299,242300,242301,242302,242303,242304
924,92400,'924-Weekday-2-26-09-1111100',242305,242306,242307,242308,242309,242310,242311,242312,242313,242314,242315,242316,242317,242318,242319,242320,242321,242322
924,92400,'924-Weekday-3-26-09-1111100',284799,284800,284801,284802,284803,284804,284805,284806,284807,284808,284809,284810,284811,284812,284813,284814,284815,284816
924,92400,'924-Weekday-4-26-09-1111100',242323,242324,242325,242326,242327,242328,242329,242330,242331,242332,242333,242334,242335,242336,242337,242338,242339,242340
924,92400,'924-Weekday-5-26-09-1111100',284817,284818,284819,284820,284821,284822,284823,284824,284825,284826,284827,284828,284829,284830,284831,284832,284833,284834
924,92400,'924-Weekday-6-26-09-1111100',284835,284836,284837,284838,284839,284840,284841,284842,284843,284844,284845,284846,284847,284848,284849,284850,284851,284852
924,92400,'924-Weekday-7-26-09-1111100',284853,284854,284855,284856,284857,284858,284859,284860,284861,284862,284863,284864,284865,284866,284867,284868,284869,284870
924,92400,'924-Saturday-1-26-09-0000010',242341,242342,242343,242344,242345,242346,242347,242348,242349,242350,242351
924,92400,'924-Sunday-1-26-09-0000001',242352,242353,242354,242355,242356,242357,242358,242359,242360
924,92401,'924-Weekday-1-26-09-1111100',242361,242362,242363,242364,242365,242366,242367,242368,242369,242370,242371,242372,242373,242374,242375,242376,242377,242378
924,92401,'924-Weekday-2-26-09-1111100',242379,242380,242381,242382,242383,242384,242385,242386,242387,242388,242389,242390,242391,242392,242393,242394,242395,242396
924,92401,'924-Weekday-3-26-09-1111100',284871,284872,284873,284874,284875,284876,284877,284878,284879,284880,284881,284882,284883,284884,284885,284886,284887,284888
924,92401,'924-Weekday-4-26-09-1111100',242397,242398,242399,242400,242401,242402,242403,242404,242405,242406,242407,242408,242409,242410,242411,242412,242413,242414
924,92401,'924-Weekday-5-26-09-1111100',284889,284890,284891,284892,284893,284894,284895,284896,284897,284898,284899,284900,284901,284902,284903,284904,284905,284906
924,92401,'924-Weekday-6-26-09-1111100',284907,284908,284909,284910,284911,284912,284913,284914,284915,284916,284917,284918,284919,284920,284921,284922,284923,284924
924,92401,'924-Weekday-7-26-09-1111100',284925,284926,284927,284928,284929,284930,284931,284932,284933,284934,284935,284936,284937,284938,284939,284940,284941,284942
924,92401,'924-Saturday-1-26-09-0000010',242415,242416,242417,242418,242419,242420,242421,242422,242423,242424,242425
924,92401,'924-Sunday-1-26-09-0000001',242426,242427,242428,242429,242430,242431,242432,242433,242434
925,92500,'925-Weekday-1-26-09-1111100',242435,242436,242437,242438,242439,242440,242441,242442
925,92500,'925-Weekday-2-26-09-1111100',242443,242444,242445,242446,242447,242448,242449,242450
925,92500,'925-Weekday-3-26-09-1111100',284943,284944,284945,284946,284947,284948,284949,284950
925,92500,'925-Weekday-4-26-09-1111100',242451,242452,242453,242454,242455,242456,242457,242458
925,92500,'925-Weekday-5-26-09-1111100',284951,284952,284953,284954,284955,284956,284957,284958
925,92500,'925-Weekday-6-26-09-1111100',284959,284960,284961,284962,284963,284964,284965,284966
925,92500,'925-Weekday-7-26-09-1111100',284967,284968,284969,284970,284971,284972,284973,284974
925,92501,'925-Weekday-1-26-09-1111100',242459,242460,242461,242462,242463,242464,242465,242466
925,92501,'925-Weekday-2-26-09-1111100',242467,242468,242469,242470,242471,242472,242473,242474
925,92501,'925-Weekday-3-26-09-1111100',284975,284976,284977,284978,284979,284980,284981,284982
925,92501,'925-Weekday-4-26-09-1111100',242475,242476,242477,242478,242479,242480,242481,242482
925,92501,'925-Weekday-5-26-09-1111100',284983,284984,284985,284986,284987,284988,284989,284990
925,92501,'925-Weekday-6-26-09-1111100',284991,284992,284993,284994,284995,284996,284997,284998
925,92501,'925-Weekday-7-26-09-1111100',284999,285000,285001,285002,285003,285004,285005,285006
926,92600,'926-Weekday-1-26-09-1111100',242483,242484,242485,242486,242487,242488,242489,242490,242491,242492,242493,242494,242495,242496,242497,242498,242499,242500,242501,242502,242503,242504,242505,242506,242507,242508,242509,242510,242511,242512,242513,242514,242515,242516,242517,242518,242519,242520,242521,242522,242523,242524
926,92600,'926-Weekday-2-26-09-1111100',242525,242526,242527,242528,242529,242530,242531,242532,242533,242534,242535,242536,242537,242538,242539,242540,242541,242542,242543,242544,242545,242546,242547,242548,242549,242550,242551,242552,242553,242554,242555,242556,242557,242558,242559,242560,242561,242562,242563,242564,242565,242566
926,92600,'926-Weekday-3-26-09-1111100',285007,285008,285009,285010,285011,285012,285013,285014,285015,285016,285017,285018,285019,285020,285021,285022,285023,285024,285025,285026,285027,285028,285029,285030,285031,285032,285033,285034,285035,285036,285037,285038,285039,285040,285041,285042,285043,285044,285045,285046,285047,285048
926,92600,'926-Weekday-4-26-09-1111100',242567,242568,242569,242570,242571,242572,242573,242574,242575,242576,242577,242578,242579,242580,242581,242582,242583,242584,242585,242586,242587,242588,242589,242590,242591,242592,242593,242594,242595,242596,242597,242598,242599,242600,242601,242602,242603,242604,242605,242606,242607
926,92600,'926-Weekday-5-26-09-1111100',285049,285050,285051,285052,285053,285054,285055,285056,285057,285058,285059,285060,285061,285062,285063,285064,285065,285066,285067,285068,285069,285070,285071,285072,285073,285074,285075,285076,285077,285078,285079,285080,285081,285082,285083,285084,285085,285086,285087,285088,285089
926,92600,'926-Weekday-6-26-09-1111100',285090,285091,285092,285093,285094,285095,285096,285097,285098,285099,285100,285101,285102,285103,285104,285105,285106,285107,285108,285109,285110,285111,285112,285113,285114,285115,285116,285117,285118,285119,285120,285121,285122,285123,285124,285125,285126,285127,285128,285129,285130,285131
926,92600,'926-Weekday-7-26-09-1111100',285132,285133,285134,285135,285136,285137,285138,285139,285140,285141,285142,285143,285144,285145,285146,285147,285148,285149,285150,285151,285152,285153,285154,285155,285156,285157,285158,285159,285160,285161,285162,285163,285164,285165,285166,285167,285168,285169,285170,285171,285172
926,92600,'926-Saturday-1-26-09-0000010',242608,242609,242610,242611,242612,242613,242614,242615,242616,242617,242618,242619,242620,242621,242622,242623,242624,242625,242626,242627,242628,242629,242630
926,92600,'926-Sunday-1-26-09-0000001',242631,242632,242633,242634,242635,242636,242637,242638,242639,242640,242641,242642,242643,242644,242645,242646,242647,242648,242649
10001,1000100,'001-Weekday-1-26-09-1111100',242650,242651,242652,242653,242654,242655,242656,242657,242658,242659,242660,242661,242662,242663,242664,242665,242666,242667,242668,242669,242670,242671,242672,242673,242674,242675,242676,242677,242678,242679,242680,242681,242682,242683,242684,242685,242686,242687,242688,242689,242690
10001,1000100,'001-Weekday-2-26-09-1111100',242691,242692,242693,242694,242695,242696,242697,242698,242699,242700,242701,242702,242703,242704,242705,242706,242707,242708,242709,242710,242711,242712,242713,242714,242715,242716,242717,242718,242719,242720,242721,242722,242723,242724,242725,242726,242727,242728,242729,242730,242731
10001,1000100,'001-Weekday-3-26-09-1111100',285173,285174,285175,285176,285177,285178,285179,285180,285181,285182,285183,285184,285185,285186,285187,285188,285189,285190,285191,285192,285193,285194,285195,285196,285197,285198,285199,285200,285201,285202,285203,285204,285205,285206,285207,285208,285209,285210,285211,285212
10001,1000100,'001-Weekday-4-26-09-1111100',242732,242733,242734,242735,242736,242737,242738,242739,242740,242741,242742,242743,242744,242745,242746,242747,242748,242749,242750,242751,242752,242753,242754,242755,242756,242757,242758,242759,242760,242761,242762,242763,242764,242765,242766,242767,242768,242769,242770,242771
10001,1000100,'001-Weekday-5-26-09-1111100',285213,285214,285215,285216,285217,285218,285219,285220,285221,285222,285223,285224,285225,285226,285227,285228,285229,285230,285231,285232,285233,285234,285235,285236,285237,285238,285239,285240,285241,285242,285243,285244,285245,285246,285247,285248,285249,285250,285251,285252
10001,1000100,'001-Weekday-6-26-09-1111100',285253,285254,285255,285256,285257,285258,285259,285260,285261,285262,285263,285264,285265,285266,285267,285268,285269,285270,285271,285272,285273,285274,285275,285276,285277,285278,285279,285280,285281,285282,285283,285284,285285,285286,285287,285288,285289,285290,285291,285292,285293
10001,1000100,'001-Weekday-7-26-09-1111100',285294,285295,285296,285297,285298,285299,285300,285301,285302,285303,285304,285305,285306,285307,285308,285309,285310,285311,285312,285313,285314,285315,285316,285317,285318,285319,285320,285321,285322,285323,285324,285325,285326,285327,285328,285329,285330,285331,285332,285333
10001,1000100,'001-Saturday-1-26-09-0000010',242772,242773,242774,242775,242776,242777,242778,242779,242780,242781,242782,242783,242784,242785,242786,242787,242788,242789,242790,242791,242792,242793,242794,242795,242796,242797,242798,242799,242800,242801,242802,242803,242804,242805,242806
10001,1000100,'001-Sunday-1-26-09-0000001',242807,242808,242809,242810,242811,242812,242813,242814,242815,242816,242817,242818,242819,242820,242821,242822,242823,242824,242825,242826,242827,242828,242829,242830,242831,242832,242833,242834,242835,242836,242837,242838
10001,1000101,'001-Weekday-1-26-09-1111100',242839,242840,242841,242842,242843,242844,242845,242846,242847,242848,242849,242850,242851,242852,242853,242854,242855,242856,242857,242858,242859,242860,242861,242862,242863,242864,242865,242866,242867,242868,242869,242870,242871,242872,242873,242874,242875,242876,242877,242878
10001,1000101,'001-Weekday-2-26-09-1111100',242879,242880,242881,242882,242883,242884,242885,242886,242887,242888,242889,242890,242891,242892,242893,242894,242895,242896,242897,242898,242899,242900,242901,242902,242903,242904,242905,242906,242907,242908,242909,242910,242911,242912,242913,242914,242915,242916,242917,242918
10001,1000101,'001-Weekday-3-26-09-1111100',285334,285335,285336,285337,285338,285339,285340,285341,285342,285343,285344,285345,285346,285347,285348,285349,285350,285351,285352,285353,285354,285355,285356,285357,285358,285359,285360,285361,285362,285363,285364,285365,285366,285367,285368,285369,285370,285371,285372,285373
10001,1000101,'001-Weekday-4-26-09-1111100',242919,242920,242921,242922,242923,242924,242925,242926,242927,242928,242929,242930,242931,242932,242933,242934,242935,242936,242937,242938,242939,242940,242941,242942,242943,242944,242945,242946,242947,242948,242949,242950,242951,242952,242953,242954,242955,242956,242957,242958
10001,1000101,'001-Weekday-5-26-09-1111100',285374,285375,285376,285377,285378,285379,285380,285381,285382,285383,285384,285385,285386,285387,285388,285389,285390,285391,285392,285393,285394,285395,285396,285397,285398,285399,285400,285401,285402,285403,285404,285405,285406,285407,285408,285409,285410,285411,285412,285413
10001,1000101,'001-Weekday-6-26-09-1111100',285414,285415,285416,285417,285418,285419,285420,285421,285422,285423,285424,285425,285426,285427,285428,285429,285430,285431,285432,285433,285434,285435,285436,285437,285438,285439,285440,285441,285442,285443,285444,285445,285446,285447,285448,285449,285450,285451,285452,285453
10001,1000101,'001-Weekday-7-26-09-1111100',285454,285455,285456,285457,285458,285459,285460,285461,285462,285463,285464,285465,285466,285467,285468,285469,285470,285471,285472,285473,285474,285475,285476,285477,285478,285479,285480,285481,285482,285483,285484,285485,285486,285487,285488,285489,285490,285491,285492,285493
10001,1000101,'001-Saturday-1-26-09-0000010',242959,242960,242961,242962,242963,242964,242965,242966,242967,242968,242969,242970,242971,242972,242973,242974,242975,242976,242977,242978,242979,242980,242981,242982,242983,242984,242985,242986,242987,242988,242989,242990,242991,242992,242993,242994
10001,1000101,'001-Sunday-1-26-09-0000001',242995,242996,242997,242998,242999,243000,243001,243002,243003,243004,243005,243006,243007,243008,243009,243010,243011,243012,243013,243014,243015,243016,243017,243018,243019,243020,243021,243022,243023,243024,243025,243026
10509,1050900,'509-Weekday-1-26-09-0001000',243027
10509,1050900,'509-Weekday-1-26-09-1110100',243028
10509,1050900,'509-Weekday-1-26-09-1111100',243029,243030,243031,243032,243033,243034,243035,243036,243037,243038,243039,243040,243041,243042,243043,243044,243045,243046,243047,243048,243049,243050,243051,243052,243053,243054,243055,243056,243057,243058,243059,243060,243061,243062,243063,243064,243065,243066,243067,243068,243069,243070,243071,243072,243073,243074,243075,243076,243077,243078,243079,243080,243081,243082
10509,1050900,'509-Weekday-2-26-09-1110100',243083
10509,1050900,'509-Weekday-2-26-09-1111100',243084,243085,243086,243087,243088,243089,243090,243091,243092,243093,243094,243095,243096,243097,243098,243099,243100,243101,243102,243103,243104,243105,243106,243107,243108,243109,243110,243111,243112,243113,243114,243115,243116,243117,243118,243119,243120,243121,243122,243123,243124,243125,243126,243127,243128,243129,243130,243131,243132,243133,243134,243135,243136,243137
10509,1050900,'509-Weekday-3-26-09-1111100',285494,285495,285496,285497,285498,285499,285500,285501,285502,285503,285504,285505,285506,285507,285508,285509,285510,285511,285512,285513,285514,285515,285516,285517,285518,285519,285520,285521,285522,285523,285524,285525,285526,285527,285528,285529,285530,285531,285532,285533,285534,285535,285536,285537,285538,285539,285540,285541,285542,285543,285544,285545,285546
10509,1050900,'509-Weekday-4-26-09-1111100',243138,243139,243140,243141,243142,243143,243144,243145,243146,243147,243148,243149,243150,243151,243152,243153,243154,243155,243156,243157,243158,243159,243160,243161,243162,243163,243164,243165,243166,243167,243168,243169,243170,243171,243172,243173,243174,243175,243176,243177,243178,243179,243180,243181,243182,243183,243184,243185,243186,243187,243188,243189
10509,1050900,'509-Weekday-5-26-09-1111100',285547,285548,285549,285550,285551,285552,285553,285554,285555,285556,285557,285558,285559,285560,285561,285562,285563,285564,285565,285566,285567,285568,285569,285570,285571,285572,285573,285574,285575,285576,285577,285578,285579,285580,285581,285582,285583,285584,285585,285586,285587,285588,285589,285590,285591,285592,285593,285594,285595,285596,285597,285598
10509,1050900,'509-Weekday-6-26-09-1110100',285599
10509,1050900,'509-Weekday-6-26-09-1111100',285600,285601,285602,285603,285604,285605,285606,285607,285608,285609,285610,285611,285612,285613,285614,285615,285616,285617,285618,285619,285620,285621,285622,285623,285624,285625,285626,285627,285628,285629,285630,285631,285632,285633,285634,285635,285636,285637,285638,285639,285640,285641,285642,285643,285644,285645,285646,285647,285648,285649,285650,285651,285652,285653
10509,1050900,'509-Weekday-7-26-09-1111100',285654,285655,285656,285657,285658,285659,285660,285661,285662,285663,285664,285665,285666,285667,285668,285669,285670,285671,285672,285673,285674,285675,285676,285677,285678,285679,285680,285681,285682,285683,285684,285685,285686,285687,285688,285689,285690,285691,285692,285693,285694,285695,285696,285697,285698,285699,285700,285701,285702,285703,285704,285705
10509,1050900,'509-Saturday-1-26-09-0000010',243190,243191,243192,243193,243194,243195,243196,243197,243198,243199,243200,243201,243202,243203,243204,243205,243206,243207,243208,243209,243210,243211,243212,243213,243214,243215,243216,243217,243218,243219,243220,243221,243222
10509,1050900,'509-Sunday-1-26-09-0000001',243223,243224,243225,243226,243227,243228,243229,243230,243231,243232,243233,243234,243235,243236,243237,243238,243239,243240,243241,243242,243243,243244,243245,243246,243247,243248,243249,243250,243251,243252,243253
10918,1091800,'918-Weekday-1-26-09-1111100',243254,243255,243256,243257,243258,243259,243260,243261,243262,243263,243264,243265,243266,243267,243268,243269,243270,243271,243272,243273,243274,243275,243276,243277,243278,243279,243280,243281,243282,243283,243284,243285,243286,243287,243288,243289,243290,243291,243292,243293,243294,243295,243296,243297,243298,243299,243300,243301
10918,1091800,'918-Weekday-2-26-09-1111100',243302,243303,243304,243305,243306,243307,243308,243309,243310,243311,243312,243313,243314,243315,243316,243317,243318,243319,243320,243321,243322,243323,243324,243325,243326,243327,243328,243329,243330,243331,243332,243333,243334,243335,243336,243337,243338,243339,243340,243341,243342,243343,243344,243345,243346,243347,243348,243349
10918,1091800,'918-Weekday-3-26-09-1111100',285706,285707,285708,285709,285710,285711,285712,285713,285714,285715,285716,285717,285718,285719,285720,285721,285722,285723,285724,285725,285726,285727,285728,285729,285730,285731,285732,285733,285734,285735,285736,285737,285738,285739,285740,285741,285742,285743,285744,285745,285746,285747,285748,285749,285750,285751,285752,285753
10918,1091800,'918-Weekday-4-26-09-1111100',243350,243351,243352,243353,243354,243355,243356,243357,243358,243359,243360,243361,243362,243363,243364,243365,243366,243367,243368,243369,243370,243371,243372,243373,243374,243375,243376,243377,243378,243379,243380,243381,243382,243383,243384,243385,243386,243387,243388,243389,243390,243391,243392,243393,243394,243395,243396,243397
10918,1091800,'918-Weekday-5-26-09-1111100',285754,285755,285756,285757,285758,285759,285760,285761,285762,285763,285764,285765,285766,285767,285768,285769,285770,285771,285772,285773,285774,285775,285776,285777,285778,285779,285780,285781,285782,285783,285784,285785,285786,285787,285788,285789,285790,285791,285792,285793,285794,285795,285796,285797,285798,285799,285800,285801
10918,1091800,'918-Weekday-6-26-09-1111100',285802,285803,285804,285805,285806,285807,285808,285809,285810,285811,285812,285813,285814,285815,285816,285817,285818,285819,285820,285821,285822,285823,285824,285825,285826,285827,285828,285829,285830,285831,285832,285833,285834,285835,285836,285837,285838,285839,285840,285841,285842,285843,285844,285845,285846,285847,285848,285849
10918,1091800,'918-Weekday-7-26-09-1111100',285850,285851,285852,285853,285854,285855,285856,285857,285858,285859,285860,285861,285862,285863,285864,285865,285866,285867,285868,285869,285870,285871,285872,285873,285874,285875,285876,285877,285878,285879,285880,285881,285882,285883,285884,285885,285886,285887,285888,285889,285890,285891,285892,285893,285894,285895,285896,285897
10918,1091800,'918-Saturday-1-26-09-0000010',243398,243399,243400,243401,243402,243403,243404,243405,243406,243407,243408,243409,243410,243411,243412,243413,243414,243415,243416,243417,243418,243419,243420,243421,243422,243423,243424,243425,243426,243427
10918,1091800,'918-Sunday-1-26-09-0000001',243428,243429,243430,243431,243432,243433,243434,243435,243436,243437,243438,243439,243440,243441,243442,243443,243444,243445,243446,243447,243448,243449,243450,243451,243452,243453,243454,243455
20001,2000100,'001-Weekday-1-26-09-1111100',243456,243457,243458,243459,243460,243461,243462,243463,243464,243465,243466,243467,243468,243469,243470,243471,243472,243473,243474,243475,243476,243477,243478,243479,243480,243481,243482,243483,243484,243485,243486,243487,243488,243489,243490,243491,243492,243493,243494,243495
20001,2000100,'001-Weekday-2-26-09-1111100',243496,243497,243498,243499,243500,243501,243502,243503,243504,243505,243506,243507,243508,243509,243510,243511,243512,243513,243514,243515,243516,243517,243518,243519,243520,243521,243522,243523,243524,243525,243526,243527,243528,243529,243530,243531,243532,243533,243534,243535
20001,2000100,'001-Weekday-3-26-09-1111100',285898,285899,285900,285901,285902,285903,285904,285905,285906,285907,285908,285909,285910,285911,285912,285913,285914,285915,285916,285917,285918,285919,285920,285921,285922,285923,285924,285925,285926,285927,285928,285929,285930,285931,285932,285933,285934,285935,285936,285937
20001,2000100,'001-Weekday-4-26-09-1111100',243536,243537,243538,243539,243540,243541,243542,243543,243544,243545,243546,243547,243548,243549,243550,243551,243552,243553,243554,243555,243556,243557,243558,243559,243560,243561,243562,243563,243564,243565,243566,243567,243568,243569,243570,243571,243572,243573,243574,243575
20001,2000100,'001-Weekday-5-26-09-1111100',285938,285939,285940,285941,285942,285943,285944,285945,285946,285947,285948,285949,285950,285951,285952,285953,285954,285955,285956,285957,285958,285959,285960,285961,285962,285963,285964,285965,285966,285967,285968,285969,285970,285971,285972,285973,285974,285975,285976,285977
20001,2000100,'001-Weekday-6-26-09-1111100',285978,285979,285980,285981,285982,285983,285984,285985,285986,285987,285988,285989,285990,285991,285992,285993,285994,285995,285996,285997,285998,285999,286000,286001,286002,286003,286004,286005,286006,286007,286008,286009,286010,286011,286012,286013,286014,286015,286016,286017
20001,2000100,'001-Weekday-7-26-09-1111100',286018,286019,286020,286021,286022,286023,286024,286025,286026,286027,286028,286029,286030,286031,286032,286033,286034,286035,286036,286037,286038,286039,286040,286041,286042,286043,286044,286045,286046,286047,286048,286049,286050,286051,286052,286053,286054,286055,286056,286057
20001,2000100,'001-Saturday-1-26-09-0000010',243576,243577,243578,243579,243580,243581,243582,243583,243584,243585,243586,243587,243588,243589,243590,243591,243592,243593,243594,243595,243596,243597,243598,243599,243600,243601,243602,243603,243604,243605,243606,243607,243608,243609,243610
20001,2000100,'001-Sunday-1-26-09-0000001',243611,243612,243613,243614,243615,243616,243617,243618,243619,243620,243621,243622,243623,243624,243625,243626,243627,243628,243629,243630,243631,243632,243633,243634,243635,243636,243637,243638,243639,243640,243641,243642
20001,2000101,'001-Weekday-1-26-09-1111100',243643,243644,243645,243646,243647,243648,243649,243650,243651,243652,243653,243654,243655,243656,243657,243658,243659,243660,243661,243662,243663,243664,243665,243666,243667,243668,243669,243670,243671,243672,243673,243674,243675,243676,243677,243678,243679,243680,243681,243682,243683
20001,2000101,'001-Weekday-2-26-09-1111100',243684,243685,243686,243687,243688,243689,243690,243691,243692,243693,243694,243695,243696,243697,243698,243699,243700,243701,243702,243703,243704,243705,243706,243707,243708,243709,243710,243711,243712,243713,243714,243715,243716,243717,243718,243719,243720,243721,243722,243723,243724
20001,2000101,'001-Weekday-3-26-09-1111100',286058,286059,286060,286061,286062,286063,286064,286065,286066,286067,286068,286069,286070,286071,286072,286073,286074,286075,286076,286077,286078,286079,286080,286081,286082,286083,286084,286085,286086,286087,286088,286089,286090,286091,286092,286093,286094,286095,286096,286097
20001,2000101,'001-Weekday-4-26-09-1111100',243725,243726,243727,243728,243729,243730,243731,243732,243733,243734,243735,243736,243737,243738,243739,243740,243741,243742,243743,243744,243745,243746,243747,243748,243749,243750,243751,243752,243753,243754,243755,243756,243757,243758,243759,243760,243761,243762,243763,243764
20001,2000101,'001-Weekday-5-26-09-1111100',286098,286099,286100,286101,286102,286103,286104,286105,286106,286107,286108,286109,286110,286111,286112,286113,286114,286115,286116,286117,286118,286119,286120,286121,286122,286123,286124,286125,286126,286127,286128,286129,286130,286131,286132,286133,286134,286135,286136,286137
20001,2000101,'001-Weekday-6-26-09-1111100',286138,286139,286140,286141,286142,286143,286144,286145,286146,286147,286148,286149,286150,286151,286152,286153,286154,286155,286156,286157,286158,286159,286160,286161,286162,286163,286164,286165,286166,286167,286168,286169,286170,286171,286172,286173,286174,286175,286176,286177,286178
20001,2000101,'001-Weekday-7-26-09-1111100',286179,286180,286181,286182,286183,286184,286185,286186,286187,286188,286189,286190,286191,286192,286193,286194,286195,286196,286197,286198,286199,286200,286201,286202,286203,286204,286205,286206,286207,286208,286209,286210,286211,286212,286213,286214,286215,286216,286217,286218
20001,2000101,'001-Saturday-1-26-09-0000010',243765,243766,243767,243768,243769,243770,243771,243772,243773,243774,243775,243776,243777,243778,243779,243780,243781,243782,243783,243784,243785,243786,243787,243788,243789,243790,243791,243792,243793,243794,243795,243796,243797,243798,243799
20001,2000101,'001-Sunday-1-26-09-0000001',243800,243801,243802,243803,243804,243805,243806,243807,243808,243809,243810,243811,243812,243813,243814,243815,243816,243817,243818,243819,243820,243821,243822,243823,243824,243825,243826,243827,243828,243829,243830,243831
20509,2050901,'509-Weekday-1-26-09-1111100',243832,243833,243834,243835,243836,243837,243838,243839,243840,243841,243842,243843,243844,243845,243846,243847,243848,243849,243850,243851,243852,243853,243854,243855,243856,243857,243858,243859,243860,243861,243862,243863,243864,243865,243866,243867,243868,243869,243870,243871,243872,243873,243874,243875,243876,243877,243878,243879,243880,243881,243882,243883,243884
20509,2050901,'509-Weekday-2-26-09-1111100',243885,243886,243887,243888,243889,243890,243891,243892,243893,243894,243895,243896,243897,243898,243899,243900,243901,243902,243903,243904,243905,243906,243907,243908,243909,243910,243911,243912,243913,243914,243915,243916,243917,243918,243919,243920,243921,243922,243923,243924,243925,243926,243927,243928,243929,243930,243931,243932,243933,243934,243935,243936
20509,2050901,'509-Weekday-3-26-09-1111100',286219,286220,286221,286222,286223,286224,286225,286226,286227,286228,286229,286230,286231,286232,286233,286234,286235,286236,286237,286238,286239,286240,286241,286242,286243,286244,286245,286246,286247,286248,286249,286250,286251,286252,286253,286254,286255,286256,286257,286258,286259,286260,286261,286262,286263,286264,286265,286266,286267,286268,286269,286270
20509,2050901,'509-Weekday-4-26-09-1111100',243937,243938,243939,243940,243941,243942,243943,243944,243945,243946,243947,243948,243949,243950,243951,243952,243953,243954,243955,243956,243957,243958,243959,243960,243961,243962,243963,243964,243965,243966,243967,243968,243969,243970,243971,243972,243973,243974,243975,243976,243977,243978,243979,243980,243981,243982,243983,243984,243985,243986,243987
20509,2050901,'509-Weekday-5-26-09-1111100',286271,286272,286273,286274,286275,286276,286277,286278,286279,286280,286281,286282,286283,286284,286285,286286,286287,286288,286289,286290,286291,286292,286293,286294,286295,286296,286297,286298,286299,286300,286301,286302,286303,286304,286305,286306,286307,286308,286309,286310,286311,286312,286313,286314,286315,286316,286317,286318,286319,286320,286321
20509,2050901,'509-Weekday-6-26-09-1111100',286322,286323,286324,286325,286326,286327,286328,286329,286330,286331,286332,286333,286334,286335,286336,286337,286338,286339,286340,286341,286342,286343,286344,286345,286346,286347,286348,286349,286350,286351,286352,286353,286354,286355,286356,286357,286358,286359,286360,286361,286362,286363,286364,286365,286366,286367,286368,286369,286370,286371,286372,286373,286374
20509,2050901,'509-Weekday-7-26-09-1111100',286375,286376,286377,286378,286379,286380,286381,286382,286383,286384,286385,286386,286387,286388,286389,286390,286391,286392,286393,286394,286395,286396,286397,286398,286399,286400,286401,286402,286403,286404,286405,286406,286407,286408,286409,286410,286411,286412,286413,286414,286415,286416,286417,286418,286419,286420,286421,286422,286423,286424,286425
20509,2050901,'509-Saturday-1-26-09-0000010',243988,243989,243990,243991,243992,243993,243994,243995,243996,243997,243998,243999,244000,244001,244002,244003,244004,244005,244006,244007,244008,244009,244010,244011,244012,244013,244014,244015,244016,244017,244018,244019,244020
20509,2050901,'509-Sunday-1-26-09-0000001',244021,244022,244023,244024,244025,244026,244027,244028,244029,244030,244031,244032,244033,244034,244035,244036,244037,244038,244039,244040,244041,244042,244043,244044,244045,244046,244047,244048,244049,244050
20918,2091801,'918-Weekday-1-26-09-1111100',244051,244052,244053,244054,244055,244056,244057,244058,244059,244060,244061,244062,244063,244064,244065,244066,244067,244068,244069,244070,244071,244072,244073,244074,244075,244076,244077,244078,244079,244080,244081,244082,244083,244084,244085,244086,244087,244088,244089,244090,244091,244092,244093,244094,244095,244096,244097
20918,2091801,'918-Weekday-2-26-09-1111100',244098,244099,244100,244101,244102,244103,244104,244105,244106,244107,244108,244109,244110,244111,244112,244113,244114,244115,244116,244117,244118,244119,244120,244121,244122,244123,244124,244125,244126,244127,244128,244129,244130,244131,244132,244133,244134,244135,244136,244137,244138,244139,244140,244141,244142,244143,244144
20918,2091801,'918-Weekday-3-26-09-1111100',286426,286427,286428,286429,286430,286431,286432,286433,286434,286435,286436,286437,286438,286439,286440,286441,286442,286443,286444,286445,286446,286447,286448,286449,286450,286451,286452,286453,286454,286455,286456,286457,286458,286459,286460,286461,286462,286463,286464,286465,286466,286467,286468,286469,286470,286471,286472
20918,2091801,'918-Weekday-4-26-09-1111100',244145,244146,244147,244148,244149,244150,244151,244152,244153,244154,244155,244156,244157,244158,244159,244160,244161,244162,244163,244164,244165,244166,244167,244168,244169,244170,244171,244172,244173,244174,244175,244176,244177,244178,244179,244180,244181,244182,244183,244184,244185,244186,244187,244188,244189,244190,244191
20918,2091801,'918-Weekday-5-26-09-1111100',286473,286474,286475,286476,286477,286478,286479,286480,286481,286482,286483,286484,286485,286486,286487,286488,286489,286490,286491,286492,286493,286494,286495,286496,286497,286498,286499,286500,286501,286502,286503,286504,286505,286506,286507,286508,286509,286510,286511,286512,286513,286514,286515,286516,286517,286518,286519
20918,2091801,'918-Weekday-6-26-09-1111100',286520,286521,286522,286523,286524,286525,286526,286527,286528,286529,286530,286531,286532,286533,286534,286535,286536,286537,286538,286539,286540,286541,286542,286543,286544,286545,286546,286547,286548,286549,286550,286551,286552,286553,286554,286555,286556,286557,286558,286559,286560,286561,286562,286563,286564,286565,286566
20918,2091801,'918-Weekday-7-26-09-1111100',286567,286568,286569,286570,286571,286572,286573,286574,286575,286576,286577,286578,286579,286580,286581,286582,286583,286584,286585,286586,286587,286588,286589,286590,286591,286592,286593,286594,286595,286596,286597,286598,286599,286600,286601,286602,286603,286604,286605,286606,286607,286608,286609,286610,286611,286612,286613
20918,2091801,'918-Saturday-1-26-09-0000010',244192,244193,244194,244195,244196,244197,244198,244199,244200,244201,244202,244203,244204,244205,244206,244207,244208,244209,244210,244211,244212,244213,244214,244215,244216,244217,244218,244219,244220,244221
20918,2091801,'918-Sunday-1-26-09-0000001',244222,244223,244224,244225,244226,244227,244228,244229,244230,244231,244232,244233,244234,244235,244236,244237,244238,244239,244240,244241,244242,244243,244244,244245,244246,244247,244248,244249,244250
240110,24011000,'110X-Weekday-1-26-09-1111100',244251,244252,244253,244254,244255,244256,244257,244258,244259,244260,244261,244262,244263,244264,244265,244266,244267,244268,244269,244270,244271,244272,244273,244274,244275,244276,244277,244278,244279,244280,244281,244282,244283,244284,244285,244286,244287,244288,244289,244290,244291,244292,244293,244294,244295,244296,244297,244298,244299,244300,244301,244302,244303,244304,244305,244306,244307,244308,244309,244310,244311,244312,244313
240110,24011000,'110X-Weekday-2-26-09-1111100',244314,244315,244316,244317,244318,244319,244320,244321,244322,244323,244324,244325,244326,244327,244328,244329,244330,244331,244332,244333,244334,244335,244336,244337,244338,244339,244340,244341,244342,244343,244344,244345,244346,244347,244348,244349,244350,244351,244352,244353,244354,244355,244356,244357,244358,244359,244360,244361,244362,244363,244364,244365,244366,244367,244368,244369,244370,244371,244372,244373,244374,244375,244376
240110,24011000,'110X-Weekday-3-26-09-1111100',286614,286615,286616,286617,286618,286619,286620,286621,286622,286623,286624,286625,286626,286627,286628,286629,286630,286631,286632,286633,286634,286635,286636,286637,286638,286639,286640,286641,286642,286643,286644,286645,286646,286647,286648,286649,286650,286651,286652,286653,286654,286655,286656,286657,286658,286659,286660,286661,286662,286663,286664,286665,286666,286667,286668,286669,286670,286671,286672,286673,286674,286675,286676
240110,24011000,'110X-Weekday-4-26-09-1111100',244377,244378,244379,244380,244381,244382,244383,244384,244385,244386,244387,244388,244389,244390,244391,244392,244393,244394,244395,244396,244397,244398,244399,244400,244401,244402,244403,244404,244405,244406,244407,244408,244409,244410,244411,244412,244413,244414,244415,244416,244417,244418,244419,244420,244421,244422,244423,244424,244425,244426,244427,244428,244429,244430,244431,244432,244433,244434,244435,244436,244437,244438,244439
240110,24011000,'110X-Weekday-5-26-09-1111100',286677,286678,286679,286680,286681,286682,286683,286684,286685,286686,286687,286688,286689,286690,286691,286692,286693,286694,286695,286696,286697,286698,286699,286700,286701,286702,286703,286704,286705,286706,286707,286708,286709,286710,286711,286712,286713,286714,286715,286716,286717,286718,286719,286720,286721,286722,286723,286724,286725,286726,286727,286728,286729,286730,286731,286732,286733,286734,286735,286736,286737,286738,286739
240110,24011000,'110X-Weekday-6-26-09-1111100',286740,286741,286742,286743,286744,286745,286746,286747,286748,286749,286750,286751,286752,286753,286754,286755,286756,286757,286758,286759,286760,286761,286762,286763,286764,286765,286766,286767,286768,286769,286770,286771,286772,286773,286774,286775,286776,286777,286778,286779,286780,286781,286782,286783,286784,286785,286786,286787,286788,286789,286790,286791,286792,286793,286794,286795,286796,286797,286798,286799,286800,286801,286802
240110,24011000,'110X-Weekday-7-26-09-1111100',286803,286804,286805,286806,286807,286808,286809,286810,286811,286812,286813,286814,286815,286816,286817,286818,286819,286820,286821,286822,286823,286824,286825,286826,286827,286828,286829,286830,286831,286832,286833,286834,286835,286836,286837,286838,286839,286840,286841,286842,286843,286844,286845,286846,286847,286848,286849,286850,286851,286852,286853,286854,286855,286856,286857,286858,286859,286860,286861,286862,286863,286864,286865
240110,24011000,'110X-Saturday-1-26-09-0000010',244440,244441,244442,244443,244444,244445,244446,244447,244448,244449,244450,244451,244452,244453,244454,244455,244456,244457,244458,244459,244460,244461,244462,244463,244464,244465,244466,244467,244468,244469,244470,244471
240110,24011000,'110X-Sunday-1-26-09-0000001',244472,244473,244474,244475,244476,244477,244478,244479,244480,244481,244482,244483,244484,244485,244486,244487,244488,244489
240110,24011001,'110X-Weekday-1-26-09-1111100',244490,244491,244492,244493,244494,244495,244496,244497,244498,244499,244500,244501,244502,244503,244504,244505,244506,244507,244508,244509,244510,244511,244512,244513,244514,244515,244516,244517,244518,244519,244520,244521,244522,244523,244524,244525,244526,244527,244528,244529,244530,244531,244532,244533,244534,244535,244536,244537,244538,244539,244540,244541,244542,244543,244544,244545,244546,244547,244548,244549
240110,24011001,'110X-Weekday-2-26-09-1111100',244550,244551,244552,244553,244554,244555,244556,244557,244558,244559,244560,244561,244562,244563,244564,244565,244566,244567,244568,244569,244570,244571,244572,244573,244574,244575,244576,244577,244578,244579,244580,244581,244582,244583,244584,244585,244586,244587,244588,244589,244590,244591,244592,244593,244594,244595,244596,244597,244598,244599,244600,244601,244602,244603,244604,244605,244606,244607,244608,244609
240110,24011001,'110X-Weekday-3-26-09-1111100',286866,286867,286868,286869,286870,286871,286872,286873,286874,286875,286876,286877,286878,286879,286880,286881,286882,286883,286884,286885,286886,286887,286888,286889,286890,286891,286892,286893,286894,286895,286896,286897,286898,286899,286900,286901,286902,286903,286904,286905,286906,286907,286908,286909,286910,286911,286912,286913,286914,286915,286916,286917,286918,286919,286920,286921,286922,286923,286924,286925
240110,24011001,'110X-Weekday-4-26-09-1111100',244610,244611,244612,244613,244614,244615,244616,244617,244618,244619,244620,244621,244622,244623,244624,244625,244626,244627,244628,244629,244630,244631,244632,244633,244634,244635,244636,244637,244638,244639,244640,244641,244642,244643,244644,244645,244646,244647,244648,244649,244650,244651,244652,244653,244654,244655,244656,244657,244658,244659,244660,244661,244662,244663,244664,244665,244666,244667,244668,244669
240110,24011001,'110X-Weekday-5-26-09-1111100',286926,286927,286928,286929,286930,286931,286932,286933,286934,286935,286936,286937,286938,286939,286940,286941,286942,286943,286944,286945,286946,286947,286948,286949,286950,286951,286952,286953,286954,286955,286956,286957,286958,286959,286960,286961,286962,286963,286964,286965,286966,286967,286968,286969,286970,286971,286972,286973,286974,286975,286976,286977,286978,286979,286980,286981,286982,286983,286984,286985
240110,24011001,'110X-Weekday-6-26-09-1111100',286986,286987,286988,286989,286990,286991,286992,286993,286994,286995,286996,286997,286998,286999,287000,287001,287002,287003,287004,287005,287006,287007,287008,287009,287010,287011,287012,287013,287014,287015,287016,287017,287018,287019,287020,287021,287022,287023,287024,287025,287026,287027,287028,287029,287030,287031,287032,287033,287034,287035,287036,287037,287038,287039,287040,287041,287042,287043,287044,287045
240110,24011001,'110X-Weekday-7-26-09-1111100',287046,287047,287048,287049,287050,287051,287052,287053,287054,287055,287056,287057,287058,287059,287060,287061,287062,287063,287064,287065,287066,287067,287068,287069,287070,287071,287072,287073,287074,287075,287076,287077,287078,287079,287080,287081,287082,287083,287084,287085,287086,287087,287088,287089,287090,287091,287092,287093,287094,287095,287096,287097,287098,287099,287100,287101,287102,287103,287104,287105
240110,24011001,'110X-Saturday-1-26-09-0000010',244670,244671,244672,244673,244674,244675,244676,244677,244678,244679,244680,244681,244682,244683,244684,244685,244686,244687,244688,244689,244690,244691,244692,244693,244694,244695,244696,244697,244698,244699,244700,244701
240110,24011001,'110X-Sunday-1-26-09-0000001',244702,244703,244704,244705,244706,244707,244708,244709,244710,244711,244712,244713,244714,244715,244716,244717,244718
240120,24012000,'120X-Weekday-1-26-09-1111100',244719,244720,244721,244722,244723,244724,244725,244726,244727,244728,244729,244730,244731,244732,244733,244734,244735,244736,244737,244738,244739,244740,244741,244742,244743,244744,244745,244746,244747,244748,244749,244750,244751,244752,244753,244754,244755,244756,244757,244758,244759,244760
240120,24012000,'120X-Weekday-2-26-09-1111100',244761,244762,244763,244764,244765,244766,244767,244768,244769,244770,244771,244772,244773,244774,244775,244776,244777,244778,244779,244780,244781,244782,244783,244784,244785,244786,244787,244788,244789,244790,244791,244792,244793,244794,244795,244796,244797,244798,244799,244800,244801,244802
240120,24012000,'120X-Weekday-3-26-09-1111100',287106,287107,287108,287109,287110,287111,287112,287113,287114,287115,287116,287117,287118,287119,287120,287121,287122,287123,287124,287125,287126,287127,287128,287129,287130,287131,287132,287133,287134,287135,287136,287137,287138,287139,287140,287141,287142,287143,287144,287145,287146,287147
240120,24012000,'120X-Weekday-4-26-09-1111100',244803,244804,244805,244806,244807,244808,244809,244810,244811,244812,244813,244814,244815,244816,244817,244818,244819,244820,244821,244822,244823,244824,244825,244826,244827,244828,244829,244830,244831,244832,244833,244834,244835,244836,244837,244838,244839,244840,244841,244842,244843,244844
240120,24012000,'120X-Weekday-5-26-09-1111100',287148,287149,287150,287151,287152,287153,287154,287155,287156,287157,287158,287159,287160,287161,287162,287163,287164,287165,287166,287167,287168,287169,287170,287171,287172,287173,287174,287175,287176,287177,287178,287179,287180,287181,287182,287183,287184,287185,287186,287187,287188,287189
240120,24012000,'120X-Weekday-6-26-09-1111100',287190,287191,287192,287193,287194,287195,287196,287197,287198,287199,287200,287201,287202,287203,287204,287205,287206,287207,287208,287209,287210,287211,287212,287213,287214,287215,287216,287217,287218,287219,287220,287221,287222,287223,287224,287225,287226,287227,287228,287229,287230,287231
240120,24012000,'120X-Weekday-7-26-09-1111100',287232,287233,287234,287235,287236,287237,287238,287239,287240,287241,287242,287243,287244,287245,287246,287247,287248,287249,287250,287251,287252,287253,287254,287255,287256,287257,287258,287259,287260,287261,287262,287263,287264,287265,287266,287267,287268,287269,287270,287271,287272,287273
240120,24012001,'120X-Weekday-1-26-09-1111100',244845,244846,244847,244848,244849,244850,244851,244852,244853,244854,244855,244856,244857,244858,244859,244860,244861,244862,244863,244864,244865,244866,244867,244868,244869,244870,244871,244872,244873,244874,244875,244876,244877,244878,244879,244880,244881,244882,244883,244884,244885,244886,244887,244888
240120,24012001,'120X-Weekday-2-26-09-1111100',244889,244890,244891,244892,244893,244894,244895,244896,244897,244898,244899,244900,244901,244902,244903,244904,244905,244906,244907,244908,244909,244910,244911,244912,244913,244914,244915,244916,244917,244918,244919,244920,244921,244922,244923,244924,244925,244926,244927,244928,244929,244930,244931,244932
240120,24012001,'120X-Weekday-3-26-09-1111100',287274,287275,287276,287277,287278,287279,287280,287281,287282,287283,287284,287285,287286,287287,287288,287289,287290,287291,287292,287293,287294,287295,287296,287297,287298,287299,287300,287301,287302,287303,287304,287305,287306,287307,287308,287309,287310,287311,287312,287313,287314,287315,287316,287317
240120,24012001,'120X-Weekday-4-26-09-1111100',244933,244934,244935,244936,244937,244938,244939,244940,244941,244942,244943,244944,244945,244946,244947,244948,244949,244950,244951,244952,244953,244954,244955,244956,244957,244958,244959,244960,244961,244962,244963,244964,244965,244966,244967,244968,244969,244970,244971,244972,244973,244974,244975,244976
240120,24012001,'120X-Weekday-5-26-09-1111100',287318,287319,287320,287321,287322,287323,287324,287325,287326,287327,287328,287329,287330,287331,287332,287333,287334,287335,287336,287337,287338,287339,287340,287341,287342,287343,287344,287345,287346,287347,287348,287349,287350,287351,287352,287353,287354,287355,287356,287357,287358,287359,287360,287361
240120,24012001,'120X-Weekday-6-26-09-1111100',287362,287363,287364,287365,287366,287367,287368,287369,287370,287371,287372,287373,287374,287375,287376,287377,287378,287379,287380,287381,287382,287383,287384,287385,287386,287387,287388,287389,287390,287391,287392,287393,287394,287395,287396,287397,287398,287399,287400,287401,287402,287403,287404,287405
240120,24012001,'120X-Weekday-7-26-09-1111100',287406,287407,287408,287409,287410,287411,287412,287413,287414,287415,287416,287417,287418,287419,287420,287421,287422,287423,287424,287425,287426,287427,287428,287429,287430,287431,287432,287433,287434,287435,287436,287437,287438,287439,287440,287441,287442,287443,287444,287445,287446,287447,287448,287449
240130,24013000,'130X-Weekday-1-26-09-1111100',244977,244978,244979,244980,244981,244982,244983,244984,244985
240130,24013000,'130X-Weekday-2-26-09-1111100',244986,244987,244988,244989,244990,244991,244992,244993,244994
240130,24013000,'130X-Weekday-3-26-09-1111100',287450,287451,287452,287453,287454,287455,287456,287457,287458
240130,24013000,'130X-Weekday-4-26-09-1111100',244995,244996,244997,244998,244999,245000,245001,245002,245003
240130,24013000,'130X-Weekday-5-26-09-1111100',287459,287460,287461,287462,287463,287464,287465,287466,287467
240130,24013000,'130X-Weekday-6-26-09-1111100',287468,287469,287470,287471,287472,287473,287474,287475,287476
240130,24013000,'130X-Weekday-7-26-09-1111100',287477,287478,287479,287480,287481,287482,287483,287484,287485
240130,24013001,'130X-Weekday-1-26-09-1111100',245004,245005,245006,245007,245008,245009,245010,245011,245012,245013,245014
240130,24013001,'130X-Weekday-2-26-09-1111100',245015,245016,245017,245018,245019,245020,245021,245022,245023,245024,245025
240130,24013001,'130X-Weekday-3-26-09-1111100',287486,287487,287488,287489,287490,287491,287492,287493,287494,287495,287496
240130,24013001,'130X-Weekday-4-26-09-1111100',245026,245027,245028,245029,245030,245031,245032,245033,245034,245035,245036
240130,24013001,'130X-Weekday-5-26-09-1111100',287497,287498,287499,287500,287501,287502,287503,287504,287505,287506,287507
240130,24013001,'130X-Weekday-6-26-09-1111100',287508,287509,287510,287511,287512,287513,287514,287515,287516,287517,287518
240130,24013001,'130X-Weekday-7-26-09-1111100',287519,287520,287521,287522,287523,287524,287525,287526,287527,287528,287529
240140,24014000,'140X-Weekday-1-26-09-1111100',245037,245038,245039,245040,245041,245042,245043,245044
240140,24014000,'140X-Weekday-2-26-09-1111100',245045,245046,245047,245048,245049,245050,245051,245052
240140,24014000,'140X-Weekday-3-26-09-1111100',287530,287531,287532,287533,287534,287535,287536,287537
240140,24014000,'140X-Weekday-4-26-09-1111100',245053,245054,245055,245056,245057,245058,245059,245060
240140,24014000,'140X-Weekday-5-26-09-1111100',287538,287539,287540,287541,287542,287543,287544,287545
240140,24014000,'140X-Weekday-6-26-09-1111100',287546,287547,287548,287549,287550,287551,287552,287553
240140,24014000,'140X-Weekday-7-26-09-1111100',287554,287555,287556,287557,287558,287559,287560,287561
240140,24014001,'140X-Weekday-1-26-09-1111100',245061,245062,245063,245064,245065,245066,245067,245068
240140,24014001,'140X-Weekday-2-26-09-1111100',245069,245070,245071,245072,245073,245074,245075,245076
240140,24014001,'140X-Weekday-3-26-09-1111100',287562,287563,287564,287565,287566,287567,287568,287569
240140,24014001,'140X-Weekday-4-26-09-1111100',245077,245078,245079,245080,245081,245082,245083,245084
240140,24014001,'140X-Weekday-5-26-09-1111100',287570,287571,287572,287573,287574,287575,287576,287577
240140,24014001,'140X-Weekday-6-26-09-1111100',287578,287579,287580,287581,287582,287583,287584,287585
240140,24014001,'140X-Weekday-7-26-09-1111100',287586,287587,287588,287589,287590,287591,287592,287593
240150,24015000,'150X-Weekday-1-26-09-1111100',245085,245086,245087,245088,245089,245090,245091,245092,245093
240150,24015000,'150X-Weekday-2-26-09-1111100',245094,245095,245096,245097,245098,245099,245100,245101,245102
240150,24015000,'150X-Weekday-3-26-09-1111100',287594,287595,287596,287597,287598,287599,287600,287601,287602
240150,24015000,'150X-Weekday-4-26-09-1111100',245103,245104,245105,245106,245107,245108,245109,245110,245111
240150,24015000,'150X-Weekday-5-26-09-1111100',287603,287604,287605,287606,287607,287608,287609,287610,287611
240150,24015000,'150X-Weekday-6-26-09-1111100',287612,287613,287614,287615,287616,287617,287618,287619,287620
240150,24015000,'150X-Weekday-7-26-09-1111100',287621,287622,287623,287624,287625,287626,287627,287628,287629
240150,24015001,'150X-Weekday-1-26-09-1111100',245112,245113,245114,245115,245116,245117,245118,245119,245120,245121
240150,24015001,'150X-Weekday-2-26-09-1111100',245122,245123,245124,245125,245126,245127,245128,245129,245130,245131
240150,24015001,'150X-Weekday-3-26-09-1111100',287630,287631,287632,287633,287634,287635,287636,287637,287638,287639
240150,24015001,'150X-Weekday-4-26-09-1111100',245132,245133,245134,245135,245136,245137,245138,245139,245140,245141
240150,24015001,'150X-Weekday-5-26-09-1111100',287640,287641,287642,287643,287644,287645,287646,287647,287648,287649
240150,24015001,'150X-Weekday-6-26-09-1111100',287650,287651,287652,287653,287654,287655,287656,287657,287658,287659
240150,24015001,'150X-Weekday-7-26-09-1111100',287660,287661,287662,287663,287664,287665,287666,287667,287668,287669
240500,24050000,'500X-Weekday-1-26-09-1111100',245142,245143,245144,245145,245146,245147,245148,245149,245150,245151,245152,245153,245154,245155,245156,245157,245158,245159,245160,245161,245162,245163,245164,245165,245166,245167,245168,245169,245170,245171,245172,245173,245174,245175,245176,245177,245178,245179,245180,245181,245182,245183,245184,245185,245186,245187,245188,245189,245190,245191,245192,245193,245194
240500,24050000,'500X-Weekday-2-26-09-1111100',245195,245196,245197,245198,245199,245200,245201,245202,245203,245204,245205,245206,245207,245208,245209,245210,245211,245212,245213,245214,245215,245216,245217,245218,245219,245220,245221,245222,245223,245224,245225,245226,245227,245228,245229,245230,245231,245232,245233,245234,245235,245236,245237,245238,245239,245240,245241,245242,245243,245244,245245,245246,245247
240500,24050000,'500X-Weekday-3-26-09-1111100',287670,287671,287672,287673,287674,287675,287676,287677,287678,287679,287680,287681,287682,287683,287684,287685,287686,287687,287688,287689,287690,287691,287692,287693,287694,287695,287696,287697,287698,287699,287700,287701,287702,287703,287704,287705,287706,287707,287708,287709,287710,287711,287712,287713,287714,287715,287716,287717,287718,287719,287720,287721,287722
240500,24050000,'500X-Weekday-4-26-09-1111100',245248,245249,245250,245251,245252,245253,245254,245255,245256,245257,245258,245259,245260,245261,245262,245263,245264,245265,245266,245267,245268,245269,245270,245271,245272,245273,245274,245275,245276,245277,245278,245279,245280,245281,245282,245283,245284,245285,245286,245287,245288,245289,245290,245291,245292,245293,245294,245295,245296,245297,245298,245299,245300
240500,24050000,'500X-Weekday-5-26-09-1111100',287723,287724,287725,287726,287727,287728,287729,287730,287731,287732,287733,287734,287735,287736,287737,287738,287739,287740,287741,287742,287743,287744,287745,287746,287747,287748,287749,287750,287751,287752,287753,287754,287755,287756,287757,287758,287759,287760,287761,287762,287763,287764,287765,287766,287767,287768,287769,287770,287771,287772,287773,287774,287775
240500,24050000,'500X-Weekday-6-26-09-1111100',287776,287777,287778,287779,287780,287781,287782,287783,287784,287785,287786,287787,287788,287789,287790,287791,287792,287793,287794,287795,287796,287797,287798,287799,287800,287801,287802,287803,287804,287805,287806,287807,287808,287809,287810,287811,287812,287813,287814,287815,287816,287817,287818,287819,287820,287821,287822,287823,287824,287825,287826,287827,287828
240500,24050000,'500X-Weekday-7-26-09-1111100',287829,287830,287831,287832,287833,287834,287835,287836,287837,287838,287839,287840,287841,287842,287843,287844,287845,287846,287847,287848,287849,287850,287851,287852,287853,287854,287855,287856,287857,287858,287859,287860,287861,287862,287863,287864,287865,287866,287867,287868,287869,287870,287871,287872,287873,287874,287875,287876,287877,287878,287879,287880,287881
240500,24050001,'500X-Weekday-1-26-09-1111100',245301,245302,245303,245304,245305,245306,245307,245308,245309,245310,245311,245312,245313,245314,245315,245316,245317,245318,245319,245320,245321,245322,245323,245324,245325,245326,245327,245328,245329,245330,245331,245332,245333,245334,245335,245336,245337,245338,245339,245340,245341,245342,245343,245344,245345,245346,245347,245348,245349,245350,245351,245352,245353,245354,245355,245356
240500,24050001,'500X-Weekday-2-26-09-1111100',245357,245358,245359,245360,245361,245362,245363,245364,245365,245366,245367,245368,245369,245370,245371,245372,245373,245374,245375,245376,245377,245378,245379,245380,245381,245382,245383,245384,245385,245386,245387,245388,245389,245390,245391,245392,245393,245394,245395,245396,245397,245398,245399,245400,245401,245402,245403,245404,245405,245406,245407,245408,245409,245410,245411,245412
240500,24050001,'500X-Weekday-3-26-09-1111100',287882,287883,287884,287885,287886,287887,287888,287889,287890,287891,287892,287893,287894,287895,287896,287897,287898,287899,287900,287901,287902,287903,287904,287905,287906,287907,287908,287909,287910,287911,287912,287913,287914,287915,287916,287917,287918,287919,287920,287921,287922,287923,287924,287925,287926,287927,287928,287929,287930,287931,287932,287933,287934,287935,287936,287937
240500,24050001,'500X-Weekday-4-26-09-1111100',245413,245414,245415,245416,245417,245418,245419,245420,245421,245422,245423,245424,245425,245426,245427,245428,245429,245430,245431,245432,245433,245434,245435,245436,245437,245438,245439,245440,245441,245442,245443,245444,245445,245446,245447,245448,245449,245450,245451,245452,245453,245454,245455,245456,245457,245458,245459,245460,245461,245462,245463,245464,245465,245466,245467,245468
240500,24050001,'500X-Weekday-5-26-09-1111100',287938,287939,287940,287941,287942,287943,287944,287945,287946,287947,287948,287949,287950,287951,287952,287953,287954,287955,287956,287957,287958,287959,287960,287961,287962,287963,287964,287965,287966,287967,287968,287969,287970,287971,287972,287973,287974,287975,287976,287977,287978,287979,287980,287981,287982,287983,287984,287985,287986,287987,287988,287989,287990,287991,287992,287993
240500,24050001,'500X-Weekday-6-26-09-1111100',287994,287995,287996,287997,287998,287999,288000,288001,288002,288003,288004,288005,288006,288007,288008,288009,288010,288011,288012,288013,288014,288015,288016,288017,288018,288019,288020,288021,288022,288023,288024,288025,288026,288027,288028,288029,288030,288031,288032,288033,288034,288035,288036,288037,288038,288039,288040,288041,288042,288043,288044,288045,288046,288047,288048,288049
240500,24050001,'500X-Weekday-7-26-09-1111100',288050,288051,288052,288053,288054,288055,288056,288057,288058,288059,288060,288061,288062,288063,288064,288065,288066,288067,288068,288069,288070,288071,288072,288073,288074,288075,288076,288077,288078,288079,288080,288081,288082,288083,288084,288085,288086,288087,288088,288089,288090,288091,288092,288093,288094,288095,288096,288097,288098,288099,288100,288101,288102,288103,288104,288105
240700,24070000,'700X-Weekday-1-26-09-1111100',245469,245470,245471,245472,245473,245474,245475,245476,245477,245478,245479,245480,245481,245482,245483,245484,245485,245486,245487,245488,245489,245490,245491,245492,245493,245494,245495,245496,245497,245498,245499,245500,245501,245502,245503,245504,245505,245506,245507,245508,245509,245510,245511,245512,245513,245514,245515,245516,245517,245518,245519,245520,245521,245522,245523,245524,245525,245526,245527,245528,245529,245530,245531,245532,245533
240700,24070000,'700X-Weekday-2-26-09-1111100',245534,245535,245536,245537,245538,245539,245540,245541,245542,245543,245544,245545,245546,245547,245548,245549,245550,245551,245552,245553,245554,245555,245556,245557,245558,245559,245560,245561,245562,245563,245564,245565,245566,245567,245568,245569,245570,245571,245572,245573,245574,245575,245576,245577,245578,245579,245580,245581,245582,245583,245584,245585,245586,245587,245588,245589,245590,245591,245592,245593,245594,245595,245596,245597,245598
240700,24070000,'700X-Weekday-3-26-09-1111100',288106,288107,288108,288109,288110,288111,288112,288113,288114,288115,288116,288117,288118,288119,288120,288121,288122,288123,288124,288125,288126,288127,288128,288129,288130,288131,288132,288133,288134,288135,288136,288137,288138,288139,288140,288141,288142,288143,288144,288145,288146,288147,288148,288149,288150,288151,288152,288153,288154,288155,288156,288157,288158,288159,288160,288161,288162,288163,288164,288165,288166,288167,288168,288169,288170
240700,24070000,'700X-Weekday-4-26-09-1111100',245599,245600,245601,245602,245603,245604,245605,245606,245607,245608,245609,245610,245611,245612,245613,245614,245615,245616,245617,245618,245619,245620,245621,245622,245623,245624,245625,245626,245627,245628,245629,245630,245631,245632,245633,245634,245635,245636,245637,245638,245639,245640,245641,245642,245643,245644,245645,245646,245647,245648,245649,245650,245651,245652,245653,245654,245655,245656,245657,245658,245659,245660,245661,245662,245663
240700,24070000,'700X-Weekday-5-26-09-1111100',288171,288172,288173,288174,288175,288176,288177,288178,288179,288180,288181,288182,288183,288184,288185,288186,288187,288188,288189,288190,288191,288192,288193,288194,288195,288196,288197,288198,288199,288200,288201,288202,288203,288204,288205,288206,288207,288208,288209,288210,288211,288212,288213,288214,288215,288216,288217,288218,288219,288220,288221,288222,288223,288224,288225,288226,288227,288228,288229,288230,288231,288232,288233,288234,288235
240700,24070000,'700X-Weekday-6-26-09-1111100',288236,288237,288238,288239,288240,288241,288242,288243,288244,288245,288246,288247,288248,288249,288250,288251,288252,288253,288254,288255,288256,288257,288258,288259,288260,288261,288262,288263,288264,288265,288266,288267,288268,288269,288270,288271,288272,288273,288274,288275,288276,288277,288278,288279,288280,288281,288282,288283,288284,288285,288286,288287,288288,288289,288290,288291,288292,288293,288294,288295,288296,288297,288298,288299,288300
240700,24070000,'700X-Weekday-7-26-09-1111100',288301,288302,288303,288304,288305,288306,288307,288308,288309,288310,288311,288312,288313,288314,288315,288316,288317,288318,288319,288320,288321,288322,288323,288324,288325,288326,288327,288328,288329,288330,288331,288332,288333,288334,288335,288336,288337,288338,288339,288340,288341,288342,288343,288344,288345,288346,288347,288348,288349,288350,288351,288352,288353,288354,288355,288356,288357,288358,288359,288360,288361,288362,288363,288364,288365
240700,24070001,'700X-Weekday-1-26-09-1111100',245664,245665,245666,245667,245668,245669,245670,245671,245672,245673,245674,245675,245676,245677,245678,245679,245680,245681,245682,245683,245684,245685,245686,245687,245688,245689,245690,245691,245692,245693,245694,245695,245696,245697,245698,245699,245700,245701,245702,245703,245704,245705,245706,245707,245708,245709,245710,245711,245712,245713,245714,245715,245716,245717,245718,245719,245720,245721,245722,245723,245724,245725,245726,245727,245728
240700,24070001,'700X-Weekday-2-26-09-1111100',245729,245730,245731,245732,245733,245734,245735,245736,245737,245738,245739,245740,245741,245742,245743,245744,245745,245746,245747,245748,245749,245750,245751,245752,245753,245754,245755,245756,245757,245758,245759,245760,245761,245762,245763,245764,245765,245766,245767,245768,245769,245770,245771,245772,245773,245774,245775,245776,245777,245778,245779,245780,245781,245782,245783,245784,245785,245786,245787,245788,245789,245790,245791,245792,245793
240700,24070001,'700X-Weekday-3-26-09-1111100',288366,288367,288368,288369,288370,288371,288372,288373,288374,288375,288376,288377,288378,288379,288380,288381,288382,288383,288384,288385,288386,288387,288388,288389,288390,288391,288392,288393,288394,288395,288396,288397,288398,288399,288400,288401,288402,288403,288404,288405,288406,288407,288408,288409,288410,288411,288412,288413,288414,288415,288416,288417,288418,288419,288420,288421,288422,288423,288424,288425,288426,288427,288428,288429,288430
240700,24070001,'700X-Weekday-4-26-09-1111100',245794,245795,245796,245797,245798,245799,245800,245801,245802,245803,245804,245805,245806,245807,245808,245809,245810,245811,245812,245813,245814,245815,245816,245817,245818,245819,245820,245821,245822,245823,245824,245825,245826,245827,245828,245829,245830,245831,245832,245833,245834,245835,245836,245837,245838,245839,245840,245841,245842,245843,245844,245845,245846,245847,245848,245849,245850,245851,245852,245853,245854,245855,245856,245857,245858
240700,24070001,'700X-Weekday-5-26-09-1111100',288431,288432,288433,288434,288435,288436,288437,288438,288439,288440,288441,288442,288443,288444,288445,288446,288447,288448,288449,288450,288451,288452,288453,288454,288455,288456,288457,288458,288459,288460,288461,288462,288463,288464,288465,288466,288467,288468,288469,288470,288471,288472,288473,288474,288475,288476,288477,288478,288479,288480,288481,288482,288483,288484,288485,288486,288487,288488,288489,288490,288491,288492,288493,288494,288495
240700,24070001,'700X-Weekday-6-26-09-1111100',288496,288497,288498,288499,288500,288501,288502,288503,288504,288505,288506,288507,288508,288509,288510,288511,288512,288513,288514,288515,288516,288517,288518,288519,288520,288521,288522,288523,288524,288525,288526,288527,288528,288529,288530,288531,288532,288533,288534,288535,288536,288537,288538,288539,288540,288541,288542,288543,288544,288545,288546,288547,288548,288549,288550,288551,288552,288553,288554,288555,288556,288557,288558,288559,288560
240700,24070001,'700X-Weekday-7-26-09-1111100',288561,288562,288563,288564,288565,288566,288567,288568,288569,288570,288571,288572,288573,288574,288575,288576,288577,288578,288579,288580,288581,288582,288583,288584,288585,288586,288587,288588,288589,288590,288591,288592,288593,288594,288595,288596,288597,288598,288599,288600,288601,288602,288603,288604,288605,288606,288607,288608,288609,288610,288611,288612,288613,288614,288615,288616,288617,288618,288619,288620,288621,288622,288623,288624,288625
240900,24090000,'900X-Weekday-1-26-09-1111100',245859,245860,245861,245862,245863,245864,245865,245866,245867,245868,245869,245870,245871,245872,245873,245874,245875,245876,245877,245878,245879,245880,245881,245882,245883,245884,245885,245886,245887,245888,245889,245890,245891,245892,245893,245894,245895,245896,245897,245898,245899,245900,245901,245902,245903,245904,245905
240900,24090000,'900X-Weekday-2-26-09-1111100',245906,245907,245908,245909,245910,245911,245912,245913,245914,245915,245916,245917,245918,245919,245920,245921,245922,245923,245924,245925,245926,245927,245928,245929,245930,245931,245932,245933,245934,245935,245936,245937,245938,245939,245940,245941,245942,245943,245944,245945,245946,245947,245948,245949,245950,245951,245952
240900,24090000,'900X-Weekday-3-26-09-1111100',288626,288627,288628,288629,288630,288631,288632,288633,288634,288635,288636,288637,288638,288639,288640,288641,288642,288643,288644,288645,288646,288647,288648,288649,288650,288651,288652,288653,288654,288655,288656,288657,288658,288659,288660,288661,288662,288663,288664,288665,288666,288667,288668,288669,288670,288671,288672
240900,24090000,'900X-Weekday-4-26-09-1111100',245953,245954,245955,245956,245957,245958,245959,245960,245961,245962,245963,245964,245965,245966,245967,245968,245969,245970,245971,245972,245973,245974,245975,245976,245977,245978,245979,245980,245981,245982,245983,245984,245985,245986,245987,245988,245989,245990,245991,245992,245993,245994,245995,245996,245997,245998,245999
240900,24090000,'900X-Weekday-5-26-09-1111100',288673,288674,288675,288676,288677,288678,288679,288680,288681,288682,288683,288684,288685,288686,288687,288688,288689,288690,288691,288692,288693,288694,288695,288696,288697,288698,288699,288700,288701,288702,288703,288704,288705,288706,288707,288708,288709,288710,288711,288712,288713,288714,288715,288716,288717,288718,288719
240900,24090000,'900X-Weekday-6-26-09-1111100',288720,288721,288722,288723,288724,288725,288726,288727,288728,288729,288730,288731,288732,288733,288734,288735,288736,288737,288738,288739,288740,288741,288742,288743,288744,288745,288746,288747,288748,288749,288750,288751,288752,288753,288754,288755,288756,288757,288758,288759,288760,288761,288762,288763,288764,288765,288766
240900,24090000,'900X-Weekday-7-26-09-1111100',288767,288768,288769,288770,288771,288772,288773,288774,288775,288776,288777,288778,288779,288780,288781,288782,288783,288784,288785,288786,288787,288788,288789,288790,288791,288792,288793,288794,288795,288796,288797,288798,288799,288800,288801,288802,288803,288804,288805,288806,288807,288808,288809,288810,288811,288812,288813
240900,24090000,'900X-Saturday-1-26-09-0000010',246000,246001,246002,246003,246004,246005,246006,246007,246008,246009,246010,246011,246012,246013,246014,246015,246016,246017,246018,246019,246020
240900,24090000,'900X-Sunday-1-26-09-0000001',246021,246022,246023,246024,246025,246026,246027,246028,246029,246030,246031,246032,246033,246034,246035,246036,246037
240900,24090001,'900X-Weekday-1-26-09-1111100',246038,246039,246040,246041,246042,246043,246044,246045,246046,246047,246048,246049,246050,246051,246052,246053,246054,246055,246056,246057,246058,246059,246060,246061,246062,246063,246064,246065,246066,246067,246068,246069,246070,246071,246072,246073,246074,246075,246076,246077,246078,246079,246080,246081,246082,246083,246084,246085
240900,24090001,'900X-Weekday-2-26-09-1111100',246086,246087,246088,246089,246090,246091,246092,246093,246094,246095,246096,246097,246098,246099,246100,246101,246102,246103,246104,246105,246106,246107,246108,246109,246110,246111,246112,246113,246114,246115,246116,246117,246118,246119,246120,246121,246122,246123,246124,246125,246126,246127,246128,246129,246130,246131,246132,246133
240900,24090001,'900X-Weekday-3-26-09-1111100',288814,288815,288816,288817,288818,288819,288820,288821,288822,288823,288824,288825,288826,288827,288828,288829,288830,288831,288832,288833,288834,288835,288836,288837,288838,288839,288840,288841,288842,288843,288844,288845,288846,288847,288848,288849,288850,288851,288852,288853,288854,288855,288856,288857,288858,288859,288860,288861
240900,24090001,'900X-Weekday-4-26-09-1111100',246134,246135,246136,246137,246138,246139,246140,246141,246142,246143,246144,246145,246146,246147,246148,246149,246150,246151,246152,246153,246154,246155,246156,246157,246158,246159,246160,246161,246162,246163,246164,246165,246166,246167,246168,246169,246170,246171,246172,246173,246174,246175,246176,246177,246178,246179,246180,246181
240900,24090001,'900X-Weekday-5-26-09-1111100',288862,288863,288864,288865,288866,288867,288868,288869,288870,288871,288872,288873,288874,288875,288876,288877,288878,288879,288880,288881,288882,288883,288884,288885,288886,288887,288888,288889,288890,288891,288892,288893,288894,288895,288896,288897,288898,288899,288900,288901,288902,288903,288904,288905,288906,288907,288908,288909
240900,24090001,'900X-Weekday-6-26-09-1111100',288910,288911,288912,288913,288914,288915,288916,288917,288918,288919,288920,288921,288922,288923,288924,288925,288926,288927,288928,288929,288930,288931,288932,288933,288934,288935,288936,288937,288938,288939,288940,288941,288942,288943,288944,288945,288946,288947,288948,288949,288950,288951,288952,288953,288954,288955,288956,288957
240900,24090001,'900X-Weekday-7-26-09-1111100',288958,288959,288960,288961,288962,288963,288964,288965,288966,288967,288968,288969,288970,288971,288972,288973,288974,288975,288976,288977,288978,288979,288980,288981,288982,288983,288984,288985,288986,288987,288988,288989,288990,288991,288992,288993,288994,288995,288996,288997,288998,288999,289000,289001,289002,289003,289004,289005
240900,24090001,'900X-Saturday-1-26-09-0000010',246182,246183,246184,246185,246186,246187,246188,246189,246190,246191,246192,246193,246194,246195,246196,246197,246198,246199,246200,246201,246202,246203
240900,24090001,'900X-Sunday-1-26-09-0000001',246204,246205,246206,246207,246208,246209,246210,246211,246212,246213,246214,246215,246216,246217,246218,246219,246220,246221
240910,24091000,'910X-Weekday-1-26-09-1111100',246222,246223,246224,246225,246226,246227,246228,246229,246230,246231,246232,246233,246234,246235,246236
240910,24091000,'910X-Weekday-2-26-09-1111100',246237,246238,246239,246240,246241,246242,246243,246244,246245,246246,246247,246248,246249,246250,246251
240910,24091000,'910X-Weekday-3-26-09-1111100',289006,289007,289008,289009,289010,289011,289012,289013,289014,289015,289016,289017,289018,289019,289020
240910,24091000,'910X-Weekday-4-26-09-1111100',246252,246253,246254,246255,246256,246257,246258,246259,246260,246261,246262,246263,246264,246265,246266
240910,24091000,'910X-Weekday-5-26-09-1111100',289021,289022,289023,289024,289025,289026,289027,289028,289029,289030,289031,289032,289033,289034,289035
240910,24091000,'910X-Weekday-6-26-09-1111100',289036,289037,289038,289039,289040,289041,289042,289043,289044,289045,289046,289047,289048,289049,289050
240910,24091000,'910X-Weekday-7-26-09-1111100',289051,289052,289053,289054,289055,289056,289057,289058,289059,289060,289061,289062,289063,289064,289065
240910,24091001,'910X-Weekday-1-26-09-1111100',246267,246268,246269,246270,246271,246272,246273,246274,246275,246276
240910,24091001,'910X-Weekday-2-26-09-1111100',246277,246278,246279,246280,246281,246282,246283,246284,246285,246286
240910,24091001,'910X-Weekday-3-26-09-1111100',289066,289067,289068,289069,289070,289071,289072,289073,289074,289075
240910,24091001,'910X-Weekday-4-26-09-1111100',246287,246288,246289,246290,246291,246292,246293,246294,246295,246296
240910,24091001,'910X-Weekday-5-26-09-1111100',289076,289077,289078,289079,289080,289081,289082,289083,289084,289085
240910,24091001,'910X-Weekday-6-26-09-1111100',289086,289087,289088,289089,289090,289091,289092,289093,289094,289095
240910,24091001,'910X-Weekday-7-26-09-1111100',289096,289097,289098,289099,289100,289101,289102,289103,289104,289105
240920,24092000,'920X-Weekday-1-26-09-1111100',246297,246298,246299,246300,246301,246302,246303,246304,246305,246306,246307,246308,246309,246310,246311
240920,24092000,'920X-Weekday-2-26-09-1111100',246312,246313,246314,246315,246316,246317,246318,246319,246320,246321,246322,246323,246324,246325,246326
240920,24092000,'920X-Weekday-3-26-09-1111100',289106,289107,289108,289109,289110,289111,289112,289113,289114,289115,289116,289117,289118,289119,289120
240920,24092000,'920X-Weekday-4-26-09-1111100',246327,246328,246329,246330,246331,246332,246333,246334,246335,246336,246337,246338,246339,246340,246341
240920,24092000,'920X-Weekday-5-26-09-1111100',289121,289122,289123,289124,289125,289126,289127,289128,289129,289130,289131,289132,289133,289134,289135
240920,24092000,'920X-Weekday-6-26-09-1111100',289136,289137,289138,289139,289140,289141,289142,289143,289144,289145,289146,289147,289148,289149,289150
240920,24092000,'920X-Weekday-7-26-09-1111100',289151,289152,289153,289154,289155,289156,289157,289158,289159,289160,289161,289162,289163,289164,289165
240920,24092001,'920X-Weekday-1-26-09-1111100',246342,246343,246344,246345,246346,246347,246348,246349,246350,246351,246352,246353,246354,246355,246356,246357,246358,246359,246360,246361,246362
240920,24092001,'920X-Weekday-2-26-09-1111100',246363,246364,246365,246366,246367,246368,246369,246370,246371,246372,246373,246374,246375,246376,246377,246378,246379,246380,246381,246382,246383
240920,24092001,'920X-Weekday-3-26-09-1111100',289166,289167,289168,289169,289170,289171,289172,289173,289174,289175,289176,289177,289178,289179,289180,289181,289182,289183,289184,289185,289186
240920,24092001,'920X-Weekday-4-26-09-1111100',246384,246385,246386,246387,246388,246389,246390,246391,246392,246393,246394,246395,246396,246397,246398,246399,246400,246401,246402,246403,246404
240920,24092001,'920X-Weekday-5-26-09-1111100',289187,289188,289189,289190,289191,289192,289193,289194,289195,289196,289197,289198,289199,289200,289201,289202,289203,289204,289205,289206,289207
240920,24092001,'920X-Weekday-6-26-09-1111100',289208,289209,289210,289211,289212,289213,289214,289215,289216,289217,289218,289219,289220,289221,289222,289223,289224,289225,289226,289227,289228
240920,24092001,'920X-Weekday-7-26-09-1111100',289229,289230,289231,289232,289233,289234,289235,289236,289237,289238,289239,289240,289241,289242,289243,289244,289245,289246,289247,289248,289249
240930,24093000,'930X-Weekday-1-26-09-1111100',246405,246406,246407,246408,246409,246410,246411,246412,246413,246414,246415,246416,246417,246418,246419
240930,24093000,'930X-Weekday-2-26-09-1111100',246420,246421,246422,246423,246424,246425,246426,246427,246428,246429,246430,246431,246432,246433,246434
240930,24093000,'930X-Weekday-3-26-09-1111100',289250,289251,289252,289253,289254,289255,289256,289257,289258,289259,289260,289261,289262,289263,289264
240930,24093000,'930X-Weekday-4-26-09-1111100',246435,246436,246437,246438,246439,246440,246441,246442,246443,246444,246445,246446,246447,246448,246449
240930,24093000,'930X-Weekday-5-26-09-1111100',289265,289266,289267,289268,289269,289270,289271,289272,289273,289274,289275,289276,289277,289278,289279
240930,24093000,'930X-Weekday-6-26-09-1111100',289280,289281,289282,289283,289284,289285,289286,289287,289288,289289,289290,289291,289292,289293,289294
240930,24093000,'930X-Weekday-7-26-09-1111100',289295,289296,289297,289298,289299,289300,289301,289302,289303,289304,289305,289306,289307,289308,289309
240930,24093001,'930X-Weekday-1-26-09-1111100',246450,246451,246452,246453,246454,246455,246456,246457,246458,246459,246460
240930,24093001,'930X-Weekday-2-26-09-1111100',246461,246462,246463,246464,246465,246466,246467,246468,246469,246470,246471
240930,24093001,'930X-Weekday-3-26-09-1111100',289310,289311,289312,289313,289314,289315,289316,289317,289318,289319,289320
240930,24093001,'930X-Weekday-4-26-09-1111100',246472,246473,246474,246475,246476,246477,246478,246479,246480,246481,246482
240930,24093001,'930X-Weekday-5-26-09-1111100',289321,289322,289323,289324,289325,289326,289327,289328,289329,289330,289331
240930,24093001,'930X-Weekday-6-26-09-1111100',289332,289333,289334,289335,289336,289337,289338,289339,289340,289341,289342
240930,24093001,'930X-Weekday-7-26-09-1111100',289343,289344,289345,289346,289347,289348,289349,289350,289351,289352,289353
