2,200,'002-Weekday-1-26-06-1111100',161213,161214,161215,161216,161217,161218,161219,161220,161221,161222,161223,161224,161225,161226,161227,161228,161229,161230,161231,161232,161233,161234,161235,161236,161237,161238,161239,161240,161241,161242,161243,161244,161245,161246,161247,161248,161249,161250,161251,161252,161253,161254,161255,161256,161257,161258,161259,161260,161261,161262,161263,161264,161265,161266,161267,161268,161269,161270,161271,161272,161273,161274,161275,161276,161277,161278,161279,161280,161281,161282,161283,161284,161285,161286,161287,161288,161289,161290,161291,161292,161293,161294,161295,161296
2,200,'002-Weekday-2-26-06-1111100',188832,188833,188834,188835,188836,188837,188838,188839,188840,188841,188842,188843,188844,188845,188846,188847,188848,188849,188850,188851,188852,188853,188854,188855,188856,188857,188858,188859,188860,188861,188862,188863,188864,188865,188866,188867,188868,188869,188870,188871,188872,188873,188874,188875,188876,188877,188878,188879,188880,188881,188882,188883,188884,188885,188886,188887,188888,188889,188890,188891,188892,188893,188894,188895,188896,188897,188898,188899,188900,188901,188902,188903,188904,188905,188906,188907,188908,188909,188910,188911,188912,188913,188914,188915
2,200,'002-Saturday-1-26-06-0000010',161297,161298,161299,161300,161301,161302,161303,161304,161305,161306,161307,161308,161309,161310,161311,161312,161313,161314,161315,161316,161317,161318,161319,161320,161321,161322,161323,161324,161325,161326,161327,161328,161329,161330,161331,161332,161333,161334,161335,161336,161337,161338,161339,161340,161341,161342,161343,161344,161345,161346,161347,161348,161349,161350,161351,161352,161353,161354,161355,161356,161357,161358,161359,161360,161361,161362,161363,161364,161365,161366,161367,161368,161369,161370,161371,161372
2,201,'002-Weekday-1-26-06-1111100',161447,161448,161449,161450,161451,161452,161453,161454,161455,161456,161457,161458,161459,161460,161461,161462,161463,161464,161465,161466,161467,161468,161469,161470,161471,161472,161473,161474,161475,161476,161477,161478,161479,161480,161481,161482,161483,161484,161485,161486,161487,161488,161489,161490,161491,161492,161493,161494,161495,161496,161497,161498,161499,161500,161501,161502,161503,161504,161505,161506,161507,161508,161509,161510,161511,161512,161513,161514,161515,161516,161517,161518,161519,161520,161521,161522,161523,161524,161525,161526,161527,161528,161529,161530,161531
2,201,'002-Weekday-2-26-06-1111100',188990,188991,188992,188993,188994,188995,188996,188997,188998,188999,189000,189001,189002,189003,189004,189005,189006,189007,189008,189009,189010,189011,189012,189013,189014,189015,189016,189017,189018,189019,189020,189021,189022,189023,189024,189025,189026,189027,189028,189029,189030,189031,189032,189033,189034,189035,189036,189037,189038,189039,189040,189041,189042,189043,189044,189045,189046,189047,189048,189049,189050,189051,189052,189053,189054,189055,189056,189057,189058,189059,189060,189061,189062,189063,189064,189065,189066,189067,189068,189069,189070,189071,189072,189073,189074
2,201,'002-Saturday-1-26-06-0000010',161532,161533,161534,161535,161536,161537,161538,161539,161540,161541,161542,161543,161544,161545,161546,161547,161548,161549,161550,161551,161552,161553,161554,161555,161556,161557,161558,161559,161560,161561,161562,161563,161564,161565,161566,161567,161568,161569,161570,161571,161572,161573,161574,161575,161576,161577,161578,161579,161580,161581,161582,161583,161584,161585,161586,161587,161588,161589,161590,161591,161592,161593,161594,161595,161596,161597,161598,161599,161600,161601,161602,161603,161604,161605,161606,161607,161608,161609
3,300,'003-Weekday-1-26-06-1111100',161683,161684,161685,161686,161687,161688,161689,161690,161691,161692,161693,161694,161695,161696,161697,161698,161699,161700,161701,161702,161703,161704,161705,161706,161707,161708,161709,161710,161711,161712,161713,161714,161715,161716,161717,161718,161719,161720,161721,161722,161723,161724,161725,161726,161727,161728,161729,161730,161731,161732,161733,161734,161735,161736,161737,161738,161739,161740,161741,161742,161743,161744,161745,161746,161747,161748,161749,161750,161751,161752,161753,161754,161755,161756
3,300,'003-Weekday-2-26-06-1111100',189148,189149,189150,189151,189152,189153,189154,189155,189156,189157,189158,189159,189160,189161,189162,189163,189164,189165,189166,189167,189168,189169,189170,189171,189172,189173,189174,189175,189176,189177,189178,189179,189180,189181,189182,189183,189184,189185,189186,189187,189188,189189,189190,189191,189192,189193,189194,189195,189196,189197,189198,189199,189200,189201,189202,189203,189204,189205,189206,189207,189208,189209,189210,189211,189212,189213,189214,189215,189216,189217,189218,189219,189220,189221
3,300,'003-Saturday-1-26-06-0000010',161757,161758,161759,161760,161761,161762,161763,161764,161765,161766,161767,161768,161769,161770,161771,161772,161773,161774,161775,161776,161777,161778,161779,161780,161781,161782,161783,161784,161785,161786,161787,161788,161789,161790,161791,161792,161793,161794,161795,161796,161797,161798,161799,161800,161801,161802,161803,161804,161805,161806,161807,161808,161809,161810,161811,161812,161813,161814,161815,161816,161817,161818,161819,161820,161821,161822,161823
3,301,'003-Weekday-1-26-06-1111100',161889,161890,161891,161892,161893,161894,161895,161896,161897,161898,161899,161900,161901,161902,161903,161904,161905,161906,161907,161908,161909,161910,161911,161912,161913,161914,161915,161916,161917,161918,161919,161920,161921,161922,161923,161924,161925,161926,161927,161928,161929,161930,161931,161932,161933,161934,161935,161936,161937,161938,161939,161940,161941,161942,161943,161944,161945,161946,161947,161948,161949,161950,161951,161952,161953,161954,161955,161956,161957,161958,161959,161960,161961,161962
3,301,'003-Weekday-2-26-06-1111100',189287,189288,189289,189290,189291,189292,189293,189294,189295,189296,189297,189298,189299,189300,189301,189302,189303,189304,189305,189306,189307,189308,189309,189310,189311,189312,189313,189314,189315,189316,189317,189318,189319,189320,189321,189322,189323,189324,189325,189326,189327,189328,189329,189330,189331,189332,189333,189334,189335,189336,189337,189338,189339,189340,189341,189342,189343,189344,189345,189346,189347,189348,189349,189350,189351,189352,189353,189354,189355,189356,189357,189358,189359,189360
3,301,'003-Saturday-1-26-06-0000010',161963,161964,161965,161966,161967,161968,161969,161970,161971,161972,161973,161974,161975,161976,161977,161978,161979,161980,161981,161982,161983,161984,161985,161986,161987,161988,161989,161990,161991,161992,161993,161994,161995,161996,161997,161998,161999,162000,162001,162002,162003,162004,162005,162006,162007,162008,162009,162010,162011,162012,162013,162014,162015,162016,162017,162018,162019,162020,162021,162022,162023,162024,162025,162026,162027,162028
4,400,'004-Weekday-1-26-06-1111100',162094,162095,162096,162097,162098,162099,162100,162101,162102,162103,162104,162105,162106,162107,162108,162109,162110,162111,162112,162113,162114,162115,162116,162117,162118,162119,162120,162121,162122,162123,162124,162125,162126,162127,162128,162129,162130,162131,162132,162133,162134,162135,162136,162137,162138,162139,162140,162141,162142,162143,162144,162145,162146,162147,162148,162149,162150,162151,162152,162153,162154,162155,162156,162157,162158,162159,162160,162161,162162,162163,162164,162165,162166,162167,162168,162169,162170,162171,162172,162173,162174,162175,162176,162177,162178,162179,162180,162181,162182,162183,162184,162185,162186,162187,162188,162189,162190
4,400,'004-Weekday-2-26-06-1111100',189426,189427,189428,189429,189430,189431,189432,189433,189434,189435,189436,189437,189438,189439,189440,189441,189442,189443,189444,189445,189446,189447,189448,189449,189450,189451,189452,189453,189454,189455,189456,189457,189458,189459,189460,189461,189462,189463,189464,189465,189466,189467,189468,189469,189470,189471,189472,189473,189474,189475,189476,189477,189478,189479,189480,189481,189482,189483,189484,189485,189486,189487,189488,189489,189490,189491,189492,189493,189494,189495,189496,189497,189498,189499,189500,189501,189502,189503,189504,189505,189506,189507,189508,189509,189510,189511,189512,189513,189514,189515,189516,189517,189518,189519,189520,189521,189522
4,400,'004-Saturday-1-26-06-0000010',162191,162192,162193,162194,162195,162196,162197,162198,162199,162200,162201,162202,162203,162204,162205,162206,162207,162208,162209,162210,162211,162212,162213,162214,162215,162216,162217,162218,162219,162220,162221,162222,162223,162224,162225,162226,162227,162228,162229,162230,162231,162232,162233,162234,162235,162236,162237,162238,162239,162240,162241,162242,162243,162244,162245,162246,162247,162248,162249,162250,162251,162252,162253,162254,162255,162256,162257,162258,162259,162260,162261,162262,162263,162264,162265,162266,162267,162268,162269,162270,162271,162272,162273,162274,162275,162276,162277,162278,162279,162280,162281,162282,162283,162284,162285,162286,162287,162288,162289,162290,162291,162292,162293,162294,162295,162296,162297,162298,162299,162300,162301,162302,162303
4,401,'004-Weekday-1-26-06-1111100',162379,162380,162381,162382,162383,162384,162385,162386,162387,162388,162389,162390,162391,162392,162393,162394,162395,162396,162397,162398,162399,162400,162401,162402,162403,162404,162405,162406,162407,162408,162409,162410,162411,162412,162413,162414,162415,162416,162417,162418,162419,162420,162421,162422,162423,162424,162425,162426,162427,162428,162429,162430,162431,162432,162433,162434,162435,162436,162437,162438,162439,162440,162441,162442,162443,162444,162445,162446,162447,162448,162449,162450,162451,162452,162453,162454,162455,162456,162457,162458,162459,162460,162461,162462,162463,162464,162465,162466,162467,162468,162469,162470,162471,162472,162473
4,401,'004-Weekday-2-26-06-1111100',189598,189599,189600,189601,189602,189603,189604,189605,189606,189607,189608,189609,189610,189611,189612,189613,189614,189615,189616,189617,189618,189619,189620,189621,189622,189623,189624,189625,189626,189627,189628,189629,189630,189631,189632,189633,189634,189635,189636,189637,189638,189639,189640,189641,189642,189643,189644,189645,189646,189647,189648,189649,189650,189651,189652,189653,189654,189655,189656,189657,189658,189659,189660,189661,189662,189663,189664,189665,189666,189667,189668,189669,189670,189671,189672,189673,189674,189675,189676,189677,189678,189679,189680,189681,189682,189683,189684,189685,189686,189687,189688,189689,189690,189691,189692
4,401,'004-Saturday-1-26-06-0000010',162474,162475,162476,162477,162478,162479,162480,162481,162482,162483,162484,162485,162486,162487,162488,162489,162490,162491,162492,162493,162494,162495,162496,162497,162498,162499,162500,162501,162502,162503,162504,162505,162506,162507,162508,162509,162510,162511,162512,162513,162514,162515,162516,162517,162518,162519,162520,162521,162522,162523,162524,162525,162526,162527,162528,162529,162530,162531,162532,162533,162534,162535,162536,162537,162538,162539,162540,162541,162542,162543,162544,162545,162546,162547,162548,162549,162550,162551,162552,162553,162554,162555,162556,162557,162558,162559,162560,162561,162562,162563,162564,162565,162566,162567,162568,162569,162570,162571,162572,162573,162574,162575,162576,162577,162578,162579,162580,162581,162582,162583,162584
5,500,'005-Weekday-1-26-06-1111100',162660,162661,162662,162663,162664,162665,162666,162667,162668,162669,162670,162671,162672,162673,162674,162675,162676,162677,162678,162679,162680,162681,162682,162683,162684,162685,162686,162687,162688,162689,162690,162691,162692,162693,162694,162695,162696,162697,162698,162699,162700,162701,162702,162703,162704,162705,162706,162707,162708,162709,162710,162711,162712,162713,162714,162715,162716,162717,162718,162719,162720,162721,162722,162723,162724,162725,162726,162727,162728,162729,162730,162731,162732,162733,162734,162735,162736,162737,162738,162739,162740,162741,162742,162743,162744,162745,162746,162747,162748,162749,162750,162751,162752,162753,162754,162755
5,500,'005-Weekday-4-26-06-1111100',189768,189769,189770,189771,189772,189773,189774,189775,189776,189777,189778,189779,189780,189781,189782,189783,189784,189785,189786,189787,189788,189789,189790,189791,189792,189793,189794,189795,189796,189797,189798,189799,189800,189801,189802,189803,189804,189805,189806,189807,189808,189809,189810,189811,189812,189813,189814,189815,189816,189817,189818,189819,189820,189821,189822,189823,189824,189825,189826,189827,189828,189829,189830,189831,189832,189833,189834,189835,189836,189837,189838,189839,189840,189841,189842,189843,189844,189845,189846,189847,189848,189849,189850,189851,189852,189853,189854,189855,189856,189857,189858,189859,189860,189861,189862,189863
5,500,'005-Saturday-1-26-06-0000010',162852,162853,162854,162855,162856,162857,162858,162859,162860,162861,162862,162863,162864,162865,162866,162867,162868,162869,162870,162871,162872,162873,162874,162875,162876,162877,162878,162879,162880,162881,162882,162883,162884,162885,162886,162887,162888,162889,162890,162891,162892,162893,162894,162895,162896,162897,162898,162899,162900,162901,162902,162903,162904,162905,162906,162907,162908,162909,162910,162911,162912,162913,162914,162915,162916,162917,162918,162919,162920,162921,162922,162923
5,501,'005-Weekday-1-26-06-1111100',163264,163265,163266,163267,163268,163269,163270,163271,163272,163273,163274,163275,163276,163277,163278,163279,163280,163281,163282,163283,163284,163285,163286,163287,163288,163289,163290,163291,163292,163293,163294,163295,163296,163297,163298,163299,163300,163301,163302,163303,163304,163305,163306,163307,163308,163309,163310,163311,163312,163313,163314,163315,163316,163317,163318,163319,163320,163321,163322,163323,163324,163325,163326,163327,163328,163329,163330,163331,163332,163333,163334,163335,163336,163337,163338,163339,163340,163341,163342,163343,163344,163345,163346,163347,163348,163349,163350,163351,163352,163353,163354,163355,163356,163357,163358,163359,163360
5,501,'005-Weekday-4-26-06-1111100',189928,189929,189930,189931,189932,189933,189934,189935,189936,189937,189938,189939,189940,189941,189942,189943,189944,189945,189946,189947,189948,189949,189950,189951,189952,189953,189954,189955,189956,189957,189958,189959,189960,189961,189962,189963,189964,189965,189966,189967,189968,189969,189970,189971,189972,189973,189974,189975,189976,189977,189978,189979,189980,189981,189982,189983,189984,189985,189986,189987,189988,189989,189990,189991,189992,189993,189994,189995,189996,189997,189998,189999,190000,190001,190002,190003,190004,190005,190006,190007,190008,190009,190010,190011,190012,190013,190014,190015,190016,190017,190018,190019,190020,190021,190022,190023,190024
5,501,'005-Saturday-1-26-06-0000010',163458,163459,163460,163461,163462,163463,163464,163465,163466,163467,163468,163469,163470,163471,163472,163473,163474,163475,163476,163477,163478,163479,163480,163481,163482,163483,163484,163485,163486,163487,163488,163489,163490,163491,163492,163493,163494,163495,163496,163497,163498,163499,163500,163501,163502,163503,163504,163505,163506,163507,163508,163509,163510,163511,163512,163513,163514,163515,163516,163517,163518,163519,163520,163521,163522,163523,163524,163525,163526,163527,163528,163529,163530
6,600,'006-Weekday-1-26-06-1111100',163876,163877,163878,163879,163880,163881,163882,163883,163884,163885,163886,163887,163888,163889,163890,163891,163892,163893,163894,163895,163896,163897,163898,163899,163900,163901,163902,163903,163904,163905,163906,163907,163908,163909,163910,163911,163912,163913,163914,163915,163916,163917,163918,163919,163920,163921,163922,163923,163924,163925,163926,163927,163928,163929,163930,163931,163932,163933,163934,163935,163936,163937,163938,163939,163940,163941,163942,163943,163944,163945,163946,163947,163948,163949
6,600,'006-Weekday-2-26-06-1111100',190091,190092,190093,190094,190095,190096,190097,190098,190099,190100,190101,190102,190103,190104,190105,190106,190107,190108,190109,190110,190111,190112,190113,190114,190115,190116,190117,190118,190119,190120,190121,190122,190123,190124,190125,190126,190127,190128,190129,190130,190131,190132,190133,190134,190135,190136,190137,190138,190139,190140,190141,190142,190143,190144,190145,190146,190147,190148,190149,190150,190151,190152,190153,190154,190155,190156,190157,190158,190159,190160,190161,190162,190163,190164
6,600,'006-Saturday-1-26-06-0000010',163950,163951,163952,163953,163954,163955,163956,163957,163958,163959,163960,163961,163962,163963,163964,163965,163966,163967,163968,163969,163970,163971,163972,163973,163974,163975,163976,163977,163978,163979,163980,163981,163982,163983,163984,163985,163986,163987,163988,163989,163990,163991,163992,163993,163994,163995,163996,163997,163998,163999,164000,164001,164002,164003,164004,164005,164006,164007,164008,164009,164010,164011,164012,164013,164014,164015,164016,164017,164018,164019
6,601,'006-Weekday-1-26-06-1111100',164151,164152,164153,164154,164155,164156,164157,164158,164159,164160,164161,164162,164163,164164,164165,164166,164167,164168,164169,164170,164171,164172,164173,164174,164175,164176,164177,164178,164179,164180,164181,164182,164183,164184,164185,164186,164187,164188,164189,164190,164191,164192,164193,164194,164195,164196,164197,164198,164199,164200,164201,164202,164203,164204,164205,164206,164207,164208,164209,164210,164211,164212,164213,164214,164215,164216,164217,164218,164219,164220,164221,164222,164223,164224
6,601,'006-Weekday-2-26-06-1111100',190229,190230,190231,190232,190233,190234,190235,190236,190237,190238,190239,190240,190241,190242,190243,190244,190245,190246,190247,190248,190249,190250,190251,190252,190253,190254,190255,190256,190257,190258,190259,190260,190261,190262,190263,190264,190265,190266,190267,190268,190269,190270,190271,190272,190273,190274,190275,190276,190277,190278,190279,190280,190281,190282,190283,190284,190285,190286,190287,190288,190289,190290,190291,190292,190293,190294,190295,190296,190297,190298,190299,190300,190301,190302
6,601,'006-Saturday-1-26-06-0000010',164225,164226,164227,164228,164229,164230,164231,164232,164233,164234,164235,164236,164237,164238,164239,164240,164241,164242,164243,164244,164245,164246,164247,164248,164249,164250,164251,164252,164253,164254,164255,164256,164257,164258,164259,164260,164261,164262,164263,164264,164265,164266,164267,164268,164269,164270,164271,164272,164273,164274,164275,164276,164277,164278,164279,164280,164281,164282,164283,164284,164285,164286,164287,164288,164289,164290,164291,164292,164293,164294
7,700,'007-Weekday-1-26-06-1111100',164426,164427,164428,164429,164430,164431,164432,164433,164434,164435,164436,164437,164438,164439,164440,164441,164442,164443,164444,164445,164446,164447,164448,164449,164450,164451,164452,164453,164454,164455,164456,164457,164458,164459,164460,164461,164462,164463,164464,164465,164466,164467,164468,164469,164470,164471,164472,164473,164474,164475,164476,164477,164478,164479,164480,164481,164482,164483,164484,164485,164486,164487,164488,164489,164490,164491,164492,164493,164494,164495,164496,164497,164498,164499,164500,164501,164502,164503,164504,164505,164506,164507,164508,164509,164510,164511
7,700,'007-Weekday-2-26-06-1111100',190367,190368,190369,190370,190371,190372,190373,190374,190375,190376,190377,190378,190379,190380,190381,190382,190383,190384,190385,190386,190387,190388,190389,190390,190391,190392,190393,190394,190395,190396,190397,190398,190399,190400,190401,190402,190403,190404,190405,190406,190407,190408,190409,190410,190411,190412,190413,190414,190415,190416,190417,190418,190419,190420,190421,190422,190423,190424,190425,190426,190427,190428,190429,190430,190431,190432,190433,190434,190435,190436,190437,190438,190439,190440,190441,190442,190443,190444,190445,190446,190447,190448,190449,190450,190451,190452
7,700,'007-Saturday-1-26-06-0000010',164512,164513,164514,164515,164516,164517,164518,164519,164520,164521,164522,164523,164524,164525,164526,164527,164528,164529,164530,164531,164532,164533,164534,164535,164536,164537,164538,164539,164540,164541,164542,164543,164544,164545,164546,164547,164548,164549,164550,164551,164552,164553,164554,164555,164556,164557,164558,164559,164560,164561,164562,164563,164564,164565,164566,164567,164568,164569,164570,164571,164572,164573,164574,164575,164576,164577,164578,164579,164580,164581
7,701,'007-Weekday-1-26-06-1111100',164711,164712,164713,164714,164715,164716,164717,164718,164719,164720,164721,164722,164723,164724,164725,164726,164727,164728,164729,164730,164731,164732,164733,164734,164735,164736,164737,164738,164739,164740,164741,164742,164743,164744,164745,164746,164747,164748,164749,164750,164751,164752,164753,164754,164755,164756,164757,164758,164759,164760,164761,164762,164763,164764,164765,164766,164767,164768,164769,164770,164771,164772,164773,164774,164775,164776,164777,164778,164779,164780,164781,164782,164783,164784,164785,164786,164787,164788,164789,164790,164791,164792,164793,164794,164795,164796
7,701,'007-Weekday-2-26-06-1111100',190516,190517,190518,190519,190520,190521,190522,190523,190524,190525,190526,190527,190528,190529,190530,190531,190532,190533,190534,190535,190536,190537,190538,190539,190540,190541,190542,190543,190544,190545,190546,190547,190548,190549,190550,190551,190552,190553,190554,190555,190556,190557,190558,190559,190560,190561,190562,190563,190564,190565,190566,190567,190568,190569,190570,190571,190572,190573,190574,190575,190576,190577,190578,190579,190580,190581,190582,190583,190584,190585,190586,190587,190588,190589,190590,190591,190592,190593,190594,190595,190596,190597,190598,190599,190600,190601
7,701,'007-Saturday-1-26-06-0000010',164797,164798,164799,164800,164801,164802,164803,164804,164805,164806,164807,164808,164809,164810,164811,164812,164813,164814,164815,164816,164817,164818,164819,164820,164821,164822,164823,164824,164825,164826,164827,164828,164829,164830,164831,164832,164833,164834,164835,164836,164837,164838,164839,164840,164841,164842,164843,164844,164845,164846,164847,164848,164849,164850,164851,164852,164853,164854,164855,164856,164857,164858,164859,164860,164861,164862,164863,164864
8,800,'008-Weekday-1-26-06-1111100',164993,164994,164995,164996,164997,164998,164999,165000,165001,165002,165003,165004,165005,165006,165007,165008,165009,165010,165011,165012,165013,165014,165015,165016,165017,165018,165019,165020,165021,165022,165023,165024,165025,165026,165027,165028,165029,165030,165031,165032,165033,165034,165035,165036,165037,165038,165039,165040,165041,165042,165043,165044,165045,165046,165047,165048,165049,165050,165051,165052,165053,165054,165055,165056,165057,165058,165059,165060,165061,165062,165063,165064,165065,165066,165067,165068,165069,165070,165071,165072,165073,165074,165075
8,800,'008-Weekday-4-26-06-1111100',190665,190666,190667,190668,190669,190670,190671,190672,190673,190674,190675,190676,190677,190678,190679,190680,190681,190682,190683,190684,190685,190686,190687,190688,190689,190690,190691,190692,190693,190694,190695,190696,190697,190698,190699,190700,190701,190702,190703,190704,190705,190706,190707,190708,190709,190710,190711,190712,190713,190714,190715,190716,190717,190718,190719,190720,190721,190722,190723,190724,190725,190726,190727,190728,190729,190730,190731,190732,190733,190734,190735,190736,190737,190738,190739,190740,190741,190742,190743,190744,190745,190746,190747
8,800,'008-Saturday-1-26-06-0000010',165159,165160,165161,165162,165163,165164,165165,165166,165167,165168,165169,165170,165171,165172,165173,165174,165175,165176,165177,165178,165179,165180,165181,165182,165183,165184,165185,165186,165187,165188,165189,165190,165191,165192,165193,165194,165195,165196,165197,165198,165199,165200,165201,165202,165203,165204,165205,165206,165207,165208,165209,165210,165211,165212,165213,165214,165215,165216,165217,165218,165219,165220,165221,165222,165223,165224,165225,165226,165227,165228,165229,165230,165231,165232,165233
8,801,'008-Weekday-1-26-06-1111100',165526,165527,165528,165529,165530,165531,165532,165533,165534,165535,165536,165537,165538,165539,165540,165541,165542,165543,165544,165545,165546,165547,165548,165549,165550,165551,165552,165553,165554,165555,165556,165557,165558,165559,165560,165561,165562,165563,165564,165565,165566,165567,165568,165569,165570,165571,165572,165573,165574,165575,165576,165577,165578,165579,165580,165581,165582,165583,165584,165585,165586,165587,165588,165589,165590,165591,165592,165593,165594,165595,165596,165597,165598,165599,165600,165601,165602,165603,165604,165605,165606,165607
8,801,'008-Weekday-4-26-06-1111100',190819,190820,190821,190822,190823,190824,190825,190826,190827,190828,190829,190830,190831,190832,190833,190834,190835,190836,190837,190838,190839,190840,190841,190842,190843,190844,190845,190846,190847,190848,190849,190850,190851,190852,190853,190854,190855,190856,190857,190858,190859,190860,190861,190862,190863,190864,190865,190866,190867,190868,190869,190870,190871,190872,190873,190874,190875,190876,190877,190878,190879,190880,190881,190882,190883,190884,190885,190886,190887,190888,190889,190890,190891,190892,190893,190894,190895,190896,190897,190898,190899,190900
8,801,'008-Saturday-1-26-06-0000010',165690,165691,165692,165693,165694,165695,165696,165697,165698,165699,165700,165701,165702,165703,165704,165705,165706,165707,165708,165709,165710,165711,165712,165713,165714,165715,165716,165717,165718,165719,165720,165721,165722,165723,165724,165725,165726,165727,165728,165729,165730,165731,165732,165733,165734,165735,165736,165737,165738,165739,165740,165741,165742,165743,165744,165745,165746,165747,165748,165749,165750,165751,165752,165753,165754,165755,165756,165757,165758,165759,165760,165761,165762,165763
9,900,'009-Weekday-1-26-06-1111100',166056,166057,166058,166059,166060,166061,166062,166063,166064,166065,166066,166067,166068,166069,166070,166071,166072,166073,166074,166075,166076,166077,166078,166079,166080,166081,166082,166083,166084,166085,166086,166087,166088,166089,166090,166091,166092,166093,166094,166095,166096,166097,166098,166099,166100,166101,166102,166103,166104,166105,166106,166107,166108,166109,166110,166111,166112,166113,166114,166115,166116,166117,166118,166119,166120,166121,166122,166123,166124,166125,166126,166127,166128,166129,166130,166131,166132,166133,166134,166135,166136,166137,166138,166139,166140,166141,166142,166143,166144,166145,166146,166147,166148,166149,166150,166151,166152,166153,166154,166155,166156,166157,166158,166159,166160,166161,166162,166163,166164
9,900,'009-Weekday-2-26-06-1111100',190973,190974,190975,190976,190977,190978,190979,190980,190981,190982,190983,190984,190985,190986,190987,190988,190989,190990,190991,190992,190993,190994,190995,190996,190997,190998,190999,191000,191001,191002,191003,191004,191005,191006,191007,191008,191009,191010,191011,191012,191013,191014,191015,191016,191017,191018,191019,191020,191021,191022,191023,191024,191025,191026,191027,191028,191029,191030,191031,191032,191033,191034,191035,191036,191037,191038,191039,191040,191041,191042,191043,191044,191045,191046,191047,191048,191049,191050,191051,191052,191053,191054,191055,191056,191057,191058,191059,191060,191061,191062,191063,191064,191065,191066,191067,191068,191069,191070,191071,191072,191073,191074,191075,191076,191077,191078,191079,191080,191081
9,900,'009-Saturday-1-26-06-0000010',166165,166166,166167,166168,166169,166170,166171,166172,166173,166174,166175,166176,166177,166178,166179,166180,166181,166182,166183,166184,166185,166186,166187,166188,166189,166190,166191,166192,166193,166194,166195,166196,166197,166198,166199,166200,166201,166202,166203,166204,166205,166206,166207,166208,166209,166210,166211,166212,166213,166214,166215,166216,166217,166218,166219,166220,166221,166222,166223,166224,166225,166226,166227,166228,166229,166230,166231,166232,166233,166234,166235,166236,166237,166238,166239,166240,166241
9,901,'009-Weekday-1-26-06-1111100',166318,166319,166320,166321,166322,166323,166324,166325,166326,166327,166328,166329,166330,166331,166332,166333,166334,166335,166336,166337,166338,166339,166340,166341,166342,166343,166344,166345,166346,166347,166348,166349,166350,166351,166352,166353,166354,166355,166356,166357,166358,166359,166360,166361,166362,166363,166364,166365,166366,166367,166368,166369,166370,166371,166372,166373,166374,166375,166376,166377,166378,166379,166380,166381,166382,166383,166384,166385,166386,166387,166388,166389,166390,166391,166392,166393,166394,166395,166396,166397,166398,166399,166400,166401,166402,166403,166404,166405,166406,166407,166408,166409,166410,166411,166412,166413,166414,166415,166416,166417,166418,166419,166420,166421,166422,166423,166424,166425,166426
9,901,'009-Weekday-2-26-06-1111100',191158,191159,191160,191161,191162,191163,191164,191165,191166,191167,191168,191169,191170,191171,191172,191173,191174,191175,191176,191177,191178,191179,191180,191181,191182,191183,191184,191185,191186,191187,191188,191189,191190,191191,191192,191193,191194,191195,191196,191197,191198,191199,191200,191201,191202,191203,191204,191205,191206,191207,191208,191209,191210,191211,191212,191213,191214,191215,191216,191217,191218,191219,191220,191221,191222,191223,191224,191225,191226,191227,191228,191229,191230,191231,191232,191233,191234,191235,191236,191237,191238,191239,191240,191241,191242,191243,191244,191245,191246,191247,191248,191249,191250,191251,191252,191253,191254,191255,191256,191257,191258,191259,191260,191261,191262,191263,191264,191265,191266
9,901,'009-Saturday-1-26-06-0000010',166427,166428,166429,166430,166431,166432,166433,166434,166435,166436,166437,166438,166439,166440,166441,166442,166443,166444,166445,166446,166447,166448,166449,166450,166451,166452,166453,166454,166455,166456,166457,166458,166459,166460,166461,166462,166463,166464,166465,166466,166467,166468,166469,166470,166471,166472,166473,166474,166475,166476,166477,166478,166479,166480,166481,166482,166483,166484,166485,166486,166487,166488,166489,166490,166491,166492,166493,166494,166495,166496,166497,166498,166499,166500,166501,166502,166503
31,3100,'031-Weekday-1-26-06-1111100',166580,166581,166582,166583,166584,166585,166586,166587,166588,166589,166590,166591,166592,166593,166594,166595,166596,166597,166598,166599,166600,166601,166602,166603,166604,166605,166606,166607,166608,166609,166610,166611,166612,166613
31,3100,'031-Weekday-2-26-06-1111100',191343,191344,191345,191346,191347,191348,191349,191350,191351,191352,191353,191354,191355,191356,191357,191358,191359,191360,191361,191362,191363,191364,191365,191366,191367,191368,191369,191370,191371,191372,191373,191374,191375,191376
31,3101,'031-Weekday-1-26-06-1111100',166614,166615,166616,166617,166618,166619,166620,166621,166622,166623,166624,166625,166626,166627,166628,166629,166630,166631,166632,166633,166634,166635,166636,166637,166638,166639,166640,166641,166642,166643,166644,166645,166646,166647,166648,166649
31,3101,'031-Weekday-2-26-06-1111100',191377,191378,191379,191380,191381,191382,191383,191384,191385,191386,191387,191388,191389,191390,191391,191392,191393,191394,191395,191396,191397,191398,191399,191400,191401,191402,191403,191404,191405,191406,191407,191408,191409,191410,191411,191412
51,5100,'051-Weekday-1-26-06-1111100',166650,166651,166652,166653,166654,166655,166656,166657,166658,166659,166660,166661,166662,166663,166664,166665,166666,166667,166668,166669,166670,166671,166672,166673,166674,166675,166676,166677,166678,166679,166680,166681,166682,166683,166684,166685,166686,166687
51,5100,'051-Weekday-2-26-06-1111100',191413,191414,191415,191416,191417,191418,191419,191420,191421,191422,191423,191424,191425,191426,191427,191428,191429,191430,191431,191432,191433,191434,191435,191436,191437,191438,191439,191440,191441,191442,191443,191444,191445,191446,191447,191448,191449,191450
51,5100,'051-Saturday-1-26-06-0000010',166688,166689,166690,166691,166692,166693,166694,166695,166696,166697,166698,166699,166700,166701,166702,166703,166704,166705,166706,166707,166708,166709,166710,166711,166712,166713,166714
51,5101,'051-Weekday-1-26-06-1111100',166741,166742,166743,166744,166745,166746,166747,166748,166749,166750,166751,166752,166753,166754,166755,166756,166757,166758,166759,166760,166761,166762,166763,166764,166765,166766,166767,166768,166769,166770,166771,166772,166773,166774,166775,166776,166777
51,5101,'051-Weekday-2-26-06-1111100',191477,191478,191479,191480,191481,191482,191483,191484,191485,191486,191487,191488,191489,191490,191491,191492,191493,191494,191495,191496,191497,191498,191499,191500,191501,191502,191503,191504,191505,191506,191507,191508,191509,191510,191511,191512,191513
51,5101,'051-Saturday-1-26-06-0000010',166778,166779,166780,166781,166782,166783,166784,166785,166786,166787,166788,166789,166790,166791,166792,166793,166794,166795,166796,166797,166798,166799,166800,166801,166802,166803,166804,166805
52,5200,'052-Weekday-1-26-06-1111100',166832,166833,166834,166835,166836,166837,166838,166839,166840,166841,166842,166843,166844,166845,166846,166847,166848,166849,166850,166851,166852,166853,166854,166855,166856,166857,166858,166859,166860,166861,166862,166863,166864,166865,166866,166867,166868,166869,166870,166871,166872,166873,166874
52,5200,'052-Weekday-2-26-06-1111100',191540,191541,191542,191543,191544,191545,191546,191547,191548,191549,191550,191551,191552,191553,191554,191555,191556,191557,191558,191559,191560,191561,191562,191563,191564,191565,191566,191567,191568,191569,191570,191571,191572,191573,191574,191575,191576,191577,191578,191579,191580,191581,191582
52,5200,'052-Saturday-1-26-06-0000010',166875,166876,166877,166878,166879,166880,166881,166882,166883,166884,166885,166886,166887,166888,166889,166890,166891,166892,166893,166894,166895,166896,166897,166898,166899,166900,166901,166902,166903,166904
52,5201,'052-Weekday-1-26-06-1111100',166957,166958,166959,166960,166961,166962,166963,166964,166965,166966,166967,166968,166969,166970,166971,166972,166973,166974,166975,166976,166977,166978,166979,166980,166981,166982,166983,166984,166985,166986,166987,166988,166989,166990,166991,166992,166993,166994,166995,166996,166997,166998
52,5201,'052-Weekday-2-26-06-1111100',191608,191609,191610,191611,191612,191613,191614,191615,191616,191617,191618,191619,191620,191621,191622,191623,191624,191625,191626,191627,191628,191629,191630,191631,191632,191633,191634,191635,191636,191637,191638,191639,191640,191641,191642,191643,191644,191645,191646,191647,191648,191649
52,5201,'052-Saturday-1-26-06-0000010',166999,167000,167001,167002,167003,167004,167005,167006,167007,167008,167009,167010,167011,167012,167013,167014,167015,167016,167017,167018,167019,167020,167021,167022,167023,167024,167025,167026,167027
53,5300,'053-Weekday-1-26-06-1111100',167080,167081,167082,167083,167084,167085,167086,167087,167088,167089,167090,167091,167092,167093,167094,167095,167096,167097,167098,167099,167100,167101,167102,167103,167104,167105,167106,167107,167108,167109,167110,167111,167112,167113,167114,167115,167116,167117,167118,167119,167120,167121,167122,167123,167124,167125
53,5300,'053-Weekday-3-26-06-1111100',191675,191676,191677,191678,191679,191680,191681,191682,191683,191684,191685,191686,191687,191688,191689,191690,191691,191692,191693,191694,191695,191696,191697,191698,191699,191700,191701,191702,191703,191704,191705,191706,191707,191708,191709,191710,191711,191712,191713,191714,191715,191716,191717,191718,191719,191720
53,5300,'053-Saturday-1-26-06-0000010',167172,167173,167174,167175,167176,167177,167178,167179,167180,167181,167182,167183,167184,167185,167186,167187,167188,167189,167190,167191,167192,167193,167194,167195,167196,167197,167198,167199,167200,167201,167202
53,5301,'053-Weekday-1-26-06-1111100',167325,167326,167327,167328,167329,167330,167331,167332,167333,167334,167335,167336,167337,167338,167339,167340,167341,167342,167343,167344,167345,167346,167347,167348,167349,167350,167351,167352,167353,167354,167355,167356,167357,167358,167359,167360,167361,167362,167363,167364,167365,167366,167367,167368,167369,167370
53,5301,'053-Weekday-3-26-06-1111100',191747,191748,191749,191750,191751,191752,191753,191754,191755,191756,191757,191758,191759,191760,191761,191762,191763,191764,191765,191766,191767,191768,191769,191770,191771,191772,191773,191774,191775,191776,191777,191778,191779,191780,191781,191782,191783,191784,191785,191786,191787,191788,191789,191790,191791,191792
53,5301,'053-Saturday-1-26-06-0000010',167419,167420,167421,167422,167423,167424,167425,167426,167427,167428,167429,167430,167431,167432,167433,167434,167435,167436,167437,167438,167439,167440,167441,167442,167443,167444,167445,167446,167447,167448,167449
54,5400,'054-Weekday-1-26-06-1111100',167576,167577,167578,167579,167580,167581,167582,167583,167584,167585,167586,167587,167588,167589,167590,167591,167592,167593,167594,167595,167596,167597,167598,167599,167600,167601,167602,167603,167604,167605,167606,167607,167608,167609,167610,167611,167612,167613,167614,167615,167616,167617,167618,167619,167620,167621,167622,167623
54,5400,'054-Weekday-2-26-06-1111100',191819,191820,191821,191822,191823,191824,191825,191826,191827,191828,191829,191830,191831,191832,191833,191834,191835,191836,191837,191838,191839,191840,191841,191842,191843,191844,191845,191846,191847,191848,191849,191850,191851,191852,191853,191854,191855,191856,191857,191858,191859,191860,191861,191862,191863,191864,191865,191866
54,5400,'054-Saturday-1-26-06-0000010',167624,167625,167626,167627,167628,167629,167630,167631,167632,167633,167634,167635,167636,167637,167638,167639,167640,167641,167642,167643,167644,167645,167646,167647,167648,167649,167650,167651,167652,167653,167654,167655,167656,167657,167658,167659,167660,167661,167662,167663,167664,167665,167666,167667,167668,167669,167670,167671
54,5401,'054-Weekday-1-26-06-1111100',167714,167715,167716,167717,167718,167719,167720,167721,167722,167723,167724,167725,167726,167727,167728,167729,167730,167731,167732,167733,167734,167735,167736,167737,167738,167739,167740,167741,167742,167743,167744,167745,167746,167747,167748,167749,167750,167751,167752,167753,167754,167755,167756,167757,167758,167759
54,5401,'054-Weekday-2-26-06-1111100',191909,191910,191911,191912,191913,191914,191915,191916,191917,191918,191919,191920,191921,191922,191923,191924,191925,191926,191927,191928,191929,191930,191931,191932,191933,191934,191935,191936,191937,191938,191939,191940,191941,191942,191943,191944,191945,191946,191947,191948,191949,191950,191951,191952,191953,191954
54,5401,'054-Saturday-1-26-06-0000010',167760,167761,167762,167763,167764,167765,167766,167767,167768,167769,167770,167771,167772,167773,167774,167775,167776,167777,167778,167779,167780,167781,167782,167783,167784,167785,167786,167787,167788,167789,167790,167791,167792,167793,167794,167795,167796,167797,167798,167799,167800,167801,167802,167803,167804,167805,167806,167807
55,5500,'055-Weekday-1-26-06-1111100',167850,167851,167852,167853,167854,167855,167856,167857,167858,167859,167860,167861,167862,167863,167864,167865,167866,167867,167868,167869,167870,167871,167872,167873,167874,167875,167876,167877,167878,167879,167880,167881,167882,167883,167884,167885,167886,167887,167888,167889,167890,167891,167892,167893,167894,167895,167896,167897,167898,167899,167900,167901,167902
55,5500,'055-Weekday-2-26-06-1111100',191997,191998,191999,192000,192001,192002,192003,192004,192005,192006,192007,192008,192009,192010,192011,192012,192013,192014,192015,192016,192017,192018,192019,192020,192021,192022,192023,192024,192025,192026,192027,192028,192029,192030,192031,192032,192033,192034,192035,192036,192037,192038,192039,192040,192041,192042,192043,192044,192045,192046,192047,192048,192049
55,5500,'055-Saturday-1-26-06-0000010',167903,167904,167905,167906,167907,167908,167909,167910,167911,167912,167913,167914,167915,167916,167917,167918,167919,167920,167921,167922,167923,167924,167925,167926,167927,167928,167929,167930,167931,167932,167933,167934,167935,167936,167937,167938,167939,167940,167941,167942,167943,167944
55,5501,'055-Weekday-1-26-06-1111100',167984,167985,167986,167987,167988,167989,167990,167991,167992,167993,167994,167995,167996,167997,167998,167999,168000,168001,168002,168003,168004,168005,168006,168007,168008,168009,168010,168011,168012,168013,168014,168015,168016,168017,168018,168019,168020,168021,168022,168023,168024,168025,168026,168027,168028,168029,168030,168031,168032,168033,168034,168035,168036
55,5501,'055-Weekday-2-26-06-1111100',192089,192090,192091,192092,192093,192094,192095,192096,192097,192098,192099,192100,192101,192102,192103,192104,192105,192106,192107,192108,192109,192110,192111,192112,192113,192114,192115,192116,192117,192118,192119,192120,192121,192122,192123,192124,192125,192126,192127,192128,192129,192130,192131,192132,192133,192134,192135,192136,192137,192138,192139,192140,192141
55,5501,'055-Saturday-1-26-06-0000010',168037,168038,168039,168040,168041,168042,168043,168044,168045,168046,168047,168048,168049,168050,168051,168052,168053,168054,168055,168056,168057,168058,168059,168060,168061,168062,168063,168064,168065,168066,168067,168068,168069,168070,168071,168072,168073,168074,168075,168076,168077,168078
56,5600,'056-Weekday-1-26-06-1111100',168118,168119,168120,168121,168122,168123,168124,168125,168126,168127,168128,168129,168130,168131,168132,168133,168134,168135,168136,168137,168138,168139,168140,168141,168142,168143,168144,168145,168146,168147,168148,168149,168150,168151,168152,168153,168154,168155,168156,168157,168158,168159,168160,168161,168162,168163,168164,168165,168166,168167,168168,168169,168170,168171,168172,168173,168174,168175,168176,168177,168178,168179,168180,168181,168182,168183,168184,168185
56,5600,'056-Weekday-4-26-06-1111100',192181,192182,192183,192184,192185,192186,192187,192188,192189,192190,192191,192192,192193,192194,192195,192196,192197,192198,192199,192200,192201,192202,192203,192204,192205,192206,192207,192208,192209,192210,192211,192212,192213,192214,192215,192216,192217,192218,192219,192220,192221,192222,192223,192224,192225,192226,192227,192228,192229,192230,192231,192232,192233,192234,192235,192236,192237,192238,192239,192240,192241,192242,192243,192244,192245,192246,192247,192248
56,5600,'056-Saturday-1-26-06-0000010',168256,168257,168258,168259,168260,168261,168262,168263,168264,168265,168266,168267,168268,168269,168270,168271,168272,168273,168274,168275,168276,168277,168278,168279,168280,168281,168282,168283,168284,168285,168286,168287,168288,168289,168290,168291,168292,168293,168294,168295,168296,168297,168298,168299,168300,168301,168302,168303,168304,168305,168306,168307,168308,168309,168310,168311,168312,168313,168314,168315,168316,168317,168318,168319
56,5601,'056-Weekday-1-26-06-1111100',168373,168374,168375,168376,168377,168378,168379,168380,168381,168382,168383,168384,168385,168386,168387,168388,168389,168390,168391,168392,168393,168394,168395,168396,168397,168398,168399,168400,168401,168402,168403,168404,168405,168406,168407,168408,168409,168410,168411,168412,168413,168414,168415,168416,168417,168418,168419,168420,168421,168422,168423,168424,168425,168426,168427,168428,168429,168430,168431,168432,168433,168434,168435,168436,168437,168438,168439,168440,168441,168442,168443,168444,168445,168446
56,5601,'056-Weekday-4-26-06-1111100',192302,192303,192304,192305,192306,192307,192308,192309,192310,192311,192312,192313,192314,192315,192316,192317,192318,192319,192320,192321,192322,192323,192324,192325,192326,192327,192328,192329,192330,192331,192332,192333,192334,192335,192336,192337,192338,192339,192340,192341,192342,192343,192344,192345,192346,192347,192348,192349,192350,192351,192352,192353,192354,192355,192356,192357,192358,192359,192360,192361,192362,192363,192364,192365,192366,192367,192368,192369,192370,192371,192372,192373,192374,192375
56,5601,'056-Saturday-1-26-06-0000010',168522,168523,168524,168525,168526,168527,168528,168529,168530,168531,168532,168533,168534,168535,168536,168537,168538,168539,168540,168541,168542,168543,168544,168545,168546,168547,168548,168549,168550,168551,168552,168553,168554,168555,168556,168557,168558,168559,168560,168561,168562,168563,168564,168565,168566,168567,168568,168569,168570,168571,168572,168573,168574,168575,168576,168577,168578,168579,168580,168581,168582,168583,168584,168585
71,7100,'071-Weekday-6-26-06-1111100',226513,226514,226515,226516,226517,226518,226519,226520,226521,226522,226523,226524,226525,226526,226527,226528,226529,226530,226531,226532,226533,226534,226535,226536,226537,226538,226539,226540,226541,226542,226543,226544,226545,226546,226547,226548,226549,226550,226551,226552,226553,226554,226555,226556,226557,226558,226559,226560,226561,226562,226563,226564,226565,226566,226567,226568,226569,226570,226571,226572,226573,226574,226575,226576,226577,226578,226579,226580,226581,226582,226583,226584,226585,226586,226587,226588,226589,226590,226591,226592,226593,226594,226595,226596,226597,226598,226599,226600,226601,226602,226603,226604,226605,226606,226607,226608,226609,226610,226611,226612,226613,226614,226615,226616,226617,226618,226619,226620,226621,226622,226623,226624,226625,226626,226627,226628,226629,226630,226631,226632,226633,226634,226635,226636,226637,226638,226639,226640,226641,226642,226643,226644,226645,226646,226647,226648,226649,226650,226651,226652,226653,226654,226655,226656,226657,226658,226659,226660,226661,226662,226663,226664,226665,226666,226667,226668,226669,226670,226671,226672,226673,226674,226675,226676,226677,226678,226679,226680,226681,226682
71,7101,'071-Weekday-6-26-06-1111100',226683,226684,226685,226686,226687,226688,226689,226690,226691,226692,226693,226694,226695,226696,226697,226698,226699,226700,226701,226702,226703,226704,226705,226706,226707,226708,226709,226710,226711,226712,226713,226714,226715,226716,226717,226718,226719,226720,226721,226722,226723,226724,226725,226726,226727,226728,226729,226730,226731,226732,226733,226734,226735,226736,226737,226738,226739,226740,226741,226742,226743,226744,226745,226746,226747,226748,226749,226750,226751,226752,226753,226754,226755,226756,226757,226758,226759,226760,226761,226762,226763,226764,226765,226766,226767,226768,226769,226770,226771,226772,226773,226774,226775,226776,226777,226778,226779,226780,226781,226782,226783,226784,226785,226786,226787,226788,226789,226790,226791,226792,226793,226794,226795,226796,226797,226798,226799,226800,226801,226802,226803,226804,226805,226806,226807,226808,226809,226810,226811,226812,226813,226814,226815,226816,226817,226818,226819,226820,226821,226822,226823,226824,226825,226826,226827,226828,226829,226830,226831,226832,226833,226834,226835,226836,226837,226838,226839,226840,226841,226842,226843,226844,226845,226846,226847,226848,226849,226850,226851,226852,226853
101,10100,'101-Weekday-1-26-06-1111100',169772,169773,169774,169775,169776,169777,169778,169779,169780,169781,169782,169783,169784,169785,169786,169787,169788,169789,169790,169791,169792,169793,169794,169795,169796,169797,169798,169799,169800,169801,169802,169803,169804,169805,169806,169807,169808
101,10100,'101-Weekday-2-26-06-1111100',192428,192429,192430,192431,192432,192433,192434,192435,192436,192437,192438,192439,192440,192441,192442,192443,192444,192445,192446,192447,192448,192449,192450,192451,192452,192453,192454,192455,192456,192457,192458,192459,192460,192461,192462,192463,192464
101,10100,'101-Saturday-1-26-06-0000010',169809,169810,169811,169812,169813,169814,169815,169816,169817,169818,169819,169820,169821,169822,169823,169824,169825,169826,169827,169828,169829,169830,169831,169832,169833,169834,169835,169836
101,10101,'101-Weekday-1-26-06-1111100',169858,169859,169860,169861,169862,169863,169864,169865,169866,169867,169868,169869,169870,169871,169872,169873,169874,169875,169876,169877,169878,169879,169880,169881,169882,169883,169884,169885,169886,169887,169888,169889,169890,169891,169892
101,10101,'101-Weekday-2-26-06-1111100',192486,192487,192488,192489,192490,192491,192492,192493,192494,192495,192496,192497,192498,192499,192500,192501,192502,192503,192504,192505,192506,192507,192508,192509,192510,192511,192512,192513,192514,192515,192516,192517,192518,192519,192520
101,10101,'101-Saturday-1-26-06-0000010',169893,169894,169895,169896,169897,169898,169899,169900,169901,169902,169903,169904,169905,169906,169907,169908,169909,169910,169911,169912,169913,169914,169915,169916,169917,169918,169919,169920
102,10200,'102-Weekday-1-26-06-1111100',169942,169943,169944,169945,169946,169947,169948,169949,169950,169951,169952,169953,169954,169955,169956,169957,169958,169959,169960,169961,169962,169963,169964,169965,169966,169967,169968,169969,169970,169971,169972,169973,169974,169975,169976,169977,169978
102,10200,'102-Weekday-2-26-06-1111100',192542,192543,192544,192545,192546,192547,192548,192549,192550,192551,192552,192553,192554,192555,192556,192557,192558,192559,192560,192561,192562,192563,192564,192565,192566,192567,192568,192569,192570,192571,192572,192573,192574,192575,192576,192577,192578
102,10200,'102-Saturday-1-26-06-0000010',169979,169980,169981,169982,169983,169984,169985,169986,169987,169988,169989,169990,169991,169992,169993,169994,169995,169996,169997,169998,169999,170000,170001,170002,170003
102,10201,'102-Weekday-1-26-06-1111100',170022,170023,170024,170025,170026,170027,170028,170029,170030,170031,170032,170033,170034,170035,170036,170037,170038,170039,170040,170041,170042,170043,170044,170045,170046,170047,170048,170049,170050,170051,170052,170053,170054,170055,170056,170057
102,10201,'102-Weekday-2-26-06-1111100',192597,192598,192599,192600,192601,192602,192603,192604,192605,192606,192607,192608,192609,192610,192611,192612,192613,192614,192615,192616,192617,192618,192619,192620,192621,192622,192623,192624,192625,192626,192627,192628,192629,192630,192631,192632
102,10201,'102-Saturday-1-26-06-0000010',170058,170059,170060,170061,170062,170063,170064,170065,170066,170067,170068,170069,170070,170071,170072,170073,170074,170075,170076,170077,170078,170079,170080,170081,170082
103,10300,'103-Weekday-1-26-06-1111100',170101,170102,170103,170104,170105,170106,170107,170108,170109,170110,170111,170112,170113,170114,170115,170116,170117,170118,170119,170120,170121,170122,170123,170124,170125,170126,170127,170128,170129,170130,170131,170132,170133,170134,170135,170136,170137,170138,170139,170140,170141,170142,170143,170144
103,10300,'103-Weekday-2-26-06-1111100',192651,192652,192653,192654,192655,192656,192657,192658,192659,192660,192661,192662,192663,192664,192665,192666,192667,192668,192669,192670,192671,192672,192673,192674,192675,192676,192677,192678,192679,192680,192681,192682,192683,192684,192685,192686,192687,192688,192689,192690,192691,192692,192693,192694
103,10300,'103-Saturday-1-26-06-0000010',170145,170146,170147,170148,170149,170150,170151,170152,170153,170154,170155,170156,170157,170158,170159,170160,170161,170162,170163,170164,170165,170166,170167,170168,170169,170170,170171,170172,170173,170174,170175,170176,170177,170178,170179,170180,170181
103,10301,'103-Weekday-1-26-06-1111100',170219,170220,170221,170222,170223,170224,170225,170226,170227,170228,170229,170230,170231,170232,170233,170234,170235,170236,170237,170238,170239,170240,170241,170242,170243,170244,170245,170246,170247,170248,170249,170250,170251,170252,170253,170254,170255,170256,170257,170258,170259,170260,170261
103,10301,'103-Weekday-2-26-06-1111100',192732,192733,192734,192735,192736,192737,192738,192739,192740,192741,192742,192743,192744,192745,192746,192747,192748,192749,192750,192751,192752,192753,192754,192755,192756,192757,192758,192759,192760,192761,192762,192763,192764,192765,192766,192767,192768,192769,192770,192771,192772,192773,192774
103,10301,'103-Saturday-1-26-06-0000010',170262,170263,170264,170265,170266,170267,170268,170269,170270,170271,170272,170273,170274,170275,170276,170277,170278,170279,170280,170281,170282,170283,170284,170285,170286,170287,170288,170289,170290,170291,170292,170293,170294,170295,170296,170297,170298
104,10400,'104-Weekday-1-26-06-1111100',170336,170337,170338,170339,170340,170341,170342,170343,170344,170345,170346,170347,170348,170349,170350,170351,170352,170353,170354,170355,170356,170357,170358,170359,170360,170361,170362,170363,170364,170365,170366,170367,170368,170369,170370,170371,170372,170373,170374,170375,170376,170377,170378,170379
104,10400,'104-Weekday-2-26-06-1111100',192812,192813,192814,192815,192816,192817,192818,192819,192820,192821,192822,192823,192824,192825,192826,192827,192828,192829,192830,192831,192832,192833,192834,192835,192836,192837,192838,192839,192840,192841,192842,192843,192844,192845,192846,192847,192848,192849,192850,192851,192852,192853,192854,192855
104,10400,'104-Saturday-1-26-06-0000010',170380,170381,170382,170383,170384,170385,170386,170387,170388,170389,170390,170391,170392,170393,170394,170395,170396,170397,170398,170399,170400,170401,170402
104,10401,'104-Weekday-1-26-06-1111100',170421,170422,170423,170424,170425,170426,170427,170428,170429,170430,170431,170432,170433,170434,170435,170436,170437,170438,170439,170440,170441,170442,170443,170444,170445,170446,170447,170448,170449,170450,170451,170452,170453,170454,170455,170456,170457,170458,170459,170460,170461,170462,170463,170464
104,10401,'104-Weekday-2-26-06-1111100',192874,192875,192876,192877,192878,192879,192880,192881,192882,192883,192884,192885,192886,192887,192888,192889,192890,192891,192892,192893,192894,192895,192896,192897,192898,192899,192900,192901,192902,192903,192904,192905,192906,192907,192908,192909,192910,192911,192912,192913,192914,192915,192916,192917
104,10401,'104-Saturday-1-26-06-0000010',170465,170466,170467,170468,170469,170470,170471,170472,170473,170474,170475,170476,170477,170478,170479,170480,170481,170482,170483,170484,170485,170486,170487
106,10600,'106-Weekday-1-26-06-1111100',170507,170508,170509,170510,170511,170512,170513,170514,170515,170516,170517,170518,170519,170520,170521,170522,170523,170524,170525,170526,170527,170528,170529,170530,170531,170532,170533,170534,170535,170536,170537,170538,170539,170540,170541,170542,170543,170544,170545,170546,170547,170548,170549,170550,170551,170552,170553,170554,170555,170556,170557,170558
106,10600,'106-Weekday-4-26-06-1111100',192937,192938,192939,192940,192941,192942,192943,192944,192945,192946,192947,192948,192949,192950,192951,192952,192953,192954,192955,192956,192957,192958,192959,192960,192961,192962,192963,192964,192965,192966,192967,192968,192969,192970,192971,192972,192973,192974,192975,192976,192977,192978,192979,192980,192981,192982,192983,192984,192985,192986,192987,192988
106,10600,'106-Saturday-1-26-06-0000010',170612,170613,170614,170615,170616,170617,170618,170619,170620,170621,170622,170623,170624,170625,170626,170627,170628,170629,170630,170631,170632,170633,170634,170635,170636,170637,170638,170639,170640,170641,170642,170643,170644,170645,170646,170647
106,10601,'106-Weekday-1-26-06-1111100',170681,170682,170683,170684,170685,170686,170687,170688,170689,170690,170691,170692,170693,170694,170695,170696,170697,170698,170699,170700,170701,170702,170703,170704,170705,170706,170707,170708,170709,170710,170711,170712,170713,170714,170715,170716,170717,170718,170719,170720,170721,170722,170723,170724,170725,170726,170727,170728,170729,170730
106,10601,'106-Weekday-4-26-06-1111100',193022,193023,193024,193025,193026,193027,193028,193029,193030,193031,193032,193033,193034,193035,193036,193037,193038,193039,193040,193041,193042,193043,193044,193045,193046,193047,193048,193049,193050,193051,193052,193053,193054,193055,193056,193057,193058,193059,193060,193061,193062,193063,193064,193065,193066,193067,193068,193069,193070,193071
106,10601,'106-Saturday-1-26-06-0000010',170781,170782,170783,170784,170785,170786,170787,170788,170789,170790,170791,170792,170793,170794,170795,170796,170797,170798,170799,170800,170801,170802,170803,170804,170805,170806,170807,170808,170809,170810,170811,170812,170813,170814,170815,170816
107,10700,'107-Weekday-1-26-06-1111100',170850,170851,170852,170853,170854,170855,170856,170857,170858,170859,170860,170861,170862,170863,170864,170865,170866,170867,170868,170869,170870,170871,170872,170873,170874,170875,170876,170877,170878,170879,170880,170881,170882,170883,170884,170885,170886,170887,170888,170889,170890,170891,170892,170893,170894,170895,170896,170897,170898,170899,170900
107,10700,'107-Weekday-2-26-06-1111100',193105,193106,193107,193108,193109,193110,193111,193112,193113,193114,193115,193116,193117,193118,193119,193120,193121,193122,193123,193124,193125,193126,193127,193128,193129,193130,193131,193132,193133,193134,193135,193136,193137,193138,193139,193140,193141,193142,193143,193144,193145,193146,193147,193148,193149,193150,193151,193152,193153,193154,193155
107,10700,'107-Saturday-1-26-06-0000010',170901,170902,170903,170904,170905,170906,170907,170908,170909,170910,170911,170912,170913,170914,170915,170916,170917,170918,170919,170920,170921,170922,170923
107,10701,'107-Weekday-1-26-06-1111100',170943,170944,170945,170946,170947,170948,170949,170950,170951,170952,170953,170954,170955,170956,170957,170958,170959,170960,170961,170962,170963,170964,170965,170966,170967,170968,170969,170970,170971,170972,170973,170974,170975,170976,170977,170978,170979,170980,170981,170982,170983,170984,170985,170986,170987,170988,170989,170990,170991,170992,170993
107,10701,'107-Weekday-2-26-06-1111100',193175,193176,193177,193178,193179,193180,193181,193182,193183,193184,193185,193186,193187,193188,193189,193190,193191,193192,193193,193194,193195,193196,193197,193198,193199,193200,193201,193202,193203,193204,193205,193206,193207,193208,193209,193210,193211,193212,193213,193214,193215,193216,193217,193218,193219,193220,193221,193222,193223,193224,193225
107,10701,'107-Saturday-1-26-06-0000010',170994,170995,170996,170997,170998,170999,171000,171001,171002,171003,171004,171005,171006,171007,171008,171009,171010,171011,171012,171013,171014,171015,171016
108,10800,'108-Weekday-1-26-06-1111100',171037,171038,171039,171040,171041,171042,171043,171044,171045,171046,171047,171048,171049,171050,171051,171052,171053,171054,171055,171056,171057,171058,171059,171060,171061,171062,171063,171064,171065,171066,171067,171068,171069,171070,171071,171072,171073,171074,171075,171076,171077,171078,171079,171080,171081,171082,171083,171084,171085,171086,171087,171088,171089,171090,171091,171092,171093,171094,171095
108,10800,'108-Weekday-2-26-06-1111100',193246,193247,193248,193249,193250,193251,193252,193253,193254,193255,193256,193257,193258,193259,193260,193261,193262,193263,193264,193265,193266,193267,193268,193269,193270,193271,193272,193273,193274,193275,193276,193277,193278,193279,193280,193281,193282,193283,193284,193285,193286,193287,193288,193289,193290,193291,193292,193293,193294,193295,193296,193297,193298,193299,193300,193301,193302,193303,193304
108,10800,'108-Saturday-1-26-06-0000010',171096,171097,171098,171099,171100,171101,171102,171103,171104,171105,171106,171107,171108,171109,171110,171111,171112,171113,171114,171115,171116,171117,171118,171119,171120,171121,171122,171123,171124,171125,171126,171127,171128,171129,171130,171131,171132
108,10801,'108-Weekday-1-26-06-1111100',171170,171171,171172,171173,171174,171175,171176,171177,171178,171179,171180,171181,171182,171183,171184,171185,171186,171187,171188,171189,171190,171191,171192,171193,171194,171195,171196,171197,171198,171199,171200,171201,171202,171203,171204,171205,171206,171207,171208,171209,171210,171211,171212,171213,171214,171215,171216,171217,171218,171219,171220,171221,171222,171223,171224,171225,171226,171227,171228
108,10801,'108-Weekday-2-26-06-1111100',193342,193343,193344,193345,193346,193347,193348,193349,193350,193351,193352,193353,193354,193355,193356,193357,193358,193359,193360,193361,193362,193363,193364,193365,193366,193367,193368,193369,193370,193371,193372,193373,193374,193375,193376,193377,193378,193379,193380,193381,193382,193383,193384,193385,193386,193387,193388,193389,193390,193391,193392,193393,193394,193395,193396,193397,193398,193399,193400
108,10801,'108-Saturday-1-26-06-0000010',171229,171230,171231,171232,171233,171234,171235,171236,171237,171238,171239,171240,171241,171242,171243,171244,171245,171246,171247,171248,171249,171250,171251,171252,171253,171254,171255,171256,171257,171258,171259,171260,171261,171262,171263,171264,171265
109,10900,'109-Weekday-1-26-06-1111100',171303,171304,171305,171306,171307,171308,171309,171310,171311,171312,171313,171314,171315,171316,171317,171318,171319,171320,171321,171322,171323,171324,171325,171326,171327,171328,171329,171330,171331,171332,171333,171334,171335,171336,171337,171338,171339,171340,171341,171342,171343
109,10900,'109-Weekday-2-26-06-1111100',193438,193439,193440,193441,193442,193443,193444,193445,193446,193447,193448,193449,193450,193451,193452,193453,193454,193455,193456,193457,193458,193459,193460,193461,193462,193463,193464,193465,193466,193467,193468,193469,193470,193471,193472,193473,193474,193475,193476,193477,193478
109,10900,'109-Saturday-1-26-06-0000010',171344,171345,171346,171347,171348,171349,171350,171351,171352,171353,171354,171355,171356,171357,171358,171359,171360,171361,171362,171363,171364,171365,171366,171367,171368,171369,171370,171371,171372
109,10901,'109-Weekday-1-26-06-1111100',171391,171392,171393,171394,171395,171396,171397,171398,171399,171400,171401,171402,171403,171404,171405,171406,171407,171408,171409,171410,171411,171412,171413,171414,171415,171416,171417,171418,171419,171420,171421,171422,171423,171424,171425,171426,171427,171428,171429,171430
109,10901,'109-Weekday-2-26-06-1111100',193497,193498,193499,193500,193501,193502,193503,193504,193505,193506,193507,193508,193509,193510,193511,193512,193513,193514,193515,193516,193517,193518,193519,193520,193521,193522,193523,193524,193525,193526,193527,193528,193529,193530,193531,193532,193533,193534,193535,193536
109,10901,'109-Saturday-1-26-06-0000010',171431,171432,171433,171434,171435,171436,171437,171438,171439,171440,171441,171442,171443,171444,171445,171446,171447,171448,171449,171450,171451,171452,171453,171454,171455,171456,171457,171458
111,11100,'111-Weekday-1-26-06-1111100',171477,171478,171479,171480,171481,171482,171483
111,11100,'111-Weekday-2-26-06-1111100',193555,193556,193557,193558,193559,193560,193561
111,11100,'111-Saturday-1-26-06-0000010',171484,171485,171486,171487,171488,171489,171490
111,11101,'111-Weekday-1-26-06-1111100',171491,171492,171493,171494,171495,171496,171497
111,11101,'111-Weekday-2-26-06-1111100',193562,193563,193564,193565,193566,193567,193568
111,11101,'111-Saturday-1-26-06-0000010',171498,171499,171500,171501,171502,171503,171504
112,11200,'112-Weekday-1-26-06-1111100',171505,171506,171507,171508,171509,171510,171511,171512,171513,171514,171515,171516,171517,171518,171519,171520,171521,171522,171523,171524,171525,171526,171527,171528,171529,171530,171531,171532,171533,171534,171535,171536,171537
112,11200,'112-Weekday-3-26-06-1111100',193569,193570,193571,193572,193573,193574,193575,193576,193577,193578,193579,193580,193581,193582,193583,193584,193585,193586,193587,193588,193589,193590,193591,193592,193593,193594,193595,193596,193597,193598,193599,193600,193601
112,11200,'112-Saturday-1-26-06-0000010',171538,171539,171540,171541,171542,171543,171544,171545,171546,171547,171548,171549,171550,171551,171552,171553,171554,171555,171556,171557,171558,171559,171560
112,11201,'112-Weekday-1-26-06-1111100',171579,171580,171581,171582,171583,171584,171585,171586,171587,171588,171589,171590,171591,171592,171593,171594,171595,171596,171597,171598,171599,171600,171601,171602,171603,171604,171605,171606,171607,171608,171609,171610
112,11201,'112-Weekday-3-26-06-1111100',193620,193621,193622,193623,193624,193625,193626,193627,193628,193629,193630,193631,193632,193633,193634,193635,193636,193637,193638,193639,193640,193641,193642,193643,193644,193645,193646,193647,193648,193649,193650,193651
112,11201,'112-Saturday-1-26-06-0000010',171611,171612,171613,171614,171615,171616,171617,171618,171619,171620,171621,171622,171623,171624,171625,171626,171627,171628,171629,171630,171631,171632,171633
113,11300,'113-Weekday-1-26-06-1111100',171652,171653,171654,171655,171656,171657,171658,171659,171660,171661,171662,171663,171664,171665,171666,171667,171668,171669,171670,171671,171672,171673,171674,171675,171676,171677,171678,171679,171680,171681,171682,171683,171684,171685,171686,171687,171688,171689,171690,171691,171692,171693,171694,171695
113,11300,'113-Weekday-3-26-06-1111100',193670,193671,193672,193673,193674,193675,193676,193677,193678,193679,193680,193681,193682,193683,193684,193685,193686,193687,193688,193689,193690,193691,193692,193693,193694,193695,193696,193697,193698,193699,193700,193701,193702,193703,193704,193705,193706,193707,193708,193709,193710,193711,193712,193713
113,11300,'113-Saturday-1-26-06-0000010',171696,171697,171698,171699,171700,171701,171702,171703,171704,171705,171706,171707,171708,171709,171710,171711,171712,171713,171714,171715,171716,171717,171718,171719,171720,171721,171722,171723,171724,171725,171726,171727,171728,171729
113,11301,'113-Weekday-1-26-06-1111100',171764,171765,171766,171767,171768,171769,171770,171771,171772,171773,171774,171775,171776,171777,171778,171779,171780,171781,171782,171783,171784,171785,171786,171787,171788,171789,171790,171791,171792,171793,171794,171795,171796,171797,171798,171799,171800,171801,171802,171803,171804,171805,171806
113,11301,'113-Weekday-3-26-06-1111100',193748,193749,193750,193751,193752,193753,193754,193755,193756,193757,193758,193759,193760,193761,193762,193763,193764,193765,193766,193767,193768,193769,193770,193771,193772,193773,193774,193775,193776,193777,193778,193779,193780,193781,193782,193783,193784,193785,193786,193787,193788,193789,193790
113,11301,'113-Saturday-1-26-06-0000010',171807,171808,171809,171810,171811,171812,171813,171814,171815,171816,171817,171818,171819,171820,171821,171822,171823,171824,171825,171826,171827,171828,171829,171830,171831,171832,171833,171834,171835,171836,171837,171838,171839,171840,171841
114,11400,'114-Weekday-1-26-06-1111100',171874,171875,171876,171877,171878,171879,171880,171881,171882,171883,171884,171885,171886,171887,171888,171889,171890,171891,171892,171893,171894,171895,171896,171897,171898,171899,171900,171901,171902,171903,171904,171905,171906,171907,171908,171909,171910,171911,171912,171913,171914,171915,171916,171917,171918,171919,171920,171921,171922,171923,171924,171925,171926,171927,171928,171929,171930,171931,171932
114,11400,'114-Weekday-4-26-06-1111100',193823,193824,193825,193826,193827,193828,193829,193830,193831,193832,193833,193834,193835,193836,193837,193838,193839,193840,193841,193842,193843,193844,193845,193846,193847,193848,193849,193850,193851,193852,193853,193854,193855,193856,193857,193858,193859,193860,193861,193862,193863,193864,193865,193866,193867,193868,193869,193870,193871,193872,193873,193874,193875,193876,193877,193878,193879,193880,193881
114,11400,'114-Saturday-1-26-06-0000010',171994,171995,171996,171997,171998,171999,172000,172001,172002,172003,172004,172005,172006,172007,172008,172009,172010,172011,172012,172013,172014,172015,172016,172017,172018,172019,172020,172021,172022,172023,172024,172025,172026,172027,172028,172029,172030,172031,172032,172033,172034,172035,172036
114,11401,'114-Weekday-1-26-06-1111100',172207,172208,172209,172210,172211,172212,172213,172214,172215,172216,172217,172218,172219,172220,172221,172222,172223,172224,172225,172226,172227,172228,172229,172230,172231,172232,172233,172234,172235,172236,172237,172238,172239,172240,172241,172242,172243,172244,172245,172246,172247,172248,172249,172250,172251,172252,172253,172254,172255,172256,172257,172258,172259,172260,172261,172262,172263,172264
114,11401,'114-Weekday-4-26-06-1111100',193921,193922,193923,193924,193925,193926,193927,193928,193929,193930,193931,193932,193933,193934,193935,193936,193937,193938,193939,193940,193941,193942,193943,193944,193945,193946,193947,193948,193949,193950,193951,193952,193953,193954,193955,193956,193957,193958,193959,193960,193961,193962,193963,193964,193965,193966,193967,193968,193969,193970,193971,193972,193973,193974,193975,193976,193977,193978
114,11401,'114-Saturday-1-26-06-0000010',172323,172324,172325,172326,172327,172328,172329,172330,172331,172332,172333,172334,172335,172336,172337,172338,172339,172340,172341,172342,172343,172344,172345,172346,172347,172348,172349,172350,172351,172352,172353,172354,172355,172356,172357,172358,172359,172360,172361,172362,172363,172364,172365
116,11600,'116-Weekday-1-26-06-1111100',172530,172531,172532,172533,172534,172535,172536,172537,172538,172539,172540,172541,172542,172543,172544,172545,172546,172547,172548,172549,172550,172551,172552,172553,172554,172555,172556,172557,172558,172559,172560,172561,172562,172563,172564,172565,172566,172567,172568,172569,172570
116,11600,'116-Weekday-3-26-06-1111100',194018,194019,194020,194021,194022,194023,194024,194025,194026,194027,194028,194029,194030,194031,194032,194033,194034,194035,194036,194037,194038,194039,194040,194041,194042,194043,194044,194045,194046,194047,194048,194049,194050,194051,194052,194053,194054,194055,194056,194057,194058
116,11600,'116-Saturday-1-26-06-0000010',172571,172572,172573,172574,172575,172576,172577,172578,172579,172580,172581,172582,172583,172584,172585,172586,172587,172588,172589,172590,172591,172592,172593,172594,172595,172596,172597,172598,172599,172600
116,11601,'116-Weekday-1-26-06-1111100',172627,172628,172629,172630,172631,172632,172633,172634,172635,172636,172637,172638,172639,172640,172641,172642,172643,172644,172645,172646,172647,172648,172649,172650,172651,172652,172653,172654,172655,172656,172657,172658,172659,172660,172661,172662,172663,172664,172665,172666
116,11601,'116-Weekday-3-26-06-1111100',194085,194086,194087,194088,194089,194090,194091,194092,194093,194094,194095,194096,194097,194098,194099,194100,194101,194102,194103,194104,194105,194106,194107,194108,194109,194110,194111,194112,194113,194114,194115,194116,194117,194118,194119,194120,194121,194122,194123,194124
116,11601,'116-Saturday-1-26-06-0000010',172667,172668,172669,172670,172671,172672,172673,172674,172675,172676,172677,172678,172679,172680,172681,172682,172683,172684,172685,172686,172687,172688,172689,172690,172691,172692,172693,172694,172695,172696
117,11700,'117-Weekday-1-26-06-1111100',172724,172725,172726,172727,172728,172729,172730,172731,172732,172733,172734,172735,172736,172737,172738,172739,172740,172741,172742,172743,172744,172745,172746,172747,172748,172749,172750,172751,172752,172753,172754,172755,172756
117,11700,'117-Weekday-3-26-06-1111100',194152,194153,194154,194155,194156,194157,194158,194159,194160,194161,194162,194163,194164,194165,194166,194167,194168,194169,194170,194171,194172,194173,194174,194175,194176,194177,194178,194179,194180,194181,194182,194183,194184
117,11700,'117-Saturday-1-26-06-0000010',172757,172758,172759,172760,172761,172762,172763,172764,172765,172766,172767,172768,172769,172770,172771,172772,172773,172774,172775,172776,172777,172778,172779,172780,172781,172782,172783,172784,172785,172786,172787
117,11701,'117-Weekday-1-26-06-1111100',172812,172813,172814,172815,172816,172817,172818,172819,172820,172821,172822,172823,172824,172825,172826,172827,172828,172829,172830,172831,172832,172833,172834,172835,172836,172837,172838,172839,172840,172841,172842,172843,172844
117,11701,'117-Weekday-3-26-06-1111100',194209,194210,194211,194212,194213,194214,194215,194216,194217,194218,194219,194220,194221,194222,194223,194224,194225,194226,194227,194228,194229,194230,194231,194232,194233,194234,194235,194236,194237,194238,194239,194240,194241
117,11701,'117-Saturday-1-26-06-0000010',172845,172846,172847,172848,172849,172850,172851,172852,172853,172854,172855,172856,172857,172858,172859,172860,172861,172862,172863,172864,172865,172866,172867,172868,172869,172870,172871,172872,172873,172874
118,11800,'118-Weekday-1-26-06-1111100',172900,172901,172902,172903,172904,172905,172906,172907,172908,172909,172910,172911,172912,172913,172914,172915,172916,172917,172918,172919,172920,172921,172922,172923,172924,172925,172926,172927,172928,172929,172930,172931,172932,172933,172934,172935,172936,172937,172938
118,11800,'118-Weekday-3-26-06-1111100',194267,194268,194269,194270,194271,194272,194273,194274,194275,194276,194277,194278,194279,194280,194281,194282,194283,194284,194285,194286,194287,194288,194289,194290,194291,194292,194293,194294,194295,194296,194297,194298,194299,194300,194301,194302,194303,194304,194305
118,11800,'118-Saturday-1-26-06-0000010',172939,172940,172941,172942,172943,172944,172945,172946,172947,172948,172949,172950,172951,172952,172953,172954,172955,172956,172957,172958,172959,172960,172961,172962,172963
118,11801,'118-Weekday-1-26-06-1111100',172985,172986,172987,172988,172989,172990,172991,172992,172993,172994,172995,172996,172997,172998,172999,173000,173001,173002,173003,173004,173005,173006,173007,173008,173009,173010,173011,173012,173013,173014,173015,173016,173017,173018,173019,173020,173021,173022
118,11801,'118-Weekday-3-26-06-1111100',194327,194328,194329,194330,194331,194332,194333,194334,194335,194336,194337,194338,194339,194340,194341,194342,194343,194344,194345,194346,194347,194348,194349,194350,194351,194352,194353,194354,194355,194356,194357,194358,194359,194360,194361,194362,194363,194364
118,11801,'118-Saturday-1-26-06-0000010',173023,173024,173025,173026,173027,173028,173029,173030,173031,173032,173033,173034,173035,173036,173037,173038,173039,173040,173041,173042,173043,173044,173045,173046,173047
119,11900,'119-Weekday-1-26-06-1111100',173070,173071,173072,173073,173074,173075,173076,173077,173078,173079,173080,173081,173082,173083,173084,173085,173086,173087,173088,173089,173090,173091,173092,173093,173094,173095,173096,173097,173098,173099,173100,173101,173102,173103,173104,173105,173106,173107,173108,173109,173110,173111,173112,173113,173114,173115,173116,173117
119,11900,'119-Weekday-3-26-06-1111100',194387,194388,194389,194390,194391,194392,194393,194394,194395,194396,194397,194398,194399,194400,194401,194402,194403,194404,194405,194406,194407,194408,194409,194410,194411,194412,194413,194414,194415,194416,194417,194418,194419,194420,194421,194422,194423,194424,194425,194426,194427,194428,194429,194430,194431,194432,194433,194434
119,11900,'119-Saturday-1-26-06-0000010',173118,173119,173120,173121,173122,173123,173124,173125,173126,173127,173128,173129,173130,173131,173132,173133,173134,173135,173136,173137,173138,173139,173140,173141,173142,173143,173144,173145,173146,173147,173148,173149,173150,173151,173152
119,11901,'119-Weekday-1-26-06-1111100',173221,173222,173223,173224,173225,173226,173227,173228,173229,173230,173231,173232,173233,173234,173235,173236,173237,173238,173239,173240,173241,173242,173243,173244,173245,173246,173247,173248,173249,173250,173251,173252,173253,173254,173255,173256,173257,173258,173259,173260,173261,173262
119,11901,'119-Weekday-3-26-06-1111100',194468,194469,194470,194471,194472,194473,194474,194475,194476,194477,194478,194479,194480,194481,194482,194483,194484,194485,194486,194487,194488,194489,194490,194491,194492,194493,194494,194495,194496,194497,194498,194499,194500,194501,194502,194503,194504,194505,194506,194507,194508,194509
119,11901,'119-Saturday-1-26-06-0000010',173263,173264,173265,173266,173267,173268,173269,173270,173271,173272,173273,173274,173275,173276,173277,173278,173279,173280,173281,173282,173283,173284,173285,173286,173287,173288,173289,173290,173291,173292,173293,173294,173295,173296,173297
121,12100,'121-Weekday-1-26-06-1111100',173365,173366,173367,173368,173369,173370,173371,173372,173373,173374,173375,173376,173377,173378,173379,173380,173381,173382,173383,173384,173385,173386,173387,173388,173389,173390,173391,173392,173393,173394,173395,173396,173397,173398,173399,173400,173401,173402,173403,173404,173405,173406,173407,173408,173409,173410,173411,173412,173413,173414,173415
121,12100,'121-Weekday-2-26-06-1111100',194543,194544,194545,194546,194547,194548,194549,194550,194551,194552,194553,194554,194555,194556,194557,194558,194559,194560,194561,194562,194563,194564,194565,194566,194567,194568,194569,194570,194571,194572,194573,194574,194575,194576,194577,194578,194579,194580,194581,194582,194583,194584,194585,194586,194587,194588,194589,194590,194591,194592,194593
121,12100,'121-Saturday-1-26-06-0000010',173416,173417,173418,173419,173420,173421,173422,173423,173424,173425,173426,173427,173428,173429,173430,173431,173432,173433,173434,173435,173436,173437,173438,173439,173440,173441,173442,173443,173444,173445,173446,173447,173448,173449,173450,173451,173452,173453,173454,173455,173456
121,12101,'121-Weekday-1-26-06-1111100',173513,173514,173515,173516,173517,173518,173519,173520,173521,173522,173523,173524,173525,173526,173527,173528,173529,173530,173531,173532,173533,173534,173535,173536,173537,173538,173539,173540,173541,173542,173543,173544,173545,173546,173547,173548,173549,173550,173551,173552,173553,173554,173555,173556,173557,173558,173559,173560,173561,173562,173563,173564
121,12101,'121-Weekday-2-26-06-1111100',194621,194622,194623,194624,194625,194626,194627,194628,194629,194630,194631,194632,194633,194634,194635,194636,194637,194638,194639,194640,194641,194642,194643,194644,194645,194646,194647,194648,194649,194650,194651,194652,194653,194654,194655,194656,194657,194658,194659,194660,194661,194662,194663,194664,194665,194666,194667,194668,194669,194670,194671,194672
121,12101,'121-Saturday-1-26-06-0000010',173565,173566,173567,173568,173569,173570,173571,173572,173573,173574,173575,173576,173577,173578,173579,173580,173581,173582,173583,173584,173585,173586,173587,173588,173589,173590,173591,173592,173593,173594,173595,173596,173597,173598,173599,173600,173601,173602,173603,173604,173605
122,12201,'122-Weekday-1-26-06-1111100',173662,173663,173664,173665,173666,173667,173668,173669,173670,173671,173672,173673,173674,173675,173676,173677,173678,173679,173680,173681,173682,173683,173684,173685,173686,173687,173688,173689,173690,173691,173692,173693,173694
122,12201,'122-Weekday-2-26-06-1111100',194700,194701,194702,194703,194704,194705,194706,194707,194708,194709,194710,194711,194712,194713,194714,194715,194716,194717,194718,194719,194720,194721,194722,194723,194724,194725,194726,194727,194728,194729,194730,194731,194732
122,12201,'122-Saturday-1-26-06-0000010',173695,173696,173697,173698,173699,173700,173701,173702,173703,173704,173705,173706,173707,173708,173709,173710,173711,173712,173713,173714,173715,173716,173717
124,12400,'124-Weekday-1-26-06-1111100',173737,173738,173739,173740,173741,173742,173743,173744,173745,173746,173747,173748,173749,173750,173751,173752,173753,173754,173755,173756,173757,173758,173759,173760,173761,173762,173763,173764,173765,173766,173767,173768,173769,173770,173771,173772,173773,173774
124,12400,'124-Weekday-2-26-06-1111100',194752,194753,194754,194755,194756,194757,194758,194759,194760,194761,194762,194763,194764,194765,194766,194767,194768,194769,194770,194771,194772,194773,194774,194775,194776,194777,194778,194779,194780,194781,194782,194783,194784,194785,194786,194787,194788,194789
124,12400,'124-Saturday-1-26-06-0000010',173775,173776,173777,173778,173779,173780,173781,173782,173783,173784,173785,173786,173787,173788,173789,173790,173791,173792,173793,173794,173795,173796,173797
124,12401,'124-Weekday-1-26-06-1111100',173817,173818,173819,173820,173821,173822,173823,173824,173825,173826,173827,173828,173829,173830,173831,173832,173833,173834,173835,173836,173837,173838,173839,173840,173841,173842,173843,173844,173845,173846,173847,173848,173849,173850,173851,173852,173853,173854
124,12401,'124-Weekday-2-26-06-1111100',194809,194810,194811,194812,194813,194814,194815,194816,194817,194818,194819,194820,194821,194822,194823,194824,194825,194826,194827,194828,194829,194830,194831,194832,194833,194834,194835,194836,194837,194838,194839,194840,194841,194842,194843,194844,194845,194846
124,12401,'124-Saturday-1-26-06-0000010',173855,173856,173857,173858,173859,173860,173861,173862,173863,173864,173865,173866,173867,173868,173869,173870,173871,173872,173873,173874,173875,173876,173877
127,12700,'127-Weekday-1-26-06-1111100',173897,173898,173899,173900,173901,173902,173903,173904,173905
127,12700,'127-Weekday-2-26-06-1111100',194866,194867,194868,194869,194870,194871,194872,194873,194874
127,12700,'127-Saturday-1-26-06-0000010',173906,173907,173908,173909,173910,173911,173912,173913,173914
127,12701,'127-Weekday-1-26-06-1111100',173925,173926,173927,173928,173929,173930,173931,173932,173933,173934
127,12701,'127-Weekday-2-26-06-1111100',194885,194886,194887,194888,194889,194890,194891,194892,194893,194894
127,12701,'127-Saturday-1-26-06-0000010',173935,173936,173937,173938,173939,173940,173941,173942,173943
128,12800,'128-Weekday-1-26-06-1111100',173954,173955,173956,173957,173958,173959,173960,173961
128,12800,'128-Weekday-2-26-06-1111100',194905,194906,194907,194908,194909,194910,194911,194912
128,12800,'128-Saturday-1-26-06-0000010',173962,173963,173964,173965,173966,173967,173968,173969
128,12801,'128-Weekday-1-26-06-1111100',173970,173971,173972,173973,173974,173975,173976,173977
128,12801,'128-Weekday-2-26-06-1111100',194913,194914,194915,194916,194917,194918,194919,194920
128,12801,'128-Saturday-1-26-06-0000010',173978,173979,173980,173981,173982,173983,173984,173985
501,50100,'501-Weekday-1-26-06-1111100',173986,173987,173988,173989,173990,173991,173992,173993,173994,173995,173996,173997,173998,173999,174000,174001,174002,174003,174004,174005,174006,174007,174008,174009,174010,174011,174012,174013,174014,174015,174016,174017,174018,174019,174020,174021
501,50100,'501-Weekday-2-26-06-1111100',194921,194922,194923,194924,194925,194926,194927,194928,194929,194930,194931,194932,194933,194934,194935,194936,194937,194938,194939,194940,194941,194942,194943,194944,194945,194946,194947,194948,194949,194950,194951,194952,194953,194954,194955,194956
501,50100,'501-Saturday-1-26-06-0000010',174022,174023,174024,174025,174026,174027,174028,174029,174030,174031,174032,174033,174034,174035,174036,174037,174038,174039,174040,174041,174042,174043,174044,174045
501,50101,'501-Weekday-1-26-06-1111100',174069,174070,174071,174072,174073,174074,174075,174076,174077,174078,174079,174080,174081,174082,174083,174084,174085,174086,174087,174088,174089,174090,174091,174092,174093,174094,174095,174096,174097,174098,174099,174100,174101,174102,174103,174104,174105,174106,174107
501,50101,'501-Weekday-2-26-06-1111100',194980,194981,194982,194983,194984,194985,194986,194987,194988,194989,194990,194991,194992,194993,194994,194995,194996,194997,194998,194999,195000,195001,195002,195003,195004,195005,195006,195007,195008,195009,195010,195011,195012,195013,195014,195015,195016,195017,195018
501,50101,'501-Saturday-1-26-06-0000010',174108,174109,174110,174111,174112,174113,174114,174115,174116,174117,174118,174119,174120,174121,174122,174123,174124,174125,174126,174127,174128,174129,174130,174131
502,50200,'502-Weekday-1-26-06-1111100',174155,174156,174157,174158,174159,174160,174161,174162,174163,174164,174165,174166,174167
502,50200,'502-Weekday-2-26-06-1111100',195042,195043,195044,195045,195046,195047,195048,195049,195050,195051,195052,195053,195054
502,50201,'502-Weekday-1-26-06-1111100',174168,174169,174170,174171,174172,174173,174174,174175,174176,174177,174178,174179
502,50201,'502-Weekday-2-26-06-1111100',195055,195056,195057,195058,195059,195060,195061,195062,195063,195064,195065,195066
503,50300,'503-Weekday-1-26-06-1111100',174180,174181,174182,174183,174184,174185,174186,174187,174188,174189,174190
503,50300,'503-Weekday-2-26-06-1111100',195067,195068,195069,195070,195071,195072,195073,195074,195075,195076,195077
503,50301,'503-Weekday-1-26-06-1111100',174191,174192,174193,174194,174195,174196,174197,174198,174199,174200,174201
503,50301,'503-Weekday-2-26-06-1111100',195078,195079,195080,195081,195082,195083,195084,195085,195086,195087,195088
504,50400,'504-Weekday-1-26-06-1111100',174202,174203,174204,174205,174206,174207,174208,174209,174210,174211,174212,174213,174214,174215,174216,174217,174218,174219,174220,174221,174222,174223
504,50400,'504-Weekday-2-26-06-1111100',195089,195090,195091,195092,195093,195094,195095,195096,195097,195098,195099,195100,195101,195102,195103,195104,195105,195106,195107,195108,195109,195110
504,50400,'504-Saturday-1-26-06-0000010',174224,174225,174226,174227,174228,174229,174230,174231,174232,174233,174234,174235,174236
504,50401,'504-Weekday-1-26-06-1111100',174249,174250,174251,174252,174253,174254,174255,174256,174257,174258,174259,174260,174261,174262,174263,174264,174265,174266,174267,174268,174269,174270,174271
504,50401,'504-Weekday-2-26-06-1111100',195123,195124,195125,195126,195127,195128,195129,195130,195131,195132,195133,195134,195135,195136,195137,195138,195139,195140,195141,195142,195143,195144,195145
504,50401,'504-Saturday-1-26-06-0000010',174272,174273,174274,174275,174276,174277,174278,174279,174280,174281,174282,174283,174284
505,50501,'505-Weekday-1-26-06-1111100',174297,174298,174299,174300,174301,174302,174303,174304,174305,174306,174307
505,50501,'505-Weekday-2-26-06-1111100',195158,195159,195160,195161,195162,195163,195164,195165,195166,195167,195168
506,50600,'506-Weekday-1-26-06-1111100',174308,174309,174310,174311,174312,174313,174314,174315,174316,174317,174318,174319,174320,174321,174322,174323,174324,174325,174326,174327,174328,174329,174330,174331,174332,174333,174334,174335,174336,174337,174338,174339,174340,174341,174342,174343,174344,174345,174346,174347,174348,174349
506,50600,'506-Weekday-2-26-06-1111100',195169,195170,195171,195172,195173,195174,195175,195176,195177,195178,195179,195180,195181,195182,195183,195184,195185,195186,195187,195188,195189,195190,195191,195192,195193,195194,195195,195196,195197,195198,195199,195200,195201,195202,195203,195204,195205,195206,195207,195208,195209,195210
506,50600,'506-Saturday-1-26-06-0000010',174350,174351,174352,174353,174354,174355,174356,174357,174358,174359,174360,174361,174362,174363,174364,174365,174366,174367,174368,174369,174370,174371,174372,174373,174374,174375,174376,174377,174378,174379,174380,174381
506,50601,'506-Weekday-1-26-06-1111100',174440,174441,174442,174443,174444,174445,174446,174447,174448,174449,174450,174451,174452,174453,174454,174455,174456,174457,174458,174459,174460,174461,174462,174463,174464,174465,174466,174467,174468,174469,174470,174471,174472,174473,174474,174475,174476,174477,174478,174479,174480,174481
506,50601,'506-Weekday-2-26-06-1111100',195239,195240,195241,195242,195243,195244,195245,195246,195247,195248,195249,195250,195251,195252,195253,195254,195255,195256,195257,195258,195259,195260,195261,195262,195263,195264,195265,195266,195267,195268,195269,195270,195271,195272,195273,195274,195275,195276,195277,195278,195279,195280
506,50601,'506-Saturday-1-26-06-0000010',174482,174483,174484,174485,174486,174487,174488,174489,174490,174491,174492,174493,174494,174495,174496,174497,174498,174499,174500,174501,174502,174503,174504,174505,174506,174507,174508,174509,174510,174511,174512,174513
507,50700,'507-Weekday-1-26-06-1111100',174572,174573,174574,174575,174576,174577,174578,174579,174580,174581,174582,174583,174584,174585,174586,174587,174588,174589,174590,174591,174592,174593,174594,174595,174596,174597,174598,174599,174600,174601,174602,174603,174604,174605,174606,174607,174608,174609,174610,174611,174612,174613
507,50700,'507-Weekday-2-26-06-1111100',195309,195310,195311,195312,195313,195314,195315,195316,195317,195318,195319,195320,195321,195322,195323,195324,195325,195326,195327,195328,195329,195330,195331,195332,195333,195334,195335,195336,195337,195338,195339,195340,195341,195342,195343,195344,195345,195346,195347,195348,195349,195350
507,50700,'507-Saturday-1-26-06-0000010',174614,174615,174616,174617,174618,174619,174620,174621,174622,174623,174624,174625,174626,174627,174628,174629,174630,174631,174632,174633,174634,174635,174636,174637,174638,174639,174640,174641,174642
507,50701,'507-Weekday-1-26-06-1111100',174669,174670,174671,174672,174673,174674,174675,174676,174677,174678,174679,174680,174681,174682,174683,174684,174685,174686,174687,174688,174689,174690,174691,174692,174693,174694,174695,174696,174697,174698,174699,174700,174701,174702,174703,174704,174705,174706,174707,174708,174709,174710
507,50701,'507-Weekday-2-26-06-1111100',195377,195378,195379,195380,195381,195382,195383,195384,195385,195386,195387,195388,195389,195390,195391,195392,195393,195394,195395,195396,195397,195398,195399,195400,195401,195402,195403,195404,195405,195406,195407,195408,195409,195410,195411,195412,195413,195414,195415,195416,195417,195418
507,50701,'507-Saturday-1-26-06-0000010',174711,174712,174713,174714,174715,174716,174717,174718,174719,174720,174721,174722,174723,174724,174725,174726,174727,174728,174729,174730,174731,174732,174733,174734,174735,174736,174737,174738,174739,174740,174741
508,50800,'508-Weekday-1-26-06-1111100',174770,174771,174772,174773,174774,174775,174776,174777,174778,174779,174780,174781,174782,174783,174784,174785,174786,174787,174788,174789,174790,174791,174792,174793,174794,174795,174796,174797,174798,174799,174800,174801,174802,174803,174804,174805,174806,174807
508,50800,'508-Weekday-2-26-06-1111100',195447,195448,195449,195450,195451,195452,195453,195454,195455,195456,195457,195458,195459,195460,195461,195462,195463,195464,195465,195466,195467,195468,195469,195470,195471,195472,195473,195474,195475,195476,195477,195478,195479,195480,195481,195482,195483,195484
508,50800,'508-Saturday-1-26-06-0000010',174808,174809,174810,174811,174812,174813,174814,174815,174816,174817,174818,174819,174820,174821,174822,174823,174824,174825,174826,174827,174828,174829,174830,174831
508,50801,'508-Weekday-1-26-06-1111100',174849,174850,174851,174852,174853,174854,174855,174856,174857,174858,174859,174860,174861,174862,174863,174864,174865,174866,174867,174868,174869,174870,174871,174872,174873,174874,174875,174876,174877,174878,174879,174880,174881,174882,174883,174884,174885,174886
508,50801,'508-Weekday-2-26-06-1111100',195502,195503,195504,195505,195506,195507,195508,195509,195510,195511,195512,195513,195514,195515,195516,195517,195518,195519,195520,195521,195522,195523,195524,195525,195526,195527,195528,195529,195530,195531,195532,195533,195534,195535,195536,195537,195538,195539
508,50801,'508-Saturday-1-26-06-0000010',174887,174888,174889,174890,174891,174892,174893,174894,174895,174896,174897,174898,174899,174900,174901,174902,174903,174904,174905,174906,174907,174908,174909,174910,174911
509,50900,'509-Weekday-1-26-06-1111100',174930,174931,174932,174933,174934,174935,174936,174937,174938,174939,174940,174941,174942,174943,174944,174945,174946,174947,174948,174949,174950,174951,174952,174953,174954,174955,174956,174957,174958,174959,174960,174961,174962,174963,174964,174965,174966,174967,174968,174969,174970,174971,174972,174973,174974,174975,174976,174977
509,50900,'509-Weekday-2-26-06-1111100',195558,195559,195560,195561,195562,195563,195564,195565,195566,195567,195568,195569,195570,195571,195572,195573,195574,195575,195576,195577,195578,195579,195580,195581,195582,195583,195584,195585,195586,195587,195588,195589,195590,195591,195592,195593,195594,195595,195596,195597,195598,195599,195600,195601,195602,195603,195604,195605
509,50900,'509-Saturday-1-26-06-0000010',174978,174979,174980,174981,174982,174983,174984,174985,174986,174987,174988,174989,174990,174991,174992,174993,174994,174995,174996,174997,174998,174999,175000,175001,175002,175003,175004,175005,175006,175007,175008,175009,175010
509,50901,'509-Weekday-1-26-06-1111100',175074,175075,175076,175077,175078,175079,175080,175081,175082,175083,175084,175085,175086,175087,175088,175089,175090,175091,175092,175093,175094,175095,175096,175097,175098,175099,175100,175101,175102,175103,175104,175105,175106,175107,175108,175109,175110,175111,175112,175113,175114,175115,175116,175117,175118,175119,175120
509,50901,'509-Weekday-2-26-06-1111100',195637,195638,195639,195640,195641,195642,195643,195644,195645,195646,195647,195648,195649,195650,195651,195652,195653,195654,195655,195656,195657,195658,195659,195660,195661,195662,195663,195664,195665,195666,195667,195668,195669,195670,195671,195672,195673,195674,195675,195676,195677,195678,195679,195680,195681,195682,195683
509,50901,'509-Saturday-1-26-06-0000010',175121,175122,175123,175124,175125,175126,175127,175128,175129,175130,175131,175132,175133,175134,175135,175136,175137,175138,175139,175140,175141,175142,175143,175144,175145,175146,175147,175148,175149,175150,175151,175152,175153
511,51100,'511-Weekday-1-26-06-1111100',175215,175216,175217,175218
511,51100,'511-Weekday-2-26-06-1111100',195714,195715,195716,195717
511,51100,'511-Saturday-1-26-06-0000010',175219,175220,175221,175222
511,51101,'511-Weekday-1-26-06-1111100',175227,175228,175229,175230
511,51101,'511-Weekday-2-26-06-1111100',195722,195723,195724,195725
511,51101,'511-Saturday-1-26-06-0000010',175231,175232,175233,175234
512,51200,'512-Weekday-1-26-06-1111100',175239,175240,175241,175242,175243,175244,175245,175246,175247,175248,175249,175250,175251,175252,175253,175254,175255,175256,175257,175258,175259,175260,175261,175262,175263,175264,175265,175266,175267,175268,175269,175270,175271,175272,175273
512,51200,'512-Weekday-2-26-06-1111100',195730,195731,195732,195733,195734,195735,195736,195737,195738,195739,195740,195741,195742,195743,195744,195745,195746,195747,195748,195749,195750,195751,195752,195753,195754,195755,195756,195757,195758,195759,195760,195761,195762,195763,195764
512,51200,'512-Saturday-1-26-06-0000010',175274,175275,175276,175277,175278,175279,175280,175281,175282,175283,175284,175285,175286,175287,175288,175289,175290,175291,175292,175293,175294,175295,175296,175297,175298,175299,175300,175301,175302,175303
513,51301,'513-Weekday-1-26-06-1111100',175334,175335,175336,175337,175338,175339,175340,175341,175342,175343,175344,175345,175346,175347,175348,175349,175350,175351,175352,175353,175354,175355,175356,175357,175358,175359,175360,175361,175362,175363,175364,175365,175366,175367
513,51301,'513-Weekday-2-26-06-1111100',195795,195796,195797,195798,195799,195800,195801,195802,195803,195804,195805,195806,195807,195808,195809,195810,195811,195812,195813,195814,195815,195816,195817,195818,195819,195820,195821,195822,195823,195824,195825,195826,195827,195828
513,51301,'513-Saturday-1-26-06-0000010',175368,175369,175370,175371,175372,175373,175374,175375,175376,175377,175378,175379,175380,175381,175382,175383,175384,175385,175386,175387,175388,175389
514,51401,'514-Weekday-1-26-06-1111100',175408,175409,175410,175411,175412,175413,175414,175415,175416,175417,175418,175419,175420,175421,175422,175423,175424,175425,175426,175427,175428,175429,175430,175431,175432,175433,175434,175435,175436,175437,175438,175439,175440,175441
514,51401,'514-Weekday-2-26-06-1111100',195847,195848,195849,195850,195851,195852,195853,195854,195855,195856,195857,195858,195859,195860,195861,195862,195863,195864,195865,195866,195867,195868,195869,195870,195871,195872,195873,195874,195875,195876,195877,195878,195879,195880
514,51401,'514-Saturday-1-26-06-0000010',175442,175443,175444,175445,175446,175447,175448,175449,175450,175451,175452,175453,175454,175455,175456,175457,175458,175459,175460,175461,175462,175463,175464
515,51500,'515-Weekday-1-26-06-1111100',175484,175485,175486,175487,175488,175489,175490,175491,175492,175493,175494,175495,175496,175497,175498,175499,175500,175501,175502,175503,175504,175505,175506,175507,175508,175509,175510,175511,175512,175513,175514,175515,175516,175517,175518,175519,175520,175521,175522,175523,175524,175525,175526,175527,175528,175529
515,51500,'515-Weekday-2-26-06-1111100',195900,195901,195902,195903,195904,195905,195906,195907,195908,195909,195910,195911,195912,195913,195914,195915,195916,195917,195918,195919,195920,195921,195922,195923,195924,195925,195926,195927,195928,195929,195930,195931,195932,195933,195934,195935,195936,195937,195938,195939,195940,195941,195942,195943,195944,195945
515,51500,'515-Saturday-1-26-06-0000010',175530,175531,175532,175533,175534,175535,175536,175537,175538,175539,175540,175541,175542,175543,175544,175545,175546,175547,175548,175549,175550,175551,175552,175553,175554,175555,175556,175557,175558,175559,175560,175561,175562,175563,175564,175565,175566,175567,175568,175569,175570,175571,175572
515,51501,'515-Weekday-1-26-06-1111100',175612,175613,175614,175615,175616,175617,175618,175619,175620,175621,175622,175623,175624,175625,175626,175627,175628,175629,175630,175631,175632,175633,175634,175635,175636,175637,175638,175639,175640,175641,175642,175643,175644,175645,175646,175647,175648,175649,175650,175651,175652,175653,175654,175655,175656,175657,175658
515,51501,'515-Weekday-2-26-06-1111100',195985,195986,195987,195988,195989,195990,195991,195992,195993,195994,195995,195996,195997,195998,195999,196000,196001,196002,196003,196004,196005,196006,196007,196008,196009,196010,196011,196012,196013,196014,196015,196016,196017,196018,196019,196020,196021,196022,196023,196024,196025,196026,196027,196028,196029,196030,196031
515,51501,'515-Saturday-1-26-06-0000010',175659,175660,175661,175662,175663,175664,175665,175666,175667,175668,175669,175670,175671,175672,175673,175674,175675,175676,175677,175678,175679,175680,175681,175682,175683,175684,175685,175686,175687,175688,175689,175690,175691,175692,175693,175694,175695,175696,175697,175698,175699,175700,175701,175702
516,51600,'516-Weekday-1-26-06-1111100',175743,175744,175745,175746,175747,175748,175749,175750,175751,175752,175753,175754,175755,175756,175757,175758,175759,175760,175761,175762,175763,175764,175765,175766,175767,175768,175769,175770,175771,175772,175773,175774,175775,175776,175777,175778,175779,175780,175781,175782,175783,175784,175785,175786,175787,175788,175789,175790,175791,175792,175793,175794,175795,175796,175797,175798,175799,175800,175801,175802,175803,175804,175805,175806,175807,175808,175809,175810,175811,175812,175813,175814,175815,175816,175817,175818,175819
516,51600,'516-Weekday-2-26-06-1111100',196072,196073,196074,196075,196076,196077,196078,196079,196080,196081,196082,196083,196084,196085,196086,196087,196088,196089,196090,196091,196092,196093,196094,196095,196096,196097,196098,196099,196100,196101,196102,196103,196104,196105,196106,196107,196108,196109,196110,196111,196112,196113,196114,196115,196116,196117,196118,196119,196120,196121,196122,196123,196124,196125,196126,196127,196128,196129,196130,196131,196132,196133,196134,196135,196136,196137,196138,196139,196140,196141,196142,196143,196144,196145,196146,196147,196148
516,51600,'516-Saturday-1-26-06-0000010',175820,175821,175822,175823,175824,175825,175826,175827,175828,175829,175830,175831,175832,175833,175834,175835,175836,175837,175838,175839,175840,175841,175842,175843,175844,175845,175846,175847,175848,175849,175850,175851,175852,175853,175854,175855,175856,175857,175858,175859,175860,175861,175862,175863,175864,175865,175866,175867,175868,175869,175870,175871,175872,175873,175874,175875,175876,175877,175878,175879,175880,175881,175882,175883
516,51601,'516-Weekday-1-26-06-1111100',176006,176007,176008,176009,176010,176011,176012,176013,176014,176015,176016,176017,176018,176019,176020,176021,176022,176023,176024,176025,176026,176027,176028,176029,176030,176031,176032,176033,176034,176035,176036,176037,176038,176039,176040,176041,176042,176043,176044,176045,176046,176047,176048,176049,176050,176051,176052,176053,176054,176055,176056,176057,176058,176059,176060,176061,176062,176063,176064,176065,176066,176067,176068
516,51601,'516-Weekday-2-26-06-1111100',196209,196210,196211,196212,196213,196214,196215,196216,196217,196218,196219,196220,196221,196222,196223,196224,196225,196226,196227,196228,196229,196230,196231,196232,196233,196234,196235,196236,196237,196238,196239,196240,196241,196242,196243,196244,196245,196246,196247,196248,196249,196250,196251,196252,196253,196254,196255,196256,196257,196258,196259,196260,196261,196262,196263,196264,196265,196266,196267,196268,196269,196270,196271
516,51601,'516-Saturday-1-26-06-0000010',176069,176070,176071,176072,176073,176074,176075,176076,176077,176078,176079,176080,176081,176082,176083,176084,176085,176086,176087,176088,176089,176090,176091,176092,176093,176094,176095,176096,176097,176098,176099,176100,176101,176102,176103,176104,176105,176106,176107,176108,176109,176110,176111,176112,176113,176114,176115,176116,176117,176118,176119,176120,176121,176122,176123,176124,176125,176126,176127,176128,176129,176130,176131,176132
517,51701,'517-Weekday-1-26-06-1111100',176257,176258,176259,176260,176261,176262,176263,176264,176265,176266,176267,176268,176269,176270,176271,176272,176273,176274,176275,176276,176277,176278,176279,176280,176281,176282,176283,176284,176285,176286,176287,176288,176289,176290
517,51701,'517-Weekday-2-26-06-1111100',196333,196334,196335,196336,196337,196338,196339,196340,196341,196342,196343,196344,196345,196346,196347,196348,196349,196350,196351,196352,196353,196354,196355,196356,196357,196358,196359,196360,196361,196362,196363,196364,196365,196366
517,51701,'517-Saturday-1-26-06-0000010',176291,176292,176293,176294,176295,176296,176297,176298,176299,176300,176301,176302,176303,176304,176305,176306,176307,176308,176309,176310,176311,176312,176313
518,51800,'518-Weekday-1-26-06-1111100',176333,176334,176335,176336,176337,176338,176339,176340,176341,176342,176343,176344,176345,176346,176347,176348,176349,176350,176351,176352,176353,176354,176355,176356,176357,176358,176359,176360,176361,176362,176363,176364,176365,176366,176367,176368,176369,176370,176371,176372,176373,176374,176375,176376,176377,176378,176379,176380
518,51800,'518-Weekday-2-26-06-1111100',196386,196387,196388,196389,196390,196391,196392,196393,196394,196395,196396,196397,196398,196399,196400,196401,196402,196403,196404,196405,196406,196407,196408,196409,196410,196411,196412,196413,196414,196415,196416,196417,196418,196419,196420,196421,196422,196423,196424,196425,196426,196427,196428,196429,196430,196431,196432,196433
518,51800,'518-Saturday-1-26-06-0000010',176381,176382,176383,176384,176385,176386,176387,176388,176389,176390,176391,176392,176393,176394,176395,176396,176397,176398,176399,176400,176401,176402,176403,176404,176405,176406,176407,176408,176409,176410,176411,176412,176413
518,51801,'518-Weekday-1-26-06-1111100',176469,176470,176471,176472,176473,176474,176475,176476,176477,176478,176479,176480,176481,176482,176483,176484,176485,176486,176487,176488,176489,176490,176491,176492,176493,176494,176495,176496,176497,176498,176499,176500,176501,176502,176503,176504,176505,176506,176507,176508,176509,176510,176511,176512,176513,176514,176515,176516
518,51801,'518-Weekday-2-26-06-1111100',196461,196462,196463,196464,196465,196466,196467,196468,196469,196470,196471,196472,196473,196474,196475,196476,196477,196478,196479,196480,196481,196482,196483,196484,196485,196486,196487,196488,196489,196490,196491,196492,196493,196494,196495,196496,196497,196498,196499,196500,196501,196502,196503,196504,196505,196506,196507,196508
518,51801,'518-Saturday-1-26-06-0000010',176517,176518,176519,176520,176521,176522,176523,176524,176525,176526,176527,176528,176529,176530,176531,176532,176533,176534,176535,176536,176537,176538,176539,176540,176541,176542,176543,176544,176545,176546,176547,176548,176549
519,51900,'519-Weekday-1-26-06-1111100',176605,176606,176607,176608,176609,176610,176611,176612,176613,176614,176615,176616,176617,176618,176619,176620,176621,176622,176623,176624,176625,176626,176627,176628,176629,176630,176631,176632,176633,176634,176635,176636,176637,176638,176639,176640,176641,176642,176643,176644,176645,176646,176647,176648,176649,176650,176651
519,51900,'519-Weekday-2-26-06-1111100',196536,196537,196538,196539,196540,196541,196542,196543,196544,196545,196546,196547,196548,196549,196550,196551,196552,196553,196554,196555,196556,196557,196558,196559,196560,196561,196562,196563,196564,196565,196566,196567,196568,196569,196570,196571,196572,196573,196574,196575,196576,196577,196578,196579,196580,196581,196582
519,51900,'519-Saturday-1-26-06-0000010',176652,176653,176654,176655,176656,176657,176658,176659,176660,176661,176662,176663,176664,176665,176666,176667,176668,176669,176670,176671,176672,176673,176674,176675,176676,176677,176678,176679,176680,176681
519,51901,'519-Weekday-1-26-06-1111100',176710,176711,176712,176713,176714,176715,176716,176717,176718,176719,176720,176721,176722,176723,176724,176725,176726,176727,176728,176729,176730,176731,176732,176733,176734,176735,176736,176737,176738,176739,176740,176741,176742,176743,176744,176745,176746,176747,176748,176749,176750,176751,176752,176753,176754,176755,176756
519,51901,'519-Weekday-2-26-06-1111100',196611,196612,196613,196614,196615,196616,196617,196618,196619,196620,196621,196622,196623,196624,196625,196626,196627,196628,196629,196630,196631,196632,196633,196634,196635,196636,196637,196638,196639,196640,196641,196642,196643,196644,196645,196646,196647,196648,196649,196650,196651,196652,196653,196654,196655,196656,196657
519,51901,'519-Saturday-1-26-06-0000010',176757,176758,176759,176760,176761,176762,176763,176764,176765,176766,176767,176768,176769,176770,176771,176772,176773,176774,176775,176776,176777,176778,176779,176780,176781,176782,176783,176784,176785,176786
521,52100,'521-Weekday-1-26-06-1111100',176815,176816,176817,176818,176819,176820,176821,176822,176823,176824,176825,176826,176827,176828,176829,176830,176831,176832,176833,176834,176835,176836,176837,176838,176839,176840,176841,176842,176843,176844,176845,176846,176847,176848,176849,176850,176851,176852,176853,176854,176855,176856,176857,176858,176859
521,52100,'521-Weekday-2-26-06-1111100',196686,196687,196688,196689,196690,196691,196692,196693,196694,196695,196696,196697,196698,196699,196700,196701,196702,196703,196704,196705,196706,196707,196708,196709,196710,196711,196712,196713,196714,196715,196716,196717,196718,196719,196720,196721,196722,196723,196724,196725,196726,196727,196728,196729,196730
521,52100,'521-Saturday-1-26-06-0000010',176860,176861,176862,176863,176864,176865,176866,176867,176868,176869,176870,176871,176872,176873,176874,176875,176876,176877,176878,176879,176880,176881,176882
521,52101,'521-Weekday-1-26-06-1111100',176902,176903,176904,176905,176906,176907,176908,176909,176910,176911,176912,176913,176914,176915,176916,176917,176918,176919,176920,176921,176922,176923,176924,176925,176926,176927,176928,176929,176930,176931,176932,176933,176934,176935,176936,176937,176938,176939,176940,176941,176942,176943,176944,176945
521,52101,'521-Weekday-2-26-06-1111100',196750,196751,196752,196753,196754,196755,196756,196757,196758,196759,196760,196761,196762,196763,196764,196765,196766,196767,196768,196769,196770,196771,196772,196773,196774,196775,196776,196777,196778,196779,196780,196781,196782,196783,196784,196785,196786,196787,196788,196789,196790,196791,196792,196793
521,52101,'521-Saturday-1-26-06-0000010',176946,176947,176948,176949,176950,176951,176952,176953,176954,176955,176956,176957,176958,176959,176960,176961,176962,176963,176964,176965,176966,176967,176968
523,52300,'523-Weekday-1-26-06-1111100',176988,176989,176990,176991,176992,176993,176994,176995,176996,176997,176998,176999,177000,177001,177002,177003,177004,177005,177006,177007,177008,177009,177010,177011,177012,177013,177014,177015,177016,177017,177018,177019,177020,177021,177022,177023,177024,177025,177026,177027,177028,177029,177030,177031,177032,177033,177034,177035,177036,177037,177038,177039,177040,177041
523,52300,'523-Weekday-2-26-06-1111100',196813,196814,196815,196816,196817,196818,196819,196820,196821,196822,196823,196824,196825,196826,196827,196828,196829,196830,196831,196832,196833,196834,196835,196836,196837,196838,196839,196840,196841,196842,196843,196844,196845,196846,196847,196848,196849,196850,196851,196852,196853,196854,196855,196856,196857,196858,196859,196860,196861,196862,196863,196864,196865,196866
523,52300,'523-Saturday-1-26-06-0000010',177042,177043,177044,177045,177046,177047,177048,177049,177050,177051,177052,177053,177054,177055,177056,177057,177058,177059,177060,177061,177062,177063,177064,177065,177066,177067,177068,177069,177070,177071,177072,177073,177074,177075,177076,177077,177078,177079,177080,177081,177082,177083,177084,177085,177086,177087,177088,177089
523,52301,'523-Weekday-1-26-06-1111100',177129,177130,177131,177132,177133,177134,177135,177136,177137,177138,177139,177140,177141,177142,177143,177144,177145,177146,177147,177148,177149,177150,177151,177152,177153,177154,177155,177156,177157,177158,177159,177160,177161,177162,177163,177164,177165,177166,177167,177168,177169,177170,177171,177172,177173,177174,177175,177176,177177,177178,177179,177180,177181,177182,177183,177184,177185,177186
523,52301,'523-Weekday-2-26-06-1111100',196906,196907,196908,196909,196910,196911,196912,196913,196914,196915,196916,196917,196918,196919,196920,196921,196922,196923,196924,196925,196926,196927,196928,196929,196930,196931,196932,196933,196934,196935,196936,196937,196938,196939,196940,196941,196942,196943,196944,196945,196946,196947,196948,196949,196950,196951,196952,196953,196954,196955,196956,196957,196958,196959,196960,196961,196962,196963
523,52301,'523-Saturday-1-26-06-0000010',177187,177188,177189,177190,177191,177192,177193,177194,177195,177196,177197,177198,177199,177200,177201,177202,177203,177204,177205,177206,177207,177208,177209,177210,177211,177212,177213,177214,177215,177216,177217,177218,177219,177220,177221,177222,177223,177224,177225,177226,177227,177228,177229,177230,177231,177232
524,52400,'524-Weekday-1-26-06-1111100',177271,177272,177273,177274,177275,177276,177277,177278,177279,177280,177281,177282,177283,177284,177285
524,52400,'524-Weekday-2-26-06-1111100',197002,197003,197004,197005,197006,197007,197008,197009,197010,197011,197012,197013,197014,197015,197016
524,52400,'524-Saturday-1-26-06-0000010',177286,177287,177288,177289,177290,177291,177292
524,52401,'524-Weekday-1-26-06-1111100',177299,177300,177301,177302,177303,177304,177305,177306,177307,177308,177309,177310,177311,177312,177313
524,52401,'524-Weekday-2-26-06-1111100',197023,197024,197025,197026,197027,197028,197029,197030,197031,197032,197033,197034,197035,197036,197037
524,52401,'524-Saturday-1-26-06-0000010',177314,177315,177316,177317,177318,177319,177320
525,52500,'525-Weekday-1-26-06-1111100',177327,177328,177329,177330,177331,177332,177333,177334,177335,177336,177337,177338,177339,177340
525,52500,'525-Weekday-2-26-06-1111100',197044,197045,197046,197047,197048,197049,197050,197051,197052,197053,197054,197055,197056,197057
525,52500,'525-Saturday-1-26-06-0000010',177341,177342,177343,177344,177345,177346,177347
525,52501,'525-Weekday-1-26-06-1111100',177354,177355,177356,177357,177358,177359,177360,177361,177362,177363,177364,177365,177366,177367
525,52501,'525-Weekday-2-26-06-1111100',197064,197065,197066,197067,197068,197069,197070,197071,197072,197073,197074,197075,197076,197077
525,52501,'525-Saturday-1-26-06-0000010',177368,177369,177370,177371,177372,177373,177374
526,52600,'526-Saturday-1-26-06-0000010',177381,177382,177383,177384,177385,177386,177387,177388
526,52601,'526-Saturday-1-26-06-0000010',177397,177398,177399,177400,177401,177402,177403,177404
527,52700,'527-Weekday-1-26-06-1111100',177413,177414,177415,177416,177417,177418,177419,177420,177421,177422,177423,177424,177425,177426,177427,177428,177429,177430,177431,177432,177433,177434,177435,177436,177437,177438,177439,177440,177441,177442,177443,177444,177445,177446,177447,177448,177449,177450,177451
527,52700,'527-Weekday-2-26-06-1111100',197100,197101,197102,197103,197104,197105,197106,197107,197108,197109,197110,197111,197112,197113,197114,197115,197116,197117,197118,197119,197120,197121,197122,197123,197124,197125,197126,197127,197128,197129,197130,197131,197132,197133,197134,197135,197136,197137,197138
527,52700,'527-Saturday-1-26-06-0000010',177452,177453,177454,177455,177456,177457,177458,177459,177460,177461,177462,177463,177464,177465,177466,177467,177468,177469,177470,177471,177472,177473,177474,177475
527,52701,'527-Weekday-1-26-06-1111100',177494,177495,177496,177497,177498,177499,177500,177501,177502,177503,177504,177505,177506,177507,177508,177509,177510,177511,177512,177513,177514,177515,177516,177517,177518,177519,177520,177521,177522,177523,177524,177525,177526,177527,177528,177529,177530,177531,177532
527,52701,'527-Weekday-2-26-06-1111100',197157,197158,197159,197160,197161,197162,197163,197164,197165,197166,197167,197168,197169,197170,197171,197172,197173,197174,197175,197176,197177,197178,197179,197180,197181,197182,197183,197184,197185,197186,197187,197188,197189,197190,197191,197192,197193,197194,197195
527,52701,'527-Saturday-1-26-06-0000010',177533,177534,177535,177536,177537,177538,177539,177540,177541,177542,177543,177544,177545,177546,177547,177548,177549,177550,177551,177552,177553,177554,177555,177556
560,56000,'560-Weekday-1-26-06-1111100',177575,177576,177577,177578,177579,177580,177581,177582,177583,177584,177585,177586,177587,177588,177589,177590,177591,177592,177593
560,56000,'560-Weekday-2-26-06-1111100',197214,197215,197216,197217,197218,197219,197220,197221,197222,197223,197224,197225,197226,197227,197228,197229,197230,197231,197232
560,56001,'560-Weekday-1-26-06-1111100',177594,177595,177596,177597,177598,177599,177600,177601,177602,177603,177604,177605,177606,177607,177608,177609,177610,177611,177612,177613,177614,177615,177616
560,56001,'560-Weekday-2-26-06-1111100',197233,197234,197235,197236,197237,197238,197239,197240,197241,197242,197243,197244,197245,197246,197247,197248,197249,197250,197251,197252,197253,197254,197255
589,58900,'589-Weekday-1-26-06-1111100',177617,177618,177619
589,58900,'589-Weekday-2-26-06-1111100',197256,197257,197258
589,58901,'589-Weekday-1-26-06-1111100',177620,177621,177622
589,58901,'589-Weekday-2-26-06-1111100',197259,197260,197261
701,70100,'701-Weekday-1-26-06-1111100',177764,177765,177766,177767,177768,177769,177770,177771,177772,177773,177774,177775,177776,177777,177778,177779,177780,177781,177782,177783,177784,177785,177786,177787,177788,177789,177790,177791,177792,177793,177794,177795,177796,177797,177798,177799,177800,177801,177802,177803,177804,177805,177806,177807,177808,177809,177810,177811,177812,177813,177814,177815,177816,177817,177818,177819
701,70100,'701-Weekday-3-26-06-1111100',197262,197263,197264,197265,197266,197267,197268,197269,197270,197271,197272,197273,197274,197275,197276,197277,197278,197279,197280,197281,197282,197283,197284,197285,197286,197287,197288,197289,197290,197291,197292,197293,197294,197295,197296,197297,197298,197299,197300,197301,197302,197303,197304,197305,197306,197307,197308,197309,197310,197311,197312,197313,197314,197315,197316,197317
701,70100,'701-Saturday-1-26-06-0000010',177820,177821,177822,177823,177824,177825,177826,177827,177828,177829,177830,177831,177832,177833,177834,177835,177836,177837,177838,177839,177840,177841,177842,177843,177844,177845,177846,177847,177848,177849
701,70101,'701-Weekday-1-26-06-1111100',177914,177915,177916,177917,177918,177919,177920,177921,177922,177923,177924,177925,177926,177927,177928,177929,177930,177931,177932,177933,177934,177935,177936,177937,177938,177939,177940,177941,177942,177943,177944,177945,177946,177947,177948,177949,177950,177951,177952,177953,177954,177955,177956,177957,177958,177959,177960,177961,177962,177963,177964,177965,177966,177967,177968,177969
701,70101,'701-Weekday-3-26-06-1111100',197348,197349,197350,197351,197352,197353,197354,197355,197356,197357,197358,197359,197360,197361,197362,197363,197364,197365,197366,197367,197368,197369,197370,197371,197372,197373,197374,197375,197376,197377,197378,197379,197380,197381,197382,197383,197384,197385,197386,197387,197388,197389,197390,197391,197392,197393,197394,197395,197396,197397,197398,197399,197400,197401,197402,197403
701,70101,'701-Saturday-1-26-06-0000010',177970,177971,177972,177973,177974,177975,177976,177977,177978,177979,177980,177981,177982,177983,177984,177985,177986,177987,177988,177989,177990,177991,177992,177993,177994,177995,177996,177997,177998
702,70200,'702-Weekday-1-26-06-1111100',178059,178060,178061,178062,178063,178064,178065,178066,178067,178068,178069,178070,178071,178072,178073,178074,178075,178076,178077,178078,178079,178080,178081,178082,178083,178084,178085,178086,178087,178088,178089,178090,178091,178092,178093
702,70200,'702-Weekday-2-26-06-1111100',197433,197434,197435,197436,197437,197438,197439,197440,197441,197442,197443,197444,197445,197446,197447,197448,197449,197450,197451,197452,197453,197454,197455,197456,197457,197458,197459,197460,197461,197462,197463,197464,197465,197466,197467
702,70200,'702-Saturday-1-26-06-0000010',178094,178095,178096,178097,178098,178099,178100,178101,178102,178103,178104,178105,178106,178107,178108,178109,178110,178111,178112,178113,178114,178115,178116,178117,178118
702,70201,'702-Weekday-1-26-06-1111100',178139,178140,178141,178142,178143,178144,178145,178146,178147,178148,178149,178150,178151,178152,178153,178154,178155,178156,178157,178158,178159,178160,178161,178162,178163,178164,178165,178166,178167,178168,178169,178170,178171,178172,178173,178174,178175
702,70201,'702-Weekday-2-26-06-1111100',197488,197489,197490,197491,197492,197493,197494,197495,197496,197497,197498,197499,197500,197501,197502,197503,197504,197505,197506,197507,197508,197509,197510,197511,197512,197513,197514,197515,197516,197517,197518,197519,197520,197521,197522,197523,197524
702,70201,'702-Saturday-1-26-06-0000010',178176,178177,178178,178179,178180,178181,178182,178183,178184,178185,178186,178187,178188,178189,178190,178191,178192,178193,178194,178195,178196,178197,178198,178199,178200,178201
703,70300,'703-Weekday-1-26-06-1111100',178221,178222,178223,178224,178225,178226,178227,178228,178229,178230,178231,178232,178233,178234,178235,178236,178237,178238,178239,178240,178241,178242,178243,178244,178245,178246,178247,178248,178249,178250,178251,178252,178253,178254,178255,178256,178257,178258,178259,178260,178261,178262,178263
703,70300,'703-Weekday-2-26-06-1111100',197544,197545,197546,197547,197548,197549,197550,197551,197552,197553,197554,197555,197556,197557,197558,197559,197560,197561,197562,197563,197564,197565,197566,197567,197568,197569,197570,197571,197572,197573,197574,197575,197576,197577,197578,197579,197580,197581,197582,197583,197584,197585,197586
703,70300,'703-Saturday-1-26-06-0000010',178264,178265,178266,178267,178268,178269,178270,178271,178272,178273,178274,178275,178276,178277,178278,178279,178280,178281,178282,178283,178284,178285
703,70301,'703-Weekday-1-26-06-1111100',178304,178305,178306,178307,178308,178309,178310,178311,178312,178313,178314,178315,178316,178317,178318,178319,178320,178321,178322,178323,178324,178325,178326,178327,178328,178329,178330,178331,178332,178333,178334,178335,178336,178337,178338,178339,178340,178341,178342,178343,178344,178345,178346,178347,178348
703,70301,'703-Weekday-2-26-06-1111100',197605,197606,197607,197608,197609,197610,197611,197612,197613,197614,197615,197616,197617,197618,197619,197620,197621,197622,197623,197624,197625,197626,197627,197628,197629,197630,197631,197632,197633,197634,197635,197636,197637,197638,197639,197640,197641,197642,197643,197644,197645,197646,197647,197648,197649
703,70301,'703-Saturday-1-26-06-0000010',178349,178350,178351,178352,178353,178354,178355,178356,178357,178358,178359,178360,178361,178362,178363,178364,178365,178366,178367,178368,178369,178370,178371
704,70400,'704-Weekday-1-26-06-1111100',178390,178391,178392,178393,178394,178395,178396,178397,178398,178399,178400,178401,178402,178403,178404,178405,178406,178407,178408,178409,178410,178411,178412,178413,178414,178415,178416,178417,178418,178419,178420,178421,178422,178423,178424,178425,178426
704,70400,'704-Weekday-2-26-06-1111100',197668,197669,197670,197671,197672,197673,197674,197675,197676,197677,197678,197679,197680,197681,197682,197683,197684,197685,197686,197687,197688,197689,197690,197691,197692,197693,197694,197695,197696,197697,197698,197699,197700,197701,197702,197703,197704
704,70400,'704-Saturday-1-26-06-0000010',178427,178428,178429,178430,178431,178432,178433,178434,178435,178436,178437,178438,178439,178440,178441,178442,178443,178444,178445,178446,178447,178448,178449
704,70401,'704-Weekday-1-26-06-1111100',178473,178474,178475,178476,178477,178478,178479,178480,178481,178482,178483,178484,178485,178486,178487,178488,178489,178490,178491,178492,178493,178494,178495,178496,178497,178498,178499,178500,178501,178502,178503,178504,178505,178506,178507,178508,178509
704,70401,'704-Weekday-2-26-06-1111100',197728,197729,197730,197731,197732,197733,197734,197735,197736,197737,197738,197739,197740,197741,197742,197743,197744,197745,197746,197747,197748,197749,197750,197751,197752,197753,197754,197755,197756,197757,197758,197759,197760,197761,197762,197763,197764
704,70401,'704-Saturday-1-26-06-0000010',178510,178511,178512,178513,178514,178515,178516,178517,178518,178519,178520,178521,178522,178523,178524,178525,178526,178527,178528,178529,178530,178531,178532
705,70500,'705-Weekday-1-26-06-1111100',178556,178557,178558,178559,178560,178561,178562,178563,178564,178565,178566,178567,178568,178569,178570,178571,178572,178573,178574,178575,178576,178577,178578,178579,178580,178581,178582,178583,178584,178585,178586,178587,178588,178589,178590
705,70500,'705-Weekday-2-26-06-1111100',197788,197789,197790,197791,197792,197793,197794,197795,197796,197797,197798,197799,197800,197801,197802,197803,197804,197805,197806,197807,197808,197809,197810,197811,197812,197813,197814,197815,197816,197817,197818,197819,197820,197821,197822
705,70500,'705-Saturday-1-26-06-0000010',178591,178592,178593,178594,178595,178596,178597,178598,178599,178600,178601,178602,178603,178604,178605,178606,178607,178608,178609,178610,178611,178612,178613,178614,178615,178616,178617,178618
705,70501,'705-Weekday-1-26-06-1111100',178670,178671,178672,178673,178674,178675,178676,178677,178678,178679,178680,178681,178682,178683,178684,178685,178686,178687,178688,178689,178690,178691,178692,178693,178694,178695,178696,178697,178698,178699,178700,178701,178702,178703,178704,178705
705,70501,'705-Weekday-2-26-06-1111100',197847,197848,197849,197850,197851,197852,197853,197854,197855,197856,197857,197858,197859,197860,197861,197862,197863,197864,197865,197866,197867,197868,197869,197870,197871,197872,197873,197874,197875,197876,197877,197878,197879,197880,197881,197882
705,70501,'705-Saturday-1-26-06-0000010',178706,178707,178708,178709,178710,178711,178712,178713,178714,178715,178716,178717,178718,178719,178720,178721,178722,178723,178724,178725,178726,178727,178728,178729,178730,178731,178732,178733,178734
706,70600,'706-Weekday-1-26-06-1111100',178786,178787,178788,178789,178790,178791,178792,178793,178794,178795,178796,178797,178798,178799,178800,178801,178802,178803,178804,178805,178806,178807,178808,178809,178810,178811,178812,178813,178814,178815,178816,178817,178818,178819,178820,178821
706,70600,'706-Weekday-2-26-06-1111100',197907,197908,197909,197910,197911,197912,197913,197914,197915,197916,197917,197918,197919,197920,197921,197922,197923,197924,197925,197926,197927,197928,197929,197930,197931,197932,197933,197934,197935,197936,197937,197938,197939,197940,197941,197942
706,70600,'706-Saturday-1-26-06-0000010',178822,178823,178824,178825,178826,178827,178828,178829,178830,178831,178832,178833,178834,178835,178836,178837,178838,178839,178840,178841,178842,178843,178844,178845,178846,178847,178848,178849
706,70601,'706-Weekday-1-26-06-1111100',178904,178905,178906,178907,178908,178909,178910,178911,178912,178913,178914,178915,178916,178917,178918,178919,178920,178921,178922,178923,178924,178925,178926,178927,178928,178929,178930,178931,178932,178933,178934,178935,178936,178937,178938,178939,178940
706,70601,'706-Weekday-2-26-06-1111100',197968,197969,197970,197971,197972,197973,197974,197975,197976,197977,197978,197979,197980,197981,197982,197983,197984,197985,197986,197987,197988,197989,197990,197991,197992,197993,197994,197995,197996,197997,197998,197999,198000,198001,198002,198003,198004
706,70601,'706-Saturday-1-26-06-0000010',178941,178942,178943,178944,178945,178946,178947,178948,178949,178950,178951,178952,178953,178954,178955,178956,178957,178958,178959,178960,178961,178962,178963,178964,178965,178966,178967,178968
707,70700,'707-Weekday-1-26-06-1111100',179021,179022,179023,179024,179025,179026,179027,179028,179029,179030,179031,179032,179033,179034,179035,179036,179037,179038,179039,179040,179041,179042,179043,179044,179045,179046,179047,179048,179049,179050,179051,179052,179053,179054,179055,179056,179057,179058,179059,179060,179061,179062,179063,179064,179065
707,70700,'707-Weekday-4-26-06-1111100',198029,198030,198031,198032,198033,198034,198035,198036,198037,198038,198039,198040,198041,198042,198043,198044,198045,198046,198047,198048,198049,198050,198051,198052,198053,198054,198055,198056,198057,198058,198059,198060,198061,198062,198063,198064,198065,198066,198067,198068,198069,198070,198071,198072,198073
707,70700,'707-Saturday-1-26-06-0000010',179111,179112,179113,179114,179115,179116,179117,179118,179119,179120,179121,179122,179123,179124,179125,179126,179127,179128,179129,179130,179131,179132,179133,179134,179135,179136,179137,179138,179139
707,70701,'707-Weekday-1-26-06-1111100',179165,179166,179167,179168,179169,179170,179171,179172,179173,179174,179175,179176,179177,179178,179179,179180,179181,179182,179183,179184,179185,179186,179187,179188,179189,179190,179191,179192,179193,179194,179195,179196,179197,179198,179199,179200,179201,179202,179203,179204,179205,179206,179207,179208,179209,179210,179211
707,70701,'707-Weekday-4-26-06-1111100',198099,198100,198101,198102,198103,198104,198105,198106,198107,198108,198109,198110,198111,198112,198113,198114,198115,198116,198117,198118,198119,198120,198121,198122,198123,198124,198125,198126,198127,198128,198129,198130,198131,198132,198133,198134,198135,198136,198137,198138,198139,198140,198141,198142,198143,198144,198145
707,70701,'707-Saturday-1-26-06-0000010',179260,179261,179262,179263,179264,179265,179266,179267,179268,179269,179270,179271,179272,179273,179274,179275,179276,179277,179278,179279,179280,179281,179282,179283,179284,179285,179286,179287
708,70800,'708-Weekday-1-26-06-1111100',179313,179314,179315,179316,179317,179318,179319,179320,179321,179322,179323,179324,179325,179326,179327,179328,179329,179330,179331,179332,179333,179334,179335,179336,179337,179338,179339,179340,179341,179342,179343,179344,179345,179346,179347,179348,179349,179350,179351,179352,179353
708,70800,'708-Weekday-2-26-06-1111100',198171,198172,198173,198174,198175,198176,198177,198178,198179,198180,198181,198182,198183,198184,198185,198186,198187,198188,198189,198190,198191,198192,198193,198194,198195,198196,198197,198198,198199,198200,198201,198202,198203,198204,198205,198206,198207,198208,198209,198210,198211
708,70800,'708-Saturday-1-26-06-0000010',179354,179355,179356,179357,179358,179359,179360,179361,179362,179363,179364,179365,179366,179367,179368,179369,179370,179371,179372,179373,179374,179375,179376,179377,179378,179379,179380,179381,179382,179383
708,70801,'708-Weekday-1-26-06-1111100',179438,179439,179440,179441,179442,179443,179444,179445,179446,179447,179448,179449,179450,179451,179452,179453,179454,179455,179456,179457,179458,179459,179460,179461,179462,179463,179464,179465,179466,179467,179468,179469,179470,179471,179472,179473,179474,179475,179476,179477,179478
708,70801,'708-Weekday-2-26-06-1111100',198238,198239,198240,198241,198242,198243,198244,198245,198246,198247,198248,198249,198250,198251,198252,198253,198254,198255,198256,198257,198258,198259,198260,198261,198262,198263,198264,198265,198266,198267,198268,198269,198270,198271,198272,198273,198274,198275,198276,198277,198278
708,70801,'708-Saturday-1-26-06-0000010',179479,179480,179481,179482,179483,179484,179485,179486,179487,179488,179489,179490,179491,179492,179493,179494,179495,179496,179497,179498,179499,179500,179501,179502,179503,179504,179505,179506,179507
709,70900,'709-Weekday-1-26-06-1111100',179564,179565,179566,179567,179568,179569,179570,179571,179572,179573,179574,179575,179576,179577,179578,179579,179580,179581,179582,179583,179584,179585,179586,179587,179588,179589,179590,179591,179592,179593,179594,179595,179596,179597,179598,179599,179600,179601,179602,179603,179604,179605,179606,179607,179608,179609,179610,179611,179612,179613,179614,179615,179616,179617,179618,179619,179620,179621,179622,179623,179624,179625
709,70900,'709-Weekday-4-26-06-1111100',198306,198307,198308,198309,198310,198311,198312,198313,198314,198315,198316,198317,198318,198319,198320,198321,198322,198323,198324,198325,198326,198327,198328,198329,198330,198331,198332,198333,198334,198335,198336,198337,198338,198339,198340,198341,198342,198343,198344,198345,198346,198347,198348,198349,198350,198351,198352,198353,198354,198355,198356,198357,198358,198359,198360,198361,198362,198363,198364,198365,198366,198367
709,70900,'709-Saturday-1-26-06-0000010',179689,179690,179691,179692,179693,179694,179695,179696,179697,179698,179699,179700,179701,179702,179703,179704,179705,179706,179707,179708,179709,179710,179711,179712,179713,179714,179715,179716,179717,179718,179719,179720,179721,179722,179723,179724,179725,179726,179727,179728,179729,179730,179731,179732,179733,179734,179735,179736,179737,179738
709,70901,'709-Weekday-1-26-06-1111100',179815,179816,179817,179818,179819,179820,179821,179822,179823,179824,179825,179826,179827,179828,179829,179830,179831,179832,179833,179834,179835,179836,179837,179838,179839,179840,179841,179842,179843,179844,179845,179846,179847,179848,179849,179850,179851,179852,179853,179854,179855,179856,179857,179858,179859,179860,179861,179862,179863,179864,179865,179866,179867,179868,179869,179870,179871,179872,179873,179874,179875,179876
709,70901,'709-Weekday-4-26-06-1111100',198405,198406,198407,198408,198409,198410,198411,198412,198413,198414,198415,198416,198417,198418,198419,198420,198421,198422,198423,198424,198425,198426,198427,198428,198429,198430,198431,198432,198433,198434,198435,198436,198437,198438,198439,198440,198441,198442,198443,198444,198445,198446,198447,198448,198449,198450,198451,198452,198453,198454,198455,198456,198457,198458,198459,198460,198461,198462,198463,198464,198465,198466
709,70901,'709-Saturday-1-26-06-0000010',179940,179941,179942,179943,179944,179945,179946,179947,179948,179949,179950,179951,179952,179953,179954,179955,179956,179957,179958,179959,179960,179961,179962,179963,179964,179965,179966,179967,179968,179969,179970,179971,179972,179973,179974,179975,179976,179977,179978,179979,179980,179981,179982,179983,179984,179985,179986,179987,179988,179989
712,71200,'712-Weekday-1-26-06-1111100',180066,180067,180068,180069,180070,180071,180072,180073,180074,180075,180076,180077,180078,180079,180080,180081,180082,180083,180084,180085,180086,180087,180088,180089,180090,180091,180092,180093,180094,180095,180096,180097,180098,180099,180100,180101,180102
712,71200,'712-Weekday-2-26-06-1111100',198504,198505,198506,198507,198508,198509,198510,198511,198512,198513,198514,198515,198516,198517,198518,198519,198520,198521,198522,198523,198524,198525,198526,198527,198528,198529,198530,198531,198532,198533,198534,198535,198536,198537,198538,198539,198540
712,71200,'712-Saturday-1-26-06-0000010',180103,180104,180105,180106,180107,180108,180109,180110,180111,180112,180113,180114,180115,180116,180117,180118,180119,180120,180121,180122,180123,180124,180125
713,71300,'713-Weekday-1-26-06-1111100',180146,180147,180148,180149,180150,180151,180152,180153,180154,180155,180156,180157,180158,180159,180160,180161,180162,180163,180164,180165,180166,180167,180168,180169,180170,180171,180172,180173,180174,180175,180176,180177,180178,180179,180180,180181,180182,180183,180184,180185
713,71300,'713-Weekday-2-26-06-1111100',198561,198562,198563,198564,198565,198566,198567,198568,198569,198570,198571,198572,198573,198574,198575,198576,198577,198578,198579,198580,198581,198582,198583,198584,198585,198586,198587,198588,198589,198590,198591,198592,198593,198594,198595,198596,198597,198598,198599,198600
713,71300,'713-Saturday-1-26-06-0000010',180186,180187,180188,180189,180190,180191,180192,180193,180194,180195,180196,180197,180198,180199,180200,180201,180202,180203,180204,180205,180206,180207,180208,180209,180210,180211
713,71301,'713-Weekday-1-26-06-1111100',180232,180233,180234,180235,180236,180237,180238,180239,180240,180241,180242,180243,180244,180245,180246,180247,180248,180249,180250,180251,180252,180253,180254,180255,180256,180257,180258,180259,180260,180261,180262,180263,180264,180265,180266,180267,180268,180269,180270,180271
713,71301,'713-Weekday-2-26-06-1111100',198621,198622,198623,198624,198625,198626,198627,198628,198629,198630,198631,198632,198633,198634,198635,198636,198637,198638,198639,198640,198641,198642,198643,198644,198645,198646,198647,198648,198649,198650,198651,198652,198653,198654,198655,198656,198657,198658,198659,198660
713,71301,'713-Saturday-1-26-06-0000010',180272,180273,180274,180275,180276,180277,180278,180279,180280,180281,180282,180283,180284,180285,180286,180287,180288,180289,180290,180291,180292,180293,180294,180295,180296,180297
715,71500,'715-Weekday-1-26-06-1111100',180318,180319,180320,180321,180322,180323,180324,180325,180326,180327,180328,180329,180330,180331,180332,180333,180334,180335,180336,180337,180338,180339,180340,180341,180342,180343,180344,180345,180346,180347,180348,180349,180350,180351,180352,180353,180354,180355,180356,180357,180358,180359
715,71500,'715-Weekday-2-26-06-1111100',198681,198682,198683,198684,198685,198686,198687,198688,198689,198690,198691,198692,198693,198694,198695,198696,198697,198698,198699,198700,198701,198702,198703,198704,198705,198706,198707,198708,198709,198710,198711,198712,198713,198714,198715,198716,198717,198718,198719,198720,198721,198722
715,71500,'715-Saturday-1-26-06-0000010',180360,180361,180362,180363,180364,180365,180366,180367,180368,180369,180370,180371,180372,180373,180374,180375,180376,180377,180378,180379,180380,180381,180382,180383,180384,180385,180386,180387,180388,180389
715,71501,'715-Weekday-1-26-06-1111100',180446,180447,180448,180449,180450,180451,180452,180453,180454,180455,180456,180457,180458,180459,180460,180461,180462,180463,180464,180465,180466,180467,180468,180469,180470,180471,180472,180473,180474,180475,180476,180477,180478,180479,180480,180481,180482,180483,180484,180485,180486,180487
715,71501,'715-Weekday-2-26-06-1111100',198750,198751,198752,198753,198754,198755,198756,198757,198758,198759,198760,198761,198762,198763,198764,198765,198766,198767,198768,198769,198770,198771,198772,198773,198774,198775,198776,198777,198778,198779,198780,198781,198782,198783,198784,198785,198786,198787,198788,198789,198790,198791
715,71501,'715-Saturday-1-26-06-0000010',180488,180489,180490,180491,180492,180493,180494,180495,180496,180497,180498,180499,180500,180501,180502,180503,180504,180505,180506,180507,180508,180509,180510,180511,180512,180513,180514,180515,180516,180517,180518
716,71600,'716-Weekday-1-26-06-1111100',180574,180575,180576,180577,180578,180579,180580,180581,180582,180583,180584,180585,180586,180587,180588,180589,180590,180591,180592,180593,180594,180595,180596,180597,180598,180599,180600,180601,180602,180603,180604,180605,180606,180607,180608,180609,180610,180611
716,71600,'716-Weekday-2-26-06-1111100',198819,198820,198821,198822,198823,198824,198825,198826,198827,198828,198829,198830,198831,198832,198833,198834,198835,198836,198837,198838,198839,198840,198841,198842,198843,198844,198845,198846,198847,198848,198849,198850,198851,198852,198853,198854,198855,198856
716,71600,'716-Saturday-1-26-06-0000010',180612,180613,180614,180615,180616,180617,180618,180619,180620,180621,180622,180623,180624,180625,180626,180627,180628,180629,180630,180631,180632,180633,180634,180635,180636,180637,180638,180639,180640,180641
716,71601,'716-Weekday-1-26-06-1111100',180698,180699,180700,180701,180702,180703,180704,180705,180706,180707,180708,180709,180710,180711,180712,180713,180714,180715,180716,180717,180718,180719,180720,180721,180722,180723,180724,180725,180726,180727,180728,180729,180730,180731,180732,180733,180734,180735,180736
716,71601,'716-Weekday-2-26-06-1111100',198884,198885,198886,198887,198888,198889,198890,198891,198892,198893,198894,198895,198896,198897,198898,198899,198900,198901,198902,198903,198904,198905,198906,198907,198908,198909,198910,198911,198912,198913,198914,198915,198916,198917,198918,198919,198920,198921,198922
716,71601,'716-Saturday-1-26-06-0000010',180737,180738,180739,180740,180741,180742,180743,180744,180745,180746,180747,180748,180749,180750,180751,180752,180753,180754,180755,180756,180757,180758,180759,180760,180761,180762,180763,180764,180765,180766
717,71700,'717-Weekday-1-26-06-1111100',180822,180823,180824,180825,180826,180827,180828,180829,180830,180831,180832,180833,180834,180835,180836,180837,180838,180839,180840,180841,180842,180843,180844,180845,180846,180847,180848,180849,180850,180851,180852,180853,180854,180855,180856,180857
717,71700,'717-Weekday-2-26-06-1111100',198950,198951,198952,198953,198954,198955,198956,198957,198958,198959,198960,198961,198962,198963,198964,198965,198966,198967,198968,198969,198970,198971,198972,198973,198974,198975,198976,198977,198978,198979,198980,198981,198982,198983,198984,198985
717,71700,'717-Saturday-1-26-06-0000010',180858,180859,180860,180861,180862,180863,180864,180865,180866,180867,180868,180869,180870,180871,180872,180873,180874,180875,180876,180877,180878,180879
717,71701,'717-Weekday-1-26-06-1111100',180898,180899,180900,180901,180902,180903,180904,180905,180906,180907,180908,180909,180910,180911,180912,180913,180914,180915,180916,180917,180918,180919,180920,180921,180922,180923,180924,180925,180926,180927,180928,180929,180930,180931,180932,180933,180934,180935
717,71701,'717-Weekday-2-26-06-1111100',199004,199005,199006,199007,199008,199009,199010,199011,199012,199013,199014,199015,199016,199017,199018,199019,199020,199021,199022,199023,199024,199025,199026,199027,199028,199029,199030,199031,199032,199033,199034,199035,199036,199037,199038,199039,199040,199041
717,71701,'717-Saturday-1-26-06-0000010',180936,180937,180938,180939,180940,180941,180942,180943,180944,180945,180946,180947,180948,180949,180950,180951,180952,180953,180954,180955,180956,180957
718,71800,'718-Weekday-1-26-06-1111100',180976,180977,180978,180979,180980,180981,180982,180983,180984,180985,180986,180987,180988,180989,180990,180991,180992,180993,180994,180995,180996,180997,180998,180999,181000,181001,181002,181003,181004,181005,181006,181007,181008,181009,181010,181011,181012,181013
718,71800,'718-Weekday-2-26-06-1111100',199060,199061,199062,199063,199064,199065,199066,199067,199068,199069,199070,199071,199072,199073,199074,199075,199076,199077,199078,199079,199080,199081,199082,199083,199084,199085,199086,199087,199088,199089,199090,199091,199092,199093,199094,199095,199096,199097
718,71800,'718-Saturday-1-26-06-0000010',181014,181015,181016,181017,181018,181019,181020,181021,181022,181023,181024,181025,181026,181027,181028,181029,181030,181031,181032,181033,181034,181035,181036,181037,181038,181039
718,71801,'718-Weekday-1-26-06-1111100',181064,181065,181066,181067,181068,181069,181070,181071,181072,181073,181074,181075,181076,181077,181078,181079,181080,181081,181082,181083,181084,181085,181086,181087,181088,181089,181090,181091,181092,181093,181094,181095,181096,181097,181098,181099,181100,181101,181102
718,71801,'718-Weekday-2-26-06-1111100',199122,199123,199124,199125,199126,199127,199128,199129,199130,199131,199132,199133,199134,199135,199136,199137,199138,199139,199140,199141,199142,199143,199144,199145,199146,199147,199148,199149,199150,199151,199152,199153,199154,199155,199156,199157,199158,199159,199160
718,71801,'718-Saturday-1-26-06-0000010',181103,181104,181105,181106,181107,181108,181109,181110,181111,181112,181113,181114,181115,181116,181117,181118,181119,181120,181121,181122,181123,181124,181125,181126,181127
719,71900,'719-Weekday-1-26-06-1111100',181152,181153,181154,181155,181156,181157,181158,181159,181160,181161,181162,181163,181164,181165,181166,181167,181168,181169,181170,181171,181172,181173,181174,181175,181176,181177,181178,181179,181180,181181,181182,181183,181184,181185,181186,181187,181188,181189,181190,181191,181192,181193,181194,181195,181196,181197,181198,181199,181200,181201,181202,181203,181204,181205,181206,181207,181208,181209,181210,181211,181212,181213,181214,181215,181216,181217,181218
719,71900,'719-Weekday-2-26-06-1111100',199185,199186,199187,199188,199189,199190,199191,199192,199193,199194,199195,199196,199197,199198,199199,199200,199201,199202,199203,199204,199205,199206,199207,199208,199209,199210,199211,199212,199213,199214,199215,199216,199217,199218,199219,199220,199221,199222,199223,199224,199225,199226,199227,199228,199229,199230,199231,199232,199233,199234,199235,199236,199237,199238,199239,199240,199241,199242,199243,199244,199245,199246,199247,199248,199249,199250,199251
719,71900,'719-Saturday-1-26-06-0000010',181219,181220,181221,181222,181223,181224,181225,181226,181227,181228,181229,181230,181231,181232,181233,181234,181235,181236,181237,181238,181239,181240,181241,181242,181243,181244,181245,181246,181247,181248,181249,181250,181251,181252,181253,181254,181255
719,71901,'719-Weekday-1-26-06-1111100',181313,181314,181315,181316,181317,181318,181319,181320,181321,181322,181323,181324,181325,181326,181327,181328,181329,181330,181331,181332,181333,181334,181335,181336,181337,181338,181339,181340,181341,181342,181343,181344,181345,181346,181347,181348,181349,181350,181351,181352,181353,181354,181355,181356,181357,181358,181359,181360,181361,181362,181363,181364,181365,181366,181367,181368,181369
719,71901,'719-Weekday-2-26-06-1111100',199280,199281,199282,199283,199284,199285,199286,199287,199288,199289,199290,199291,199292,199293,199294,199295,199296,199297,199298,199299,199300,199301,199302,199303,199304,199305,199306,199307,199308,199309,199310,199311,199312,199313,199314,199315,199316,199317,199318,199319,199320,199321,199322,199323,199324,199325,199326,199327,199328,199329,199330,199331,199332,199333,199334,199335,199336
719,71901,'719-Saturday-1-26-06-0000010',181370,181371,181372,181373,181374,181375,181376,181377,181378,181379,181380,181381,181382,181383,181384,181385,181386,181387,181388,181389,181390,181391,181392,181393,181394,181395,181396,181397,181398,181399,181400,181401,181402,181403,181404,181405,181406
721,72100,'721-Weekday-1-26-06-1111100',181462,181463,181464,181465,181466,181467,181468,181469,181470,181471,181472,181473,181474,181475,181476,181477,181478,181479,181480,181481,181482,181483,181484,181485,181486,181487,181488,181489,181490,181491,181492,181493,181494,181495,181496,181497,181498,181499,181500,181501,181502,181503,181504,181505,181506,181507,181508,181509,181510,181511,181512,181513,181514,181515,181516,181517,181518,181519,181520,181521
721,72100,'721-Weekday-5-26-06-1111100',199364,199365,199366,199367,199368,199369,199370,199371,199372,199373,199374,199375,199376,199377,199378,199379,199380,199381,199382,199383,199384,199385,199386,199387,199388,199389,199390,199391,199392,199393,199394,199395,199396,199397,199398,199399,199400,199401,199402,199403,199404,199405,199406,199407,199408,199409,199410,199411,199412,199413,199414,199415,199416,199417,199418,199419,199420,199421,199422,199423
721,72100,'721-Saturday-1-26-06-0000010',181582,181583,181584,181585,181586,181587,181588,181589,181590,181591,181592,181593,181594,181595,181596,181597,181598,181599,181600,181601,181602,181603,181604,181605,181606,181607,181608,181609,181610,181611,181612,181613,181614,181615,181616,181617,181618,181619,181620,181621,181622,181623,181624,181625,181626,181627,181628,181629,181630
721,72101,'721-Weekday-1-26-06-1111100',181666,181667,181668,181669,181670,181671,181672,181673,181674,181675,181676,181677,181678,181679,181680,181681,181682,181683,181684,181685,181686,181687,181688,181689,181690,181691,181692,181693,181694,181695,181696,181697,181698,181699,181700,181701,181702,181703,181704,181705,181706,181707,181708,181709,181710,181711,181712,181713,181714,181715,181716,181717,181718,181719,181720,181721,181722,181723,181724,181725
721,72101,'721-Weekday-5-26-06-1111100',199459,199460,199461,199462,199463,199464,199465,199466,199467,199468,199469,199470,199471,199472,199473,199474,199475,199476,199477,199478,199479,199480,199481,199482,199483,199484,199485,199486,199487,199488,199489,199490,199491,199492,199493,199494,199495,199496,199497,199498,199499,199500,199501,199502,199503,199504,199505,199506,199507,199508,199509,199510,199511,199512,199513,199514,199515,199516,199517,199518
721,72101,'721-Saturday-1-26-06-0000010',181787,181788,181789,181790,181791,181792,181793,181794,181795,181796,181797,181798,181799,181800,181801,181802,181803,181804,181805,181806,181807,181808,181809,181810,181811,181812,181813,181814,181815,181816,181817,181818,181819,181820,181821,181822,181823,181824,181825,181826,181827,181828,181829,181830,181831,181832,181833,181834
722,72200,'722-Weekday-1-26-06-1111100',181869,181870,181871,181872,181873,181874,181875,181876,181877,181878,181879,181880,181881,181882,181883,181884,181885,181886,181887,181888,181889,181890,181891,181892,181893,181894,181895,181896,181897,181898,181899,181900,181901,181902,181903,181904,181905,181906,181907,181908,181909,181910,181911,181912,181913,181914,181915,181916,181917,181918,181919,181920,181921,181922,181923,181924,181925,181926
722,72200,'722-Weekday-2-26-06-1111100',199553,199554,199555,199556,199557,199558,199559,199560,199561,199562,199563,199564,199565,199566,199567,199568,199569,199570,199571,199572,199573,199574,199575,199576,199577,199578,199579,199580,199581,199582,199583,199584,199585,199586,199587,199588,199589,199590,199591,199592,199593,199594,199595,199596,199597,199598,199599,199600,199601,199602,199603,199604,199605,199606,199607,199608,199609,199610
722,72200,'722-Saturday-1-26-06-0000010',181927,181928,181929,181930,181931,181932,181933,181934,181935,181936,181937,181938,181939,181940,181941,181942,181943,181944,181945,181946,181947,181948,181949,181950,181951,181952,181953,181954,181955,181956,181957,181958,181959,181960,181961,181962,181963,181964,181965,181966,181967,181968,181969,181970,181971,181972,181973,181974,181975
722,72201,'722-Weekday-1-26-06-1111100',182043,182044,182045,182046,182047,182048,182049,182050,182051,182052,182053,182054,182055,182056,182057,182058,182059,182060,182061,182062,182063,182064,182065,182066,182067,182068,182069,182070,182071,182072,182073,182074,182075,182076,182077,182078,182079,182080,182081,182082,182083,182084,182085,182086,182087,182088,182089,182090,182091,182092,182093,182094,182095,182096,182097,182098,182099,182100,182101
722,72201,'722-Weekday-2-26-06-1111100',199644,199645,199646,199647,199648,199649,199650,199651,199652,199653,199654,199655,199656,199657,199658,199659,199660,199661,199662,199663,199664,199665,199666,199667,199668,199669,199670,199671,199672,199673,199674,199675,199676,199677,199678,199679,199680,199681,199682,199683,199684,199685,199686,199687,199688,199689,199690,199691,199692,199693,199694,199695,199696,199697,199698,199699,199700,199701,199702
722,72201,'722-Saturday-1-26-06-0000010',182102,182103,182104,182105,182106,182107,182108,182109,182110,182111,182112,182113,182114,182115,182116,182117,182118,182119,182120,182121,182122,182123,182124,182125,182126,182127,182128,182129,182130,182131,182132,182133,182134,182135,182136,182137,182138,182139,182140,182141,182142,182143,182144,182145,182146,182147,182148,182149,182150
723,72300,'723-Weekday-1-26-06-1111100',182220,182221,182222,182223,182224,182225,182226,182227,182228,182229,182230,182231,182232,182233,182234
723,72300,'723-Weekday-2-26-06-1111100',199737,199738,199739,199740,199741,199742,199743,199744,199745,199746,199747,199748,199749,199750,199751
723,72301,'723-Weekday-1-26-06-1111100',182235,182236,182237,182238,182239,182240,182241,182242,182243,182244,182245,182246,182247,182248,182249
723,72301,'723-Weekday-2-26-06-1111100',199752,199753,199754,199755,199756,199757,199758,199759,199760,199761,199762,199763,199764,199765,199766
724,72400,'724-Weekday-1-26-06-1111100',182250,182251,182252,182253,182254,182255,182256,182257,182258,182259,182260,182261
724,72400,'724-Weekday-2-26-06-1111100',199767,199768,199769,199770,199771,199772,199773,199774,199775,199776,199777,199778
724,72401,'724-Weekday-1-26-06-1111100',182262,182263,182264,182265,182266,182267,182268,182269,182270,182271,182272,182273,182274
724,72401,'724-Weekday-2-26-06-1111100',199779,199780,199781,199782,199783,199784,199785,199786,199787,199788,199789,199790,199791
727,72700,'727-Weekday-1-26-06-1111100',182275,182276,182277,182278,182279,182280,182281,182282,182283,182284,182285,182286
727,72700,'727-Weekday-2-26-06-1111100',199792,199793,199794,199795,199796,199797,199798,199799,199800,199801,199802,199803
727,72701,'727-Weekday-1-26-06-1111100',182287,182288,182289,182290,182291,182292,182293,182294,182295,182296,182297,182298,182299
727,72701,'727-Weekday-2-26-06-1111100',199804,199805,199806,199807,199808,199809,199810,199811,199812,199813,199814,199815,199816
729,72900,'729-Weekday-1-26-06-1111100',182300,182301,182302,182303,182304,182305,182306,182307,182308,182309,182310,182311,182312,182313,182314,182315,182316,182317,182318,182319,182320,182321,182322,182323,182324,182325,182326,182327,182328,182329,182330,182331,182332,182333,182334,182335,182336,182337
729,72900,'729-Weekday-2-26-06-1111100',199817,199818,199819,199820,199821,199822,199823,199824,199825,199826,199827,199828,199829,199830,199831,199832,199833,199834,199835,199836,199837,199838,199839,199840,199841,199842,199843,199844,199845,199846,199847,199848,199849,199850,199851,199852,199853,199854
729,72901,'729-Weekday-1-26-06-1111100',182338,182339,182340,182341,182342,182343,182344,182345,182346,182347,182348,182349,182350,182351,182352,182353,182354,182355,182356,182357,182358,182359,182360,182361,182362,182363,182364,182365,182366,182367,182368,182369,182370,182371,182372,182373,182374,182375,182376,182377
729,72901,'729-Weekday-2-26-06-1111100',199855,199856,199857,199858,199859,199860,199861,199862,199863,199864,199865,199866,199867,199868,199869,199870,199871,199872,199873,199874,199875,199876,199877,199878,199879,199880,199881,199882,199883,199884,199885,199886,199887,199888,199889,199890,199891,199892,199893,199894
747,74700,'747-Weekday-1-26-06-1111100',182378,182379,182380,182381,182382,182383,182384,182385,182386,182387,182388,182389,182390,182391,182392,182393,182394,182395,182396,182397,182398,182399,182400,182401,182402,182403,182404,182405,182406,182407,182408,182409,182410,182411,182412,182413
747,74700,'747-Weekday-2-26-06-1111100',199895,199896,199897,199898,199899,199900,199901,199902,199903,199904,199905,199906,199907,199908,199909,199910,199911,199912,199913,199914,199915,199916,199917,199918,199919,199920,199921,199922,199923,199924,199925,199926,199927,199928,199929,199930
747,74700,'747-Saturday-1-26-06-0000010',182414,182415,182416,182417,182418,182419,182420,182421,182422,182423,182424,182425,182426,182427,182428,182429,182430,182431,182432,182433,182434,182435,182436,182437,182438,182439,182440,182441,182442,182443,182444,182445,182446,182447,182448,182449
747,74701,'747-Weekday-1-26-06-1111100',182486,182487,182488,182489,182490,182491,182492,182493,182494,182495,182496,182497,182498,182499,182500,182501,182502,182503,182504,182505,182506,182507,182508,182509,182510,182511,182512,182513,182514,182515,182516,182517,182518,182519,182520,182521
747,74701,'747-Weekday-2-26-06-1111100',199967,199968,199969,199970,199971,199972,199973,199974,199975,199976,199977,199978,199979,199980,199981,199982,199983,199984,199985,199986,199987,199988,199989,199990,199991,199992,199993,199994,199995,199996,199997,199998,199999,200000,200001,200002
747,74701,'747-Saturday-1-26-06-0000010',182522,182523,182524,182525,182526,182527,182528,182529,182530,182531,182532,182533,182534,182535,182536,182537,182538,182539,182540,182541,182542,182543,182544,182545,182546,182547,182548,182549,182550,182551,182552,182553,182554,182555,182556,182557
901,90100,'901-Weekday-1-26-06-1111100',182594,182595,182596,182597,182598,182599,182600,182601,182602,182603,182604,182605,182606,182607,182608,182609,182610,182611,182612,182613,182614,182615,182616,182617,182618,182619,182620,182621,182622,182623,182624,182625,182626,182627,182628,182629,182630,182631,182632,182633,182634,182635,182636,182637,182638,182639,182640,182641,182642,182643,182644,182645,182646,182647,182648,182649,182650,182651,182652,182653,182654,182655,182656,182657,182658,182659,182660,182661,182662,182663,182664,182665,182666
901,90100,'901-Weekday-2-26-06-1111100',200039,200040,200041,200042,200043,200044,200045,200046,200047,200048,200049,200050,200051,200052,200053,200054,200055,200056,200057,200058,200059,200060,200061,200062,200063,200064,200065,200066,200067,200068,200069,200070,200071,200072,200073,200074,200075,200076,200077,200078,200079,200080,200081,200082,200083,200084,200085,200086,200087,200088,200089,200090,200091,200092,200093,200094,200095,200096,200097,200098,200099,200100,200101,200102,200103,200104,200105,200106,200107,200108,200109,200110,200111
901,90100,'901-Saturday-1-26-06-0000010',182667,182668,182669,182670,182671,182672,182673,182674,182675,182676,182677,182678,182679,182680,182681,182682,182683,182684,182685,182686,182687,182688,182689,182690,182691,182692,182693,182694,182695,182696,182697,182698,182699,182700,182701,182702,182703,182704,182705,182706,182707,182708,182709,182710,182711,182712,182713,182714,182715
901,90101,'901-Weekday-1-26-06-1111100',182779,182780,182781,182782,182783,182784,182785,182786,182787,182788,182789,182790,182791,182792,182793,182794,182795,182796,182797,182798,182799,182800,182801,182802,182803,182804,182805,182806,182807,182808,182809,182810,182811,182812,182813,182814,182815,182816,182817,182818,182819,182820,182821,182822,182823,182824,182825,182826,182827,182828,182829,182830,182831,182832,182833,182834,182835,182836,182837,182838,182839,182840,182841,182842,182843,182844,182845,182846,182847,182848,182849,182850,182851,182852,182853
901,90101,'901-Weekday-2-26-06-1111100',200143,200144,200145,200146,200147,200148,200149,200150,200151,200152,200153,200154,200155,200156,200157,200158,200159,200160,200161,200162,200163,200164,200165,200166,200167,200168,200169,200170,200171,200172,200173,200174,200175,200176,200177,200178,200179,200180,200181,200182,200183,200184,200185,200186,200187,200188,200189,200190,200191,200192,200193,200194,200195,200196,200197,200198,200199,200200,200201,200202,200203,200204,200205,200206,200207,200208,200209,200210,200211,200212,200213,200214,200215,200216,200217
901,90101,'901-Saturday-1-26-06-0000010',182854,182855,182856,182857,182858,182859,182860,182861,182862,182863,182864,182865,182866,182867,182868,182869,182870,182871,182872,182873,182874,182875,182876,182877,182878,182879,182880,182881,182882,182883,182884,182885,182886,182887,182888,182889,182890,182891,182892,182893,182894,182895,182896,182897,182898,182899,182900,182901,182902
902,90200,'902-Weekday-1-26-06-1111100',182966,182967,182968,182969,182970,182971,182972,182973,182974,182975,182976,182977,182978,182979,182980,182981,182982,182983,182984,182985,182986,182987,182988,182989,182990,182991,182992,182993,182994,182995,182996,182997,182998,182999,183000,183001,183002,183003,183004,183005,183006,183007,183008,183009,183010,183011
902,90200,'902-Weekday-2-26-06-1111100',200249,200250,200251,200252,200253,200254,200255,200256,200257,200258,200259,200260,200261,200262,200263,200264,200265,200266,200267,200268,200269,200270,200271,200272,200273,200274,200275,200276,200277,200278,200279,200280,200281,200282,200283,200284,200285,200286,200287,200288,200289,200290,200291,200292,200293,200294
902,90200,'902-Saturday-1-26-06-0000010',183012,183013,183014,183015,183016,183017,183018,183019,183020,183021,183022,183023,183024,183025,183026,183027,183028,183029,183030,183031,183032,183033,183034,183035,183036,183037,183038,183039,183040
902,90201,'902-Weekday-1-26-06-1111100',183069,183070,183071,183072,183073,183074,183075,183076,183077,183078,183079,183080,183081,183082,183083,183084,183085,183086,183087,183088,183089,183090,183091,183092,183093,183094,183095,183096,183097,183098,183099,183100,183101,183102,183103,183104,183105,183106,183107,183108,183109,183110,183111,183112
902,90201,'902-Weekday-2-26-06-1111100',200323,200324,200325,200326,200327,200328,200329,200330,200331,200332,200333,200334,200335,200336,200337,200338,200339,200340,200341,200342,200343,200344,200345,200346,200347,200348,200349,200350,200351,200352,200353,200354,200355,200356,200357,200358,200359,200360,200361,200362,200363,200364,200365,200366
902,90201,'902-Saturday-1-26-06-0000010',183113,183114,183115,183116,183117,183118,183119,183120,183121,183122,183123,183124,183125,183126,183127,183128,183129,183130,183131,183132,183133,183134,183135,183136,183137,183138,183139,183140,183141
903,90300,'903-Weekday-1-26-06-1111100',183169,183170,183171,183172,183173,183174,183175,183176,183177,183178,183179,183180,183181,183182,183183,183184,183185,183186,183187,183188,183189,183190,183191,183192,183193,183194,183195,183196,183197,183198,183199,183200,183201,183202,183203,183204,183205,183206,183207,183208,183209,183210,183211,183212,183213,183214,183215,183216,183217,183218
903,90300,'903-Weekday-2-26-06-1111100',200394,200395,200396,200397,200398,200399,200400,200401,200402,200403,200404,200405,200406,200407,200408,200409,200410,200411,200412,200413,200414,200415,200416,200417,200418,200419,200420,200421,200422,200423,200424,200425,200426,200427,200428,200429,200430,200431,200432,200433,200434,200435,200436,200437,200438,200439,200440,200441,200442,200443
903,90300,'903-Saturday-1-26-06-0000010',183219,183220,183221,183222,183223,183224,183225,183226,183227,183228,183229,183230,183231,183232,183233,183234,183235,183236,183237,183238,183239,183240,183241,183242,183243,183244,183245,183246,183247,183248,183249,183250,183251,183252,183253,183254,183255,183256,183257,183258,183259,183260,183261,183262
903,90301,'903-Weekday-1-26-06-1111100',183328,183329,183330,183331,183332,183333,183334,183335,183336,183337,183338,183339,183340,183341,183342,183343,183344,183345,183346,183347,183348,183349,183350,183351,183352,183353,183354,183355,183356,183357,183358,183359,183360,183361,183362,183363,183364,183365,183366,183367,183368,183369,183370,183371,183372,183373,183374,183375,183376,183377
903,90301,'903-Weekday-2-26-06-1111100',200476,200477,200478,200479,200480,200481,200482,200483,200484,200485,200486,200487,200488,200489,200490,200491,200492,200493,200494,200495,200496,200497,200498,200499,200500,200501,200502,200503,200504,200505,200506,200507,200508,200509,200510,200511,200512,200513,200514,200515,200516,200517,200518,200519,200520,200521,200522,200523,200524,200525
903,90301,'903-Saturday-1-26-06-0000010',183378,183379,183380,183381,183382,183383,183384,183385,183386,183387,183388,183389,183390,183391,183392,183393,183394,183395,183396,183397,183398,183399,183400,183401,183402,183403,183404,183405,183406,183407,183408,183409,183410,183411,183412,183413,183414,183415,183416,183417,183418,183419,183420,183421,183422
904,90400,'904-Weekday-1-26-06-1111100',183484,183485,183486,183487,183488,183489,183490,183491,183492,183493,183494,183495,183496,183497,183498,183499,183500,183501,183502,183503,183504,183505,183506,183507,183508,183509,183510,183511,183512,183513,183514,183515,183516,183517,183518
904,90400,'904-Weekday-2-26-06-1111100',200556,200557,200558,200559,200560,200561,200562,200563,200564,200565,200566,200567,200568,200569,200570,200571,200572,200573,200574,200575,200576,200577,200578,200579,200580,200581,200582,200583,200584,200585,200586,200587,200588,200589,200590
904,90400,'904-Saturday-1-26-06-0000010',183519,183520,183521,183522,183523,183524,183525,183526,183527,183528,183529,183530,183531,183532,183533,183534,183535,183536,183537,183538,183539,183540,183541,183542,183543,183544,183545
904,90401,'904-Weekday-1-26-06-1111100',183568,183569,183570,183571,183572,183573,183574,183575,183576,183577,183578,183579,183580,183581,183582,183583,183584,183585,183586,183587,183588,183589,183590,183591,183592,183593,183594,183595,183596,183597,183598,183599,183600,183601,183602
904,90401,'904-Weekday-2-26-06-1111100',200613,200614,200615,200616,200617,200618,200619,200620,200621,200622,200623,200624,200625,200626,200627,200628,200629,200630,200631,200632,200633,200634,200635,200636,200637,200638,200639,200640,200641,200642,200643,200644,200645,200646,200647
904,90401,'904-Saturday-1-26-06-0000010',183603,183604,183605,183606,183607,183608,183609,183610,183611,183612,183613,183614,183615,183616,183617,183618,183619,183620,183621,183622,183623,183624,183625,183626,183627,183628,183629
905,90500,'905-Weekday-1-26-06-1111100',183652,183653,183654,183655,183656,183657,183658,183659,183660,183661,183662,183663,183664,183665
905,90500,'905-Weekday-2-26-06-1111100',200670,200671,200672,200673,200674,200675,200676,200677,200678,200679,200680,200681,200682,200683
905,90501,'905-Weekday-1-26-06-1111100',183666,183667,183668,183669,183670,183671,183672,183673,183674,183675,183676,183677,183678,183679,183680,183681
905,90501,'905-Weekday-2-26-06-1111100',200684,200685,200686,200687,200688,200689,200690,200691,200692,200693,200694,200695,200696,200697,200698,200699
906,90600,'906-Weekday-1-26-06-1111100',183682,183683,183684,183685,183686,183687,183688,183689,183690,183691,183692,183693,183694,183695
906,90600,'906-Weekday-2-26-06-1111100',200700,200701,200702,200703,200704,200705,200706,200707,200708,200709,200710,200711,200712,200713
906,90601,'906-Weekday-1-26-06-1111100',183696,183697,183698,183699,183700,183701,183702,183703,183704,183705,183706,183707
906,90601,'906-Weekday-2-26-06-1111100',200714,200715,200716,200717,200718,200719,200720,200721,200722,200723,200724,200725
907,90700,'907-Weekday-1-26-06-1111100',183708,183709,183710,183711,183712,183713,183714,183715,183716,183717,183718,183719,183720,183721,183722,183723,183724,183725,183726,183727,183728,183729,183730,183731,183732,183733,183734,183735,183736,183737,183738,183739,183740,183741,183742,183743,183744,183745,183746,183747,183748,183749,183750,183751
907,90700,'907-Weekday-2-26-06-1111100',200726,200727,200728,200729,200730,200731,200732,200733,200734,200735,200736,200737,200738,200739,200740,200741,200742,200743,200744,200745,200746,200747,200748,200749,200750,200751,200752,200753,200754,200755,200756,200757,200758,200759,200760,200761,200762,200763,200764,200765,200766,200767,200768,200769
907,90700,'907-Saturday-1-26-06-0000010',183752,183753,183754,183755,183756,183757,183758,183759,183760,183761,183762,183763,183764,183765,183766,183767,183768,183769,183770,183771,183772,183773,183774,183775,183776,183777,183778
907,90701,'907-Weekday-1-26-06-1111100',183798,183799,183800,183801,183802,183803,183804,183805,183806,183807,183808,183809,183810,183811,183812,183813,183814,183815,183816,183817,183818,183819,183820,183821,183822,183823,183824,183825,183826,183827,183828,183829,183830,183831,183832,183833,183834,183835,183836,183837,183838,183839,183840,183841,183842
907,90701,'907-Weekday-2-26-06-1111100',200789,200790,200791,200792,200793,200794,200795,200796,200797,200798,200799,200800,200801,200802,200803,200804,200805,200806,200807,200808,200809,200810,200811,200812,200813,200814,200815,200816,200817,200818,200819,200820,200821,200822,200823,200824,200825,200826,200827,200828,200829,200830,200831,200832,200833
907,90701,'907-Saturday-1-26-06-0000010',183843,183844,183845,183846,183847,183848,183849,183850,183851,183852,183853,183854,183855,183856,183857,183858,183859,183860,183861,183862,183863,183864,183865,183866,183867,183868,183869
908,90800,'908-Weekday-1-26-06-1111100',183889,183890,183891,183892,183893,183894,183895,183896,183897,183898,183899,183900
908,90800,'908-Weekday-2-26-06-1111100',200853,200854,200855,200856,200857,200858,200859,200860,200861,200862,200863,200864
908,90801,'908-Weekday-1-26-06-1111100',183901,183902,183903,183904,183905,183906,183907,183908,183909,183910,183911,183912
908,90801,'908-Weekday-2-26-06-1111100',200865,200866,200867,200868,200869,200870,200871,200872,200873,200874,200875,200876
909,90900,'909-Weekday-1-26-06-1111100',183913,183914,183915,183916,183917,183918,183919,183920,183921,183922,183923,183924,183925,183926,183927,183928,183929,183930,183931,183932,183933,183934,183935,183936,183937,183938,183939,183940,183941,183942,183943,183944,183945,183946,183947
909,90900,'909-Weekday-2-26-06-1111100',200877,200878,200879,200880,200881,200882,200883,200884,200885,200886,200887,200888,200889,200890,200891,200892,200893,200894,200895,200896,200897,200898,200899,200900,200901,200902,200903,200904,200905,200906,200907,200908,200909,200910,200911
909,90900,'909-Saturday-1-26-06-0000010',183948,183949,183950,183951,183952,183953,183954,183955,183956,183957,183958,183959,183960,183961,183962,183963,183964,183965,183966,183967,183968,183969,183970,183971,183972,183973,183974
909,90901,'909-Weekday-1-26-06-1111100',184000,184001,184002,184003,184004,184005,184006,184007,184008,184009,184010,184011,184012,184013,184014,184015,184016,184017,184018,184019,184020,184021,184022,184023,184024,184025,184026,184027,184028,184029,184030,184031,184032,184033,184034
909,90901,'909-Weekday-2-26-06-1111100',200937,200938,200939,200940,200941,200942,200943,200944,200945,200946,200947,200948,200949,200950,200951,200952,200953,200954,200955,200956,200957,200958,200959,200960,200961,200962,200963,200964,200965,200966,200967,200968,200969,200970,200971
909,90901,'909-Saturday-1-26-06-0000010',184035,184036,184037,184038,184039,184040,184041,184042,184043,184044,184045,184046,184047,184048,184049,184050,184051,184052,184053,184054,184055,184056,184057,184058,184059,184060,184061
912,91200,'912-Weekday-1-26-06-1111100',184086,184087,184088,184089,184090,184091,184092,184093,184094,184095,184096,184097,184098,184099,184100,184101,184102,184103,184104,184105,184106,184107,184108,184109,184110,184111,184112,184113,184114,184115,184116,184117,184118,184119
912,91200,'912-Weekday-2-26-06-1111100',200996,200997,200998,200999,201000,201001,201002,201003,201004,201005,201006,201007,201008,201009,201010,201011,201012,201013,201014,201015,201016,201017,201018,201019,201020,201021,201022,201023,201024,201025,201026,201027,201028,201029
912,91200,'912-Saturday-1-26-06-0000010',184120,184121,184122,184123,184124,184125,184126,184127,184128,184129,184130,184131,184132,184133,184134,184135,184136,184137,184138,184139,184140,184141,184142
912,91201,'912-Weekday-1-26-06-1111100',184162,184163,184164,184165,184166,184167,184168,184169,184170,184171,184172,184173,184174,184175,184176,184177,184178,184179,184180,184181,184182,184183,184184,184185,184186,184187,184188,184189,184190,184191,184192,184193,184194
912,91201,'912-Weekday-2-26-06-1111100',201049,201050,201051,201052,201053,201054,201055,201056,201057,201058,201059,201060,201061,201062,201063,201064,201065,201066,201067,201068,201069,201070,201071,201072,201073,201074,201075,201076,201077,201078,201079,201080,201081
912,91201,'912-Saturday-1-26-06-0000010',184195,184196,184197,184198,184199,184200,184201,184202,184203,184204,184205,184206,184207,184208,184209,184210,184211,184212,184213,184214,184215,184216,184217
913,91300,'913-Weekday-1-26-06-1111100',184237,184238,184239,184240,184241,184242,184243,184244,184245,184246,184247,184248,184249,184250,184251,184252,184253,184254,184255,184256,184257,184258,184259,184260,184261,184262,184263,184264,184265,184266,184267,184268,184269,184270,184271,184272,184273,184274,184275,184276,184277,184278,184279,184280,184281,184282
913,91300,'913-Weekday-5-26-06-1111100',201101,201102,201103,201104,201105,201106,201107,201108,201109,201110,201111,201112,201113,201114,201115,201116,201117,201118,201119,201120,201121,201122,201123,201124,201125,201126,201127,201128,201129,201130,201131,201132,201133,201134,201135,201136,201137,201138,201139,201140,201141,201142,201143,201144,201145,201146
913,91300,'913-Saturday-1-26-06-0000010',184283,184284,184285,184286,184287,184288,184289,184290,184291,184292,184293,184294,184295,184296,184297,184298,184299,184300,184301,184302,184303,184304,184305,184306,184307,184308,184309,184310,184311,184312
914,91400,'914-Weekday-1-26-06-1111100',184368,184369,184370,184371,184372,184373,184374,184375,184376,184377,184378,184379,184380,184381,184382,184383,184384,184385,184386,184387,184388,184389,184390,184391,184392,184393,184394,184395,184396,184397,184398,184399,184400,184401,184402,184403,184404,184405,184406,184407
914,91400,'914-Weekday-2-26-06-1111100',201173,201174,201175,201176,201177,201178,201179,201180,201181,201182,201183,201184,201185,201186,201187,201188,201189,201190,201191,201192,201193,201194,201195,201196,201197,201198,201199,201200,201201,201202,201203,201204,201205,201206,201207,201208,201209,201210,201211,201212
914,91400,'914-Saturday-1-26-06-0000010',184408,184409,184410,184411,184412,184413,184414,184415,184416,184417,184418,184419,184420,184421,184422,184423,184424,184425,184426,184427,184428,184429,184430,184431,184432,184433,184434
914,91401,'914-Weekday-1-26-06-1111100',184457,184458,184459,184460,184461,184462,184463,184464,184465,184466,184467,184468,184469,184470,184471,184472,184473,184474,184475,184476,184477,184478,184479,184480,184481,184482,184483,184484,184485,184486,184487,184488,184489,184490,184491,184492,184493,184494,184495
914,91401,'914-Weekday-2-26-06-1111100',201235,201236,201237,201238,201239,201240,201241,201242,201243,201244,201245,201246,201247,201248,201249,201250,201251,201252,201253,201254,201255,201256,201257,201258,201259,201260,201261,201262,201263,201264,201265,201266,201267,201268,201269,201270,201271,201272,201273
914,91401,'914-Saturday-1-26-06-0000010',184496,184497,184498,184499,184500,184501,184502,184503,184504,184505,184506,184507,184508,184509,184510,184511,184512,184513,184514,184515,184516,184517,184518,184519,184520,184521,184522
915,91500,'915-Weekday-1-26-06-1111100',184546,184547,184548,184549,184550,184551,184552,184553,184554,184555,184556,184557,184558,184559,184560,184561,184562,184563,184564,184565,184566,184567,184568,184569,184570,184571,184572,184573,184574,184575,184576,184577,184578,184579,184580,184581,184582,184583,184584,184585,184586,184587,184588,184589,184590
915,91500,'915-Weekday-6-26-06-1111100',201297,201298,201299,201300,201301,201302,201303,201304,201305,201306,201307,201308,201309,201310,201311,201312,201313,201314,201315,201316,201317,201318,201319,201320,201321,201322,201323,201324,201325,201326,201327,201328,201329,201330,201331,201332,201333,201334,201335,201336,201337,201338,201339,201340,201341
915,91500,'915-Saturday-1-26-06-0000010',184591,184592,184593,184594,184595,184596,184597,184598,184599,184600,184601,184602,184603,184604,184605,184606,184607,184608,184609,184610,184611,184612,184613,184614,184615,184616,184617,184618,184619,184620,184621,184622,184623
915,91501,'915-Weekday-1-26-06-1111100',184654,184655,184656,184657,184658,184659,184660,184661,184662,184663,184664,184665,184666,184667,184668,184669,184670,184671,184672,184673,184674,184675,184676,184677,184678,184679,184680,184681,184682,184683,184684,184685,184686,184687,184688,184689,184690,184691,184692,184693,184694,184695,184696,184697,184698
915,91501,'915-Weekday-6-26-06-1111100',201372,201373,201374,201375,201376,201377,201378,201379,201380,201381,201382,201383,201384,201385,201386,201387,201388,201389,201390,201391,201392,201393,201394,201395,201396,201397,201398,201399,201400,201401,201402,201403,201404,201405,201406,201407,201408,201409,201410,201411,201412,201413,201414,201415,201416
915,91501,'915-Saturday-1-26-06-0000010',184699,184700,184701,184702,184703,184704,184705,184706,184707,184708,184709,184710,184711,184712,184713,184714,184715,184716,184717,184718,184719,184720,184721,184722,184723,184724,184725,184726,184727,184728,184729,184730,184731
916,91600,'916-Weekday-1-26-06-1111100',184762,184763,184764,184765,184766,184767,184768,184769,184770,184771,184772,184773,184774,184775,184776,184777,184778,184779,184780,184781,184782,184783,184784,184785,184786,184787,184788,184789,184790,184791,184792,184793,184794,184795,184796,184797,184798,184799,184800,184801,184802,184803,184804
916,91600,'916-Weekday-2-26-06-1111100',201447,201448,201449,201450,201451,201452,201453,201454,201455,201456,201457,201458,201459,201460,201461,201462,201463,201464,201465,201466,201467,201468,201469,201470,201471,201472,201473,201474,201475,201476,201477,201478,201479,201480,201481,201482,201483,201484,201485,201486,201487,201488,201489
916,91600,'916-Saturday-1-26-06-0000010',184805,184806,184807,184808,184809,184810,184811,184812,184813,184814,184815,184816,184817,184818,184819,184820,184821,184822,184823,184824,184825,184826,184827,184828,184829,184830,184831,184832,184833
916,91601,'916-Weekday-1-26-06-1111100',184861,184862,184863,184864,184865,184866,184867,184868,184869,184870,184871,184872,184873,184874,184875,184876,184877,184878,184879,184880,184881,184882,184883,184884,184885,184886,184887,184888,184889,184890,184891,184892,184893,184894,184895,184896,184897,184898,184899,184900,184901,184902,184903
916,91601,'916-Weekday-2-26-06-1111100',201517,201518,201519,201520,201521,201522,201523,201524,201525,201526,201527,201528,201529,201530,201531,201532,201533,201534,201535,201536,201537,201538,201539,201540,201541,201542,201543,201544,201545,201546,201547,201548,201549,201550,201551,201552,201553,201554,201555,201556,201557,201558,201559
916,91601,'916-Saturday-1-26-06-0000010',184904,184905,184906,184907,184908,184909,184910,184911,184912,184913,184914,184915,184916,184917,184918,184919,184920,184921,184922,184923,184924,184925,184926,184927,184928,184929,184930,184931,184932,184933
917,91700,'917-Weekday-1-26-06-1111100',184961,184962,184963,184964,184965,184966,184967,184968,184969,184970,184971,184972,184973,184974,184975,184976,184977,184978,184979,184980,184981,184982,184983,184984,184985,184986,184987,184988,184989,184990,184991,184992,184993,184994,184995,184996,184997,184998,184999,185000
917,91700,'917-Weekday-5-26-06-1111100',201587,201588,201589,201590,201591,201592,201593,201594,201595,201596,201597,201598,201599,201600,201601,201602,201603,201604,201605,201606,201607,201608,201609,201610,201611,201612,201613,201614,201615,201616,201617,201618,201619,201620,201621,201622,201623,201624,201625,201626
917,91700,'917-Saturday-1-26-06-0000010',185001,185002,185003,185004,185005,185006,185007,185008,185009,185010,185011,185012,185013,185014,185015,185016,185017,185018,185019,185020,185021,185022,185023,185024,185025,185026,185027,185028
917,91701,'917-Weekday-1-26-06-1111100',185054,185055,185056,185057,185058,185059,185060,185061,185062,185063,185064,185065,185066,185067,185068,185069,185070,185071,185072,185073,185074,185075,185076,185077,185078,185079,185080,185081,185082,185083,185084,185085,185086,185087,185088,185089,185090,185091,185092
917,91701,'917-Weekday-5-26-06-1111100',201652,201653,201654,201655,201656,201657,201658,201659,201660,201661,201662,201663,201664,201665,201666,201667,201668,201669,201670,201671,201672,201673,201674,201675,201676,201677,201678,201679,201680,201681,201682,201683,201684,201685,201686,201687,201688,201689,201690
917,91701,'917-Saturday-1-26-06-0000010',185093,185094,185095,185096,185097,185098,185099,185100,185101,185102,185103,185104,185105,185106,185107,185108,185109,185110,185111,185112,185113,185114,185115,185116,185117,185118,185119,185120
918,91800,'918-Weekday-1-26-06-1111100',185145,185146,185147,185148,185149,185150,185151,185152,185153,185154,185155,185156,185157,185158,185159,185160,185161,185162,185163,185164,185165,185166,185167,185168,185169,185170,185171,185172,185173,185174,185175,185176,185177,185178,185179,185180,185181,185182,185183,185184,185185,185186,185187
918,91800,'918-Weekday-2-26-06-1111100',201715,201716,201717,201718,201719,201720,201721,201722,201723,201724,201725,201726,201727,201728,201729,201730,201731,201732,201733,201734,201735,201736,201737,201738,201739,201740,201741,201742,201743,201744,201745,201746,201747,201748,201749,201750,201751,201752,201753,201754,201755,201756,201757
918,91800,'918-Saturday-1-26-06-0000010',185188,185189,185190,185191,185192,185193,185194,185195,185196,185197,185198,185199,185200,185201,185202,185203,185204,185205,185206,185207,185208,185209,185210,185211,185212,185213,185214,185215,185216,185217
918,91801,'918-Weekday-1-26-06-1111100',185246,185247,185248,185249,185250,185251,185252,185253,185254,185255,185256,185257,185258,185259,185260,185261,185262,185263,185264,185265,185266,185267,185268,185269,185270,185271,185272,185273,185274,185275,185276,185277,185278,185279,185280,185281,185282,185283,185284,185285,185286,185287,185288
918,91801,'918-Weekday-2-26-06-1111100',201786,201787,201788,201789,201790,201791,201792,201793,201794,201795,201796,201797,201798,201799,201800,201801,201802,201803,201804,201805,201806,201807,201808,201809,201810,201811,201812,201813,201814,201815,201816,201817,201818,201819,201820,201821,201822,201823,201824,201825,201826,201827,201828
918,91801,'918-Saturday-1-26-06-0000010',185289,185290,185291,185292,185293,185294,185295,185296,185297,185298,185299,185300,185301,185302,185303,185304,185305,185306,185307,185308,185309,185310,185311,185312,185313,185314,185315,185316,185317,185318
919,91900,'919-Weekday-1-26-06-1111100',185348,185349,185350,185351,185352,185353,185354,185355,185356,185357,185358,185359,185360,185361,185362,185363,185364,185365,185366,185367,185368,185369,185370,185371,185372,185373,185374,185375,185376,185377,185378,185379,185380,185381,185382,185383,185384,185385,185386,185387,185388,185389,185390,185391,185392,185393,185394,185395,185396
919,91900,'919-Weekday-2-26-06-1111100',201858,201859,201860,201861,201862,201863,201864,201865,201866,201867,201868,201869,201870,201871,201872,201873,201874,201875,201876,201877,201878,201879,201880,201881,201882,201883,201884,201885,201886,201887,201888,201889,201890,201891,201892,201893,201894,201895,201896,201897,201898,201899,201900,201901,201902,201903,201904,201905,201906
919,91900,'919-Saturday-1-26-06-0000010',185397,185398,185399,185400,185401,185402,185403,185404,185405,185406,185407,185408,185409,185410,185411,185412,185413,185414,185415,185416,185417,185418,185419,185420,185421,185422,185423,185424
919,91901,'919-Weekday-1-26-06-1111100',185449,185450,185451,185452,185453,185454,185455,185456,185457,185458,185459,185460,185461,185462,185463,185464,185465,185466,185467,185468,185469,185470,185471,185472,185473,185474,185475,185476,185477,185478,185479,185480,185481,185482,185483,185484,185485,185486,185487,185488,185489,185490,185491,185492,185493,185494,185495,185496,185497
919,91901,'919-Weekday-2-26-06-1111100',201931,201932,201933,201934,201935,201936,201937,201938,201939,201940,201941,201942,201943,201944,201945,201946,201947,201948,201949,201950,201951,201952,201953,201954,201955,201956,201957,201958,201959,201960,201961,201962,201963,201964,201965,201966,201967,201968,201969,201970,201971,201972,201973,201974,201975,201976,201977,201978,201979
919,91901,'919-Saturday-1-26-06-0000010',185498,185499,185500,185501,185502,185503,185504,185505,185506,185507,185508,185509,185510,185511,185512,185513,185514,185515,185516,185517,185518,185519,185520,185521,185522,185523,185524,185525
921,92100,'921-Weekday-1-26-06-1111100',185550,185551,185552,185553,185554,185555,185556,185557,185558,185559,185560,185561,185562,185563,185564,185565,185566,185567,185568,185569,185570,185571,185572,185573,185574,185575,185576,185577,185578,185579,185580,185581,185582,185583,185584,185585,185586,185587,185588,185589
921,92100,'921-Weekday-2-26-06-1111100',202004,202005,202006,202007,202008,202009,202010,202011,202012,202013,202014,202015,202016,202017,202018,202019,202020,202021,202022,202023,202024,202025,202026,202027,202028,202029,202030,202031,202032,202033,202034,202035,202036,202037,202038,202039,202040,202041,202042,202043
921,92100,'921-Saturday-1-26-06-0000010',185590,185591,185592,185593,185594,185595,185596,185597,185598,185599,185600,185601,185602,185603,185604,185605,185606,185607,185608,185609,185610,185611,185612,185613,185614,185615,185616
921,92101,'921-Weekday-1-26-06-1111100',185640,185641,185642,185643,185644,185645,185646,185647,185648,185649,185650,185651,185652,185653,185654,185655,185656,185657,185658,185659,185660,185661,185662,185663,185664,185665,185666,185667,185668,185669,185670,185671,185672,185673,185674,185675,185676,185677,185678,185679
921,92101,'921-Weekday-2-26-06-1111100',202067,202068,202069,202070,202071,202072,202073,202074,202075,202076,202077,202078,202079,202080,202081,202082,202083,202084,202085,202086,202087,202088,202089,202090,202091,202092,202093,202094,202095,202096,202097,202098,202099,202100,202101,202102,202103,202104,202105,202106
921,92101,'921-Saturday-1-26-06-0000010',185680,185681,185682,185683,185684,185685,185686,185687,185688,185689,185690,185691,185692,185693,185694,185695,185696,185697,185698,185699,185700,185701,185702,185703,185704,185705,185706
922,92200,'922-Weekday-1-26-06-1111100',185730,185731,185732,185733,185734,185735,185736,185737,185738,185739,185740,185741,185742,185743,185744,185745,185746,185747,185748,185749,185750,185751,185752,185753,185754,185755,185756,185757,185758,185759,185760,185761,185762,185763,185764,185765,185766,185767,185768,185769,185770,185771,185772,185773,185774,185775,185776,185777,185778,185779,185780
922,92200,'922-Weekday-2-26-06-1111100',202130,202131,202132,202133,202134,202135,202136,202137,202138,202139,202140,202141,202142,202143,202144,202145,202146,202147,202148,202149,202150,202151,202152,202153,202154,202155,202156,202157,202158,202159,202160,202161,202162,202163,202164,202165,202166,202167,202168,202169,202170,202171,202172,202173,202174,202175,202176,202177,202178,202179,202180
922,92200,'922-Saturday-1-26-06-0000010',185781,185782,185783,185784,185785,185786,185787,185788,185789,185790,185791,185792,185793,185794,185795,185796,185797,185798,185799,185800,185801,185802,185803,185804,185805,185806,185807,185808,185809,185810,185811,185812
922,92201,'922-Weekday-1-26-06-1111100',185840,185841,185842,185843,185844,185845,185846,185847,185848,185849,185850,185851,185852,185853,185854,185855,185856,185857,185858,185859,185860,185861,185862,185863,185864,185865,185866,185867,185868,185869,185870,185871,185872,185873,185874,185875,185876,185877,185878,185879,185880,185881,185882,185883,185884,185885,185886,185887,185888,185889,185890
922,92201,'922-Weekday-2-26-06-1111100',202208,202209,202210,202211,202212,202213,202214,202215,202216,202217,202218,202219,202220,202221,202222,202223,202224,202225,202226,202227,202228,202229,202230,202231,202232,202233,202234,202235,202236,202237,202238,202239,202240,202241,202242,202243,202244,202245,202246,202247,202248,202249,202250,202251,202252,202253,202254,202255,202256,202257,202258
922,92201,'922-Saturday-1-26-06-0000010',185891,185892,185893,185894,185895,185896,185897,185898,185899,185900,185901,185902,185903,185904,185905,185906,185907,185908,185909,185910,185911,185912,185913,185914,185915,185916,185917,185918,185919,185920,185921,185922
923,92300,'923-Weekday-1-26-06-1111100',185950,185951,185952,185953,185954,185955,185956,185957,185958,185959,185960,185961,185962,185963,185964,185965,185966,185967,185968,185969,185970,185971,185972,185973,185974,185975,185976,185977,185978,185979,185980,185981,185982
923,92300,'923-Weekday-2-26-06-1111100',202286,202287,202288,202289,202290,202291,202292,202293,202294,202295,202296,202297,202298,202299,202300,202301,202302,202303,202304,202305,202306,202307,202308,202309,202310,202311,202312,202313,202314,202315,202316,202317,202318
923,92300,'923-Saturday-1-26-06-0000010',185983,185984,185985,185986,185987,185988,185989,185990,185991,185992,185993,185994,185995,185996,185997,185998,185999,186000,186001,186002,186003,186004,186005
923,92301,'923-Weekday-1-26-06-1111100',186025,186026,186027,186028,186029,186030,186031,186032,186033,186034,186035,186036,186037,186038,186039,186040,186041,186042,186043,186044,186045,186046,186047,186048,186049,186050,186051,186052,186053,186054,186055,186056,186057
923,92301,'923-Weekday-2-26-06-1111100',202338,202339,202340,202341,202342,202343,202344,202345,202346,202347,202348,202349,202350,202351,202352,202353,202354,202355,202356,202357,202358,202359,202360,202361,202362,202363,202364,202365,202366,202367,202368,202369,202370
923,92301,'923-Saturday-1-26-06-0000010',186058,186059,186060,186061,186062,186063,186064,186065,186066,186067,186068,186069,186070,186071,186072,186073,186074,186075,186076,186077,186078,186079,186080
924,92400,'924-Weekday-1-26-06-1111100',186100,186101,186102,186103,186104,186105,186106,186107,186108,186109,186110,186111,186112,186113,186114,186115,186116
924,92400,'924-Weekday-2-26-06-1111100',202390,202391,202392,202393,202394,202395,202396,202397,202398,202399,202400,202401,202402,202403,202404,202405,202406
924,92400,'924-Saturday-1-26-06-0000010',186117,186118,186119,186120,186121,186122,186123,186124,186125,186126,186127
924,92401,'924-Weekday-1-26-06-1111100',186137,186138,186139,186140,186141,186142,186143,186144,186145,186146,186147,186148,186149,186150,186151,186152,186153
924,92401,'924-Weekday-2-26-06-1111100',202416,202417,202418,202419,202420,202421,202422,202423,202424,202425,202426,202427,202428,202429,202430,202431,202432
924,92401,'924-Saturday-1-26-06-0000010',186154,186155,186156,186157,186158,186159,186160,186161,186162,186163,186164
925,92500,'925-Weekday-1-26-06-1111100',186174,186175,186176,186177,186178,186179,186180,186181
925,92500,'925-Weekday-2-26-06-1111100',202442,202443,202444,202445,202446,202447,202448,202449
925,92501,'925-Weekday-1-26-06-1111100',186182,186183,186184,186185,186186,186187,186188,186189
925,92501,'925-Weekday-2-26-06-1111100',202450,202451,202452,202453,202454,202455,202456,202457
926,92600,'926-Weekday-1-26-06-1111100',186190,186191,186192,186193,186194,186195,186196,186197,186198,186199,186200,186201,186202,186203,186204,186205,186206,186207,186208,186209,186210,186211,186212,186213,186214,186215,186216,186217,186218,186219,186220,186221,186222,186223,186224,186225,186226,186227,186228,186229
926,92600,'926-Weekday-2-26-06-1111100',202458,202459,202460,202461,202462,202463,202464,202465,202466,202467,202468,202469,202470,202471,202472,202473,202474,202475,202476,202477,202478,202479,202480,202481,202482,202483,202484,202485,202486,202487,202488,202489,202490,202491,202492,202493,202494,202495,202496,202497
926,92600,'926-Saturday-1-26-06-0000010',186230,186231,186232,186233,186234,186235,186236,186237,186238,186239,186240,186241,186242,186243,186244,186245,186246,186247,186248,186249,186250,186251,186252
10001,1000100,'001-Weekday-1-26-06-1111100',186272,186273,186274,186275,186276,186277,186278,186279,186280,186281,186282,186283,186284,186285,186286,186287,186288,186289,186290,186291,186292,186293,186294,186295,186296,186297,186298,186299,186300,186301,186302,186303,186304,186305,186306,186307,186308,186309,186310,186311
10001,1000100,'001-Weekday-2-26-06-1111100',202517,202518,202519,202520,202521,202522,202523,202524,202525,202526,202527,202528,202529,202530,202531,202532,202533,202534,202535,202536,202537,202538,202539,202540,202541,202542,202543,202544,202545,202546,202547,202548,202549,202550,202551,202552,202553,202554,202555,202556
10001,1000100,'001-Saturday-1-26-06-0000010',186312,186313,186314,186315,186316,186317,186318,186319,186320,186321,186322,186323,186324,186325,186326,186327,186328,186329,186330,186331,186332,186333,186334,186335,186336,186337,186338,186339,186340,186341,186342,186343,186344,186345,186346
10001,1000101,'001-Weekday-1-26-06-1111100',186413,186414,186415,186416,186417,186418,186419,186420,186421,186422,186423,186424,186425,186426,186427,186428,186429,186430,186431,186432,186433,186434,186435,186436,186437,186438,186439,186440,186441,186442,186443,186444,186445,186446,186447,186448,186449,186450,186451,186452
10001,1000101,'001-Weekday-2-26-06-1111100',202589,202590,202591,202592,202593,202594,202595,202596,202597,202598,202599,202600,202601,202602,202603,202604,202605,202606,202607,202608,202609,202610,202611,202612,202613,202614,202615,202616,202617,202618,202619,202620,202621,202622,202623,202624,202625,202626,202627,202628
10001,1000101,'001-Saturday-1-26-06-0000010',186453,186454,186455,186456,186457,186458,186459,186460,186461,186462,186463,186464,186465,186466,186467,186468,186469,186470,186471,186472,186473,186474,186475,186476,186477,186478,186479,186480,186481,186482,186483,186484,186485,186486,186487,186488
20001,2000100,'001-Weekday-1-26-06-1111100',186555,186556,186557,186558,186559,186560,186561,186562,186563,186564,186565,186566,186567,186568,186569,186570,186571,186572,186573,186574,186575,186576,186577,186578,186579,186580,186581,186582,186583,186584,186585,186586,186587,186588,186589,186590,186591,186592,186593,186594
20001,2000100,'001-Weekday-2-26-06-1111100',202661,202662,202663,202664,202665,202666,202667,202668,202669,202670,202671,202672,202673,202674,202675,202676,202677,202678,202679,202680,202681,202682,202683,202684,202685,202686,202687,202688,202689,202690,202691,202692,202693,202694,202695,202696,202697,202698,202699,202700
20001,2000100,'001-Saturday-1-26-06-0000010',186595,186596,186597,186598,186599,186600,186601,186602,186603,186604,186605,186606,186607,186608,186609,186610,186611,186612,186613,186614,186615,186616,186617,186618,186619,186620,186621,186622,186623,186624,186625,186626,186627,186628,186629
20001,2000101,'001-Weekday-1-26-06-1111100',186696,186697,186698,186699,186700,186701,186702,186703,186704,186705,186706,186707,186708,186709,186710,186711,186712,186713,186714,186715,186716,186717,186718,186719,186720,186721,186722,186723,186724,186725,186726,186727,186728,186729,186730,186731,186732,186733,186734,186735
20001,2000101,'001-Weekday-2-26-06-1111100',202733,202734,202735,202736,202737,202738,202739,202740,202741,202742,202743,202744,202745,202746,202747,202748,202749,202750,202751,202752,202753,202754,202755,202756,202757,202758,202759,202760,202761,202762,202763,202764,202765,202766,202767,202768,202769,202770,202771,202772
20001,2000101,'001-Saturday-1-26-06-0000010',186736,186737,186738,186739,186740,186741,186742,186743,186744,186745,186746,186747,186748,186749,186750,186751,186752,186753,186754,186755,186756,186757,186758,186759,186760,186761,186762,186763,186764,186765,186766,186767,186768,186769,186770
240110,24011000,'110X-Weekday-1-26-06-1111100',186837,186838,186839,186840,186841,186842,186843,186844,186845,186846,186847,186848,186849,186850,186851,186852,186853,186854,186855,186856,186857,186858,186859,186860,186861,186862,186863,186864,186865,186866,186867,186868,186869,186870,186871,186872,186873,186874,186875,186876,186877
240110,24011000,'110X-Weekday-2-26-06-1111100',202805,202806,202807,202808,202809,202810,202811,202812,202813,202814,202815,202816,202817,202818,202819,202820,202821,202822,202823,202824,202825,202826,202827,202828,202829,202830,202831,202832,202833,202834,202835,202836,202837,202838,202839,202840,202841,202842,202843,202844,202845
240110,24011000,'110X-Saturday-1-26-06-0000010',186878,186879,186880,186881,186882,186883,186884,186885,186886,186887,186888,186889,186890,186891,186892,186893,186894,186895,186896,186897,186898,186899,186900,186901,186902,186903,186904,186905,186906,186907,186908,186909
240110,24011001,'110X-Weekday-1-26-06-1111100',186928,186929,186930,186931,186932,186933,186934,186935,186936,186937,186938,186939,186940,186941,186942,186943,186944,186945,186946,186947,186948,186949,186950,186951,186952,186953,186954,186955,186956,186957,186958,186959,186960,186961,186962
240110,24011001,'110X-Weekday-2-26-06-1111100',202864,202865,202866,202867,202868,202869,202870,202871,202872,202873,202874,202875,202876,202877,202878,202879,202880,202881,202882,202883,202884,202885,202886,202887,202888,202889,202890,202891,202892,202893,202894,202895,202896,202897,202898
240110,24011001,'110X-Saturday-1-26-06-0000010',186963,186964,186965,186966,186967,186968,186969,186970,186971,186972,186973,186974,186975,186976,186977,186978,186979,186980,186981,186982,186983,186984,186985,186986,186987,186988,186989,186990,186991,186992,186993,186994
240120,24012000,'120X-Weekday-1-26-06-1111100',187012,187013,187014,187015,187016,187017,187018,187019,187020,187021,187022,187023,187024,187025,187026,187027,187028,187029,187030,187031,187032,187033,187034,187035,187036,187037,187038,187039,187040,187041,187042,187043,187044,187045,187046,187047,187048,187049,187050,187051,187052,187053
240120,24012000,'120X-Weekday-2-26-06-1111100',202916,202917,202918,202919,202920,202921,202922,202923,202924,202925,202926,202927,202928,202929,202930,202931,202932,202933,202934,202935,202936,202937,202938,202939,202940,202941,202942,202943,202944,202945,202946,202947,202948,202949,202950,202951,202952,202953,202954,202955,202956,202957
240120,24012001,'120X-Weekday-1-26-06-1111100',187054,187055,187056,187057,187058,187059,187060,187061,187062,187063,187064,187065,187066,187067,187068,187069,187070,187071,187072,187073,187074,187075,187076,187077,187078,187079,187080,187081,187082,187083,187084,187085,187086,187087,187088,187089,187090,187091,187092,187093,187094,187095
240120,24012001,'120X-Weekday-2-26-06-1111100',202958,202959,202960,202961,202962,202963,202964,202965,202966,202967,202968,202969,202970,202971,202972,202973,202974,202975,202976,202977,202978,202979,202980,202981,202982,202983,202984,202985,202986,202987,202988,202989,202990,202991,202992,202993,202994,202995,202996,202997,202998,202999
240130,24013000,'130X-Weekday-1-26-06-1111100',187096,187097,187098,187099,187100,187101,187102,187103,187104
240130,24013000,'130X-Weekday-2-26-06-1111100',203000,203001,203002,203003,203004,203005,203006,203007,203008
240130,24013001,'130X-Weekday-1-26-06-1111100',187105,187106,187107,187108,187109,187110,187111,187112,187113,187114,187115
240130,24013001,'130X-Weekday-2-26-06-1111100',203009,203010,203011,203012,203013,203014,203015,203016,203017,203018,203019
240140,24014000,'140X-Weekday-1-26-06-1111100',187116,187117,187118,187119,187120,187121,187122,187123
240140,24014000,'140X-Weekday-2-26-06-1111100',203020,203021,203022,203023,203024,203025,203026,203027
240140,24014001,'140X-Weekday-1-26-06-1111100',187124,187125,187126,187127,187128,187129,187130,187131
240140,24014001,'140X-Weekday-2-26-06-1111100',203028,203029,203030,203031,203032,203033,203034,203035
240150,24015000,'150X-Weekday-1-26-06-1111100',187132,187133,187134,187135,187136,187137,187138,187139,187140
240150,24015000,'150X-Weekday-2-26-06-1111100',203036,203037,203038,203039,203040,203041,203042,203043,203044
240150,24015001,'150X-Weekday-1-26-06-1111100',187141,187142,187143,187144,187145,187146,187147,187148,187149,187150
240150,24015001,'150X-Weekday-2-26-06-1111100',203045,203046,203047,203048,203049,203050,203051,203052,203053,203054
240500,24050000,'500X-Weekday-1-26-06-1111100',187151,187152,187153,187154,187155,187156,187157,187158,187159,187160,187161,187162,187163,187164,187165,187166,187167,187168,187169,187170,187171,187172,187173,187174,187175,187176,187177,187178,187179,187180,187181,187182,187183,187184,187185,187186,187187,187188,187189,187190
240500,24050000,'500X-Weekday-2-26-06-1111100',203055,203056,203057,203058,203059,203060,203061,203062,203063,203064,203065,203066,203067,203068,203069,203070,203071,203072,203073,203074,203075,203076,203077,203078,203079,203080,203081,203082,203083,203084,203085,203086,203087,203088,203089,203090,203091,203092,203093,203094
240500,24050001,'500X-Weekday-1-26-06-1111100',187191,187192,187193,187194,187195,187196,187197,187198,187199,187200,187201,187202,187203,187204,187205,187206,187207,187208,187209,187210,187211,187212,187213,187214,187215,187216,187217,187218,187219,187220,187221,187222,187223,187224,187225,187226,187227,187228,187229,187230,187231,187232,187233,187234,187235,187236
240500,24050001,'500X-Weekday-2-26-06-1111100',203095,203096,203097,203098,203099,203100,203101,203102,203103,203104,203105,203106,203107,203108,203109,203110,203111,203112,203113,203114,203115,203116,203117,203118,203119,203120,203121,203122,203123,203124,203125,203126,203127,203128,203129,203130,203131,203132,203133,203134,203135,203136,203137,203138,203139,203140
240700,24070000,'700X-Weekday-1-26-06-1111100',187441,187442,187443,187444,187445,187446,187447,187448,187449,187450,187451,187452,187453,187454,187455,187456,187457,187458,187459,187460,187461,187462,187463,187464,187465,187466,187467,187468,187469,187470,187471,187472,187473,187474,187475,187476,187477,187478,187479,187480,187481,187482,187483,187484,187485,187486,187487,187488,187489,187490,187491,187492,187493,187494,187495,187496,187497,187498,187499,187500,187501,187502,187503,187504,187505
240700,24070000,'700X-Weekday-2-26-06-1111100',203213,203214,203215,203216,203217,203218,203219,203220,203221,203222,203223,203224,203225,203226,203227,203228,203229,203230,203231,203232,203233,203234,203235,203236,203237,203238,203239,203240,203241,203242,203243,203244,203245,203246,203247,203248,203249,203250,203251,203252,203253,203254,203255,203256,203257,203258,203259,203260,203261,203262,203263,203264,203265,203266,203267,203268,203269,203270,203271,203272,203273,203274,203275,203276,203277
240700,24070001,'700X-Weekday-1-26-06-1111100',187710,187711,187712,187713,187714,187715,187716,187717,187718,187719,187720,187721,187722,187723,187724,187725,187726,187727,187728,187729,187730,187731,187732,187733,187734,187735,187736,187737,187738,187739,187740,187741,187742,187743,187744,187745,187746,187747,187748,187749,187750,187751,187752,187753,187754,187755,187756,187757,187758,187759,187760,187761,187762,187763,187764,187765,187766,187767,187768,187769,187770,187771,187772,187773,187774
240700,24070001,'700X-Weekday-2-26-06-1111100',203350,203351,203352,203353,203354,203355,203356,203357,203358,203359,203360,203361,203362,203363,203364,203365,203366,203367,203368,203369,203370,203371,203372,203373,203374,203375,203376,203377,203378,203379,203380,203381,203382,203383,203384,203385,203386,203387,203388,203389,203390,203391,203392,203393,203394,203395,203396,203397,203398,203399,203400,203401,203402,203403,203404,203405,203406,203407,203408,203409,203410,203411,203412,203413,203414
240900,24090000,'900X-Weekday-1-26-06-1111100',187775,187776,187777,187778,187779,187780,187781,187782,187783,187784,187785,187786,187787,187788,187789,187790,187791,187792,187793,187794,187795,187796,187797,187798,187799,187800,187801,187802,187803,187804,187805,187806,187807,187808,187809,187810,187811,187812,187813,187814,187815,187816,187817,187818,187819,187820,187821
240900,24090000,'900X-Weekday-2-26-06-1111100',203415,203416,203417,203418,203419,203420,203421,203422,203423,203424,203425,203426,203427,203428,203429,203430,203431,203432,203433,203434,203435,203436,203437,203438,203439,203440,203441,203442,203443,203444,203445,203446,203447,203448,203449,203450,203451,203452,203453,203454,203455,203456,203457,203458,203459,203460,203461
240900,24090000,'900X-Saturday-1-26-06-0000010',187822,187823,187824,187825,187826,187827,187828,187829,187830,187831,187832,187833,187834,187835,187836,187837,187838,187839,187840,187841,187842
240900,24090001,'900X-Weekday-1-26-06-1111100',187860,187861,187862,187863,187864,187865,187866,187867,187868,187869,187870,187871,187872,187873,187874,187875,187876,187877,187878,187879,187880,187881,187882,187883,187884,187885,187886,187887,187888,187889,187890,187891,187892,187893,187894,187895,187896,187897,187898,187899,187900,187901,187902,187903,187904,187905,187906,187907,187908,187909,187910
240900,24090001,'900X-Weekday-2-26-06-1111100',203479,203480,203481,203482,203483,203484,203485,203486,203487,203488,203489,203490,203491,203492,203493,203494,203495,203496,203497,203498,203499,203500,203501,203502,203503,203504,203505,203506,203507,203508,203509,203510,203511,203512,203513,203514,203515,203516,203517,203518,203519,203520,203521,203522,203523,203524,203525,203526,203527,203528,203529
240900,24090001,'900X-Saturday-1-26-06-0000010',187911,187912,187913,187914,187915,187916,187917,187918,187919,187920,187921,187922,187923,187924,187925,187926,187927,187928,187929,187930,187931,187932
240910,24091000,'910X-Weekday-1-26-06-1111100',187951,187952,187953,187954,187955,187956,187957,187958,187959,187960,187961,187962
240910,24091000,'910X-Weekday-2-26-06-1111100',203548,203549,203550,203551,203552,203553,203554,203555,203556,203557,203558,203559
240910,24091001,'910X-Weekday-1-26-06-1111100',187963,187964,187965,187966,187967,187968,187969,187970
240910,24091001,'910X-Weekday-2-26-06-1111100',203560,203561,203562,203563,203564,203565,203566,203567
240920,24092000,'920X-Weekday-1-26-06-1111100',187971,187972,187973,187974,187975,187976,187977,187978
240920,24092000,'920X-Weekday-2-26-06-1111100',203568,203569,203570,203571,203572,203573,203574,203575
240920,24092001,'920X-Weekday-1-26-06-1111100',187979,187980,187981,187982,187983,187984,187985,187986,187987
240920,24092001,'920X-Weekday-2-26-06-1111100',203576,203577,203578,203579,203580,203581,203582,203583,203584
240930,24093000,'930X-Weekday-1-26-06-1111100',187988,187989,187990,187991,187992,187993,187994,187995,187996,187997
240930,24093000,'930X-Weekday-2-26-06-1111100',203585,203586,203587,203588,203589,203590,203591,203592,203593,203594
240930,24093001,'930X-Weekday-1-26-06-1111100',187998,187999,188000,188001,188002,188003,188004,188005
240930,24093001,'930X-Weekday-2-26-06-1111100',203595,203596,203597,203598,203599,203600,203601,203602
