5400,'054-Weekday-1-26-09-1111100',457,,243120,1,,,1,70,,243121,1,,,1,15,,243122,1,,,1,15,,243123,1,,,1,55,,243124,1,,,1,15,,243125,1,,,1,15,,243126,1,,,1,15,,243127,1,,,1,55,,243128,1,,,1,15,,243129,1,,,1,15,,243130,1,,,1,17,,243131,1,,,1,58,,243132,1,,,1,20,,243133,1,,,1,20,,243134,1,,,1,60,,243135,1,,,1,20,,243136,1,,,1,20,,243137,1,,,1,60,,243138,1,,,1,20,,243139,1,,,1,20,,243140,1,,,1,60,,243141,1,,,1,20,,243142,1,,,1,20,,243143,1,,,1,60,,243144,1,,,1,20,,243145,1,,,1,20,,243146,1,,,1,60,,243147,1,,,1,20,,243148,1,,,1,20,,243149,1,,,1,60,,243150,1,,,1,20,,243151,1,,,1,20,,243152,1,,,1,55,,243153,1,,,1,15,,243154,1,,,1,15,,243155,1,,,1,15,,243156,1,,,1,55,,243157,1,,,1,15,,243158,1,,,1,15,,243159,1,,,1,15,,243160,1,,,1,55,,243161,1,,,1,15,,243162,1,,,1,15,,243163,1,,,1,62,,243164,1,,,1,23,,243165,1,,,1,30,,243166,1,,,1,70,,243167,1,,,1,30,,243168,1,,,1,70,,243169,1,,,1,30,,243170,1,,,1,70,,243171,1,,,1,30,,243172,1,,,1,100,,243173,1,,,1,100,,243174,1,,,1
5400,'054-Weekday-3-26-09-1111100',457,,243230,1,,,1,70,,243231,1,,,1,15,,243232,1,,,1,15,,243233,1,,,1,55,,243234,1,,,1,15,,243235,1,,,1,15,,243236,1,,,1,15,,243237,1,,,1,55,,243238,1,,,1,15,,243239,1,,,1,15,,243240,1,,,1,17,,243241,1,,,1,58,,243242,1,,,1,20,,243243,1,,,1,20,,243244,1,,,1,60,,243245,1,,,1,20,,243246,1,,,1,20,,243247,1,,,1,60,,243248,1,,,1,20,,243249,1,,,1,20,,243250,1,,,1,60,,243251,1,,,1,20,,243252,1,,,1,20,,243253,1,,,1,60,,243254,1,,,1,20,,243255,1,,,1,20,,243256,1,,,1,60,,243257,1,,,1,20,,243258,1,,,1,20,,243259,1,,,1,60,,243260,1,,,1,20,,243261,1,,,1,20,,243262,1,,,1,55,,243263,1,,,1,15,,243264,1,,,1,15,,243265,1,,,1,15,,243266,1,,,1,55,,243267,1,,,1,15,,243268,1,,,1,15,,243269,1,,,1,15,,243270,1,,,1,55,,243271,1,,,1,15,,243272,1,,,1,15,,243273,1,,,1,62,,243274,1,,,1,23,,243275,1,,,1,30,,243276,1,,,1,70,,243277,1,,,1,30,,243278,1,,,1,70,,243279,1,,,1,30,,243280,1,,,1,70,,243281,1,,,1,30,,243282,1,,,1,100,,243283,1,,,1,100,,243284,1,,,1
5400,'054-Weekday-4-26-09-1111100',457,,243285,1,,,1,70,,243286,1,,,1,15,,243287,1,,,1,15,,243288,1,,,1,55,,243289,1,,,1,15,,243290,1,,,1,15,,243291,1,,,1,15,,243292,1,,,1,55,,243293,1,,,1,15,,243294,1,,,1,15,,243295,1,,,1,17,,243296,1,,,1,58,,243297,1,,,1,20,,243298,1,,,1,20,,243299,1,,,1,60,,243300,1,,,1,20,,243301,1,,,1,20,,243302,1,,,1,60,,243303,1,,,1,20,,243304,1,,,1,20,,243305,1,,,1,60,,243306,1,,,1,20,,243307,1,,,1,20,,243308,1,,,1,60,,243309,1,,,1,20,,243310,1,,,1,20,,243311,1,,,1,60,,243312,1,,,1,20,,243313,1,,,1,20,,243314,1,,,1,60,,243315,1,,,1,20,,243316,1,,,1,20,,243317,1,,,1,55,,243318,1,,,1,15,,243319,1,,,1,15,,243320,1,,,1,15,,243321,1,,,1,55,,243322,1,,,1,15,,243323,1,,,1,15,,243324,1,,,1,15,,243325,1,,,1,55,,243326,1,,,1,15,,243327,1,,,1,15,,243328,1,,,1,62,,243329,1,,,1,23,,243330,1,,,1,30,,243331,1,,,1,70,,243332,1,,,1,30,,243333,1,,,1,70,,243334,1,,,1,30,,243335,1,,,1,70,,243336,1,,,1,30,,243337,1,,,1,100,,243338,1,,,1,100,,243339,1,,,1
5400,'054-Weekday-5-26-09-1111100',457,,243340,1,,,1,70,,243341,1,,,1,15,,243342,1,,,1,15,,243343,1,,,1,55,,243344,1,,,1,15,,243345,1,,,1,15,,243346,1,,,1,15,,243347,1,,,1,55,,243348,1,,,1,15,,243349,1,,,1,15,,243350,1,,,1,17,,243351,1,,,1,58,,243352,1,,,1,20,,243353,1,,,1,20,,243354,1,,,1,60,,243355,1,,,1,20,,243356,1,,,1,20,,243357,1,,,1,60,,243358,1,,,1,20,,243359,1,,,1,20,,243360,1,,,1,60,,243361,1,,,1,20,,243362,1,,,1,20,,243363,1,,,1,60,,243364,1,,,1,20,,243365,1,,,1,20,,243366,1,,,1,60,,243367,1,,,1,20,,243368,1,,,1,20,,243369,1,,,1,60,,243370,1,,,1,20,,243371,1,,,1,20,,243372,1,,,1,55,,243373,1,,,1,15,,243374,1,,,1,15,,243375,1,,,1,15,,243376,1,,,1,55,,243377,1,,,1,15,,243378,1,,,1,15,,243379,1,,,1,15,,243380,1,,,1,55,,243381,1,,,1,15,,243382,1,,,1,15,,243383,1,,,1,62,,243384,1,,,1,23,,243385,1,,,1,30,,243386,1,,,1,70,,243387,1,,,1,30,,243388,1,,,1,70,,243389,1,,,1,30,,243390,1,,,1,70,,243391,1,,,1,30,,243392,1,,,1,100,,243393,1,,,1,100,,243394,1,,,1
5400,'054-Weekday-6-26-09-1111100',457,,243395,1,,,1,70,,243396,1,,,1,15,,243397,1,,,1,15,,243398,1,,,1,55,,243399,1,,,1,15,,243400,1,,,1,15,,243401,1,,,1,15,,243402,1,,,1,55,,243403,1,,,1,15,,243404,1,,,1,15,,243405,1,,,1,17,,243406,1,,,1,58,,243407,1,,,1,20,,243408,1,,,1,20,,243409,1,,,1,60,,243410,1,,,1,20,,243411,1,,,1,20,,243412,1,,,1,60,,243413,1,,,1,20,,243414,1,,,1,20,,243415,1,,,1,60,,243416,1,,,1,20,,243417,1,,,1,20,,243418,1,,,1,60,,243419,1,,,1,20,,243420,1,,,1,20,,243421,1,,,1,60,,243422,1,,,1,20,,243423,1,,,1,20,,243424,1,,,1,60,,243425,1,,,1,20,,243426,1,,,1,20,,243427,1,,,1,55,,243428,1,,,1,15,,243429,1,,,1,15,,243430,1,,,1,15,,243431,1,,,1,55,,243432,1,,,1,15,,243433,1,,,1,15,,243434,1,,,1,15,,243435,1,,,1,55,,243436,1,,,1,15,,243437,1,,,1,15,,243438,1,,,1,62,,243439,1,,,1,23,,243440,1,,,1,30,,243441,1,,,1,70,,243442,1,,,1,30,,243443,1,,,1,70,,243444,1,,,1,30,,243445,1,,,1,70,,243446,1,,,1,30,,243447,1,,,1,100,,243448,1,,,1,100,,243449,1,,,1
5400,'054-Weekday-7-26-09-1111100',457,,243450,1,,,1,70,,243451,1,,,1,15,,243452,1,,,1,15,,243453,1,,,1,55,,243454,1,,,1,15,,243455,1,,,1,15,,243456,1,,,1,15,,243457,1,,,1,55,,243458,1,,,1,15,,243459,1,,,1,15,,243460,1,,,1,17,,243461,1,,,1,58,,243462,1,,,1,20,,243463,1,,,1,20,,243464,1,,,1,60,,243465,1,,,1,20,,243466,1,,,1,20,,243467,1,,,1,60,,243468,1,,,1,20,,243469,1,,,1,20,,243470,1,,,1,60,,243471,1,,,1,20,,243472,1,,,1,20,,243473,1,,,1,60,,243474,1,,,1,20,,243475,1,,,1,20,,243476,1,,,1,60,,243477,1,,,1,20,,243478,1,,,1,20,,243479,1,,,1,60,,243480,1,,,1,20,,243481,1,,,1,20,,243482,1,,,1,55,,243483,1,,,1,15,,243484,1,,,1,15,,243485,1,,,1,15,,243486,1,,,1,55,,243487,1,,,1,15,,243488,1,,,1,15,,243489,1,,,1,15,,243490,1,,,1,55,,243491,1,,,1,15,,243492,1,,,1,15,,243493,1,,,1,62,,243494,1,,,1,23,,243495,1,,,1,30,,243496,1,,,1,70,,243497,1,,,1,30,,243498,1,,,1,70,,243499,1,,,1,30,,243500,1,,,1,70,,243501,1,,,1,30,,243502,1,,,1,100,,243503,1,,,1,100,,243504,1,,,1
5400,'054-Saturday-1-26-09-0000010',552,,243505,1,,,1,70,,243506,1,,,1,30,,243507,1,,,1,70,,243508,1,,,1,30,,243509,1,,,1,70,,243510,1,,,1,20,,243511,1,,,1,60,,243512,1,,,1,20,,243513,1,,,1,20,,243514,1,,,1,60,,243515,1,,,1,20,,243516,1,,,1,20,,243517,1,,,1,60,,243518,1,,,1,20,,243519,1,,,1,20,,243520,1,,,1,60,,243521,1,,,1,20,,243522,1,,,1,20,,243523,1,,,1,60,,243524,1,,,1,20,,243525,1,,,1,20,,243526,1,,,1,60,,243527,1,,,1,20,,243528,1,,,1,20,,243529,1,,,1,60,,243530,1,,,1,20,,243531,1,,,1,20,,243532,1,,,1,60,,243533,1,,,1,20,,243534,1,,,1,20,,243535,1,,,1,60,,243536,1,,,1,20,,243537,1,,,1,20,,243538,1,,,1,60,,243539,1,,,1,20,,243540,1,,,1,20,,243541,1,,,1,60,,243542,1,,,1,20,,243543,1,,,1,20,,243544,1,,,1,60,,243545,1,,,1,20,,243546,1,,,1,20,,243547,1,,,1,60,,243548,1,,,1,20,,243549,1,,,1,30,,243550,1,,,1,100,,243551,1,,,1,100,,243552,1,,,1
5400,'054-Sunday-1-26-09-0000001',554,,243595,1,,,1,70,,243596,1,,,1,30,,243553,1,,,1,70,,243554,1,,,1,30,,243555,1,,,1,70,,243556,1,,,1,30,,243557,1,,,1,70,,243558,1,,,1,30,,243559,1,,,1,60,,243560,1,,,1,20,,243561,1,,,1,20,,243562,1,,,1,60,,243563,1,,,1,20,,243564,1,,,1,20,,243565,1,,,1,60,,243566,1,,,1,20,,243567,1,,,1,20,,243568,1,,,1,60,,243569,1,,,1,20,,243570,1,,,1,20,,243571,1,,,1,60,,243572,1,,,1,20,,243573,1,,,1,20,,243574,1,,,1,60,,243575,1,,,1,20,,243576,1,,,1,20,,243577,1,,,1,60,,243578,1,,,1,20,,243579,1,,,1,20,,243580,1,,,1,60,,243581,1,,,1,20,,243582,1,,,1,20,,243583,1,,,1,60,,243584,1,,,1,20,,243585,1,,,1,20,,243586,1,,,1,70,,243587,1,,,1,30,,243588,1,,,1,70,,243589,1,,,1,30,,243590,1,,,1,70,,243591,1,,,1,30,,243592,1,,,1,100,,243593,1,,,1,100,,243594,1,,,1
5401,'054-Weekday-1-26-09-1111100',550,,243597,61,4,,1,70,,243598,61,4,,1,16,,243599,61,4,,1,15,,243647,61,4,,1,64,,243640,61,4,,1,19,,243641,61,4,,1,17,,243642,61,4,,1,59,,243643,61,4,,1,17,,243644,61,4,,1,14,,243645,61,4,,1,16,,243646,61,4,,1,59,,243600,61,4,,1,21,,243601,61,4,,1,20,,243602,61,4,,1,61,,243603,61,4,,1,19,,243604,61,4,,1,19,,243605,61,4,,1,60,,243606,61,4,,1,20,,243607,61,4,,1,20,,243608,61,4,,1,60,,243609,61,4,,1,20,,243610,61,4,,1,20,,243611,61,4,,1,60,,243612,61,4,,1,20,,243613,61,4,,1,20,,243614,61,4,,1,60,,243615,61,4,,1,20,,243616,61,4,,1,20,,243617,61,4,,1,64,,243618,61,4,,1,21,,243619,61,4,,1,65,,243620,61,4,,1,17,,243649,61,4,,1,16,,243648,61,4,,1,19,,243621,61,4,,1,61,,243622,61,4,,1,15,,243623,61,4,,1,14,,243624,61,4,,1,55,,243625,61,4,,1,14,,243626,61,4,,1,13,,243627,61,4,,1,10,,243628,61,4,,1,13,,243629,61,4,,1,66,,243630,61,4,,1,31,,243631,61,4,,1,71,,243632,61,4,,1,30,,243633,61,4,,1,70,,243634,61,4,,1,30,,243635,61,4,,1,69,,243636,61,4,,1,29,,243637,61,4,,1,100,,243638,61,4,,1,100,,243639,61,4,,1
5401,'054-Weekday-3-26-09-1111100',550,,243703,61,4,,1,70,,243704,61,4,,1,16,,243705,61,4,,1,15,,243753,61,4,,1,64,,243746,61,4,,1,19,,243747,61,4,,1,17,,243748,61,4,,1,59,,243749,61,4,,1,17,,243750,61,4,,1,14,,243751,61,4,,1,16,,243752,61,4,,1,59,,243706,61,4,,1,21,,243707,61,4,,1,20,,243708,61,4,,1,61,,243709,61,4,,1,19,,243710,61,4,,1,19,,243711,61,4,,1,60,,243712,61,4,,1,20,,243713,61,4,,1,20,,243714,61,4,,1,60,,243715,61,4,,1,20,,243716,61,4,,1,20,,243717,61,4,,1,60,,243718,61,4,,1,20,,243719,61,4,,1,20,,243720,61,4,,1,60,,243721,61,4,,1,20,,243722,61,4,,1,20,,243723,61,4,,1,64,,243724,61,4,,1,21,,243725,61,4,,1,65,,243726,61,4,,1,17,,243755,61,4,,1,16,,243754,61,4,,1,19,,243727,61,4,,1,61,,243728,61,4,,1,15,,243729,61,4,,1,14,,243730,61,4,,1,55,,243731,61,4,,1,14,,243732,61,4,,1,13,,243733,61,4,,1,10,,243734,61,4,,1,13,,243735,61,4,,1,66,,243736,61,4,,1,31,,243737,61,4,,1,71,,243738,61,4,,1,30,,243739,61,4,,1,70,,243740,61,4,,1,30,,243741,61,4,,1,69,,243742,61,4,,1,29,,243743,61,4,,1,100,,243744,61,4,,1,100,,243745,61,4,,1
5401,'054-Weekday-4-26-09-1111100',550,,243756,61,4,,1,70,,243757,61,4,,1,16,,243758,61,4,,1,15,,243806,61,4,,1,64,,243799,61,4,,1,19,,243800,61,4,,1,17,,243801,61,4,,1,59,,243802,61,4,,1,17,,243803,61,4,,1,14,,243804,61,4,,1,16,,243805,61,4,,1,59,,243759,61,4,,1,21,,243760,61,4,,1,20,,243761,61,4,,1,61,,243762,61,4,,1,19,,243763,61,4,,1,19,,243764,61,4,,1,60,,243765,61,4,,1,20,,243766,61,4,,1,20,,243767,61,4,,1,60,,243768,61,4,,1,20,,243769,61,4,,1,20,,243770,61,4,,1,60,,243771,61,4,,1,20,,243772,61,4,,1,20,,243773,61,4,,1,60,,243774,61,4,,1,20,,243775,61,4,,1,20,,243776,61,4,,1,64,,243777,61,4,,1,21,,243778,61,4,,1,65,,243779,61,4,,1,17,,243808,61,4,,1,16,,243807,61,4,,1,19,,243780,61,4,,1,61,,243781,61,4,,1,15,,243782,61,4,,1,14,,243783,61,4,,1,55,,243784,61,4,,1,14,,243785,61,4,,1,13,,243786,61,4,,1,10,,243787,61,4,,1,13,,243788,61,4,,1,66,,243789,61,4,,1,31,,243790,61,4,,1,71,,243791,61,4,,1,30,,243792,61,4,,1,70,,243793,61,4,,1,30,,243794,61,4,,1,69,,243795,61,4,,1,29,,243796,61,4,,1,100,,243797,61,4,,1,100,,243798,61,4,,1
5401,'054-Weekday-5-26-09-1111100',550,,243809,61,4,,1,70,,243810,61,4,,1,16,,243811,61,4,,1,15,,243859,61,4,,1,64,,243852,61,4,,1,19,,243853,61,4,,1,17,,243854,61,4,,1,59,,243855,61,4,,1,17,,243856,61,4,,1,14,,243857,61,4,,1,16,,243858,61,4,,1,59,,243812,61,4,,1,21,,243813,61,4,,1,20,,243814,61,4,,1,61,,243815,61,4,,1,19,,243816,61,4,,1,19,,243817,61,4,,1,60,,243818,61,4,,1,20,,243819,61,4,,1,20,,243820,61,4,,1,60,,243821,61,4,,1,20,,243822,61,4,,1,20,,243823,61,4,,1,60,,243824,61,4,,1,20,,243825,61,4,,1,20,,243826,61,4,,1,60,,243827,61,4,,1,20,,243828,61,4,,1,20,,243829,61,4,,1,64,,243830,61,4,,1,21,,243831,61,4,,1,65,,243832,61,4,,1,17,,243861,61,4,,1,16,,243860,61,4,,1,19,,243833,61,4,,1,61,,243834,61,4,,1,15,,243835,61,4,,1,14,,243836,61,4,,1,55,,243837,61,4,,1,14,,243838,61,4,,1,13,,243839,61,4,,1,10,,243840,61,4,,1,13,,243841,61,4,,1,66,,243842,61,4,,1,31,,243843,61,4,,1,71,,243844,61,4,,1,30,,243845,61,4,,1,70,,243846,61,4,,1,30,,243847,61,4,,1,69,,243848,61,4,,1,29,,243849,61,4,,1,100,,243850,61,4,,1,100,,243851,61,4,,1
5401,'054-Weekday-6-26-09-1111100',550,,243862,61,4,,1,70,,243863,61,4,,1,16,,243864,61,4,,1,15,,243912,61,4,,1,64,,243905,61,4,,1,19,,243906,61,4,,1,17,,243907,61,4,,1,59,,243908,61,4,,1,17,,243909,61,4,,1,14,,243910,61,4,,1,16,,243911,61,4,,1,59,,243865,61,4,,1,21,,243866,61,4,,1,20,,243867,61,4,,1,61,,243868,61,4,,1,19,,243869,61,4,,1,19,,243870,61,4,,1,60,,243871,61,4,,1,20,,243872,61,4,,1,20,,243873,61,4,,1,60,,243874,61,4,,1,20,,243875,61,4,,1,20,,243876,61,4,,1,60,,243877,61,4,,1,20,,243878,61,4,,1,20,,243879,61,4,,1,60,,243880,61,4,,1,20,,243881,61,4,,1,20,,243882,61,4,,1,64,,243883,61,4,,1,21,,243884,61,4,,1,65,,243885,61,4,,1,17,,243914,61,4,,1,16,,243913,61,4,,1,19,,243886,61,4,,1,61,,243887,61,4,,1,15,,243888,61,4,,1,14,,243889,61,4,,1,55,,243890,61,4,,1,14,,243891,61,4,,1,13,,243892,61,4,,1,10,,243893,61,4,,1,13,,243894,61,4,,1,66,,243895,61,4,,1,31,,243896,61,4,,1,71,,243897,61,4,,1,30,,243898,61,4,,1,70,,243899,61,4,,1,30,,243900,61,4,,1,69,,243901,61,4,,1,29,,243902,61,4,,1,100,,243903,61,4,,1,100,,243904,61,4,,1
5401,'054-Weekday-7-26-09-1111100',550,,243915,61,4,,1,70,,243916,61,4,,1,16,,243917,61,4,,1,15,,243965,61,4,,1,64,,243958,61,4,,1,19,,243959,61,4,,1,17,,243960,61,4,,1,59,,243961,61,4,,1,17,,243962,61,4,,1,14,,243963,61,4,,1,16,,243964,61,4,,1,59,,243918,61,4,,1,21,,243919,61,4,,1,20,,243920,61,4,,1,61,,243921,61,4,,1,19,,243922,61,4,,1,19,,243923,61,4,,1,60,,243924,61,4,,1,20,,243925,61,4,,1,20,,243926,61,4,,1,60,,243927,61,4,,1,20,,243928,61,4,,1,20,,243929,61,4,,1,60,,243930,61,4,,1,20,,243931,61,4,,1,20,,243932,61,4,,1,60,,243933,61,4,,1,20,,243934,61,4,,1,20,,243935,61,4,,1,64,,243936,61,4,,1,21,,243937,61,4,,1,65,,243938,61,4,,1,17,,243967,61,4,,1,16,,243966,61,4,,1,19,,243939,61,4,,1,61,,243940,61,4,,1,15,,243941,61,4,,1,14,,243942,61,4,,1,55,,243943,61,4,,1,14,,243944,61,4,,1,13,,243945,61,4,,1,10,,243946,61,4,,1,13,,243947,61,4,,1,66,,243948,61,4,,1,31,,243949,61,4,,1,71,,243950,61,4,,1,30,,243951,61,4,,1,70,,243952,61,4,,1,30,,243953,61,4,,1,69,,243954,61,4,,1,29,,243955,61,4,,1,100,,243956,61,4,,1,100,,243957,61,4,,1
5401,'054-Saturday-1-26-09-0000010',649,,243968,61,4,,1,70,,243969,61,4,,1,30,,243970,61,4,,1,70,,243971,61,4,,1,30,,243972,61,4,,1,66,,243973,61,4,,1,24,,243974,61,4,,1,64,,243975,61,4,,1,20,,243976,61,4,,1,20,,243977,61,4,,1,60,,243978,61,4,,1,20,,243979,61,4,,1,20,,243980,61,4,,1,60,,243981,61,4,,1,20,,243982,61,4,,1,20,,243983,61,4,,1,60,,243984,61,4,,1,20,,243985,61,4,,1,20,,243986,61,4,,1,60,,243987,61,4,,1,20,,243988,61,4,,1,20,,243989,61,4,,1,60,,243990,61,4,,1,20,,243991,61,4,,1,20,,243992,61,4,,1,60,,243993,61,4,,1,20,,243994,61,4,,1,20,,243995,61,4,,1,60,,243996,61,4,,1,18,,243997,61,4,,1,21,,243998,61,4,,1,61,,243999,61,4,,1,20,,244000,61,4,,1,20,,244001,61,4,,1,60,,244002,61,4,,1,20,,244003,61,4,,1,20,,244004,61,4,,1,60,,244005,61,4,,1,20,,244006,61,4,,1,20,,244007,61,4,,1,60,,244008,61,4,,1,20,,244009,61,4,,1,20,,244010,61,4,,1,60,,244011,61,4,,1,20,,244012,61,4,,1,30,,244013,61,4,,1,100,,244014,61,4,,1,100,,244015,61,4,,1
5401,'054-Sunday-1-26-09-0000001',651,,244058,61,4,,1,70,,244059,61,4,,1,30,,244016,61,4,,1,70,,244017,61,4,,1,30,,244018,61,4,,1,70,,244019,61,4,,1,33,,244020,61,4,,1,70,,244021,61,4,,1,30,,244022,61,4,,1,60,,244023,61,4,,1,20,,244024,61,4,,1,20,,244025,61,4,,1,60,,244026,61,4,,1,20,,244027,61,4,,1,20,,244028,61,4,,1,60,,244029,61,4,,1,20,,244030,61,4,,1,20,,244031,61,4,,1,60,,244032,61,4,,1,20,,244033,61,4,,1,20,,244034,61,4,,1,60,,244035,61,4,,1,20,,244036,61,4,,1,20,,244037,61,4,,1,60,,244038,61,4,,1,20,,244039,61,4,,1,20,,244040,61,4,,1,60,,244041,61,4,,1,20,,244042,61,4,,1,21,,244043,61,4,,1,60,,244044,61,4,,1,20,,244045,61,4,,1,20,,244046,61,4,,1,60,,244047,61,4,,1,20,,244048,61,4,,1,20,,244049,61,4,,1,70,,244050,61,4,,1,30,,244051,61,4,,1,70,,244052,61,4,,1,30,,244053,61,4,,1,70,,244054,61,4,,1,30,,244055,61,4,,1,100,,244056,61,4,,1,100,,244057,61,4,,1
90600,'906-Weekday-1-26-09-1111100',534,,293831,1,,,1,70,,293832,1,,,1,30,,293833,1,,,1,70,,293834,1,,,1,30,,293835,1,,,1,70,,293836,1,,,1,30,,293837,1,,,1,70,,293838,1,,,1,602,,293839,1,,,1,30,,293840,1,,,1,70,,293841,1,,,1,30,,293842,1,,,1,70,,293843,1,,,1,30,,293844,1,,,1
90600,'906-Weekday-3-26-09-1111100',534,,293859,1,,,1,70,,293860,1,,,1,30,,293861,1,,,1,70,,293862,1,,,1,30,,293863,1,,,1,70,,293864,1,,,1,30,,293865,1,,,1,70,,293866,1,,,1,602,,293867,1,,,1,30,,293868,1,,,1,70,,293869,1,,,1,30,,293870,1,,,1,70,,293871,1,,,1,30,,293872,1,,,1
90600,'906-Weekday-4-26-09-1111100',534,,293873,1,,,1,70,,293874,1,,,1,30,,293875,1,,,1,70,,293876,1,,,1,30,,293877,1,,,1,70,,293878,1,,,1,30,,293879,1,,,1,70,,293880,1,,,1,602,,293881,1,,,1,30,,293882,1,,,1,70,,293883,1,,,1,30,,293884,1,,,1,70,,293885,1,,,1,30,,293886,1,,,1
90600,'906-Weekday-5-26-09-1111100',534,,293887,1,,,1,70,,293888,1,,,1,30,,293889,1,,,1,70,,293890,1,,,1,30,,293891,1,,,1,70,,293892,1,,,1,30,,293893,1,,,1,70,,293894,1,,,1,602,,293895,1,,,1,30,,293896,1,,,1,70,,293897,1,,,1,30,,293898,1,,,1,70,,293899,1,,,1,30,,293900,1,,,1
90600,'906-Weekday-6-26-09-1111100',534,,293901,1,,,1,70,,293902,1,,,1,30,,293903,1,,,1,70,,293904,1,,,1,30,,293905,1,,,1,70,,293906,1,,,1,30,,293907,1,,,1,70,,293908,1,,,1,602,,293909,1,,,1,30,,293910,1,,,1,70,,293911,1,,,1,30,,293912,1,,,1,70,,293913,1,,,1,30,,293914,1,,,1
90600,'906-Weekday-7-26-09-1111100',534,,293915,1,,,1,70,,293916,1,,,1,30,,293917,1,,,1,70,,293918,1,,,1,30,,293919,1,,,1,70,,293920,1,,,1,30,,293921,1,,,1,70,,293922,1,,,1,602,,293923,1,,,1,30,,293924,1,,,1,70,,293925,1,,,1,30,,293926,1,,,1,70,,293927,1,,,1,30,,293928,1,,,1
90601,'906-Weekday-1-26-09-1111100',649,,293929,42,4,,1,70,,293930,42,4,,1,30,,293931,42,4,,1,70,,293932,42,4,,1,30,,293933,42,4,,1,70,,293934,42,4,,1,633,,293935,42,4,,1,70,,293936,42,4,,1,30,,293937,42,4,,1,70,,293938,42,4,,1,30,,293939,42,4,,1,70,,293940,42,4,,1
90601,'906-Weekday-3-26-09-1111100',649,,293953,42,4,,1,70,,293954,42,4,,1,30,,293955,42,4,,1,70,,293956,42,4,,1,30,,293957,42,4,,1,70,,293958,42,4,,1,633,,293959,42,4,,1,70,,293960,42,4,,1,30,,293961,42,4,,1,70,,293962,42,4,,1,30,,293963,42,4,,1,70,,293964,42,4,,1
90601,'906-Weekday-4-26-09-1111100',649,,293965,42,4,,1,70,,293966,42,4,,1,30,,293967,42,4,,1,70,,293968,42,4,,1,30,,293969,42,4,,1,70,,293970,42,4,,1,633,,293971,42,4,,1,70,,293972,42,4,,1,30,,293973,42,4,,1,70,,293974,42,4,,1,30,,293975,42,4,,1,70,,293976,42,4,,1
90601,'906-Weekday-5-26-09-1111100',649,,293977,42,4,,1,70,,293978,42,4,,1,30,,293979,42,4,,1,70,,293980,42,4,,1,30,,293981,42,4,,1,70,,293982,42,4,,1,633,,293983,42,4,,1,70,,293984,42,4,,1,30,,293985,42,4,,1,70,,293986,42,4,,1,30,,293987,42,4,,1,70,,293988,42,4,,1
90601,'906-Weekday-6-26-09-1111100',649,,293989,42,4,,1,70,,293990,42,4,,1,30,,293991,42,4,,1,70,,293992,42,4,,1,30,,293993,42,4,,1,70,,293994,42,4,,1,633,,293995,42,4,,1,70,,293996,42,4,,1,30,,293997,42,4,,1,70,,293998,42,4,,1,30,,293999,42,4,,1,70,,294000,42,4,,1
90601,'906-Weekday-7-26-09-1111100',649,,294001,42,4,,1,70,,294002,42,4,,1,30,,294003,42,4,,1,70,,294004,42,4,,1,30,,294005,42,4,,1,70,,294006,42,4,,1,633,,294007,42,4,,1,70,,294008,42,4,,1,30,,294009,42,4,,1,70,,294010,42,4,,1,30,,294011,42,4,,1,70,,294012,42,4,,1
90700,'907-Weekday-1-26-09-1111100',530,,294013,1,,,1,70,,294014,1,,,1,30,,294015,1,,,1,15,,294016,1,,,1,55,,294017,1,,,1,15,,294018,1,,,1,15,,294019,1,,,1,15,,294020,1,,,1,55,,294021,1,,,1,15,,294022,1,,,1,15,,294023,1,,,1,70,,294024,1,,,1,30,,294025,1,,,1,70,,294026,1,,,1,30,,294027,1,,,1,70,,294028,1,,,1,30,,294029,1,,,1,70,,294030,1,,,1,30,,294031,1,,,1,70,,294032,1,,,1,30,,294033,1,,,1,70,,294034,1,,,1,30,,294035,1,,,1,70,,294036,1,,,1,30,,294037,1,,,1,15,,294038,1,,,1,55,,294039,1,,,1,15,,294040,1,,,1,15,,294041,1,,,1,15,,294042,1,,,1,55,,294043,1,,,1,15,,294044,1,,,1,15,,294045,1,,,1,70,,294046,1,,,1,30,,294047,1,,,1,70,,294048,1,,,1,30,,294049,1,,,1,70,,294050,1,,,1,30,,294051,1,,,1,70,,294052,1,,,1,30,,294053,1,,,1,70,,294054,1,,,1,100,,294055,1,,,1,100,,294056,1,,,1
90700,'907-Weekday-3-26-09-1111100',530,,294101,1,,,1,70,,294102,1,,,1,30,,294103,1,,,1,15,,294104,1,,,1,55,,294105,1,,,1,15,,294106,1,,,1,15,,294107,1,,,1,15,,294108,1,,,1,55,,294109,1,,,1,15,,294110,1,,,1,15,,294111,1,,,1,70,,294112,1,,,1,30,,294113,1,,,1,70,,294114,1,,,1,30,,294115,1,,,1,70,,294116,1,,,1,30,,294117,1,,,1,70,,294118,1,,,1,30,,294119,1,,,1,70,,294120,1,,,1,30,,294121,1,,,1,70,,294122,1,,,1,30,,294123,1,,,1,70,,294124,1,,,1,30,,294125,1,,,1,15,,294126,1,,,1,55,,294127,1,,,1,15,,294128,1,,,1,15,,294129,1,,,1,15,,294130,1,,,1,55,,294131,1,,,1,15,,294132,1,,,1,15,,294133,1,,,1,70,,294134,1,,,1,30,,294135,1,,,1,70,,294136,1,,,1,30,,294137,1,,,1,70,,294138,1,,,1,30,,294139,1,,,1,70,,294140,1,,,1,30,,294141,1,,,1,70,,294142,1,,,1,100,,294143,1,,,1,100,,294144,1,,,1
90700,'907-Weekday-4-26-09-1111100',530,,294145,1,,,1,70,,294146,1,,,1,30,,294147,1,,,1,15,,294148,1,,,1,55,,294149,1,,,1,15,,294150,1,,,1,15,,294151,1,,,1,15,,294152,1,,,1,55,,294153,1,,,1,15,,294154,1,,,1,15,,294155,1,,,1,70,,294156,1,,,1,30,,294157,1,,,1,70,,294158,1,,,1,30,,294159,1,,,1,70,,294160,1,,,1,30,,294161,1,,,1,70,,294162,1,,,1,30,,294163,1,,,1,70,,294164,1,,,1,30,,294165,1,,,1,70,,294166,1,,,1,30,,294167,1,,,1,70,,294168,1,,,1,30,,294169,1,,,1,15,,294170,1,,,1,55,,294171,1,,,1,15,,294172,1,,,1,15,,294173,1,,,1,15,,294174,1,,,1,55,,294175,1,,,1,15,,294176,1,,,1,15,,294177,1,,,1,70,,294178,1,,,1,30,,294179,1,,,1,70,,294180,1,,,1,30,,294181,1,,,1,70,,294182,1,,,1,30,,294183,1,,,1,70,,294184,1,,,1,30,,294185,1,,,1,70,,294186,1,,,1,100,,294187,1,,,1,100,,294188,1,,,1
90700,'907-Weekday-5-26-09-1111100',530,,294189,1,,,1,70,,294190,1,,,1,30,,294191,1,,,1,15,,294192,1,,,1,55,,294193,1,,,1,15,,294194,1,,,1,15,,294195,1,,,1,15,,294196,1,,,1,55,,294197,1,,,1,15,,294198,1,,,1,15,,294199,1,,,1,70,,294200,1,,,1,30,,294201,1,,,1,70,,294202,1,,,1,30,,294203,1,,,1,70,,294204,1,,,1,30,,294205,1,,,1,70,,294206,1,,,1,30,,294207,1,,,1,70,,294208,1,,,1,30,,294209,1,,,1,70,,294210,1,,,1,30,,294211,1,,,1,70,,294212,1,,,1,30,,294213,1,,,1,15,,294214,1,,,1,55,,294215,1,,,1,15,,294216,1,,,1,15,,294217,1,,,1,15,,294218,1,,,1,55,,294219,1,,,1,15,,294220,1,,,1,15,,294221,1,,,1,70,,294222,1,,,1,30,,294223,1,,,1,70,,294224,1,,,1,30,,294225,1,,,1,70,,294226,1,,,1,30,,294227,1,,,1,70,,294228,1,,,1,30,,294229,1,,,1,70,,294230,1,,,1,100,,294231,1,,,1,100,,294232,1,,,1
90700,'907-Weekday-6-26-09-1111100',530,,294233,1,,,1,70,,294234,1,,,1,30,,294235,1,,,1,15,,294236,1,,,1,55,,294237,1,,,1,15,,294238,1,,,1,15,,294239,1,,,1,15,,294240,1,,,1,55,,294241,1,,,1,15,,294242,1,,,1,15,,294243,1,,,1,70,,294244,1,,,1,30,,294245,1,,,1,70,,294246,1,,,1,30,,294247,1,,,1,70,,294248,1,,,1,30,,294249,1,,,1,70,,294250,1,,,1,30,,294251,1,,,1,70,,294252,1,,,1,30,,294253,1,,,1,70,,294254,1,,,1,30,,294255,1,,,1,70,,294256,1,,,1,30,,294257,1,,,1,15,,294258,1,,,1,55,,294259,1,,,1,15,,294260,1,,,1,15,,294261,1,,,1,15,,294262,1,,,1,55,,294263,1,,,1,15,,294264,1,,,1,15,,294265,1,,,1,70,,294266,1,,,1,30,,294267,1,,,1,70,,294268,1,,,1,30,,294269,1,,,1,70,,294270,1,,,1,30,,294271,1,,,1,70,,294272,1,,,1,30,,294273,1,,,1,70,,294274,1,,,1,100,,294275,1,,,1,100,,294276,1,,,1
90700,'907-Weekday-7-26-09-1111100',530,,294277,1,,,1,70,,294278,1,,,1,30,,294279,1,,,1,15,,294280,1,,,1,55,,294281,1,,,1,15,,294282,1,,,1,15,,294283,1,,,1,15,,294284,1,,,1,55,,294285,1,,,1,15,,294286,1,,,1,15,,294287,1,,,1,70,,294288,1,,,1,30,,294289,1,,,1,70,,294290,1,,,1,30,,294291,1,,,1,70,,294292,1,,,1,30,,294293,1,,,1,70,,294294,1,,,1,30,,294295,1,,,1,70,,294296,1,,,1,30,,294297,1,,,1,70,,294298,1,,,1,30,,294299,1,,,1,70,,294300,1,,,1,30,,294301,1,,,1,15,,294302,1,,,1,55,,294303,1,,,1,15,,294304,1,,,1,15,,294305,1,,,1,15,,294306,1,,,1,55,,294307,1,,,1,15,,294308,1,,,1,15,,294309,1,,,1,70,,294310,1,,,1,30,,294311,1,,,1,70,,294312,1,,,1,30,,294313,1,,,1,70,,294314,1,,,1,30,,294315,1,,,1,70,,294316,1,,,1,30,,294317,1,,,1,70,,294318,1,,,1,100,,294319,1,,,1,100,,294320,1,,,1
90700,'907-Saturday-1-26-09-0000010',702,,294321,1,,,1,100,,294322,1,,,1,30,,294327,1,,,1,70,,294328,1,,,1,30,,294329,1,,,1,70,,294330,1,,,1,30,,294331,1,,,1,70,,294332,1,,,1,30,,294333,1,,,1,72,,294334,1,,,1,30,,294335,1,,,1,70,,294336,1,,,1,30,,294337,1,,,1,70,,294338,1,,,1,30,,294339,1,,,1,70,,294340,1,,,1,30,,294341,1,,,1,70,,294342,1,,,1,30,,294343,1,,,1,70,,294344,1,,,1,30,,294345,1,,,1,70,,294346,1,,,1,30,,294347,1,,,1,68,,294323,1,,,1,100,,294324,1,,,1,100,,294325,1,,,1,100,,294326,1,,,1
90700,'907-Sunday-1-26-09-0000001',1006,,294348,1,,,1,30,,294349,1,,,1,70,,294350,1,,,1,30,,294351,1,,,1,70,,294352,1,,,1,30,,294353,1,,,1,70,,294354,1,,,1,30,,294355,1,,,1,70,,294356,1,,,1,30,,294357,1,,,1,70,,294358,1,,,1,30,,294359,1,,,1,70,,294360,1,,,1,30,,294361,1,,,1,70,,294362,1,,,1,30,,294363,1,,,1,70,,294364,1,,,1,30,,294365,1,,,1,70,,294366,1,,,1
90701,'907-Weekday-1-26-09-1111100',557,,294367,46,4,,1,70,,294368,46,4,,1,29,,294369,46,4,,1,56,,294370,46,4,,1,15,,294371,46,4,,1,15,,294372,46,4,,1,15,,294373,46,4,,1,55,,294374,46,4,,1,15,,294375,46,4,,1,15,,294376,46,4,,1,15,,294377,46,4,,1,70,,294378,46,4,,1,30,,294379,46,4,,1,70,,294380,46,4,,1,30,,294381,46,4,,1,70,,294382,46,4,,1,30,,294383,46,4,,1,70,,294384,46,4,,1,30,,294385,46,4,,1,70,,294386,46,4,,1,30,,294387,46,4,,1,70,,294388,46,4,,1,30,,294389,46,4,,1,76,,294390,46,4,,1,22,,294391,46,4,,1,57,,294392,46,4,,1,15,,294393,46,4,,1,15,,294394,46,4,,1,15,,294395,46,4,,1,55,,294396,46,4,,1,15,,294397,46,4,,1,15,,294398,46,4,,1,15,,294399,46,4,,1,55,,294400,46,4,,1,25,,294401,46,4,,1,20,,294402,46,4,,1,70,,294403,46,4,,1,30,,294404,46,4,,1,70,,294405,46,4,,1,30,,294406,46,4,,1,70,,294407,46,4,,1,30,,294408,46,4,,1,70,,294409,46,4,,1,100,,294410,46,4,,1,100,,294411,46,4,,1
90701,'907-Weekday-3-26-09-1111100',557,,294457,46,4,,1,70,,294458,46,4,,1,29,,294459,46,4,,1,56,,294460,46,4,,1,15,,294461,46,4,,1,15,,294462,46,4,,1,15,,294463,46,4,,1,55,,294464,46,4,,1,15,,294465,46,4,,1,15,,294466,46,4,,1,15,,294467,46,4,,1,70,,294468,46,4,,1,30,,294469,46,4,,1,70,,294470,46,4,,1,30,,294471,46,4,,1,70,,294472,46,4,,1,30,,294473,46,4,,1,70,,294474,46,4,,1,30,,294475,46,4,,1,70,,294476,46,4,,1,30,,294477,46,4,,1,70,,294478,46,4,,1,30,,294479,46,4,,1,76,,294480,46,4,,1,22,,294481,46,4,,1,57,,294482,46,4,,1,15,,294483,46,4,,1,15,,294484,46,4,,1,15,,294485,46,4,,1,55,,294486,46,4,,1,15,,294487,46,4,,1,15,,294488,46,4,,1,15,,294489,46,4,,1,55,,294490,46,4,,1,25,,294491,46,4,,1,20,,294492,46,4,,1,70,,294493,46,4,,1,30,,294494,46,4,,1,70,,294495,46,4,,1,30,,294496,46,4,,1,70,,294497,46,4,,1,30,,294498,46,4,,1,70,,294499,46,4,,1,100,,294500,46,4,,1,100,,294501,46,4,,1
90701,'907-Weekday-4-26-09-1111100',557,,294502,46,4,,1,70,,294503,46,4,,1,29,,294504,46,4,,1,56,,294505,46,4,,1,15,,294506,46,4,,1,15,,294507,46,4,,1,15,,294508,46,4,,1,55,,294509,46,4,,1,15,,294510,46,4,,1,15,,294511,46,4,,1,15,,294512,46,4,,1,70,,294513,46,4,,1,30,,294514,46,4,,1,70,,294515,46,4,,1,30,,294516,46,4,,1,70,,294517,46,4,,1,30,,294518,46,4,,1,70,,294519,46,4,,1,30,,294520,46,4,,1,70,,294521,46,4,,1,30,,294522,46,4,,1,70,,294523,46,4,,1,30,,294524,46,4,,1,76,,294525,46,4,,1,22,,294526,46,4,,1,57,,294527,46,4,,1,15,,294528,46,4,,1,15,,294529,46,4,,1,15,,294530,46,4,,1,55,,294531,46,4,,1,15,,294532,46,4,,1,15,,294533,46,4,,1,15,,294534,46,4,,1,55,,294535,46,4,,1,25,,294536,46,4,,1,20,,294537,46,4,,1,70,,294538,46,4,,1,30,,294539,46,4,,1,70,,294540,46,4,,1,30,,294541,46,4,,1,70,,294542,46,4,,1,30,,294543,46,4,,1,70,,294544,46,4,,1,100,,294545,46,4,,1,100,,294546,46,4,,1
90701,'907-Weekday-5-26-09-1111100',557,,294547,46,4,,1,70,,294548,46,4,,1,29,,294549,46,4,,1,56,,294550,46,4,,1,15,,294551,46,4,,1,15,,294552,46,4,,1,15,,294553,46,4,,1,55,,294554,46,4,,1,15,,294555,46,4,,1,15,,294556,46,4,,1,15,,294557,46,4,,1,70,,294558,46,4,,1,30,,294559,46,4,,1,70,,294560,46,4,,1,30,,294561,46,4,,1,70,,294562,46,4,,1,30,,294563,46,4,,1,70,,294564,46,4,,1,30,,294565,46,4,,1,70,,294566,46,4,,1,30,,294567,46,4,,1,70,,294568,46,4,,1,30,,294569,46,4,,1,76,,294570,46,4,,1,22,,294571,46,4,,1,57,,294572,46,4,,1,15,,294573,46,4,,1,15,,294574,46,4,,1,15,,294575,46,4,,1,55,,294576,46,4,,1,15,,294577,46,4,,1,15,,294578,46,4,,1,15,,294579,46,4,,1,55,,294580,46,4,,1,25,,294581,46,4,,1,20,,294582,46,4,,1,70,,294583,46,4,,1,30,,294584,46,4,,1,70,,294585,46,4,,1,30,,294586,46,4,,1,70,,294587,46,4,,1,30,,294588,46,4,,1,70,,294589,46,4,,1,100,,294590,46,4,,1,100,,294591,46,4,,1
90701,'907-Weekday-6-26-09-1111100',557,,294592,46,4,,1,70,,294593,46,4,,1,29,,294594,46,4,,1,56,,294595,46,4,,1,15,,294596,46,4,,1,15,,294597,46,4,,1,15,,294598,46,4,,1,55,,294599,46,4,,1,15,,294600,46,4,,1,15,,294601,46,4,,1,15,,294602,46,4,,1,70,,294603,46,4,,1,30,,294604,46,4,,1,70,,294605,46,4,,1,30,,294606,46,4,,1,70,,294607,46,4,,1,30,,294608,46,4,,1,70,,294609,46,4,,1,30,,294610,46,4,,1,70,,294611,46,4,,1,30,,294612,46,4,,1,70,,294613,46,4,,1,30,,294614,46,4,,1,76,,294615,46,4,,1,22,,294616,46,4,,1,57,,294617,46,4,,1,15,,294618,46,4,,1,15,,294619,46,4,,1,15,,294620,46,4,,1,55,,294621,46,4,,1,15,,294622,46,4,,1,15,,294623,46,4,,1,15,,294624,46,4,,1,55,,294625,46,4,,1,25,,294626,46,4,,1,20,,294627,46,4,,1,70,,294628,46,4,,1,30,,294629,46,4,,1,70,,294630,46,4,,1,30,,294631,46,4,,1,70,,294632,46,4,,1,30,,294633,46,4,,1,70,,294634,46,4,,1,100,,294635,46,4,,1,100,,294636,46,4,,1
90701,'907-Weekday-7-26-09-1111100',557,,294637,46,4,,1,70,,294638,46,4,,1,29,,294639,46,4,,1,56,,294640,46,4,,1,15,,294641,46,4,,1,15,,294642,46,4,,1,15,,294643,46,4,,1,55,,294644,46,4,,1,15,,294645,46,4,,1,15,,294646,46,4,,1,15,,294647,46,4,,1,70,,294648,46,4,,1,30,,294649,46,4,,1,70,,294650,46,4,,1,30,,294651,46,4,,1,70,,294652,46,4,,1,30,,294653,46,4,,1,70,,294654,46,4,,1,30,,294655,46,4,,1,70,,294656,46,4,,1,30,,294657,46,4,,1,70,,294658,46,4,,1,30,,294659,46,4,,1,76,,294660,46,4,,1,22,,294661,46,4,,1,57,,294662,46,4,,1,15,,294663,46,4,,1,15,,294664,46,4,,1,15,,294665,46,4,,1,55,,294666,46,4,,1,15,,294667,46,4,,1,15,,294668,46,4,,1,15,,294669,46,4,,1,55,,294670,46,4,,1,25,,294671,46,4,,1,20,,294672,46,4,,1,70,,294673,46,4,,1,30,,294674,46,4,,1,70,,294675,46,4,,1,30,,294676,46,4,,1,70,,294677,46,4,,1,30,,294678,46,4,,1,70,,294679,46,4,,1,100,,294680,46,4,,1,100,,294681,46,4,,1
90701,'907-Saturday-1-26-09-0000010',659,,294682,46,4,,1,100,,294683,46,4,,1,100,,294684,46,4,,1,70,,294685,46,4,,1,30,,294686,46,4,,1,70,,294687,46,4,,1,30,,294688,46,4,,1,70,,294689,46,4,,1,30,,294690,46,4,,1,70,,294691,46,4,,1,30,,294692,46,4,,1,70,,294693,46,4,,1,30,,294694,46,4,,1,70,,294695,46,4,,1,30,,294696,46,4,,1,70,,294697,46,4,,1,30,,294698,46,4,,1,70,,294699,46,4,,1,30,,294700,46,4,,1,70,,294701,46,4,,1,30,,294702,46,4,,1,70,,294703,46,4,,1,30,,294704,46,4,,1,70,,294705,46,4,,1,100,,294706,46,4,,1,100,,294707,46,4,,1,100,,294708,46,4,,1
90701,'907-Sunday-1-26-09-0000001',1102,,294709,46,4,,1,30,,294710,46,4,,1,70,,294711,46,4,,1,30,,294712,46,4,,1,70,,294713,46,4,,1,30,,294714,46,4,,1,70,,294715,46,4,,1,30,,294716,46,4,,1,70,,294717,46,4,,1,30,,294718,46,4,,1,70,,294719,46,4,,1,30,,294720,46,4,,1,70,,294721,46,4,,1,29,,294722,46,4,,1,70,,294723,46,4,,1,30,,294724,46,4,,1,70,,294725,46,4,,1,30,,294726,46,4,,1,70,,294727,46,4,,1
91300,'913-Weekday-1-26-09-1111100',530,,296120,1,,,1,28,,296120,48,4,,1,42,,296121,1,,,1,28,,296121,48,4,,1,2,,296160,1,,,1,15,,296148,1,,,1,55,,296162,1,,,1,3,,296160,48,4,,1,12,,296152,1,,,1,3,,296148,48,4,,1,12,,296151,1,,,1,3,,296162,48,4,,1,12,,296150,1,,,1,3,,296152,48,4,,1,52,,296149,1,,,1,3,,296151,48,4,,1,12,,296165,1,,,1,3,,296150,48,4,,1,12,,296166,1,,,1,3,,296149,48,4,,1,15,,296165,48,4,,1,2,,296122,1,,,1,53,,296166,48,4,,1,7,,296123,1,,,1,12,,296122,48,4,,1,8,,296124,1,,,1,12,,296123,48,4,,1,8,,296125,1,,,1,52,,296124,48,4,,1,8,,296126,1,,,1,12,,296125,48,4,,1,8,,296127,1,,,1,12,,296126,48,4,,1,8,,296128,1,,,1,52,,296127,48,4,,1,8,,296129,1,,,1,12,,296128,48,4,,1,8,,296130,1,,,1,12,,296129,48,4,,1,8,,296131,1,,,1,52,,296130,48,4,,1,8,,296132,1,,,1,12,,296131,48,4,,1,8,,296133,1,,,1,12,,296132,48,4,,1,8,,296134,1,,,1,52,,296133,48,4,,1,8,,296135,1,,,1,12,,296134,48,4,,1,8,,296136,1,,,1,12,,296135,48,4,,1,8,,296137,1,,,1,52,,296136,48,4,,1,8,,296138,1,,,1,12,,296137,48,4,,1,8,,296139,1,,,1,12,,296138,48,4,,1,8,,296119,1,,,1,53,,296139,48,4,,1,2,,296153,1,,,1,15,,296163,1,,,1,5,,296119,48,4,,1,10,,296154,1,,,1,8,,296153,48,4,,1,7,,296155,1,,,1,8,,296163,48,4,,1,47,,296156,1,,,1,8,,296154,48,4,,1,7,,296164,1,,,1,8,,296155,48,4,,1,7,,296157,1,,,1,8,,296156,48,4,,1,7,,296167,1,,,1,8,,296164,48,4,,1,52,,296159,1,,,1,3,,296157,48,4,,1,15,,296167,48,4,,1,12,,296158,1,,,1,8,,296159,48,4,,1,62,,296140,1,,,1,8,,296158,48,4,,1,22,,296141,1,,,1,5,,296140,48,4,,1,65,,296142,1,,,1,1,,296141,48,4,,1,29,,296143,1,,,1,1,,296142,48,4,,1,69,,296144,1,,,1,1,,296143,48,4,,1,29,,296145,1,,,1,1,,296144,48,4,,1,69,,296146,1,,,1,1,,296145,48,4,,1,29,,296168,1,,,1,1,,296146,48,4,,1,68,,296168,48,4,,1,31,,296147,1,,,1,67,,296147,48,4,,1,33,,296161,1,,,1,67,,296161,48,4,,1
91300,'913-Weekday-3-26-09-1111100',530,,296220,1,,,1,28,,296220,48,4,,1,42,,296221,1,,,1,28,,296221,48,4,,1,2,,296260,1,,,1,15,,296248,1,,,1,55,,296262,1,,,1,3,,296260,48,4,,1,12,,296252,1,,,1,3,,296248,48,4,,1,12,,296251,1,,,1,3,,296262,48,4,,1,12,,296250,1,,,1,3,,296252,48,4,,1,52,,296249,1,,,1,3,,296251,48,4,,1,12,,296265,1,,,1,3,,296250,48,4,,1,12,,296266,1,,,1,3,,296249,48,4,,1,15,,296265,48,4,,1,2,,296222,1,,,1,53,,296266,48,4,,1,7,,296223,1,,,1,12,,296222,48,4,,1,8,,296224,1,,,1,12,,296223,48,4,,1,8,,296225,1,,,1,52,,296224,48,4,,1,8,,296226,1,,,1,12,,296225,48,4,,1,8,,296227,1,,,1,12,,296226,48,4,,1,8,,296228,1,,,1,52,,296227,48,4,,1,8,,296229,1,,,1,12,,296228,48,4,,1,8,,296230,1,,,1,12,,296229,48,4,,1,8,,296231,1,,,1,52,,296230,48,4,,1,8,,296232,1,,,1,12,,296231,48,4,,1,8,,296233,1,,,1,12,,296232,48,4,,1,8,,296234,1,,,1,52,,296233,48,4,,1,8,,296235,1,,,1,12,,296234,48,4,,1,8,,296236,1,,,1,12,,296235,48,4,,1,8,,296237,1,,,1,52,,296236,48,4,,1,8,,296238,1,,,1,12,,296237,48,4,,1,8,,296239,1,,,1,12,,296238,48,4,,1,8,,296219,1,,,1,53,,296239,48,4,,1,2,,296253,1,,,1,15,,296263,1,,,1,5,,296219,48,4,,1,10,,296254,1,,,1,8,,296253,48,4,,1,7,,296255,1,,,1,8,,296263,48,4,,1,47,,296256,1,,,1,8,,296254,48,4,,1,7,,296264,1,,,1,8,,296255,48,4,,1,7,,296257,1,,,1,8,,296256,48,4,,1,7,,296267,1,,,1,8,,296264,48,4,,1,52,,296259,1,,,1,3,,296257,48,4,,1,15,,296267,48,4,,1,12,,296258,1,,,1,8,,296259,48,4,,1,62,,296240,1,,,1,8,,296258,48,4,,1,22,,296241,1,,,1,5,,296240,48,4,,1,65,,296242,1,,,1,1,,296241,48,4,,1,29,,296243,1,,,1,1,,296242,48,4,,1,69,,296244,1,,,1,1,,296243,48,4,,1,29,,296245,1,,,1,1,,296244,48,4,,1,69,,296246,1,,,1,1,,296245,48,4,,1,29,,296268,1,,,1,1,,296246,48,4,,1,68,,296268,48,4,,1,31,,296247,1,,,1,67,,296247,48,4,,1,33,,296261,1,,,1,67,,296261,48,4,,1
91300,'913-Weekday-4-26-09-1111100',530,,296270,1,,,1,28,,296270,48,4,,1,42,,296271,1,,,1,28,,296271,48,4,,1,2,,296310,1,,,1,15,,296298,1,,,1,55,,296312,1,,,1,3,,296310,48,4,,1,12,,296302,1,,,1,3,,296298,48,4,,1,12,,296301,1,,,1,3,,296312,48,4,,1,12,,296300,1,,,1,3,,296302,48,4,,1,52,,296299,1,,,1,3,,296301,48,4,,1,12,,296315,1,,,1,3,,296300,48,4,,1,12,,296316,1,,,1,3,,296299,48,4,,1,15,,296315,48,4,,1,2,,296272,1,,,1,53,,296316,48,4,,1,7,,296273,1,,,1,12,,296272,48,4,,1,8,,296274,1,,,1,12,,296273,48,4,,1,8,,296275,1,,,1,52,,296274,48,4,,1,8,,296276,1,,,1,12,,296275,48,4,,1,8,,296277,1,,,1,12,,296276,48,4,,1,8,,296278,1,,,1,52,,296277,48,4,,1,8,,296279,1,,,1,12,,296278,48,4,,1,8,,296280,1,,,1,12,,296279,48,4,,1,8,,296281,1,,,1,52,,296280,48,4,,1,8,,296282,1,,,1,12,,296281,48,4,,1,8,,296283,1,,,1,12,,296282,48,4,,1,8,,296284,1,,,1,52,,296283,48,4,,1,8,,296285,1,,,1,12,,296284,48,4,,1,8,,296286,1,,,1,12,,296285,48,4,,1,8,,296287,1,,,1,52,,296286,48,4,,1,8,,296288,1,,,1,12,,296287,48,4,,1,8,,296289,1,,,1,12,,296288,48,4,,1,8,,296269,1,,,1,53,,296289,48,4,,1,2,,296303,1,,,1,15,,296313,1,,,1,5,,296269,48,4,,1,10,,296304,1,,,1,8,,296303,48,4,,1,7,,296305,1,,,1,8,,296313,48,4,,1,47,,296306,1,,,1,8,,296304,48,4,,1,7,,296314,1,,,1,8,,296305,48,4,,1,7,,296307,1,,,1,8,,296306,48,4,,1,7,,296317,1,,,1,8,,296314,48,4,,1,52,,296309,1,,,1,3,,296307,48,4,,1,15,,296317,48,4,,1,12,,296308,1,,,1,8,,296309,48,4,,1,62,,296290,1,,,1,8,,296308,48,4,,1,22,,296291,1,,,1,5,,296290,48,4,,1,65,,296292,1,,,1,1,,296291,48,4,,1,29,,296293,1,,,1,1,,296292,48,4,,1,69,,296294,1,,,1,1,,296293,48,4,,1,29,,296295,1,,,1,1,,296294,48,4,,1,69,,296296,1,,,1,1,,296295,48,4,,1,29,,296318,1,,,1,1,,296296,48,4,,1,68,,296318,48,4,,1,31,,296297,1,,,1,67,,296297,48,4,,1,33,,296311,1,,,1,67,,296311,48,4,,1
91300,'913-Weekday-5-26-09-1111100',530,,296320,1,,,1,28,,296320,48,4,,1,42,,296321,1,,,1,28,,296321,48,4,,1,2,,296360,1,,,1,15,,296348,1,,,1,55,,296362,1,,,1,3,,296360,48,4,,1,12,,296352,1,,,1,3,,296348,48,4,,1,12,,296351,1,,,1,3,,296362,48,4,,1,12,,296350,1,,,1,3,,296352,48,4,,1,52,,296349,1,,,1,3,,296351,48,4,,1,12,,296365,1,,,1,3,,296350,48,4,,1,12,,296366,1,,,1,3,,296349,48,4,,1,15,,296365,48,4,,1,2,,296322,1,,,1,53,,296366,48,4,,1,7,,296323,1,,,1,12,,296322,48,4,,1,8,,296324,1,,,1,12,,296323,48,4,,1,8,,296325,1,,,1,52,,296324,48,4,,1,8,,296326,1,,,1,12,,296325,48,4,,1,8,,296327,1,,,1,12,,296326,48,4,,1,8,,296328,1,,,1,52,,296327,48,4,,1,8,,296329,1,,,1,12,,296328,48,4,,1,8,,296330,1,,,1,12,,296329,48,4,,1,8,,296331,1,,,1,52,,296330,48,4,,1,8,,296332,1,,,1,12,,296331,48,4,,1,8,,296333,1,,,1,12,,296332,48,4,,1,8,,296334,1,,,1,52,,296333,48,4,,1,8,,296335,1,,,1,12,,296334,48,4,,1,8,,296336,1,,,1,12,,296335,48,4,,1,8,,296337,1,,,1,52,,296336,48,4,,1,8,,296338,1,,,1,12,,296337,48,4,,1,8,,296339,1,,,1,12,,296338,48,4,,1,8,,296319,1,,,1,53,,296339,48,4,,1,2,,296353,1,,,1,15,,296363,1,,,1,5,,296319,48,4,,1,10,,296354,1,,,1,8,,296353,48,4,,1,7,,296355,1,,,1,8,,296363,48,4,,1,47,,296356,1,,,1,8,,296354,48,4,,1,7,,296364,1,,,1,8,,296355,48,4,,1,7,,296357,1,,,1,8,,296356,48,4,,1,7,,296367,1,,,1,8,,296364,48,4,,1,52,,296359,1,,,1,3,,296357,48,4,,1,15,,296367,48,4,,1,12,,296358,1,,,1,8,,296359,48,4,,1,62,,296340,1,,,1,8,,296358,48,4,,1,22,,296341,1,,,1,5,,296340,48,4,,1,65,,296342,1,,,1,1,,296341,48,4,,1,29,,296343,1,,,1,1,,296342,48,4,,1,69,,296344,1,,,1,1,,296343,48,4,,1,29,,296345,1,,,1,1,,296344,48,4,,1,69,,296346,1,,,1,1,,296345,48,4,,1,29,,296368,1,,,1,1,,296346,48,4,,1,68,,296368,48,4,,1,31,,296347,1,,,1,67,,296347,48,4,,1,33,,296361,1,,,1,67,,296361,48,4,,1
91300,'913-Weekday-6-26-09-1111100',530,,296370,1,,,1,28,,296370,48,4,,1,42,,296371,1,,,1,28,,296371,48,4,,1,2,,296410,1,,,1,15,,296398,1,,,1,55,,296412,1,,,1,3,,296410,48,4,,1,12,,296402,1,,,1,3,,296398,48,4,,1,12,,296401,1,,,1,3,,296412,48,4,,1,12,,296400,1,,,1,3,,296402,48,4,,1,52,,296399,1,,,1,3,,296401,48,4,,1,12,,296415,1,,,1,3,,296400,48,4,,1,12,,296416,1,,,1,3,,296399,48,4,,1,15,,296415,48,4,,1,2,,296372,1,,,1,53,,296416,48,4,,1,7,,296373,1,,,1,12,,296372,48,4,,1,8,,296374,1,,,1,12,,296373,48,4,,1,8,,296375,1,,,1,52,,296374,48,4,,1,8,,296376,1,,,1,12,,296375,48,4,,1,8,,296377,1,,,1,12,,296376,48,4,,1,8,,296378,1,,,1,52,,296377,48,4,,1,8,,296379,1,,,1,12,,296378,48,4,,1,8,,296380,1,,,1,12,,296379,48,4,,1,8,,296381,1,,,1,52,,296380,48,4,,1,8,,296382,1,,,1,12,,296381,48,4,,1,8,,296383,1,,,1,12,,296382,48,4,,1,8,,296384,1,,,1,52,,296383,48,4,,1,8,,296385,1,,,1,12,,296384,48,4,,1,8,,296386,1,,,1,12,,296385,48,4,,1,8,,296387,1,,,1,52,,296386,48,4,,1,8,,296388,1,,,1,12,,296387,48,4,,1,8,,296389,1,,,1,12,,296388,48,4,,1,8,,296369,1,,,1,53,,296389,48,4,,1,2,,296403,1,,,1,15,,296413,1,,,1,5,,296369,48,4,,1,10,,296404,1,,,1,8,,296403,48,4,,1,7,,296405,1,,,1,8,,296413,48,4,,1,47,,296406,1,,,1,8,,296404,48,4,,1,7,,296414,1,,,1,8,,296405,48,4,,1,7,,296407,1,,,1,8,,296406,48,4,,1,7,,296417,1,,,1,8,,296414,48,4,,1,52,,296409,1,,,1,3,,296407,48,4,,1,15,,296417,48,4,,1,12,,296408,1,,,1,8,,296409,48,4,,1,62,,296390,1,,,1,8,,296408,48,4,,1,22,,296391,1,,,1,5,,296390,48,4,,1,65,,296392,1,,,1,1,,296391,48,4,,1,29,,296393,1,,,1,1,,296392,48,4,,1,69,,296394,1,,,1,1,,296393,48,4,,1,29,,296395,1,,,1,1,,296394,48,4,,1,69,,296396,1,,,1,1,,296395,48,4,,1,29,,296418,1,,,1,1,,296396,48,4,,1,68,,296418,48,4,,1,31,,296397,1,,,1,67,,296397,48,4,,1,33,,296411,1,,,1,67,,296411,48,4,,1
91300,'913-Weekday-7-26-09-1111100',530,,296420,1,,,1,28,,296420,48,4,,1,42,,296421,1,,,1,28,,296421,48,4,,1,2,,296460,1,,,1,15,,296448,1,,,1,55,,296462,1,,,1,3,,296460,48,4,,1,12,,296452,1,,,1,3,,296448,48,4,,1,12,,296451,1,,,1,3,,296462,48,4,,1,12,,296450,1,,,1,3,,296452,48,4,,1,52,,296449,1,,,1,3,,296451,48,4,,1,12,,296465,1,,,1,3,,296450,48,4,,1,12,,296466,1,,,1,3,,296449,48,4,,1,15,,296465,48,4,,1,2,,296422,1,,,1,53,,296466,48,4,,1,7,,296423,1,,,1,12,,296422,48,4,,1,8,,296424,1,,,1,12,,296423,48,4,,1,8,,296425,1,,,1,52,,296424,48,4,,1,8,,296426,1,,,1,12,,296425,48,4,,1,8,,296427,1,,,1,12,,296426,48,4,,1,8,,296428,1,,,1,52,,296427,48,4,,1,8,,296429,1,,,1,12,,296428,48,4,,1,8,,296430,1,,,1,12,,296429,48,4,,1,8,,296431,1,,,1,52,,296430,48,4,,1,8,,296432,1,,,1,12,,296431,48,4,,1,8,,296433,1,,,1,12,,296432,48,4,,1,8,,296434,1,,,1,52,,296433,48,4,,1,8,,296435,1,,,1,12,,296434,48,4,,1,8,,296436,1,,,1,12,,296435,48,4,,1,8,,296437,1,,,1,52,,296436,48,4,,1,8,,296438,1,,,1,12,,296437,48,4,,1,8,,296439,1,,,1,12,,296438,48,4,,1,8,,296419,1,,,1,53,,296439,48,4,,1,2,,296453,1,,,1,15,,296463,1,,,1,5,,296419,48,4,,1,10,,296454,1,,,1,8,,296453,48,4,,1,7,,296455,1,,,1,8,,296463,48,4,,1,47,,296456,1,,,1,8,,296454,48,4,,1,7,,296464,1,,,1,8,,296455,48,4,,1,7,,296457,1,,,1,8,,296456,48,4,,1,7,,296467,1,,,1,8,,296464,48,4,,1,52,,296459,1,,,1,3,,296457,48,4,,1,15,,296467,48,4,,1,12,,296458,1,,,1,8,,296459,48,4,,1,62,,296440,1,,,1,8,,296458,48,4,,1,22,,296441,1,,,1,5,,296440,48,4,,1,65,,296442,1,,,1,1,,296441,48,4,,1,29,,296443,1,,,1,1,,296442,48,4,,1,69,,296444,1,,,1,1,,296443,48,4,,1,29,,296445,1,,,1,1,,296444,48,4,,1,69,,296446,1,,,1,1,,296445,48,4,,1,29,,296468,1,,,1,1,,296446,48,4,,1,68,,296468,48,4,,1,31,,296447,1,,,1,67,,296447,48,4,,1,33,,296461,1,,,1,67,,296461,48,4,,1
91300,'913-Saturday-1-26-09-0000010',553,,296469,1,,,1,67,,296469,48,4,,1,33,,296470,1,,,1,67,,296470,48,4,,1,33,,296471,1,,,1,67,,296471,48,4,,1,3,,296472,1,,,1,27,,296472,48,4,,1,3,,296473,1,,,1,70,,296474,1,,,1,1,,296473,48,4,,1,29,,296475,1,,,1,3,,296474,48,4,,1,67,,296476,1,,,1,3,,296475,48,4,,1,27,,296477,1,,,1,3,,296476,48,4,,1,67,,296478,1,,,1,3,,296477,48,4,,1,27,,296479,1,,,1,3,,296478,48,4,,1,67,,296480,1,,,1,3,,296479,48,4,,1,27,,296481,1,,,1,3,,296480,48,4,,1,67,,296482,1,,,1,3,,296481,48,4,,1,27,,296483,1,,,1,3,,296482,48,4,,1,67,,296484,1,,,1,3,,296483,48,4,,1,27,,296485,1,,,1,3,,296484,48,4,,1,67,,296486,1,,,1,3,,296485,48,4,,1,27,,296487,1,,,1,3,,296486,48,4,,1,67,,296488,1,,,1,3,,296487,48,4,,1,27,,296489,1,,,1,3,,296488,48,4,,1,67,,296490,1,,,1,30,,296491,1,,,1,70,,296492,1,,,1,30,,296493,1,,,1,70,,296493,48,4,,1,30,,296494,1,,,1,70,,296494,48,4,,1,30,,296495,1,,,1,70,,296495,48,4,,1,30,,296496,1,,,1,70,,296496,48,4,,1,30,,296497,1,,,1,70,,296497,48,4,,1,30,,296498,1,,,1,70,,296498,48,4,,1
91300,'913-Sunday-1-26-09-0000001',600,,296499,1,,,1,27,,296499,48,4,,1,73,,296500,1,,,1,27,,296500,48,4,,1,73,,296501,1,,,1,27,,296501,48,4,,1,73,,296502,1,,,1,32,,296502,48,4,,1,68,,296503,1,,,1,30,,296504,1,,,1,2,,296503,48,4,,1,68,,296505,1,,,1,2,,296504,48,4,,1,28,,296506,1,,,1,2,,296505,48,4,,1,68,,296507,1,,,1,2,,296506,48,4,,1,28,,296508,1,,,1,2,,296507,48,4,,1,68,,296509,1,,,1,2,,296508,48,4,,1,28,,296510,1,,,1,2,,296509,48,4,,1,68,,296511,1,,,1,2,,296510,48,4,,1,28,,296512,1,,,1,2,,296511,48,4,,1,68,,296513,1,,,1,2,,296512,48,4,,1,28,,296514,1,,,1,2,,296513,48,4,,1,68,,296515,1,,,1,2,,296514,48,4,,1,28,,296516,1,,,1,2,,296515,48,4,,1,68,,296517,1,,,1,2,,296516,48,4,,1,27,,296517,48,4,,1,1,,296518,1,,,1,29,,296518,48,4,,1,41,,296519,1,,,1,29,,296519,48,4,,1,1,,296520,1,,,1,29,,296520,48,4,,1,41,,296521,1,,,1,29,,296521,48,4,,1,71,,296522,1,,,1,29,,296522,48,4,,1,71,,296523,1,,,1,29,,296523,48,4,,1,71,,296524,1,,,1,29,,296524,48,4,,1
91600,'916-Weekday-1-26-09-0001000',1532,,297997,50,4,,1
91600,'916-Weekday-1-26-09-1111100',614,,297998,50,4,,1,31,,297999,50,4,,1,8,,298040,50,4,,1,49,,298037,50,4,,1,7,,298041,50,4,,1,8,,298000,50,4,,1,7,,298042,50,4,,1,8,,298031,50,4,,1,7,,298043,50,4,,1,8,,298001,50,4,,1,7,,298044,50,4,,1,48,,298002,50,4,,1,7,,298045,50,4,,1,3,,298046,50,4,,1,5,,298032,50,4,,1,7,,298038,50,4,,1,8,,298039,50,4,,1,7,,298048,50,4,,1,18,,298047,50,4,,1,68,,298003,50,4,,1,31,,298004,50,4,,1,70,,298005,50,4,,1,30,,298006,50,4,,1,70,,298007,50,4,,1,30,,298008,50,4,,1,70,,298009,50,4,,1,30,,298010,50,4,,1,70,,298011,50,4,,1,30,,298012,50,4,,1,70,,298013,50,4,,1,30,,298014,50,4,,1,71,,298036,50,4,,1,22,,298015,50,4,,1,60,,298033,50,4,,1,21,,298016,50,4,,1,19,,298017,50,4,,1,60,,298034,50,4,,1,21,,298018,50,4,,1,19,,298035,50,4,,1,60,,298019,50,4,,1,21,,298020,50,4,,1,20,,298021,50,4,,1,69,,298022,50,4,,1,31,,298023,50,4,,1,70,,298024,50,4,,1,30,,298025,50,4,,1,70,,298026,50,4,,1,30,,298027,50,4,,1,81,,298028,50,4,,1,100,,298029,50,4,,1,100,,298030,50,4,,1
91600,'916-Weekday-3-26-09-1111100',614,,298100,50,4,,1,31,,298101,50,4,,1,8,,298142,50,4,,1,49,,298139,50,4,,1,7,,298143,50,4,,1,8,,298102,50,4,,1,7,,298144,50,4,,1,8,,298133,50,4,,1,7,,298145,50,4,,1,8,,298103,50,4,,1,7,,298146,50,4,,1,48,,298104,50,4,,1,7,,298147,50,4,,1,3,,298148,50,4,,1,5,,298134,50,4,,1,7,,298140,50,4,,1,8,,298141,50,4,,1,7,,298150,50,4,,1,18,,298149,50,4,,1,68,,298105,50,4,,1,31,,298106,50,4,,1,70,,298107,50,4,,1,30,,298108,50,4,,1,70,,298109,50,4,,1,30,,298110,50,4,,1,70,,298111,50,4,,1,30,,298112,50,4,,1,70,,298113,50,4,,1,30,,298114,50,4,,1,70,,298115,50,4,,1,30,,298116,50,4,,1,71,,298138,50,4,,1,22,,298117,50,4,,1,60,,298135,50,4,,1,21,,298118,50,4,,1,19,,298119,50,4,,1,60,,298136,50,4,,1,21,,298120,50,4,,1,19,,298137,50,4,,1,60,,298121,50,4,,1,21,,298122,50,4,,1,20,,298123,50,4,,1,69,,298124,50,4,,1,31,,298125,50,4,,1,70,,298126,50,4,,1,30,,298127,50,4,,1,70,,298128,50,4,,1,30,,298129,50,4,,1,81,,298130,50,4,,1,100,,298131,50,4,,1,100,,298132,50,4,,1
91600,'916-Weekday-4-26-09-1111100',614,,298151,50,4,,1,31,,298152,50,4,,1,8,,298193,50,4,,1,49,,298190,50,4,,1,7,,298194,50,4,,1,8,,298153,50,4,,1,7,,298195,50,4,,1,8,,298184,50,4,,1,7,,298196,50,4,,1,8,,298154,50,4,,1,7,,298197,50,4,,1,48,,298155,50,4,,1,7,,298198,50,4,,1,8,,298185,50,4,,1,7,,298191,50,4,,1,8,,298192,50,4,,1,7,,298200,50,4,,1,18,,298199,50,4,,1,68,,298156,50,4,,1,31,,298157,50,4,,1,70,,298158,50,4,,1,30,,298159,50,4,,1,70,,298160,50,4,,1,30,,298161,50,4,,1,70,,298162,50,4,,1,30,,298163,50,4,,1,70,,298164,50,4,,1,30,,298165,50,4,,1,70,,298166,50,4,,1,30,,298167,50,4,,1,71,,298189,50,4,,1,22,,298168,50,4,,1,60,,298186,50,4,,1,21,,298169,50,4,,1,19,,298170,50,4,,1,60,,298187,50,4,,1,21,,298171,50,4,,1,19,,298188,50,4,,1,60,,298172,50,4,,1,21,,298173,50,4,,1,20,,298174,50,4,,1,69,,298175,50,4,,1,31,,298176,50,4,,1,70,,298177,50,4,,1,30,,298178,50,4,,1,70,,298179,50,4,,1,30,,298180,50,4,,1,81,,298181,50,4,,1,100,,298182,50,4,,1,100,,298183,50,4,,1
91600,'916-Weekday-5-26-09-1111100',614,,298201,50,4,,1,31,,298202,50,4,,1,8,,298243,50,4,,1,49,,298240,50,4,,1,7,,298244,50,4,,1,8,,298203,50,4,,1,7,,298245,50,4,,1,8,,298234,50,4,,1,7,,298246,50,4,,1,8,,298204,50,4,,1,7,,298247,50,4,,1,48,,298205,50,4,,1,7,,298248,50,4,,1,8,,298235,50,4,,1,7,,298241,50,4,,1,8,,298242,50,4,,1,7,,298250,50,4,,1,18,,298249,50,4,,1,68,,298206,50,4,,1,31,,298207,50,4,,1,70,,298208,50,4,,1,30,,298209,50,4,,1,70,,298210,50,4,,1,30,,298211,50,4,,1,70,,298212,50,4,,1,30,,298213,50,4,,1,70,,298214,50,4,,1,30,,298215,50,4,,1,70,,298216,50,4,,1,30,,298217,50,4,,1,71,,298239,50,4,,1,22,,298218,50,4,,1,60,,298236,50,4,,1,21,,298219,50,4,,1,19,,298220,50,4,,1,60,,298237,50,4,,1,21,,298221,50,4,,1,19,,298238,50,4,,1,60,,298222,50,4,,1,21,,298223,50,4,,1,20,,298224,50,4,,1,69,,298225,50,4,,1,31,,298226,50,4,,1,70,,298227,50,4,,1,30,,298228,50,4,,1,70,,298229,50,4,,1,30,,298230,50,4,,1,81,,298231,50,4,,1,100,,298232,50,4,,1,100,,298233,50,4,,1
91600,'916-Weekday-6-26-09-1111100',614,,298251,50,4,,1,31,,298252,50,4,,1,8,,298293,50,4,,1,49,,298290,50,4,,1,7,,298294,50,4,,1,8,,298253,50,4,,1,7,,298295,50,4,,1,8,,298284,50,4,,1,7,,298296,50,4,,1,8,,298254,50,4,,1,7,,298297,50,4,,1,48,,298255,50,4,,1,7,,298298,50,4,,1,3,,298299,50,4,,1,5,,298285,50,4,,1,7,,298291,50,4,,1,8,,298292,50,4,,1,7,,298301,50,4,,1,18,,298300,50,4,,1,68,,298256,50,4,,1,31,,298257,50,4,,1,70,,298258,50,4,,1,30,,298259,50,4,,1,70,,298260,50,4,,1,30,,298261,50,4,,1,70,,298262,50,4,,1,30,,298263,50,4,,1,70,,298264,50,4,,1,30,,298265,50,4,,1,70,,298266,50,4,,1,30,,298267,50,4,,1,71,,298289,50,4,,1,22,,298268,50,4,,1,60,,298286,50,4,,1,21,,298269,50,4,,1,19,,298270,50,4,,1,60,,298287,50,4,,1,21,,298271,50,4,,1,19,,298288,50,4,,1,60,,298272,50,4,,1,21,,298273,50,4,,1,20,,298274,50,4,,1,69,,298275,50,4,,1,31,,298276,50,4,,1,70,,298277,50,4,,1,30,,298278,50,4,,1,70,,298279,50,4,,1,30,,298280,50,4,,1,81,,298281,50,4,,1,100,,298282,50,4,,1,100,,298283,50,4,,1
91600,'916-Weekday-7-26-09-1111100',614,,298302,50,4,,1,31,,298303,50,4,,1,8,,298344,50,4,,1,49,,298341,50,4,,1,7,,298345,50,4,,1,8,,298304,50,4,,1,7,,298346,50,4,,1,8,,298335,50,4,,1,7,,298347,50,4,,1,8,,298305,50,4,,1,7,,298348,50,4,,1,48,,298306,50,4,,1,7,,298349,50,4,,1,8,,298336,50,4,,1,7,,298342,50,4,,1,8,,298343,50,4,,1,7,,298351,50,4,,1,18,,298350,50,4,,1,68,,298307,50,4,,1,31,,298308,50,4,,1,70,,298309,50,4,,1,30,,298310,50,4,,1,70,,298311,50,4,,1,30,,298312,50,4,,1,70,,298313,50,4,,1,30,,298314,50,4,,1,70,,298315,50,4,,1,30,,298316,50,4,,1,70,,298317,50,4,,1,30,,298318,50,4,,1,71,,298340,50,4,,1,22,,298319,50,4,,1,60,,298337,50,4,,1,21,,298320,50,4,,1,19,,298321,50,4,,1,60,,298338,50,4,,1,21,,298322,50,4,,1,19,,298339,50,4,,1,60,,298323,50,4,,1,21,,298324,50,4,,1,20,,298325,50,4,,1,69,,298326,50,4,,1,31,,298327,50,4,,1,70,,298328,50,4,,1,30,,298329,50,4,,1,70,,298330,50,4,,1,30,,298331,50,4,,1,81,,298332,50,4,,1,100,,298333,50,4,,1,100,,298334,50,4,,1
91600,'916-Saturday-1-26-09-0000010',633,,298352,50,4,,1,100,,298353,50,4,,1,100,,298354,50,4,,1,71,,298355,50,4,,1,31,,298356,50,4,,1,72,,298357,50,4,,1,30,,298358,50,4,,1,70,,298359,50,4,,1,30,,298360,50,4,,1,70,,298361,50,4,,1,30,,298362,50,4,,1,70,,298363,50,4,,1,30,,298364,50,4,,1,70,,298365,50,4,,1,30,,298366,50,4,,1,70,,298367,50,4,,1,30,,298368,50,4,,1,70,,298369,50,4,,1,30,,298370,50,4,,1,69,,298371,50,4,,1,28,,298372,50,4,,1,70,,298373,50,4,,1,30,,298374,50,4,,1,70,,298375,50,4,,1,30,,298376,50,4,,1,100,,298377,50,4,,1,100,,298378,50,4,,1,100,,298379,50,4,,1,100,,298380,50,4,,1
91600,'916-Sunday-1-26-09-0000001',634,,298381,50,4,,1,100,,298382,50,4,,1,100,,298383,50,4,,1,98,,298384,50,4,,1,102,,298385,50,4,,1,70,,298386,50,4,,1,30,,298387,50,4,,1,70,,298388,50,4,,1,30,,298389,50,4,,1,70,,298390,50,4,,1,30,,298391,50,4,,1,70,,298392,50,4,,1,30,,298393,50,4,,1,70,,298394,50,4,,1,30,,298395,50,4,,1,70,,298396,50,4,,1,30,,298397,50,4,,1,70,,298398,50,4,,1,26,,298399,50,4,,1,28,,298400,50,4,,1,70,,298401,50,4,,1,30,,298402,50,4,,1,77,,298403,50,4,,1,100,,298404,50,4,,1,100,,298405,50,4,,1,100,,298406,50,4,,1,100,,298407,50,4,,1
91601,'916-Weekday-1-26-09-0001000',1211,,298408,1,,,1
91601,'916-Weekday-1-26-09-1110100',1508,,298410,1,,,1,102,,298409,1,,,1
91601,'916-Weekday-1-26-09-1111100',535,,298411,1,,,1,70,,298449,1,,,1,15,,298439,1,,,1,15,,298454,1,,,1,15,,298440,1,,,1,55,,298441,1,,,1,15,,298442,1,,,1,15,,298455,1,,,1,15,,298443,1,,,1,55,,298448,1,,,1,30,,298447,1,,,1,70,,298412,1,,,1,30,,298413,1,,,1,70,,298414,1,,,1,30,,298415,1,,,1,70,,298416,1,,,1,30,,298417,1,,,1,70,,298418,1,,,1,30,,298419,1,,,1,70,,298420,1,,,1,30,,298421,1,,,1,70,,298422,1,,,1,30,,298423,1,,,1,70,,298424,1,,,1,12,,298425,1,,,1,12,,298444,1,,,1,12,,298426,1,,,1,12,,298427,1,,,1,52,,298456,1,,,1,12,,298428,1,,,1,12,,298445,1,,,1,12,,298429,1,,,1,12,,298430,1,,,1,52,,298457,1,,,1,12,,298431,1,,,1,12,,298450,1,,,1,30,,298451,1,,,1,70,,298432,1,,,1,30,,298433,1,,,1,70,,298434,1,,,1,30,,298435,1,,,1,70,,298436,1,,,1,30,,298437,1,,,1,70,,298438,1,,,1,30,,298452,1,,,1,100,,298446,1,,,1,100,,298453,1,,,1
91601,'916-Weekday-3-26-09-1110100',1508,,298506,1,,,1
91601,'916-Weekday-3-26-09-1111100',535,,298507,1,,,1,70,,298545,1,,,1,15,,298535,1,,,1,15,,298550,1,,,1,15,,298536,1,,,1,55,,298537,1,,,1,15,,298538,1,,,1,15,,298551,1,,,1,15,,298539,1,,,1,55,,298544,1,,,1,30,,298543,1,,,1,70,,298508,1,,,1,30,,298509,1,,,1,70,,298510,1,,,1,30,,298511,1,,,1,70,,298512,1,,,1,30,,298513,1,,,1,70,,298514,1,,,1,30,,298515,1,,,1,70,,298516,1,,,1,30,,298517,1,,,1,70,,298518,1,,,1,30,,298519,1,,,1,70,,298520,1,,,1,12,,298521,1,,,1,12,,298540,1,,,1,12,,298522,1,,,1,12,,298523,1,,,1,52,,298552,1,,,1,12,,298524,1,,,1,12,,298541,1,,,1,12,,298525,1,,,1,12,,298526,1,,,1,52,,298553,1,,,1,12,,298527,1,,,1,12,,298546,1,,,1,30,,298547,1,,,1,70,,298528,1,,,1,30,,298529,1,,,1,70,,298530,1,,,1,30,,298531,1,,,1,70,,298532,1,,,1,30,,298533,1,,,1,70,,298534,1,,,1,30,,298548,1,,,1,100,,298542,1,,,1,100,,298549,1,,,1
91601,'916-Weekday-4-26-09-1111100',535,,298554,1,,,1,70,,298592,1,,,1,15,,298582,1,,,1,15,,298597,1,,,1,15,,298583,1,,,1,55,,298584,1,,,1,15,,298585,1,,,1,15,,298598,1,,,1,15,,298586,1,,,1,55,,298591,1,,,1,30,,298590,1,,,1,70,,298555,1,,,1,30,,298556,1,,,1,70,,298557,1,,,1,30,,298558,1,,,1,70,,298559,1,,,1,30,,298560,1,,,1,70,,298561,1,,,1,30,,298562,1,,,1,70,,298563,1,,,1,30,,298564,1,,,1,70,,298565,1,,,1,30,,298566,1,,,1,70,,298567,1,,,1,12,,298568,1,,,1,12,,298587,1,,,1,12,,298569,1,,,1,12,,298570,1,,,1,52,,298599,1,,,1,12,,298571,1,,,1,12,,298588,1,,,1,12,,298572,1,,,1,12,,298573,1,,,1,52,,298600,1,,,1,12,,298574,1,,,1,12,,298593,1,,,1,30,,298594,1,,,1,70,,298575,1,,,1,30,,298576,1,,,1,70,,298577,1,,,1,30,,298578,1,,,1,70,,298579,1,,,1,30,,298580,1,,,1,70,,298581,1,,,1,30,,298595,1,,,1,100,,298589,1,,,1,100,,298596,1,,,1
91601,'916-Weekday-5-26-09-1111100',535,,298601,1,,,1,70,,298639,1,,,1,15,,298629,1,,,1,15,,298644,1,,,1,15,,298630,1,,,1,55,,298631,1,,,1,15,,298632,1,,,1,15,,298645,1,,,1,15,,298633,1,,,1,55,,298638,1,,,1,30,,298637,1,,,1,70,,298602,1,,,1,30,,298603,1,,,1,70,,298604,1,,,1,30,,298605,1,,,1,70,,298606,1,,,1,30,,298607,1,,,1,70,,298608,1,,,1,30,,298609,1,,,1,70,,298610,1,,,1,30,,298611,1,,,1,70,,298612,1,,,1,30,,298613,1,,,1,70,,298614,1,,,1,12,,298615,1,,,1,12,,298634,1,,,1,12,,298616,1,,,1,12,,298617,1,,,1,52,,298646,1,,,1,12,,298618,1,,,1,12,,298635,1,,,1,12,,298619,1,,,1,12,,298620,1,,,1,52,,298647,1,,,1,12,,298621,1,,,1,12,,298640,1,,,1,30,,298641,1,,,1,70,,298622,1,,,1,30,,298623,1,,,1,70,,298624,1,,,1,30,,298625,1,,,1,70,,298626,1,,,1,30,,298627,1,,,1,70,,298628,1,,,1,30,,298642,1,,,1,100,,298636,1,,,1,100,,298643,1,,,1
91601,'916-Weekday-6-26-09-1110100',1508,,298649,1,,,1,102,,298648,1,,,1
91601,'916-Weekday-6-26-09-1111100',535,,298650,1,,,1,70,,298688,1,,,1,15,,298678,1,,,1,15,,298693,1,,,1,15,,298679,1,,,1,55,,298680,1,,,1,15,,298681,1,,,1,15,,298694,1,,,1,15,,298682,1,,,1,55,,298687,1,,,1,30,,298686,1,,,1,70,,298651,1,,,1,30,,298652,1,,,1,70,,298653,1,,,1,30,,298654,1,,,1,70,,298655,1,,,1,30,,298656,1,,,1,70,,298657,1,,,1,30,,298658,1,,,1,70,,298659,1,,,1,30,,298660,1,,,1,70,,298661,1,,,1,30,,298662,1,,,1,70,,298663,1,,,1,12,,298664,1,,,1,12,,298683,1,,,1,12,,298665,1,,,1,12,,298666,1,,,1,52,,298695,1,,,1,12,,298667,1,,,1,12,,298684,1,,,1,12,,298668,1,,,1,12,,298669,1,,,1,52,,298696,1,,,1,12,,298670,1,,,1,12,,298689,1,,,1,30,,298690,1,,,1,70,,298671,1,,,1,30,,298672,1,,,1,70,,298673,1,,,1,30,,298674,1,,,1,70,,298675,1,,,1,30,,298676,1,,,1,70,,298677,1,,,1,30,,298691,1,,,1,100,,298685,1,,,1,100,,298692,1,,,1
91601,'916-Weekday-7-26-09-1111100',535,,298697,1,,,1,70,,298735,1,,,1,15,,298725,1,,,1,15,,298740,1,,,1,15,,298726,1,,,1,55,,298727,1,,,1,15,,298728,1,,,1,15,,298741,1,,,1,15,,298729,1,,,1,55,,298734,1,,,1,30,,298733,1,,,1,70,,298698,1,,,1,30,,298699,1,,,1,70,,298700,1,,,1,30,,298701,1,,,1,70,,298702,1,,,1,30,,298703,1,,,1,70,,298704,1,,,1,30,,298705,1,,,1,70,,298706,1,,,1,30,,298707,1,,,1,70,,298708,1,,,1,30,,298709,1,,,1,70,,298710,1,,,1,12,,298711,1,,,1,12,,298730,1,,,1,12,,298712,1,,,1,12,,298713,1,,,1,52,,298742,1,,,1,12,,298714,1,,,1,12,,298731,1,,,1,12,,298715,1,,,1,12,,298716,1,,,1,52,,298743,1,,,1,12,,298717,1,,,1,12,,298736,1,,,1,30,,298737,1,,,1,70,,298718,1,,,1,30,,298719,1,,,1,70,,298720,1,,,1,30,,298721,1,,,1,70,,298722,1,,,1,30,,298723,1,,,1,70,,298724,1,,,1,30,,298738,1,,,1,100,,298732,1,,,1,100,,298739,1,,,1
91601,'916-Saturday-1-26-09-0000010',637,,298744,1,,,1,100,,298745,1,,,1,70,,298746,1,,,1,30,,298747,1,,,1,72,,298748,1,,,1,32,,298749,1,,,1,72,,298750,1,,,1,30,,298751,1,,,1,70,,298752,1,,,1,30,,298753,1,,,1,70,,298754,1,,,1,30,,298755,1,,,1,70,,298756,1,,,1,30,,298757,1,,,1,70,,298758,1,,,1,30,,298759,1,,,1,70,,298760,1,,,1,30,,298761,1,,,1,70,,298762,1,,,1,30,,298763,1,,,1,70,,298764,1,,,1,30,,298765,1,,,1,70,,298772,1,,,1,30,,298773,1,,,1,65,,298766,1,,,1,100,,298767,1,,,1,100,,298768,1,,,1,100,,298769,1,,,1,100,,298770,1,,,1,100,,298771,1,,,1
91601,'916-Sunday-1-26-09-0000001',638,,298774,1,,,1,100,,298775,1,,,1,100,,298776,1,,,1,99,,298798,1,,,1,101,,298777,1,,,1,70,,298778,1,,,1,30,,298779,1,,,1,70,,298780,1,,,1,30,,298781,1,,,1,70,,298782,1,,,1,30,,298783,1,,,1,70,,298784,1,,,1,30,,298785,1,,,1,70,,298786,1,,,1,30,,298787,1,,,1,70,,298788,1,,,1,30,,298789,1,,,1,70,,298799,1,,,1,26,,298800,1,,,1,68,,298790,1,,,1,30,,298791,1,,,1,70,,298792,1,,,1,37,,298793,1,,,1,100,,298794,1,,,1,100,,298795,1,,,1,100,,298796,1,,,1,100,,298797,1,,,1
91700,'917-Weekday-1-26-09-1111100',530,,298801,46,4,,1,70,,298802,46,4,,1,30,,298838,46,4,,1,18,,298836,46,4,,1,58,,298842,46,4,,1,15,,298803,46,4,,1,15,,298804,46,4,,1,15,,298829,46,4,,1,55,,298840,46,4,,1,15,,298805,46,4,,1,15,,298806,46,4,,1,15,,298830,46,4,,1,54,,298843,46,4,,1,14,,298839,46,4,,1,17,,298841,46,4,,1,70,,298807,46,4,,1,30,,298808,46,4,,1,70,,298809,46,4,,1,30,,298810,46,4,,1,70,,298811,46,4,,1,30,,298812,46,4,,1,70,,298813,46,4,,1,30,,298814,46,4,,1,70,,298815,46,4,,1,30,,298826,46,4,,1,71,,298831,46,4,,1,33,,298832,46,4,,1,69,,298833,46,4,,1,30,,298816,46,4,,1,70,,298834,46,4,,1,30,,298835,46,4,,1,70,,298828,46,4,,1,29,,298817,46,4,,1,65,,298818,46,4,,1,32,,298819,46,4,,1,69,,298820,46,4,,1,30,,298821,46,4,,1,70,,298822,46,4,,1,30,,298823,46,4,,1,70,,298824,46,4,,1,27,,298837,46,4,,1,100,,298827,46,4,,1,100,,298825,46,4,,1
91700,'917-Weekday-3-26-09-1111100',530,,298887,46,4,,1,70,,298888,46,4,,1,30,,298924,46,4,,1,18,,298922,46,4,,1,58,,298928,46,4,,1,15,,298889,46,4,,1,15,,298890,46,4,,1,15,,298915,46,4,,1,55,,298926,46,4,,1,15,,298891,46,4,,1,15,,298892,46,4,,1,15,,298916,46,4,,1,54,,298929,46,4,,1,14,,298925,46,4,,1,17,,298927,46,4,,1,70,,298893,46,4,,1,30,,298894,46,4,,1,70,,298895,46,4,,1,30,,298896,46,4,,1,70,,298897,46,4,,1,30,,298898,46,4,,1,70,,298899,46,4,,1,30,,298900,46,4,,1,70,,298901,46,4,,1,30,,298912,46,4,,1,71,,298917,46,4,,1,33,,298918,46,4,,1,69,,298919,46,4,,1,30,,298902,46,4,,1,70,,298920,46,4,,1,30,,298921,46,4,,1,70,,298914,46,4,,1,29,,298903,46,4,,1,65,,298904,46,4,,1,32,,298905,46,4,,1,69,,298906,46,4,,1,30,,298907,46,4,,1,70,,298908,46,4,,1,30,,298909,46,4,,1,70,,298910,46,4,,1,27,,298923,46,4,,1,100,,298913,46,4,,1,100,,298911,46,4,,1
91700,'917-Weekday-4-26-09-1111100',530,,298930,46,4,,1,70,,298931,46,4,,1,30,,298967,46,4,,1,18,,298965,46,4,,1,58,,298971,46,4,,1,15,,298932,46,4,,1,15,,298933,46,4,,1,15,,298958,46,4,,1,55,,298969,46,4,,1,15,,298934,46,4,,1,15,,298935,46,4,,1,15,,298959,46,4,,1,54,,298972,46,4,,1,14,,298968,46,4,,1,17,,298970,46,4,,1,70,,298936,46,4,,1,30,,298937,46,4,,1,70,,298938,46,4,,1,30,,298939,46,4,,1,70,,298940,46,4,,1,30,,298941,46,4,,1,70,,298942,46,4,,1,30,,298943,46,4,,1,70,,298944,46,4,,1,30,,298955,46,4,,1,71,,298960,46,4,,1,33,,298961,46,4,,1,69,,298962,46,4,,1,30,,298945,46,4,,1,70,,298963,46,4,,1,30,,298964,46,4,,1,70,,298957,46,4,,1,29,,298946,46,4,,1,65,,298947,46,4,,1,32,,298948,46,4,,1,69,,298949,46,4,,1,30,,298950,46,4,,1,70,,298951,46,4,,1,30,,298952,46,4,,1,70,,298953,46,4,,1,27,,298966,46,4,,1,100,,298956,46,4,,1,100,,298954,46,4,,1
91700,'917-Weekday-5-26-09-1111100',530,,298973,46,4,,1,70,,298974,46,4,,1,30,,299010,46,4,,1,18,,299008,46,4,,1,58,,299014,46,4,,1,15,,298975,46,4,,1,15,,298976,46,4,,1,15,,299001,46,4,,1,55,,299012,46,4,,1,15,,298977,46,4,,1,15,,298978,46,4,,1,15,,299002,46,4,,1,54,,299015,46,4,,1,14,,299011,46,4,,1,17,,299013,46,4,,1,70,,298979,46,4,,1,30,,298980,46,4,,1,70,,298981,46,4,,1,30,,298982,46,4,,1,70,,298983,46,4,,1,30,,298984,46,4,,1,70,,298985,46,4,,1,30,,298986,46,4,,1,70,,298987,46,4,,1,30,,298998,46,4,,1,71,,299003,46,4,,1,33,,299004,46,4,,1,69,,299005,46,4,,1,30,,298988,46,4,,1,70,,299006,46,4,,1,30,,299007,46,4,,1,70,,299000,46,4,,1,29,,298989,46,4,,1,65,,298990,46,4,,1,32,,298991,46,4,,1,69,,298992,46,4,,1,30,,298993,46,4,,1,70,,298994,46,4,,1,30,,298995,46,4,,1,70,,298996,46,4,,1,27,,299009,46,4,,1,100,,298999,46,4,,1,100,,298997,46,4,,1
91700,'917-Weekday-6-26-09-1111100',530,,299016,46,4,,1,70,,299017,46,4,,1,30,,299053,46,4,,1,18,,299051,46,4,,1,58,,299057,46,4,,1,15,,299018,46,4,,1,15,,299019,46,4,,1,15,,299044,46,4,,1,55,,299055,46,4,,1,15,,299020,46,4,,1,15,,299021,46,4,,1,15,,299045,46,4,,1,54,,299058,46,4,,1,14,,299054,46,4,,1,17,,299056,46,4,,1,70,,299022,46,4,,1,30,,299023,46,4,,1,70,,299024,46,4,,1,30,,299025,46,4,,1,70,,299026,46,4,,1,30,,299027,46,4,,1,70,,299028,46,4,,1,30,,299029,46,4,,1,70,,299030,46,4,,1,30,,299041,46,4,,1,71,,299046,46,4,,1,33,,299047,46,4,,1,69,,299048,46,4,,1,30,,299031,46,4,,1,70,,299049,46,4,,1,30,,299050,46,4,,1,70,,299043,46,4,,1,29,,299032,46,4,,1,65,,299033,46,4,,1,32,,299034,46,4,,1,69,,299035,46,4,,1,30,,299036,46,4,,1,70,,299037,46,4,,1,30,,299038,46,4,,1,70,,299039,46,4,,1,27,,299052,46,4,,1,100,,299042,46,4,,1,100,,299040,46,4,,1
91700,'917-Weekday-7-26-09-1111100',530,,299059,46,4,,1,70,,299060,46,4,,1,30,,299096,46,4,,1,18,,299094,46,4,,1,58,,299100,46,4,,1,15,,299061,46,4,,1,15,,299062,46,4,,1,15,,299087,46,4,,1,55,,299098,46,4,,1,15,,299063,46,4,,1,15,,299064,46,4,,1,15,,299088,46,4,,1,54,,299101,46,4,,1,14,,299097,46,4,,1,17,,299099,46,4,,1,70,,299065,46,4,,1,30,,299066,46,4,,1,70,,299067,46,4,,1,30,,299068,46,4,,1,70,,299069,46,4,,1,30,,299070,46,4,,1,70,,299071,46,4,,1,30,,299072,46,4,,1,70,,299073,46,4,,1,30,,299084,46,4,,1,71,,299089,46,4,,1,33,,299090,46,4,,1,69,,299091,46,4,,1,30,,299074,46,4,,1,70,,299092,46,4,,1,30,,299093,46,4,,1,70,,299086,46,4,,1,29,,299075,46,4,,1,65,,299076,46,4,,1,32,,299077,46,4,,1,69,,299078,46,4,,1,30,,299079,46,4,,1,70,,299080,46,4,,1,30,,299081,46,4,,1,70,,299082,46,4,,1,27,,299095,46,4,,1,100,,299085,46,4,,1,100,,299083,46,4,,1
91700,'917-Saturday-1-26-09-0000010',618,,299102,46,4,,1,100,,299103,46,4,,1,100,,299127,46,4,,1,30,,299128,46,4,,1,70,,299129,46,4,,1,30,,299105,46,4,,1,70,,299106,46,4,,1,30,,299107,46,4,,1,70,,299108,46,4,,1,30,,299109,46,4,,1,70,,299110,46,4,,1,30,,299111,46,4,,1,70,,299112,46,4,,1,30,,299113,46,4,,1,70,,299114,46,4,,1,30,,299115,46,4,,1,70,,299116,46,4,,1,30,,299117,46,4,,1,70,,299118,46,4,,1,30,,299119,46,4,,1,70,,299123,46,4,,1,30,,299124,46,4,,1,70,,299125,46,4,,1,30,,299104,46,4,,1,70,,299120,46,4,,1,30,,299126,46,4,,1,100,,299122,46,4,,1,100,,299121,46,4,,1
91700,'917-Sunday-1-26-09-0000001',615,,299130,46,4,,1,100,,299131,46,4,,1,100,,299132,46,4,,1,100,,299133,46,4,,1,103,,299134,46,4,,1,30,,299135,46,4,,1,70,,299136,46,4,,1,30,,299137,46,4,,1,70,,299138,46,4,,1,30,,299139,46,4,,1,70,,299140,46,4,,1,30,,299141,46,4,,1,70,,299142,46,4,,1,30,,299143,46,4,,1,70,,299144,46,4,,1,30,,299145,46,4,,1,70,,299146,46,4,,1,30,,299147,46,4,,1,71,,299148,46,4,,1,30,,299149,46,4,,1,70,,299150,46,4,,1,30,,299151,46,4,,1,70,,299152,46,4,,1,100,,299153,46,4,,1,100,,299154,46,4,,1
91701,'917-Weekday-1-26-09-0001000',1452,,299155,1,,,1
91701,'917-Weekday-1-26-09-1111100',457,,299156,1,,,1,70,,299157,1,,,1,30,,299190,1,,,1,70,,299192,1,,,1,30,,299191,1,,,1,70,,299158,1,,,1,30,,299186,1,,,1,70,,299159,1,,,1,29,,299194,1,,,1,70,,299160,1,,,1,30,,299161,1,,,1,70,,299162,1,,,1,30,,299163,1,,,1,70,,299164,1,,,1,30,,299165,1,,,1,70,,299166,1,,,1,30,,299167,1,,,1,70,,299168,1,,,1,30,,299169,1,,,1,70,,299170,1,,,1,32,,299171,1,,,1,55,,299198,1,,,1,15,,299189,1,,,1,15,,299172,1,,,1,15,,299197,1,,,1,55,,299173,1,,,1,15,,299187,1,,,1,15,,299174,1,,,1,15,,299196,1,,,1,55,,299175,1,,,1,15,,299188,1,,,1,15,,299195,1,,,1,15,,299183,1,,,1,69,,299176,1,,,1,30,,299177,1,,,1,70,,299178,1,,,1,30,,299179,1,,,1,70,,299180,1,,,1,30,,299181,1,,,1,70,,299182,1,,,1,30,,299193,1,,,1,100,,299184,1,,,1,100,,299185,1,,,1
91701,'917-Weekday-3-26-09-1111100',457,,299242,1,,,1,70,,299243,1,,,1,30,,299276,1,,,1,70,,299278,1,,,1,30,,299277,1,,,1,70,,299244,1,,,1,30,,299272,1,,,1,70,,299245,1,,,1,29,,299280,1,,,1,70,,299246,1,,,1,30,,299247,1,,,1,70,,299248,1,,,1,30,,299249,1,,,1,70,,299250,1,,,1,30,,299251,1,,,1,70,,299252,1,,,1,30,,299253,1,,,1,70,,299254,1,,,1,30,,299255,1,,,1,70,,299256,1,,,1,32,,299257,1,,,1,55,,299284,1,,,1,15,,299275,1,,,1,15,,299258,1,,,1,15,,299283,1,,,1,55,,299259,1,,,1,15,,299273,1,,,1,15,,299260,1,,,1,15,,299282,1,,,1,55,,299261,1,,,1,15,,299274,1,,,1,15,,299281,1,,,1,15,,299269,1,,,1,69,,299262,1,,,1,30,,299263,1,,,1,70,,299264,1,,,1,30,,299265,1,,,1,70,,299266,1,,,1,30,,299267,1,,,1,70,,299268,1,,,1,30,,299279,1,,,1,100,,299270,1,,,1,100,,299271,1,,,1
91701,'917-Weekday-4-26-09-1111100',457,,299285,1,,,1,70,,299286,1,,,1,30,,299319,1,,,1,70,,299321,1,,,1,30,,299320,1,,,1,70,,299287,1,,,1,30,,299315,1,,,1,70,,299288,1,,,1,29,,299323,1,,,1,70,,299289,1,,,1,30,,299290,1,,,1,70,,299291,1,,,1,30,,299292,1,,,1,70,,299293,1,,,1,30,,299294,1,,,1,70,,299295,1,,,1,30,,299296,1,,,1,70,,299297,1,,,1,30,,299298,1,,,1,70,,299299,1,,,1,32,,299300,1,,,1,55,,299327,1,,,1,15,,299318,1,,,1,15,,299301,1,,,1,15,,299326,1,,,1,55,,299302,1,,,1,15,,299316,1,,,1,15,,299303,1,,,1,15,,299325,1,,,1,55,,299304,1,,,1,15,,299317,1,,,1,15,,299324,1,,,1,15,,299312,1,,,1,69,,299305,1,,,1,30,,299306,1,,,1,70,,299307,1,,,1,30,,299308,1,,,1,70,,299309,1,,,1,30,,299310,1,,,1,70,,299311,1,,,1,30,,299322,1,,,1,100,,299313,1,,,1,100,,299314,1,,,1
91701,'917-Weekday-5-26-09-1111100',457,,299328,1,,,1,70,,299329,1,,,1,30,,299362,1,,,1,70,,299364,1,,,1,30,,299363,1,,,1,70,,299330,1,,,1,30,,299358,1,,,1,70,,299331,1,,,1,29,,299366,1,,,1,70,,299332,1,,,1,30,,299333,1,,,1,70,,299334,1,,,1,30,,299335,1,,,1,70,,299336,1,,,1,30,,299337,1,,,1,70,,299338,1,,,1,30,,299339,1,,,1,70,,299340,1,,,1,30,,299341,1,,,1,70,,299342,1,,,1,32,,299343,1,,,1,55,,299370,1,,,1,15,,299361,1,,,1,15,,299344,1,,,1,15,,299369,1,,,1,55,,299345,1,,,1,15,,299359,1,,,1,15,,299346,1,,,1,15,,299368,1,,,1,55,,299347,1,,,1,15,,299360,1,,,1,15,,299367,1,,,1,15,,299355,1,,,1,69,,299348,1,,,1,30,,299349,1,,,1,70,,299350,1,,,1,30,,299351,1,,,1,70,,299352,1,,,1,30,,299353,1,,,1,70,,299354,1,,,1,30,,299365,1,,,1,100,,299356,1,,,1,100,,299357,1,,,1
91701,'917-Weekday-6-26-09-1111100',457,,299371,1,,,1,70,,299372,1,,,1,30,,299405,1,,,1,70,,299407,1,,,1,30,,299406,1,,,1,70,,299373,1,,,1,30,,299401,1,,,1,70,,299374,1,,,1,29,,299409,1,,,1,70,,299375,1,,,1,30,,299376,1,,,1,70,,299377,1,,,1,30,,299378,1,,,1,70,,299379,1,,,1,30,,299380,1,,,1,70,,299381,1,,,1,30,,299382,1,,,1,70,,299383,1,,,1,30,,299384,1,,,1,70,,299385,1,,,1,32,,299386,1,,,1,55,,299413,1,,,1,15,,299404,1,,,1,15,,299387,1,,,1,15,,299412,1,,,1,55,,299388,1,,,1,15,,299402,1,,,1,15,,299389,1,,,1,15,,299411,1,,,1,55,,299390,1,,,1,15,,299403,1,,,1,15,,299410,1,,,1,15,,299398,1,,,1,69,,299391,1,,,1,30,,299392,1,,,1,70,,299393,1,,,1,30,,299394,1,,,1,70,,299395,1,,,1,30,,299396,1,,,1,70,,299397,1,,,1,30,,299408,1,,,1,100,,299399,1,,,1,100,,299400,1,,,1
91701,'917-Weekday-7-26-09-1111100',457,,299414,1,,,1,70,,299415,1,,,1,30,,299448,1,,,1,70,,299450,1,,,1,30,,299449,1,,,1,70,,299416,1,,,1,30,,299444,1,,,1,70,,299417,1,,,1,29,,299452,1,,,1,70,,299418,1,,,1,30,,299419,1,,,1,70,,299420,1,,,1,30,,299421,1,,,1,70,,299422,1,,,1,30,,299423,1,,,1,70,,299424,1,,,1,30,,299425,1,,,1,70,,299426,1,,,1,30,,299427,1,,,1,70,,299428,1,,,1,32,,299429,1,,,1,55,,299456,1,,,1,15,,299447,1,,,1,15,,299430,1,,,1,15,,299455,1,,,1,55,,299431,1,,,1,15,,299445,1,,,1,15,,299432,1,,,1,15,,299454,1,,,1,55,,299433,1,,,1,15,,299446,1,,,1,15,,299453,1,,,1,15,,299441,1,,,1,69,,299434,1,,,1,30,,299435,1,,,1,70,,299436,1,,,1,30,,299437,1,,,1,70,,299438,1,,,1,30,,299439,1,,,1,70,,299440,1,,,1,30,,299451,1,,,1,100,,299442,1,,,1,100,,299443,1,,,1
91701,'917-Saturday-1-26-09-0000010',622,,299457,1,,,1,100,,299458,1,,,1,30,,299469,1,,,1,70,,299470,1,,,1,30,,299459,1,,,1,70,,299460,1,,,1,30,,299461,1,,,1,70,,299462,1,,,1,30,,299463,1,,,1,70,,299464,1,,,1,30,,299465,1,,,1,72,,299471,1,,,1,30,,299472,1,,,1,70,,299473,1,,,1,30,,299474,1,,,1,70,,299475,1,,,1,30,,299476,1,,,1,70,,299477,1,,,1,30,,299478,1,,,1,70,,299479,1,,,1,30,,299480,1,,,1,70,,299481,1,,,1,30,,299482,1,,,1,70,,299483,1,,,1,30,,299484,1,,,1,100,,299466,1,,,1,100,,299467,1,,,1,100,,299468,1,,,1
91701,'917-Sunday-1-26-09-0000001',619,,299485,1,,,1,100,,299486,1,,,1,100,,299487,1,,,1,100,,299488,1,,,1,103,,299489,1,,,1,30,,299490,1,,,1,70,,299491,1,,,1,30,,299492,1,,,1,70,,299493,1,,,1,30,,299494,1,,,1,70,,299495,1,,,1,30,,299496,1,,,1,70,,299497,1,,,1,30,,299498,1,,,1,70,,299499,1,,,1,30,,299500,1,,,1,70,,299501,1,,,1,30,,299502,1,,,1,71,,299508,1,,,1,30,,299507,1,,,1,70,,299503,1,,,1,30,,299504,1,,,1,70,,299505,1,,,1,100,,299506,1,,,1
92300,'923-Weekday-1-26-09-1111100',631,,302115,25,4,,1,69,,302116,25,4,,1,30,,302117,25,4,,1,70,,302118,25,4,,1,30,,302119,25,4,,1,70,,302120,25,4,,1,30,,302121,25,4,,1,70,,302131,25,4,,1,30,,302132,25,4,,1,70,,302133,25,4,,1,30,,302134,25,4,,1,70,,302135,25,4,,1,30,,302136,25,4,,1,70,,302137,25,4,,1,30,,302138,25,4,,1,70,,302139,25,4,,1,30,,302140,25,4,,1,72,,302129,25,4,,1,32,,302123,25,4,,1,70,,302124,25,4,,1,30,,302125,25,4,,1,70,,302122,25,4,,1,30,,302126,25,4,,1,70,,302127,25,4,,1,30,,302128,25,4,,1,67,,302130,25,4,,1,28,,302141,25,4,,1,30,,302142,25,4,,1,70,,302143,25,4,,1,30,,302144,25,4,,1,70,,302145,25,4,,1,30,,302146,25,4,,1,70,,302147,25,4,,1
92300,'923-Weekday-3-26-09-1111100',631,,302181,25,4,,1,69,,302182,25,4,,1,30,,302183,25,4,,1,70,,302184,25,4,,1,30,,302185,25,4,,1,70,,302186,25,4,,1,30,,302187,25,4,,1,70,,302197,25,4,,1,30,,302198,25,4,,1,70,,302199,25,4,,1,30,,302200,25,4,,1,70,,302201,25,4,,1,30,,302202,25,4,,1,70,,302203,25,4,,1,30,,302204,25,4,,1,70,,302205,25,4,,1,30,,302206,25,4,,1,72,,302195,25,4,,1,32,,302189,25,4,,1,70,,302190,25,4,,1,30,,302191,25,4,,1,70,,302188,25,4,,1,30,,302192,25,4,,1,70,,302193,25,4,,1,30,,302194,25,4,,1,67,,302196,25,4,,1,28,,302207,25,4,,1,30,,302208,25,4,,1,70,,302209,25,4,,1,30,,302210,25,4,,1,70,,302211,25,4,,1,30,,302212,25,4,,1,70,,302213,25,4,,1
92300,'923-Weekday-4-26-09-1111100',631,,302214,25,4,,1,69,,302215,25,4,,1,30,,302216,25,4,,1,70,,302217,25,4,,1,30,,302218,25,4,,1,70,,302219,25,4,,1,30,,302220,25,4,,1,70,,302230,25,4,,1,30,,302231,25,4,,1,70,,302232,25,4,,1,30,,302233,25,4,,1,70,,302234,25,4,,1,30,,302235,25,4,,1,70,,302236,25,4,,1,30,,302237,25,4,,1,70,,302238,25,4,,1,30,,302239,25,4,,1,72,,302228,25,4,,1,32,,302222,25,4,,1,70,,302223,25,4,,1,30,,302224,25,4,,1,70,,302221,25,4,,1,30,,302225,25,4,,1,70,,302226,25,4,,1,30,,302227,25,4,,1,67,,302229,25,4,,1,28,,302240,25,4,,1,30,,302241,25,4,,1,70,,302242,25,4,,1,30,,302243,25,4,,1,70,,302244,25,4,,1,30,,302245,25,4,,1,70,,302246,25,4,,1
92300,'923-Weekday-5-26-09-1111100',631,,302247,25,4,,1,69,,302248,25,4,,1,30,,302249,25,4,,1,70,,302250,25,4,,1,30,,302251,25,4,,1,70,,302252,25,4,,1,30,,302253,25,4,,1,70,,302263,25,4,,1,30,,302264,25,4,,1,70,,302265,25,4,,1,30,,302266,25,4,,1,70,,302267,25,4,,1,30,,302268,25,4,,1,70,,302269,25,4,,1,30,,302270,25,4,,1,70,,302271,25,4,,1,30,,302272,25,4,,1,72,,302261,25,4,,1,32,,302255,25,4,,1,70,,302256,25,4,,1,30,,302257,25,4,,1,70,,302254,25,4,,1,30,,302258,25,4,,1,70,,302259,25,4,,1,30,,302260,25,4,,1,67,,302262,25,4,,1,28,,302273,25,4,,1,30,,302274,25,4,,1,70,,302275,25,4,,1,30,,302276,25,4,,1,70,,302277,25,4,,1,30,,302278,25,4,,1,70,,302279,25,4,,1
92300,'923-Weekday-6-26-09-1111100',631,,302280,25,4,,1,69,,302281,25,4,,1,30,,302282,25,4,,1,70,,302283,25,4,,1,30,,302284,25,4,,1,70,,302285,25,4,,1,30,,302286,25,4,,1,70,,302296,25,4,,1,30,,302297,25,4,,1,70,,302298,25,4,,1,30,,302299,25,4,,1,70,,302300,25,4,,1,30,,302301,25,4,,1,70,,302302,25,4,,1,30,,302303,25,4,,1,70,,302304,25,4,,1,30,,302305,25,4,,1,72,,302294,25,4,,1,32,,302288,25,4,,1,70,,302289,25,4,,1,30,,302290,25,4,,1,70,,302287,25,4,,1,30,,302291,25,4,,1,70,,302292,25,4,,1,30,,302293,25,4,,1,67,,302295,25,4,,1,28,,302306,25,4,,1,30,,302307,25,4,,1,70,,302308,25,4,,1,30,,302309,25,4,,1,70,,302310,25,4,,1,30,,302311,25,4,,1,70,,302312,25,4,,1
92300,'923-Weekday-7-26-09-1111100',631,,302313,25,4,,1,69,,302314,25,4,,1,30,,302315,25,4,,1,70,,302316,25,4,,1,30,,302317,25,4,,1,70,,302318,25,4,,1,30,,302319,25,4,,1,70,,302329,25,4,,1,30,,302330,25,4,,1,70,,302331,25,4,,1,30,,302332,25,4,,1,70,,302333,25,4,,1,30,,302334,25,4,,1,70,,302335,25,4,,1,30,,302336,25,4,,1,70,,302337,25,4,,1,30,,302338,25,4,,1,72,,302327,25,4,,1,32,,302321,25,4,,1,70,,302322,25,4,,1,30,,302323,25,4,,1,70,,302320,25,4,,1,30,,302324,25,4,,1,70,,302325,25,4,,1,30,,302326,25,4,,1,67,,302328,25,4,,1,28,,302339,25,4,,1,30,,302340,25,4,,1,70,,302341,25,4,,1,30,,302342,25,4,,1,70,,302343,25,4,,1,30,,302344,25,4,,1,70,,302345,25,4,,1
92300,'923-Saturday-1-26-09-0000010',832,,302346,25,4,,1,70,,302347,25,4,,1,34,,302348,25,4,,1,70,,302349,25,4,,1,30,,302350,25,4,,1,70,,302351,25,4,,1,30,,302352,25,4,,1,70,,302353,25,4,,1,30,,302354,25,4,,1,70,,302355,25,4,,1,30,,302356,25,4,,1,70,,302357,25,4,,1,30,,302358,25,4,,1,70,,302359,25,4,,1,30,,302360,25,4,,1,70,,302361,25,4,,1,30,,302362,25,4,,1,70,,302363,25,4,,1,30,,302364,25,4,,1,70,,302365,25,4,,1,30,,302366,25,4,,1,70,,302367,25,4,,1,30,,302368,25,4,,1
92300,'923-Sunday-1-26-09-0000001',1034,,302369,25,4,,1,70,,302370,25,4,,1,30,,302371,25,4,,1,70,,302372,25,4,,1,30,,302373,25,4,,1,70,,302374,25,4,,1,30,,302375,25,4,,1,70,,302376,25,4,,1,30,,302377,25,4,,1,70,,302378,25,4,,1,30,,302379,25,4,,1,70,,302380,25,4,,1,30,,302381,25,4,,1,71,,302382,25,4,,1,31,,302383,25,4,,1,70,,302384,25,4,,1,30,,302385,25,4,,1,70,,302386,25,4,,1,30,,302387,25,4,,1
92301,'923-Weekday-1-26-09-1111100',605,,302388,1,,,1,28,,302389,1,,,1,70,,302390,1,,,1,30,,302391,1,,,1,70,,302392,1,,,1,30,,302393,1,,,1,70,,302394,1,,,1,30,,302404,1,,,1,70,,302405,1,,,1,30,,302406,1,,,1,70,,302407,1,,,1,30,,302408,1,,,1,70,,302409,1,,,1,30,,302410,1,,,1,70,,302411,1,,,1,30,,302412,1,,,1,70,,302413,1,,,1,32,,302402,1,,,1,68,,302395,1,,,1,30,,302396,1,,,1,70,,302397,1,,,1,30,,302398,1,,,1,70,,302399,1,,,1,30,,302400,1,,,1,70,,302401,1,,,1,32,,302403,1,,,1,68,,302414,1,,,1,30,,302415,1,,,1,70,,302416,1,,,1,30,,302417,1,,,1,70,,302418,1,,,1,30,,302419,1,,,1,70,,302420,1,,,1
92301,'923-Weekday-3-26-09-1111100',605,,302454,1,,,1,28,,302455,1,,,1,70,,302456,1,,,1,30,,302457,1,,,1,70,,302458,1,,,1,30,,302459,1,,,1,70,,302460,1,,,1,30,,302470,1,,,1,70,,302471,1,,,1,30,,302472,1,,,1,70,,302473,1,,,1,30,,302474,1,,,1,70,,302475,1,,,1,30,,302476,1,,,1,70,,302477,1,,,1,30,,302478,1,,,1,70,,302479,1,,,1,32,,302468,1,,,1,68,,302461,1,,,1,30,,302462,1,,,1,70,,302463,1,,,1,30,,302464,1,,,1,70,,302465,1,,,1,30,,302466,1,,,1,70,,302467,1,,,1,32,,302469,1,,,1,68,,302480,1,,,1,30,,302481,1,,,1,70,,302482,1,,,1,30,,302483,1,,,1,70,,302484,1,,,1,30,,302485,1,,,1,70,,302486,1,,,1
92301,'923-Weekday-4-26-09-1111100',605,,302487,1,,,1,28,,302488,1,,,1,70,,302489,1,,,1,30,,302490,1,,,1,70,,302491,1,,,1,30,,302492,1,,,1,70,,302493,1,,,1,30,,302503,1,,,1,70,,302504,1,,,1,30,,302505,1,,,1,70,,302506,1,,,1,30,,302507,1,,,1,70,,302508,1,,,1,30,,302509,1,,,1,70,,302510,1,,,1,30,,302511,1,,,1,70,,302512,1,,,1,32,,302501,1,,,1,68,,302494,1,,,1,30,,302495,1,,,1,70,,302496,1,,,1,30,,302497,1,,,1,70,,302498,1,,,1,30,,302499,1,,,1,70,,302500,1,,,1,32,,302502,1,,,1,68,,302513,1,,,1,30,,302514,1,,,1,70,,302515,1,,,1,30,,302516,1,,,1,70,,302517,1,,,1,30,,302518,1,,,1,70,,302519,1,,,1
92301,'923-Weekday-5-26-09-1111100',605,,302520,1,,,1,28,,302521,1,,,1,70,,302522,1,,,1,30,,302523,1,,,1,70,,302524,1,,,1,30,,302525,1,,,1,70,,302526,1,,,1,30,,302536,1,,,1,70,,302537,1,,,1,30,,302538,1,,,1,70,,302539,1,,,1,30,,302540,1,,,1,70,,302541,1,,,1,30,,302542,1,,,1,70,,302543,1,,,1,30,,302544,1,,,1,70,,302545,1,,,1,32,,302534,1,,,1,68,,302527,1,,,1,30,,302528,1,,,1,70,,302529,1,,,1,30,,302530,1,,,1,70,,302531,1,,,1,30,,302532,1,,,1,70,,302533,1,,,1,32,,302535,1,,,1,68,,302546,1,,,1,30,,302547,1,,,1,70,,302548,1,,,1,30,,302549,1,,,1,70,,302550,1,,,1,30,,302551,1,,,1,70,,302552,1,,,1
92301,'923-Weekday-6-26-09-1111100',605,,302553,1,,,1,28,,302554,1,,,1,70,,302555,1,,,1,30,,302556,1,,,1,70,,302557,1,,,1,30,,302558,1,,,1,70,,302559,1,,,1,30,,302569,1,,,1,70,,302570,1,,,1,30,,302571,1,,,1,70,,302572,1,,,1,30,,302573,1,,,1,70,,302574,1,,,1,30,,302575,1,,,1,70,,302576,1,,,1,30,,302577,1,,,1,70,,302578,1,,,1,32,,302567,1,,,1,68,,302560,1,,,1,30,,302561,1,,,1,70,,302562,1,,,1,30,,302563,1,,,1,70,,302564,1,,,1,30,,302565,1,,,1,70,,302566,1,,,1,32,,302568,1,,,1,68,,302579,1,,,1,30,,302580,1,,,1,70,,302581,1,,,1,30,,302582,1,,,1,70,,302583,1,,,1,30,,302584,1,,,1,70,,302585,1,,,1
92301,'923-Weekday-7-26-09-1111100',605,,302586,1,,,1,28,,302587,1,,,1,70,,302588,1,,,1,30,,302589,1,,,1,70,,302590,1,,,1,30,,302591,1,,,1,70,,302592,1,,,1,30,,302602,1,,,1,70,,302603,1,,,1,30,,302604,1,,,1,70,,302605,1,,,1,30,,302606,1,,,1,70,,302607,1,,,1,30,,302608,1,,,1,70,,302609,1,,,1,30,,302610,1,,,1,70,,302611,1,,,1,32,,302600,1,,,1,68,,302593,1,,,1,30,,302594,1,,,1,70,,302595,1,,,1,30,,302596,1,,,1,70,,302597,1,,,1,30,,302598,1,,,1,70,,302599,1,,,1,32,,302601,1,,,1,68,,302612,1,,,1,30,,302613,1,,,1,70,,302614,1,,,1,30,,302615,1,,,1,70,,302616,1,,,1,30,,302617,1,,,1,70,,302618,1,,,1
92301,'923-Saturday-1-26-09-0000010',810,,302619,1,,,1,30,,302620,1,,,1,70,,302621,1,,,1,30,,302622,1,,,1,70,,302623,1,,,1,30,,302624,1,,,1,70,,302625,1,,,1,30,,302626,1,,,1,70,,302627,1,,,1,30,,302628,1,,,1,70,,302629,1,,,1,30,,302630,1,,,1,70,,302631,1,,,1,30,,302632,1,,,1,70,,302633,1,,,1,30,,302634,1,,,1,70,,302635,1,,,1,30,,302636,1,,,1,70,,302637,1,,,1,30,,302638,1,,,1,70,,302639,1,,,1,30,,302640,1,,,1,70,,302641,1,,,1
92301,'923-Sunday-1-26-09-0000001',1010,,302642,1,,,1,30,,302643,1,,,1,70,,302644,1,,,1,30,,302645,1,,,1,70,,302646,1,,,1,30,,302647,1,,,1,70,,302648,1,,,1,30,,302649,1,,,1,70,,302650,1,,,1,30,,302651,1,,,1,70,,302652,1,,,1,30,,302653,1,,,1,70,,302654,1,,,1,30,,302655,1,,,1,70,,302656,1,,,1,30,,302657,1,,,1,70,,302658,1,,,1,30,,302659,1,,,1,70,,302660,1,,,1
1091800,'918-Weekday-1-26-09-1111100',457,,304535,1,,,1,63,,304535,31,4,,1,7,,304536,1,,,1,23,,304536,31,4,,1,7,,304537,1,,,1,63,,304537,31,4,,1,7,,304538,1,,,1,15,,304539,1,,,1,10,,304538,31,4,,1,5,,304540,1,,,1,51,,304539,31,4,,1,4,,304541,1,,,1,11,,304540,31,4,,1,4,,304542,1,,,1,11,,304541,31,4,,1,4,,304543,1,,,1,11,,304542,31,4,,1,4,,304544,1,,,1,51,,304543,31,4,,1,4,,304545,1,,,1,11,,304544,31,4,,1,4,,304546,1,,,1,11,,304545,31,4,,1,4,,304566,1,,,1,11,,304546,31,4,,1,4,,304565,1,,,1,51,,304566,31,4,,1,7,,304579,1,,,1,8,,304565,31,4,,1,18,,304579,31,4,,1,4,,304580,1,,,1,66,,304580,31,4,,1,4,,304581,1,,,1,26,,304581,31,4,,1,4,,304582,1,,,1,66,,304582,31,4,,1,4,,304575,1,,,1,26,,304575,31,4,,1,4,,304576,1,,,1,66,,304576,31,4,,1,4,,304547,1,,,1,26,,304547,31,4,,1,4,,304548,1,,,1,66,,304548,31,4,,1,4,,304549,1,,,1,26,,304549,31,4,,1,4,,304550,1,,,1,66,,304550,31,4,,1,4,,304551,1,,,1,26,,304551,31,4,,1,4,,304552,1,,,1,68,,304552,31,4,,1,2,,304553,1,,,1,22,,304577,1,,,1,8,,304553,31,4,,1,7,,304578,1,,,1,55,,304577,31,4,,1,15,,304578,31,4,,1,15,,304556,1,,,1,15,,304557,1,,,1,55,,304558,1,,,1,15,,304559,1,,,1,15,,304567,1,,,1,15,,304560,1,,,1,55,,304567,31,4,,1,8,,304571,1,,,1,7,,304560,31,4,,1,20,,304571,31,4,,1,3,,304572,1,,,1,65,,304572,31,4,,1,5,,304573,1,,,1,25,,304573,31,4,,1,5,,304574,1,,,1,65,,304574,31,4,,1,5,,304561,1,,,1,25,,304561,31,4,,1,5,,304562,1,,,1,65,,304562,31,4,,1,5,,304568,1,,,1,25,,304568,31,4,,1,60,,304563,1,,,1,22,,304563,31,4,,1,78,,304564,1,,,1,22,,304564,31,4,,1,78,,304569,1,,,1,22,,304569,31,4,,1,78,,304570,1,,,1,22,,304570,31,4,,1
1091800,'918-Weekday-3-26-09-1111100',457,,304631,1,,,1,63,,304631,31,4,,1,7,,304632,1,,,1,23,,304632,31,4,,1,7,,304633,1,,,1,63,,304633,31,4,,1,7,,304634,1,,,1,15,,304635,1,,,1,10,,304634,31,4,,1,5,,304636,1,,,1,51,,304635,31,4,,1,4,,304637,1,,,1,11,,304636,31,4,,1,4,,304638,1,,,1,11,,304637,31,4,,1,4,,304639,1,,,1,11,,304638,31,4,,1,4,,304640,1,,,1,51,,304639,31,4,,1,4,,304641,1,,,1,11,,304640,31,4,,1,4,,304642,1,,,1,11,,304641,31,4,,1,4,,304662,1,,,1,11,,304642,31,4,,1,4,,304661,1,,,1,51,,304662,31,4,,1,7,,304675,1,,,1,8,,304661,31,4,,1,18,,304675,31,4,,1,4,,304676,1,,,1,66,,304676,31,4,,1,4,,304677,1,,,1,26,,304677,31,4,,1,4,,304678,1,,,1,66,,304678,31,4,,1,4,,304671,1,,,1,26,,304671,31,4,,1,4,,304672,1,,,1,66,,304672,31,4,,1,4,,304643,1,,,1,26,,304643,31,4,,1,4,,304644,1,,,1,66,,304644,31,4,,1,4,,304645,1,,,1,26,,304645,31,4,,1,4,,304646,1,,,1,66,,304646,31,4,,1,4,,304647,1,,,1,26,,304647,31,4,,1,4,,304648,1,,,1,68,,304648,31,4,,1,2,,304649,1,,,1,22,,304673,1,,,1,8,,304649,31,4,,1,7,,304674,1,,,1,55,,304673,31,4,,1,15,,304674,31,4,,1,15,,304652,1,,,1,15,,304653,1,,,1,55,,304654,1,,,1,15,,304655,1,,,1,15,,304663,1,,,1,15,,304656,1,,,1,55,,304663,31,4,,1,8,,304667,1,,,1,7,,304656,31,4,,1,20,,304667,31,4,,1,3,,304668,1,,,1,65,,304668,31,4,,1,5,,304669,1,,,1,25,,304669,31,4,,1,5,,304670,1,,,1,65,,304670,31,4,,1,5,,304657,1,,,1,25,,304657,31,4,,1,5,,304658,1,,,1,65,,304658,31,4,,1,5,,304664,1,,,1,25,,304664,31,4,,1,60,,304659,1,,,1,22,,304659,31,4,,1,78,,304660,1,,,1,22,,304660,31,4,,1,78,,304665,1,,,1,22,,304665,31,4,,1,78,,304666,1,,,1,22,,304666,31,4,,1
1091800,'918-Weekday-4-26-09-1111100',457,,304679,1,,,1,63,,304679,31,4,,1,7,,304680,1,,,1,23,,304680,31,4,,1,7,,304681,1,,,1,63,,304681,31,4,,1,7,,304682,1,,,1,15,,304683,1,,,1,10,,304682,31,4,,1,5,,304684,1,,,1,51,,304683,31,4,,1,4,,304685,1,,,1,11,,304684,31,4,,1,4,,304686,1,,,1,11,,304685,31,4,,1,4,,304687,1,,,1,11,,304686,31,4,,1,4,,304688,1,,,1,51,,304687,31,4,,1,4,,304689,1,,,1,11,,304688,31,4,,1,4,,304690,1,,,1,11,,304689,31,4,,1,4,,304710,1,,,1,11,,304690,31,4,,1,4,,304709,1,,,1,51,,304710,31,4,,1,7,,304723,1,,,1,8,,304709,31,4,,1,18,,304723,31,4,,1,4,,304724,1,,,1,66,,304724,31,4,,1,4,,304725,1,,,1,26,,304725,31,4,,1,4,,304726,1,,,1,66,,304726,31,4,,1,4,,304719,1,,,1,26,,304719,31,4,,1,4,,304720,1,,,1,66,,304720,31,4,,1,4,,304691,1,,,1,26,,304691,31,4,,1,4,,304692,1,,,1,66,,304692,31,4,,1,4,,304693,1,,,1,26,,304693,31,4,,1,4,,304694,1,,,1,66,,304694,31,4,,1,4,,304695,1,,,1,26,,304695,31,4,,1,4,,304696,1,,,1,68,,304696,31,4,,1,2,,304697,1,,,1,22,,304721,1,,,1,8,,304697,31,4,,1,7,,304722,1,,,1,55,,304721,31,4,,1,15,,304722,31,4,,1,15,,304700,1,,,1,15,,304701,1,,,1,55,,304702,1,,,1,15,,304703,1,,,1,15,,304711,1,,,1,15,,304704,1,,,1,55,,304711,31,4,,1,8,,304715,1,,,1,7,,304704,31,4,,1,20,,304715,31,4,,1,3,,304716,1,,,1,65,,304716,31,4,,1,5,,304717,1,,,1,25,,304717,31,4,,1,5,,304718,1,,,1,65,,304718,31,4,,1,5,,304705,1,,,1,25,,304705,31,4,,1,5,,304706,1,,,1,65,,304706,31,4,,1,5,,304712,1,,,1,25,,304712,31,4,,1,60,,304707,1,,,1,22,,304707,31,4,,1,78,,304708,1,,,1,22,,304708,31,4,,1,78,,304713,1,,,1,22,,304713,31,4,,1,78,,304714,1,,,1,22,,304714,31,4,,1
1091800,'918-Weekday-5-26-09-1111100',457,,304727,1,,,1,63,,304727,31,4,,1,7,,304728,1,,,1,23,,304728,31,4,,1,7,,304729,1,,,1,63,,304729,31,4,,1,7,,304730,1,,,1,15,,304731,1,,,1,10,,304730,31,4,,1,5,,304732,1,,,1,51,,304731,31,4,,1,4,,304733,1,,,1,11,,304732,31,4,,1,4,,304734,1,,,1,11,,304733,31,4,,1,4,,304735,1,,,1,11,,304734,31,4,,1,4,,304736,1,,,1,51,,304735,31,4,,1,4,,304737,1,,,1,11,,304736,31,4,,1,4,,304738,1,,,1,11,,304737,31,4,,1,4,,304758,1,,,1,11,,304738,31,4,,1,4,,304757,1,,,1,51,,304758,31,4,,1,7,,304771,1,,,1,8,,304757,31,4,,1,18,,304771,31,4,,1,4,,304772,1,,,1,66,,304772,31,4,,1,4,,304773,1,,,1,26,,304773,31,4,,1,4,,304774,1,,,1,66,,304774,31,4,,1,4,,304767,1,,,1,26,,304767,31,4,,1,4,,304768,1,,,1,66,,304768,31,4,,1,4,,304739,1,,,1,26,,304739,31,4,,1,4,,304740,1,,,1,66,,304740,31,4,,1,4,,304741,1,,,1,26,,304741,31,4,,1,4,,304742,1,,,1,66,,304742,31,4,,1,4,,304743,1,,,1,26,,304743,31,4,,1,4,,304744,1,,,1,68,,304744,31,4,,1,2,,304745,1,,,1,22,,304769,1,,,1,8,,304745,31,4,,1,7,,304770,1,,,1,55,,304769,31,4,,1,15,,304770,31,4,,1,15,,304748,1,,,1,15,,304749,1,,,1,55,,304750,1,,,1,15,,304751,1,,,1,15,,304759,1,,,1,15,,304752,1,,,1,55,,304759,31,4,,1,8,,304763,1,,,1,7,,304752,31,4,,1,20,,304763,31,4,,1,3,,304764,1,,,1,65,,304764,31,4,,1,5,,304765,1,,,1,25,,304765,31,4,,1,5,,304766,1,,,1,65,,304766,31,4,,1,5,,304753,1,,,1,25,,304753,31,4,,1,5,,304754,1,,,1,65,,304754,31,4,,1,5,,304760,1,,,1,25,,304760,31,4,,1,60,,304755,1,,,1,22,,304755,31,4,,1,78,,304756,1,,,1,22,,304756,31,4,,1,78,,304761,1,,,1,22,,304761,31,4,,1,78,,304762,1,,,1,22,,304762,31,4,,1
1091800,'918-Weekday-6-26-09-1111100',457,,304775,1,,,1,63,,304775,31,4,,1,7,,304776,1,,,1,23,,304776,31,4,,1,7,,304777,1,,,1,63,,304777,31,4,,1,7,,304778,1,,,1,15,,304779,1,,,1,10,,304778,31,4,,1,5,,304780,1,,,1,51,,304779,31,4,,1,4,,304781,1,,,1,11,,304780,31,4,,1,4,,304782,1,,,1,11,,304781,31,4,,1,4,,304783,1,,,1,11,,304782,31,4,,1,4,,304784,1,,,1,51,,304783,31,4,,1,4,,304785,1,,,1,11,,304784,31,4,,1,4,,304786,1,,,1,11,,304785,31,4,,1,4,,304806,1,,,1,11,,304786,31,4,,1,4,,304805,1,,,1,51,,304806,31,4,,1,7,,304819,1,,,1,8,,304805,31,4,,1,18,,304819,31,4,,1,4,,304820,1,,,1,66,,304820,31,4,,1,4,,304821,1,,,1,26,,304821,31,4,,1,4,,304822,1,,,1,66,,304822,31,4,,1,4,,304815,1,,,1,26,,304815,31,4,,1,4,,304816,1,,,1,66,,304816,31,4,,1,4,,304787,1,,,1,26,,304787,31,4,,1,4,,304788,1,,,1,66,,304788,31,4,,1,4,,304789,1,,,1,26,,304789,31,4,,1,4,,304790,1,,,1,66,,304790,31,4,,1,4,,304791,1,,,1,26,,304791,31,4,,1,4,,304792,1,,,1,68,,304792,31,4,,1,2,,304793,1,,,1,22,,304817,1,,,1,8,,304793,31,4,,1,7,,304818,1,,,1,55,,304817,31,4,,1,15,,304818,31,4,,1,15,,304796,1,,,1,15,,304797,1,,,1,55,,304798,1,,,1,15,,304799,1,,,1,15,,304807,1,,,1,15,,304800,1,,,1,55,,304807,31,4,,1,8,,304811,1,,,1,7,,304800,31,4,,1,20,,304811,31,4,,1,3,,304812,1,,,1,65,,304812,31,4,,1,5,,304813,1,,,1,25,,304813,31,4,,1,5,,304814,1,,,1,65,,304814,31,4,,1,5,,304801,1,,,1,25,,304801,31,4,,1,5,,304802,1,,,1,65,,304802,31,4,,1,5,,304808,1,,,1,25,,304808,31,4,,1,60,,304803,1,,,1,22,,304803,31,4,,1,78,,304804,1,,,1,22,,304804,31,4,,1,78,,304809,1,,,1,22,,304809,31,4,,1,78,,304810,1,,,1,22,,304810,31,4,,1
1091800,'918-Weekday-7-26-09-1111100',457,,304823,1,,,1,63,,304823,31,4,,1,7,,304824,1,,,1,23,,304824,31,4,,1,7,,304825,1,,,1,63,,304825,31,4,,1,7,,304826,1,,,1,15,,304827,1,,,1,10,,304826,31,4,,1,5,,304828,1,,,1,51,,304827,31,4,,1,4,,304829,1,,,1,11,,304828,31,4,,1,4,,304830,1,,,1,11,,304829,31,4,,1,4,,304831,1,,,1,11,,304830,31,4,,1,4,,304832,1,,,1,51,,304831,31,4,,1,4,,304833,1,,,1,11,,304832,31,4,,1,4,,304834,1,,,1,11,,304833,31,4,,1,4,,304854,1,,,1,11,,304834,31,4,,1,4,,304853,1,,,1,51,,304854,31,4,,1,7,,304867,1,,,1,8,,304853,31,4,,1,18,,304867,31,4,,1,4,,304868,1,,,1,66,,304868,31,4,,1,4,,304869,1,,,1,26,,304869,31,4,,1,4,,304870,1,,,1,66,,304870,31,4,,1,4,,304863,1,,,1,26,,304863,31,4,,1,4,,304864,1,,,1,66,,304864,31,4,,1,4,,304835,1,,,1,26,,304835,31,4,,1,4,,304836,1,,,1,66,,304836,31,4,,1,4,,304837,1,,,1,26,,304837,31,4,,1,4,,304838,1,,,1,66,,304838,31,4,,1,4,,304839,1,,,1,26,,304839,31,4,,1,4,,304840,1,,,1,68,,304840,31,4,,1,2,,304841,1,,,1,22,,304865,1,,,1,8,,304841,31,4,,1,7,,304866,1,,,1,55,,304865,31,4,,1,15,,304866,31,4,,1,15,,304844,1,,,1,15,,304845,1,,,1,55,,304846,1,,,1,15,,304847,1,,,1,15,,304855,1,,,1,15,,304848,1,,,1,55,,304855,31,4,,1,8,,304859,1,,,1,7,,304848,31,4,,1,20,,304859,31,4,,1,3,,304860,1,,,1,65,,304860,31,4,,1,5,,304861,1,,,1,25,,304861,31,4,,1,5,,304862,1,,,1,65,,304862,31,4,,1,5,,304849,1,,,1,25,,304849,31,4,,1,5,,304850,1,,,1,65,,304850,31,4,,1,5,,304856,1,,,1,25,,304856,31,4,,1,60,,304851,1,,,1,22,,304851,31,4,,1,78,,304852,1,,,1,22,,304852,31,4,,1,78,,304857,1,,,1,22,,304857,31,4,,1,78,,304858,1,,,1,22,,304858,31,4,,1
1091800,'918-Saturday-1-26-09-0000010',539,,304871,1,,,1,62,,304871,31,4,,1,38,,304872,1,,,1,62,,304872,31,4,,1,38,,304873,1,,,1,62,,304873,31,4,,1,38,,304874,1,,,1,62,,304874,31,4,,1,6,,304875,1,,,1,27,,304875,31,4,,1,3,,304876,1,,,1,67,,304876,31,4,,1,3,,304877,1,,,1,27,,304877,31,4,,1,3,,304878,1,,,1,67,,304878,31,4,,1,3,,304879,1,,,1,27,,304879,31,4,,1,3,,304880,1,,,1,67,,304880,31,4,,1,3,,304881,1,,,1,27,,304881,31,4,,1,3,,304882,1,,,1,67,,304882,31,4,,1,3,,304883,1,,,1,27,,304883,31,4,,1,3,,304884,1,,,1,67,,304884,31,4,,1,3,,304885,1,,,1,27,,304885,31,4,,1,3,,304886,1,,,1,67,,304886,31,4,,1,3,,304887,1,,,1,27,,304887,31,4,,1,3,,304888,1,,,1,67,,304888,31,4,,1,3,,304889,1,,,1,27,,304889,31,4,,1,3,,304890,1,,,1,66,,304890,31,4,,1,6,,304891,1,,,1,25,,304891,31,4,,1,5,,304892,1,,,1,65,,304892,31,4,,1,5,,304893,1,,,1,25,,304893,31,4,,1,5,,304894,1,,,1,65,,304894,31,4,,1,5,,304895,1,,,1,25,,304895,31,4,,1,5,,304896,1,,,1,65,,304896,31,4,,1,35,,304897,1,,,1,65,,304897,31,4,,1,35,,304898,1,,,1,65,,304898,31,4,,1,35,,304899,1,,,1,65,,304899,31,4,,1,35,,304900,1,,,1,65,,304900,31,4,,1
1091800,'918-Sunday-1-26-09-0000001',551,,304922,1,,,1,62,,304922,31,4,,1,38,,304923,1,,,1,62,,304923,31,4,,1,38,,304924,1,,,1,62,,304924,31,4,,1,38,,304925,1,,,1,64,,304925,31,4,,1,36,,304921,1,,,1,65,,304921,31,4,,1,21,,304926,1,,,1,65,,304926,31,4,,1,5,,304927,1,,,1,25,,304927,31,4,,1,5,,304928,1,,,1,65,,304928,31,4,,1,5,,304912,1,,,1,25,,304912,31,4,,1,5,,304906,1,,,1,65,,304906,31,4,,1,5,,304907,1,,,1,25,,304907,31,4,,1,5,,304901,1,,,1,65,,304901,31,4,,1,5,,304902,1,,,1,25,,304902,31,4,,1,5,,304903,1,,,1,65,,304903,31,4,,1,5,,304904,1,,,1,25,,304904,31,4,,1,5,,304905,1,,,1,65,,304905,31,4,,1,5,,304914,1,,,1,25,,304914,31,4,,1,5,,304915,1,,,1,65,,304915,31,4,,1,5,,304916,1,,,1,23,,304916,31,4,,1,7,,304919,1,,,1,63,,304919,31,4,,1,7,,304920,1,,,1,23,,304920,31,4,,1,12,,304917,1,,,1,63,,304917,31,4,,1,7,,304918,1,,,1,23,,304918,31,4,,1,23,,304913,1,,,1,63,,304913,31,4,,1,37,,304908,1,,,1,63,,304908,31,4,,1,37,,304909,1,,,1,63,,304909,31,4,,1,37,,304910,1,,,1,63,,304910,31,4,,1,37,,304911,1,,,1,63,,304911,31,4,,1
2091801,'918-Weekday-1-26-09-1111100',512,,306061,1,,,1,21,,306061,34,4,,1,9,,306062,1,,,1,61,,306062,34,4,,1,9,,306063,1,,,1,22,,306063,34,4,,1,1,,306065,1,,,1,15,,306066,1,,,1,51,,306065,34,4,,1,4,,306067,1,,,1,11,,306066,34,4,,1,4,,306068,1,,,1,11,,306067,34,4,,1,4,,306069,1,,,1,11,,306068,34,4,,1,4,,306070,1,,,1,51,,306069,34,4,,1,4,,306071,1,,,1,11,,306070,34,4,,1,4,,306072,1,,,1,11,,306071,34,4,,1,4,,306064,1,,,1,11,,306072,34,4,,1,4,,306097,1,,,1,51,,306064,34,4,,1,4,,306073,1,,,1,11,,306097,34,4,,1,14,,306082,1,,,1,1,,306073,34,4,,1,25,,306082,34,4,,1,44,,306083,1,,,1,26,,306083,34,4,,1,4,,306084,1,,,1,26,,306084,34,4,,1,44,,306085,1,,,1,26,,306085,34,4,,1,4,,306086,1,,,1,26,,306086,34,4,,1,44,,306087,1,,,1,26,,306087,34,4,,1,4,,306074,1,,,1,26,,306074,34,4,,1,44,,306075,1,,,1,26,,306075,34,4,,1,4,,306076,1,,,1,26,,306076,34,4,,1,44,,306077,1,,,1,26,,306077,34,4,,1,4,,306078,1,,,1,26,,306078,34,4,,1,44,,306079,1,,,1,30,,306088,1,,,1,15,,306089,1,,,1,55,,306088,34,4,,1,15,,306089,34,4,,1,15,,306081,34,4,,1,15,,306059,1,,,1,55,,306060,1,,,1,15,,306059,34,4,,1,15,,306080,1,,,1,15,,306098,1,,,1,55,,306080,34,4,,1,15,,306098,34,4,,1,15,,306090,1,,,1,26,,306090,34,4,,1,44,,306091,1,,,1,26,,306091,34,4,,1,4,,306092,1,,,1,26,,306092,34,4,,1,44,,306052,1,,,1,26,,306052,34,4,,1,4,,306053,1,,,1,26,,306053,34,4,,1,44,,306054,1,,,1,26,,306054,34,4,,1,4,,306093,1,,,1,26,,306093,34,4,,1,74,,306094,1,,,1,23,,306094,34,4,,1,77,,306095,1,,,1,23,,306095,34,4,,1,77,,306096,1,,,1,23,,306096,34,4,,1
2091801,'918-Weekday-3-26-09-1111100',512,,306155,1,,,1,21,,306155,34,4,,1,9,,306156,1,,,1,61,,306156,34,4,,1,9,,306157,1,,,1,22,,306157,34,4,,1,1,,306159,1,,,1,15,,306160,1,,,1,51,,306159,34,4,,1,4,,306161,1,,,1,11,,306160,34,4,,1,4,,306162,1,,,1,11,,306161,34,4,,1,4,,306163,1,,,1,11,,306162,34,4,,1,4,,306164,1,,,1,51,,306163,34,4,,1,4,,306165,1,,,1,11,,306164,34,4,,1,4,,306166,1,,,1,11,,306165,34,4,,1,4,,306158,1,,,1,11,,306166,34,4,,1,4,,306191,1,,,1,51,,306158,34,4,,1,4,,306167,1,,,1,11,,306191,34,4,,1,14,,306176,1,,,1,1,,306167,34,4,,1,25,,306176,34,4,,1,44,,306177,1,,,1,26,,306177,34,4,,1,4,,306178,1,,,1,26,,306178,34,4,,1,44,,306179,1,,,1,26,,306179,34,4,,1,4,,306180,1,,,1,26,,306180,34,4,,1,44,,306181,1,,,1,26,,306181,34,4,,1,4,,306168,1,,,1,26,,306168,34,4,,1,44,,306169,1,,,1,26,,306169,34,4,,1,4,,306170,1,,,1,26,,306170,34,4,,1,44,,306171,1,,,1,26,,306171,34,4,,1,4,,306172,1,,,1,26,,306172,34,4,,1,44,,306173,1,,,1,30,,306182,1,,,1,15,,306183,1,,,1,55,,306182,34,4,,1,15,,306183,34,4,,1,15,,306175,34,4,,1,15,,306153,1,,,1,55,,306154,1,,,1,15,,306153,34,4,,1,15,,306174,1,,,1,15,,306192,1,,,1,55,,306174,34,4,,1,15,,306192,34,4,,1,15,,306184,1,,,1,26,,306184,34,4,,1,44,,306185,1,,,1,26,,306185,34,4,,1,4,,306186,1,,,1,26,,306186,34,4,,1,44,,306146,1,,,1,26,,306146,34,4,,1,4,,306147,1,,,1,26,,306147,34,4,,1,44,,306148,1,,,1,26,,306148,34,4,,1,4,,306187,1,,,1,26,,306187,34,4,,1,74,,306188,1,,,1,23,,306188,34,4,,1,77,,306189,1,,,1,23,,306189,34,4,,1,77,,306190,1,,,1,23,,306190,34,4,,1
2091801,'918-Weekday-4-26-09-1111100',512,,306202,1,,,1,21,,306202,34,4,,1,9,,306203,1,,,1,61,,306203,34,4,,1,9,,306204,1,,,1,22,,306204,34,4,,1,1,,306206,1,,,1,15,,306207,1,,,1,51,,306206,34,4,,1,4,,306208,1,,,1,11,,306207,34,4,,1,4,,306209,1,,,1,11,,306208,34,4,,1,4,,306210,1,,,1,11,,306209,34,4,,1,4,,306211,1,,,1,51,,306210,34,4,,1,4,,306212,1,,,1,11,,306211,34,4,,1,4,,306213,1,,,1,11,,306212,34,4,,1,4,,306205,1,,,1,11,,306213,34,4,,1,4,,306238,1,,,1,51,,306205,34,4,,1,4,,306214,1,,,1,11,,306238,34,4,,1,14,,306223,1,,,1,1,,306214,34,4,,1,25,,306223,34,4,,1,44,,306224,1,,,1,26,,306224,34,4,,1,4,,306225,1,,,1,26,,306225,34,4,,1,44,,306226,1,,,1,26,,306226,34,4,,1,4,,306227,1,,,1,26,,306227,34,4,,1,44,,306228,1,,,1,26,,306228,34,4,,1,4,,306215,1,,,1,26,,306215,34,4,,1,44,,306216,1,,,1,26,,306216,34,4,,1,4,,306217,1,,,1,26,,306217,34,4,,1,44,,306218,1,,,1,26,,306218,34,4,,1,4,,306219,1,,,1,26,,306219,34,4,,1,44,,306220,1,,,1,30,,306229,1,,,1,15,,306230,1,,,1,55,,306229,34,4,,1,15,,306230,34,4,,1,15,,306222,34,4,,1,15,,306200,1,,,1,55,,306201,1,,,1,15,,306200,34,4,,1,15,,306221,1,,,1,15,,306239,1,,,1,55,,306221,34,4,,1,15,,306239,34,4,,1,15,,306231,1,,,1,26,,306231,34,4,,1,44,,306232,1,,,1,26,,306232,34,4,,1,4,,306233,1,,,1,26,,306233,34,4,,1,44,,306193,1,,,1,26,,306193,34,4,,1,4,,306194,1,,,1,26,,306194,34,4,,1,44,,306195,1,,,1,26,,306195,34,4,,1,4,,306234,1,,,1,26,,306234,34,4,,1,74,,306235,1,,,1,23,,306235,34,4,,1,77,,306236,1,,,1,23,,306236,34,4,,1,77,,306237,1,,,1,23,,306237,34,4,,1
2091801,'918-Weekday-5-26-09-1111100',512,,306249,1,,,1,21,,306249,34,4,,1,9,,306250,1,,,1,61,,306250,34,4,,1,9,,306251,1,,,1,22,,306251,34,4,,1,1,,306253,1,,,1,15,,306254,1,,,1,51,,306253,34,4,,1,4,,306255,1,,,1,11,,306254,34,4,,1,4,,306256,1,,,1,11,,306255,34,4,,1,4,,306257,1,,,1,11,,306256,34,4,,1,4,,306258,1,,,1,51,,306257,34,4,,1,4,,306259,1,,,1,11,,306258,34,4,,1,4,,306260,1,,,1,11,,306259,34,4,,1,4,,306252,1,,,1,11,,306260,34,4,,1,4,,306285,1,,,1,51,,306252,34,4,,1,4,,306261,1,,,1,11,,306285,34,4,,1,14,,306270,1,,,1,1,,306261,34,4,,1,25,,306270,34,4,,1,44,,306271,1,,,1,26,,306271,34,4,,1,4,,306272,1,,,1,26,,306272,34,4,,1,44,,306273,1,,,1,26,,306273,34,4,,1,4,,306274,1,,,1,26,,306274,34,4,,1,44,,306275,1,,,1,26,,306275,34,4,,1,4,,306262,1,,,1,26,,306262,34,4,,1,44,,306263,1,,,1,26,,306263,34,4,,1,4,,306264,1,,,1,26,,306264,34,4,,1,44,,306265,1,,,1,26,,306265,34,4,,1,4,,306266,1,,,1,26,,306266,34,4,,1,44,,306267,1,,,1,30,,306276,1,,,1,15,,306277,1,,,1,55,,306276,34,4,,1,15,,306277,34,4,,1,15,,306269,34,4,,1,15,,306247,1,,,1,55,,306248,1,,,1,15,,306247,34,4,,1,15,,306268,1,,,1,15,,306286,1,,,1,55,,306268,34,4,,1,15,,306286,34,4,,1,15,,306278,1,,,1,26,,306278,34,4,,1,44,,306279,1,,,1,26,,306279,34,4,,1,4,,306280,1,,,1,26,,306280,34,4,,1,44,,306240,1,,,1,26,,306240,34,4,,1,4,,306241,1,,,1,26,,306241,34,4,,1,44,,306242,1,,,1,26,,306242,34,4,,1,4,,306281,1,,,1,26,,306281,34,4,,1,74,,306282,1,,,1,23,,306282,34,4,,1,77,,306283,1,,,1,23,,306283,34,4,,1,77,,306284,1,,,1,23,,306284,34,4,,1
2091801,'918-Weekday-6-26-09-1111100',512,,306296,1,,,1,21,,306296,34,4,,1,9,,306297,1,,,1,61,,306297,34,4,,1,9,,306298,1,,,1,22,,306298,34,4,,1,1,,306300,1,,,1,15,,306301,1,,,1,51,,306300,34,4,,1,4,,306302,1,,,1,11,,306301,34,4,,1,4,,306303,1,,,1,11,,306302,34,4,,1,4,,306304,1,,,1,11,,306303,34,4,,1,4,,306305,1,,,1,51,,306304,34,4,,1,4,,306306,1,,,1,11,,306305,34,4,,1,4,,306307,1,,,1,11,,306306,34,4,,1,4,,306299,1,,,1,11,,306307,34,4,,1,4,,306332,1,,,1,51,,306299,34,4,,1,4,,306308,1,,,1,11,,306332,34,4,,1,14,,306317,1,,,1,1,,306308,34,4,,1,25,,306317,34,4,,1,44,,306318,1,,,1,26,,306318,34,4,,1,4,,306319,1,,,1,26,,306319,34,4,,1,44,,306320,1,,,1,26,,306320,34,4,,1,4,,306321,1,,,1,26,,306321,34,4,,1,44,,306322,1,,,1,26,,306322,34,4,,1,4,,306309,1,,,1,26,,306309,34,4,,1,44,,306310,1,,,1,26,,306310,34,4,,1,4,,306311,1,,,1,26,,306311,34,4,,1,44,,306312,1,,,1,26,,306312,34,4,,1,4,,306313,1,,,1,26,,306313,34,4,,1,44,,306314,1,,,1,30,,306323,1,,,1,15,,306324,1,,,1,55,,306323,34,4,,1,15,,306324,34,4,,1,15,,306316,34,4,,1,15,,306294,1,,,1,55,,306295,1,,,1,15,,306294,34,4,,1,15,,306315,1,,,1,15,,306333,1,,,1,55,,306315,34,4,,1,15,,306333,34,4,,1,15,,306325,1,,,1,26,,306325,34,4,,1,44,,306326,1,,,1,26,,306326,34,4,,1,4,,306327,1,,,1,26,,306327,34,4,,1,44,,306287,1,,,1,26,,306287,34,4,,1,4,,306288,1,,,1,26,,306288,34,4,,1,44,,306289,1,,,1,26,,306289,34,4,,1,4,,306328,1,,,1,26,,306328,34,4,,1,74,,306329,1,,,1,23,,306329,34,4,,1,77,,306330,1,,,1,23,,306330,34,4,,1,77,,306331,1,,,1,23,,306331,34,4,,1
2091801,'918-Weekday-7-26-09-1111100',512,,306343,1,,,1,21,,306343,34,4,,1,9,,306344,1,,,1,61,,306344,34,4,,1,9,,306345,1,,,1,22,,306345,34,4,,1,1,,306347,1,,,1,15,,306348,1,,,1,51,,306347,34,4,,1,4,,306349,1,,,1,11,,306348,34,4,,1,4,,306350,1,,,1,11,,306349,34,4,,1,4,,306351,1,,,1,11,,306350,34,4,,1,4,,306352,1,,,1,51,,306351,34,4,,1,4,,306353,1,,,1,11,,306352,34,4,,1,4,,306354,1,,,1,11,,306353,34,4,,1,4,,306346,1,,,1,11,,306354,34,4,,1,4,,306379,1,,,1,51,,306346,34,4,,1,4,,306355,1,,,1,11,,306379,34,4,,1,14,,306364,1,,,1,1,,306355,34,4,,1,25,,306364,34,4,,1,44,,306365,1,,,1,26,,306365,34,4,,1,4,,306366,1,,,1,26,,306366,34,4,,1,44,,306367,1,,,1,26,,306367,34,4,,1,4,,306368,1,,,1,26,,306368,34,4,,1,44,,306369,1,,,1,26,,306369,34,4,,1,4,,306356,1,,,1,26,,306356,34,4,,1,44,,306357,1,,,1,26,,306357,34,4,,1,4,,306358,1,,,1,26,,306358,34,4,,1,44,,306359,1,,,1,26,,306359,34,4,,1,4,,306360,1,,,1,26,,306360,34,4,,1,44,,306361,1,,,1,30,,306370,1,,,1,15,,306371,1,,,1,55,,306370,34,4,,1,15,,306371,34,4,,1,15,,306363,34,4,,1,15,,306341,1,,,1,55,,306342,1,,,1,15,,306341,34,4,,1,15,,306362,1,,,1,15,,306380,1,,,1,55,,306362,34,4,,1,15,,306380,34,4,,1,15,,306372,1,,,1,26,,306372,34,4,,1,44,,306373,1,,,1,26,,306373,34,4,,1,4,,306374,1,,,1,26,,306374,34,4,,1,44,,306334,1,,,1,26,,306334,34,4,,1,4,,306335,1,,,1,26,,306335,34,4,,1,44,,306336,1,,,1,26,,306336,34,4,,1,4,,306375,1,,,1,26,,306375,34,4,,1,74,,306376,1,,,1,23,,306376,34,4,,1,77,,306377,1,,,1,23,,306377,34,4,,1,77,,306378,1,,,1,23,,306378,34,4,,1
2091801,'918-Saturday-1-26-09-0000010',524,,306381,1,,,1,23,,306381,34,4,,1,77,,306382,1,,,1,23,,306382,34,4,,1,77,,306383,1,,,1,23,,306383,34,4,,1,77,,306384,1,,,1,23,,306384,34,4,,1,6,,306385,1,,,1,65,,306385,34,4,,1,4,,306386,1,,,1,26,,306386,34,4,,1,4,,306387,1,,,1,66,,306387,34,4,,1,4,,306388,1,,,1,26,,306388,34,4,,1,4,,306389,1,,,1,66,,306389,34,4,,1,4,,306390,1,,,1,26,,306390,34,4,,1,4,,306391,1,,,1,66,,306391,34,4,,1,4,,306392,1,,,1,26,,306392,34,4,,1,4,,306393,1,,,1,66,,306393,34,4,,1,4,,306394,1,,,1,26,,306394,34,4,,1,4,,306395,1,,,1,66,,306395,34,4,,1,4,,306396,1,,,1,26,,306396,34,4,,1,4,,306397,1,,,1,66,,306397,34,4,,1,4,,306398,1,,,1,26,,306398,34,4,,1,4,,306399,1,,,1,66,,306399,34,4,,1,4,,306400,1,,,1,26,,306400,34,4,,1,5,,306401,1,,,1,64,,306401,34,4,,1,7,,306402,1,,,1,24,,306402,34,4,,1,6,,306403,1,,,1,64,,306403,34,4,,1,6,,306404,1,,,1,24,,306404,34,4,,1,6,,306405,1,,,1,64,,306405,34,4,,1,6,,306406,1,,,1,24,,306406,34,4,,1,76,,306407,1,,,1,24,,306407,34,4,,1,76,,306408,1,,,1,24,,306408,34,4,,1,76,,306409,1,,,1,24,,306409,34,4,,1,76,,306410,1,,,1,24,,306410,34,4,,1
2091801,'918-Sunday-1-26-09-0000001',521,,306416,1,,,1,22,,306416,34,4,,1,78,,306417,1,,,1,22,,306417,34,4,,1,78,,306418,1,,,1,22,,306418,34,4,,1,78,,306419,1,,,1,22,,306419,34,4,,1,78,,306420,1,,,1,26,,306420,34,4,,1,75,,306427,1,,,1,26,,306427,34,4,,1,4,,306428,1,,,1,66,,306428,34,4,,1,4,,306429,1,,,1,26,,306429,34,4,,1,4,,306430,1,,,1,66,,306430,34,4,,1,4,,306431,1,,,1,26,,306431,34,4,,1,4,,306432,1,,,1,66,,306432,34,4,,1,4,,306433,1,,,1,26,,306433,34,4,,1,4,,306426,1,,,1,66,,306426,34,4,,1,4,,306411,1,,,1,26,,306411,34,4,,1,4,,306412,1,,,1,66,,306412,34,4,,1,4,,306422,1,,,1,26,,306422,34,4,,1,4,,306423,1,,,1,66,,306423,34,4,,1,4,,306421,1,,,1,26,,306421,34,4,,1,5,,306424,1,,,1,64,,306424,34,4,,1,5,,306413,1,,,1,24,,306413,34,4,,1,6,,306414,1,,,1,64,,306414,34,4,,1,6,,306425,1,,,1,24,,306425,34,4,,1,8,,306415,1,,,1,64,,306415,34,4,,1,10,,306434,1,,,1,24,,306434,34,4,,1,76,,306435,1,,,1,24,,306435,34,4,,1,76,,306436,1,,,1,24,,306436,34,4,,1,76,,306437,1,,,1,24,,306437,34,4,,1,76,,306438,1,,,1,24,,306438,34,4,,1,76,,306439,1,,,1,24,,306439,34,4,,1
