'001-Weekday-1-26-09-1111100',20260902,1,20260903,1,20260904,1,20260908,1,20260909,1,20260910,1,20260911,1,20260914,1,20260915,1,20260916,1,20260917,1,20260918,1,20260922,1,20260923,1,20260924,1,20260925,1,20260928,1,20260929,1,20261001,1,20261002,1,20261005,1,20261006,1,20261007,1,20261008,1,20261009,1,20261013,1,20261014,1,20261015,1,20261016,1,20261020,1,20261021,1,20261022,1,20261023,1,20261026,1,20261027,1,20261028,1,20261029,1,20261030,1,20261102,1,20261103,1,20261104,1,20261105,1,20261106,1,20261117,1,20261118,1,20261119,1,20261120,1,20261123,1,20261124,1,20261125,1,20261126,1,20261127,1
'001-Weekday-3-26-09-1111100',20260921,1,20261116,1
'001-Weekday-4-26-09-1111100',20261019,1
'001-Weekday-5-26-09-1111100',20260930,1
'001-Weekday-6-26-09-1111100',20261109,1,20261110,1
'001-Weekday-7-26-09-1111100',20261112,1,20261113,1
'002-Weekday-1-26-09-1111100',20260902,1,20260903,1,20260904,1,20260908,1,20260909,1,20260910,1,20260911,1,20260914,1,20260915,1,20260916,1,20260917,1,20260918,1,20260922,1,20260923,1,20260924,1,20260925,1,20260928,1,20260929,1,20261001,1,20261002,1,20261005,1,20261006,1,20261007,1,20261008,1,20261009,1,20261013,1,20261014,1,20261015,1,20261016,1,20261020,1,20261021,1,20261022,1,20261023,1,20261026,1,20261027,1,20261028,1,20261029,1,20261030,1,20261102,1,20261103,1,20261104,1,20261105,1,20261106,1,20261117,1,20261118,1,20261119,1,20261120,1,20261123,1,20261124,1,20261125,1,20261126,1,20261127,1
'002-Weekday-3-26-09-1111100',20260921,1,20261116,1
'002-Weekday-4-26-09-1111100',20261019,1
'002-Weekday-5-26-09-1111100',20260930,1
'002-Weekday-6-26-09-1111100',20261109,1,20261110,1
'002-Weekday-7-26-09-1111100',20261112,1,20261113,1
'003-Weekday-1-26-09-1111100',20260902,1,20260903,1,20260904,1,20260908,1,20260909,1,20260910,1,20260911,1,20260914,1,20260915,1,20260916,1,20260917,1,20260918,1,20260922,1,20260923,1,20260924,1,20260925,1,20260928,1,20260929,1,20261001,1,20261002,1,20261005,1,20261006,1,20261007,1,20261008,1,20261009,1,20261013,1,20261014,1,20261015,1,20261016,1,20261020,1,20261021,1,20261022,1,20261023,1,20261026,1,20261027,1,20261028,1,20261029,1,20261030,1,20261102,1,20261103,1,20261104,1,20261105,1,20261106,1,20261117,1,20261118,1,20261119,1,20261120,1,20261123,1,20261124,1,20261125,1,20261126,1,20261127,1
'003-Weekday-3-26-09-1111100',20260921,1,20261116,1
'003-Weekday-4-26-09-1111100',20261019,1
'003-Weekday-5-26-09-1111100',20260930,1
'003-Weekday-6-26-09-1111100',20261109,1,20261110,1
'003-Weekday-7-26-09-1111100',20261112,1,20261113,1
'004-Weekday-1-26-09-1111100',20260902,1,20260903,1,20260904,1,20260908,1,20260909,1,20260910,1,20260911,1,20260914,1,20260915,1,20260916,1,20260917,1,20260918,1,20260922,1,20260923,1,20260924,1,20260925,1,20260928,1,20260929,1,20261001,1,20261002,1,20261005,1,20261006,1,20261007,1,20261008,1,20261009,1,20261013,1,20261014,1,20261015,1,20261016,1,20261020,1,20261021,1,20261022,1,20261023,1,20261026,1,20261027,1,20261028,1,20261029,1,20261030,1,20261102,1,20261103,1,20261104,1,20261105,1,20261106,1,20261117,1,20261118,1,20261119,1,20261120,1,20261123,1,20261124,1,20261125,1,20261126,1,20261127,1
'004-Weekday-3-26-09-1111100',20260921,1,20261116,1
'004-Weekday-4-26-09-1111100',20261019,1
'004-Weekday-5-26-09-1111100',20260930,1
'004-Weekday-6-26-09-1111100',20261109,1,20261110,1
'004-Weekday-7-26-09-1111100',20261112,1,20261113,1
'005-Weekday-1-26-09-1111100',20260902,1,20260903,1,20260904,1,20260908,1,20260909,1,20260910,1,20260911,1,20260914,1,20260915,1,20260916,1,20260917,1,20260918,1,20260922,1,20260923,1,20260924,1,20260925,1,20260928,1,20260929,1,20261001,1,20261002,1,20261005,1,20261006,1,20261007,1,20261008,1,20261009,1,20261013,1,20261014,1,20261015,1,20261016,1,20261020,1,20261021,1,20261022,1,20261023,1,20261026,1,20261027,1,20261028,1,20261029,1,20261030,1,20261102,1,20261103,1,20261104,1,20261105,1,20261106,1,20261117,1,20261118,1,20261119,1,20261120,1,20261123,1,20261124,1,20261125,1,20261126,1,20261127,1
'005-Weekday-3-26-09-1111100',20260921,1,20261116,1
'005-Weekday-4-26-09-1111100',20261019,1
'005-Weekday-5-26-09-1111100',20260930,1
'005-Weekday-6-26-09-1111100',20261109,1,20261110,1
'005-Weekday-7-26-09-1111100',20261112,1,20261113,1
'006-Weekday-1-26-09-1111100',20260902,1,20260903,1,20260904,1,20260908,1,20260909,1,20260910,1,20260911,1,20260914,1,20260915,1,20260916,1,20260917,1,20260918,1,20260922,1,20260923,1,20260924,1,20260925,1,20260928,1,20260929,1,20261001,1,20261002,1,20261005,1,20261006,1,20261007,1,20261008,1,20261009,1,20261013,1,20261014,1,20261015,1,20261016,1,20261020,1,20261021,1,20261022,1,20261023,1,20261026,1,20261027,1,20261028,1,20261029,1,20261030,1,20261102,1,20261103,1,20261104,1,20261105,1,20261106,1,20261117,1,20261118,1,20261119,1,20261120,1,20261123,1,20261124,1,20261125,1,20261126,1,20261127,1
'006-Weekday-3-26-09-1111100',20260921,1,20261116,1
'006-Weekday-4-26-09-1111100',20261019,1
'006-Weekday-5-26-09-1111100',20260930,1
'006-Weekday-6-26-09-1111100',20261109,1,20261110,1
'006-Weekday-7-26-09-1111100',20261112,1,20261113,1
'007-Weekday-1-26-09-0001000',20260903,1,20260910,1,20260917,1,20260924,1,20261001,1,20261008,1,20261015,1,20261022,1,20261029,1,20261105,1,20261119,1,20261126,1
'007-Weekday-1-26-09-1110100',20260902,1,20260904,1,20260908,1,20260909,1,20260911,1,20260914,1,20260915,1,20260916,1,20260918,1,20260922,1,20260923,1,20260925,1,20260928,1,20260929,1,20261002,1,20261005,1,20261006,1,20261007,1,20261009,1,20261013,1,20261014,1,20261016,1,20261020,1,20261021,1,20261023,1,20261026,1,20261027,1,20261028,1,20261030,1,20261102,1,20261103,1,20261104,1,20261106,1,20261117,1,20261118,1,20261120,1,20261123,1,20261124,1,20261125,1,20261127,1
'007-Weekday-1-26-09-1111100',20260902,1,20260903,1,20260904,1,20260908,1,20260909,1,20260910,1,20260911,1,20260914,1,20260915,1,20260916,1,20260917,1,20260918,1,20260922,1,20260923,1,20260924,1,20260925,1,20260928,1,20260929,1,20261001,1,20261002,1,20261005,1,20261006,1,20261007,1,20261008,1,20261009,1,20261013,1,20261014,1,20261015,1,20261016,1,20261020,1,20261021,1,20261022,1,20261023,1,20261026,1,20261027,1,20261028,1,20261029,1,20261030,1,20261102,1,20261103,1,20261104,1,20261105,1,20261106,1,20261117,1,20261118,1,20261119,1,20261120,1,20261123,1,20261124,1,20261125,1,20261126,1,20261127,1
'007-Weekday-3-26-09-1110100',20260921,1,20261116,1
'007-Weekday-3-26-09-1111100',20260921,1,20261116,1
'007-Weekday-4-26-09-1111100',20261019,1
'007-Weekday-5-26-09-1111100',20260930,1
'007-Weekday-6-26-09-1110100',20261109,1,20261110,1
'007-Weekday-6-26-09-1111100',20261109,1,20261110,1
'007-Weekday-7-26-09-1111100',20261112,1,20261113,1
'008-Weekday-1-26-09-1111100',20260902,1,20260903,1,20260904,1,20260908,1,20260909,1,20260910,1,20260911,1,20260914,1,20260915,1,20260916,1,20260917,1,20260918,1,20260922,1,20260923,1,20260924,1,20260925,1,20260928,1,20260929,1,20261001,1,20261002,1,20261005,1,20261006,1,20261007,1,20261008,1,20261009,1,20261013,1,20261014,1,20261015,1,20261016,1,20261020,1,20261021,1,20261022,1,20261023,1,20261026,1,20261027,1,20261028,1,20261029,1,20261030,1,20261102,1,20261103,1,20261104,1,20261105,1,20261106,1,20261117,1,20261118,1,20261119,1,20261120,1,20261123,1,20261124,1,20261125,1,20261126,1,20261127,1
'008-Weekday-3-26-09-1111100',20260921,1,20261116,1
'008-Weekday-4-26-09-1111100',20261019,1
'008-Weekday-5-26-09-1111100',20260930,1
'008-Weekday-6-26-09-1111100',20261109,1,20261110,1
'008-Weekday-7-26-09-1111100',20261112,1,20261113,1
'009-Weekday-1-26-09-1111100',20260902,1,20260903,1,20260904,1,20260908,1,20260909,1,20260910,1,20260911,1,20260914,1,20260915,1,20260916,1,20260917,1,20260918,1,20260922,1,20260923,1,20260924,1,20260925,1,20260928,1,20260929,1,20261001,1,20261002,1,20261005,1,20261006,1,20261007,1,20261008,1,20261009,1,20261013,1,20261014,1,20261015,1,20261016,1,20261020,1,20261021,1,20261022,1,20261023,1,20261026,1,20261027,1,20261028,1,20261029,1,20261030,1,20261102,1,20261103,1,20261104,1,20261105,1,20261106,1,20261117,1,20261118,1,20261119,1,20261120,1,20261123,1,20261124,1,20261125,1,20261126,1,20261127,1
'009-Weekday-3-26-09-1111100',20260921,1,20261116,1
'009-Weekday-4-26-09-1111100',20261019,1
'009-Weekday-5-26-09-1111100',20260930,1
'009-Weekday-6-26-09-1111100',20261109,1,20261110,1
'009-Weekday-7-26-09-1111100',20261112,1,20261113,1
'031-Weekday-1-26-09-1111100',20260902,1,20260903,1,20260904,1,20260908,1,20260909,1,20260910,1,20260911,1,20260914,1,20260915,1,20260916,1,20260917,1,20260918,1,20260922,1,20260923,1,20260924,1,20260925,1,20260928,1,20260929,1,20261001,1,20261002,1,20261005,1,20261006,1,20261007,1,20261008,1,20261009,1,20261013,1,20261014,1,20261015,1,20261016,1,20261020,1,20261021,1,20261022,1,20261023,1,20261026,1,20261027,1,20261028,1,20261029,1,20261030,1,20261102,1,20261103,1,20261104,1,20261105,1,20261106,1,20261117,1,20261118,1,20261119,1,20261120,1,20261123,1,20261124,1,20261125,1,20261126,1,20261127,1
'031-Weekday-3-26-09-1111100',20260921,1,20261116,1
'031-Weekday-4-26-09-1111100',20261019,1
'031-Weekday-5-26-09-1111100',20260930,1
'031-Weekday-6-26-09-1111100',20261109,1,20261110,1
'031-Weekday-7-26-09-1111100',20261112,1,20261113,1
'051-Weekday-1-26-09-1111100',20260902,1,20260903,1,20260904,1,20260908,1,20260909,1,20260910,1,20260911,1,20260914,1,20260915,1,20260916,1,20260917,1,20260918,1,20260922,1,20260923,1,20260924,1,20260925,1,20260928,1,20260929,1,20261001,1,20261002,1,20261005,1,20261006,1,20261007,1,20261008,1,20261009,1,20261013,1,20261014,1,20261015,1,20261016,1,20261020,1,20261021,1,20261022,1,20261023,1,20261026,1,20261027,1,20261028,1,20261029,1,20261030,1,20261102,1,20261103,1,20261104,1,20261105,1,20261106,1,20261117,1,20261118,1,20261119,1,20261120,1,20261123,1,20261124,1,20261125,1,20261126,1,20261127,1
'051-Weekday-3-26-09-1111100',20260921,1,20261116,1
'051-Weekday-4-26-09-1111100',20261019,1
'051-Weekday-5-26-09-1111100',20260930,1
'051-Weekday-6-26-09-1111100',20261109,1,20261110,1
'051-Weekday-7-26-09-1111100',20261112,1,20261113,1
'052-Weekday-1-26-09-1111100',20260902,1,20260903,1,20260904,1,20260908,1,20260909,1,20260910,1,20260911,1,20260914,1,20260915,1,20260916,1,20260917,1,20260918,1,20260922,1,20260923,1,20260924,1,20260925,1,20260928,1,20260929,1,20261001,1,20261002,1,20261005,1,20261006,1,20261007,1,20261008,1,20261009,1,20261013,1,20261014,1,20261015,1,20261016,1,20261020,1,20261021,1,20261022,1,20261023,1,20261026,1,20261027,1,20261028,1,20261029,1,20261030,1,20261102,1,20261103,1,20261104,1,20261105,1,20261106,1,20261117,1,20261118,1,20261119,1,20261120,1,20261123,1,20261124,1,20261125,1,20261126,1,20261127,1
'052-Weekday-3-26-09-1111100',20260921,1,20261116,1
'052-Weekday-4-26-09-1111100',20261019,1
'052-Weekday-5-26-09-1111100',20260930,1
'052-Weekday-6-26-09-1111100',20261109,1,20261110,1
'052-Weekday-7-26-09-1111100',20261112,1,20261113,1
'053-Weekday-1-26-09-1111100',20260902,1,20260903,1,20260904,1,20260908,1,20260909,1,20260910,1,20260911,1,20260914,1,20260915,1,20260916,1,20260917,1,20260918,1,20260922,1,20260923,1,20260924,1,20260925,1,20260928,1,20260929,1,20261001,1,20261002,1,20261005,1,20261006,1,20261007,1,20261008,1,20261009,1,20261013,1,20261014,1,20261015,1,20261016,1,20261020,1,20261021,1,20261022,1,20261023,1,20261026,1,20261027,1,20261028,1,20261029,1,20261030,1,20261102,1,20261103,1,20261104,1,20261105,1,20261106,1,20261117,1,20261118,1,20261119,1,20261120,1,20261123,1,20261124,1,20261125,1,20261126,1,20261127,1
'053-Weekday-3-26-09-1111100',20260921,1,20261116,1
'053-Weekday-4-26-09-1111100',20261019,1
'053-Weekday-5-26-09-1111100',20260930,1
'053-Weekday-6-26-09-1111100',20261109,1,20261110,1
'053-Weekday-7-26-09-1111100',20261112,1,20261113,1
'054-Weekday-1-26-09-1111100',20260902,1,20260903,1,20260904,1,20260908,1,20260909,1,20260910,1,20260911,1,20260914,1,20260915,1,20260916,1,20260917,1,20260918,1,20260922,1,20260923,1,20260924,1,20260925,1,20260928,1,20260929,1,20261001,1,20261002,1,20261005,1,20261006,1,20261007,1,20261008,1,20261009,1,20261013,1,20261014,1,20261015,1,20261016,1,20261020,1,20261021,1,20261022,1,20261023,1,20261026,1,20261027,1,20261028,1,20261029,1,20261030,1,20261102,1,20261103,1,20261104,1,20261105,1,20261106,1,20261117,1,20261118,1,20261119,1,20261120,1,20261123,1,20261124,1,20261125,1,20261126,1,20261127,1
'054-Weekday-3-26-09-1111100',20260921,1,20261116,1
'054-Weekday-4-26-09-1111100',20261019,1
'054-Weekday-5-26-09-1111100',20260930,1
'054-Weekday-6-26-09-1111100',20261109,1,20261110,1
'054-Weekday-7-26-09-1111100',20261112,1,20261113,1
'055-Weekday-1-26-09-1111100',20260902,1,20260903,1,20260904,1,20260908,1,20260909,1,20260910,1,20260911,1,20260914,1,20260915,1,20260916,1,20260917,1,20260918,1,20260922,1,20260923,1,20260924,1,20260925,1,20260928,1,20260929,1,20261001,1,20261002,1,20261005,1,20261006,1,20261007,1,20261008,1,20261009,1,20261013,1,20261014,1,20261015,1,20261016,1,20261020,1,20261021,1,20261022,1,20261023,1,20261026,1,20261027,1,20261028,1,20261029,1,20261030,1,20261102,1,20261103,1,20261104,1,20261105,1,20261106,1,20261117,1,20261118,1,20261119,1,20261120,1,20261123,1,20261124,1,20261125,1,20261126,1,20261127,1
'055-Weekday-3-26-09-1111100',20260921,1,20261116,1
'055-Weekday-4-26-09-1111100',20261019,1
'055-Weekday-5-26-09-1111100',20260930,1
'055-Weekday-6-26-09-1111100',20261109,1,20261110,1
'055-Weekday-7-26-09-1111100',20261112,1,20261113,1
'056-Weekday-1-26-09-1111100',20260902,1,20260903,1,20260904,1,20260908,1,20260909,1,20260910,1,20260911,1,20260914,1,20260915,1,20260916,1,20260917,1,20260918,1,20260922,1,20260923,1,20260924,1,20260925,1,20260928,1,20260929,1,20261001,1,20261002,1,20261005,1,20261006,1,20261007,1,20261008,1,20261009,1,20261013,1,20261014,1,20261015,1,20261016,1,20261020,1,20261021,1,20261022,1,20261023,1,20261026,1,20261027,1,20261028,1,20261029,1,20261030,1,20261102,1,20261103,1,20261104,1,20261105,1,20261106,1,20261117,1,20261118,1,20261119,1,20261120,1,20261123,1,20261124,1,20261125,1,20261126,1,20261127,1
'056-Weekday-3-26-09-1111100',20260921,1,20261116,1
'056-Weekday-4-26-09-1111100',20261019,1
'056-Weekday-5-26-09-1111100',20260930,1
'056-Weekday-6-26-09-1111100',20261109,1,20261110,1
'056-Weekday-7-26-09-1111100',20261112,1,20261113,1
'101-Weekday-1-26-09-1111100',20260902,1,20260903,1,20260904,1,20260908,1,20260909,1,20260910,1,20260911,1,20260914,1,20260915,1,20260916,1,20260917,1,20260918,1,20260922,1,20260923,1,20260924,1,20260925,1,20260928,1,20260929,1,20261001,1,20261002,1,20261005,1,20261006,1,20261007,1,20261008,1,20261009,1,20261013,1,20261014,1,20261015,1,20261016,1,20261020,1,20261021,1,20261022,1,20261023,1,20261026,1,20261027,1,20261028,1,20261029,1,20261030,1,20261102,1,20261103,1,20261104,1,20261105,1,20261106,1,20261117,1,20261118,1,20261119,1,20261120,1,20261123,1,20261124,1,20261125,1,20261126,1,20261127,1
'101-Weekday-3-26-09-1111100',20260921,1,20261116,1
'101-Weekday-4-26-09-1111100',20261019,1
'101-Weekday-5-26-09-1111100',20260930,1
'101-Weekday-6-26-09-1111100',20261109,1,20261110,1
'101-Weekday-7-26-09-1111100',20261112,1,20261113,1
'102-Weekday-1-26-09-1111100',20260902,1,20260903,1,20260904,1,20260908,1,20260909,1,20260910,1,20260911,1,20260914,1,20260915,1,20260916,1,20260917,1,20260918,1,20260922,1,20260923,1,20260924,1,20260925,1,20260928,1,20260929,1,20261001,1,20261002,1,20261005,1,20261006,1,20261007,1,20261008,1,20261009,1,20261013,1,20261014,1,20261015,1,20261016,1,20261020,1,20261021,1,20261022,1,20261023,1,20261026,1,20261027,1,20261028,1,20261029,1,20261030,1,20261102,1,20261103,1,20261104,1,20261105,1,20261106,1,20261117,1,20261118,1,20261119,1,20261120,1,20261123,1,20261124,1,20261125,1,20261126,1,20261127,1
'102-Weekday-3-26-09-1111100',20260921,1,20261116,1
'102-Weekday-4-26-09-1111100',20261019,1
'102-Weekday-5-26-09-1111100',20260930,1
'102-Weekday-6-26-09-1111100',20261109,1,20261110,1
'102-Weekday-7-26-09-1111100',20261112,1,20261113,1
'103-Weekday-1-26-09-1110100',20260902,1,20260904,1,20260908,1,20260909,1,20260911,1,20260914,1,20260915,1,20260916,1,20260918,1,20260922,1,20260923,1,20260925,1,20260928,1,20260929,1,20261002,1,20261005,1,20261006,1,20261007,1,20261009,1,20261013,1,20261014,1,20261016,1,20261020,1,20261021,1,20261023,1,20261026,1,20261027,1,20261028,1,20261030,1,20261102,1,20261103,1,20261104,1,20261106,1,20261117,1,20261118,1,20261120,1,20261123,1,20261124,1,20261125,1,20261127,1
'103-Weekday-1-26-09-1111100',20260902,1,20260903,1,20260904,1,20260908,1,20260909,1,20260910,1,20260911,1,20260914,1,20260915,1,20260916,1,20260917,1,20260918,1,20260922,1,20260923,1,20260924,1,20260925,1,20260928,1,20260929,1,20261001,1,20261002,1,20261005,1,20261006,1,20261007,1,20261008,1,20261009,1,20261013,1,20261014,1,20261015,1,20261016,1,20261020,1,20261021,1,20261022,1,20261023,1,20261026,1,20261027,1,20261028,1,20261029,1,20261030,1,20261102,1,20261103,1,20261104,1,20261105,1,20261106,1,20261117,1,20261118,1,20261119,1,20261120,1,20261123,1,20261124,1,20261125,1,20261126,1,20261127,1
'103-Weekday-3-26-09-1110100',20260921,1,20261116,1
'103-Weekday-3-26-09-1111100',20260921,1,20261116,1
'103-Weekday-4-26-09-1111100',20261019,1
'103-Weekday-5-26-09-1111100',20260930,1
'103-Weekday-6-26-09-1110100',20261109,1,20261110,1
'103-Weekday-6-26-09-1111100',20261109,1,20261110,1
'103-Weekday-7-26-09-1111100',20261112,1,20261113,1
'104-Weekday-1-26-09-1111100',20260902,1,20260903,1,20260904,1,20260908,1,20260909,1,20260910,1,20260911,1,20260914,1,20260915,1,20260916,1,20260917,1,20260918,1,20260922,1,20260923,1,20260924,1,20260925,1,20260928,1,20260929,1,20261001,1,20261002,1,20261005,1,20261006,1,20261007,1,20261008,1,20261009,1,20261013,1,20261014,1,20261015,1,20261016,1,20261020,1,20261021,1,20261022,1,20261023,1,20261026,1,20261027,1,20261028,1,20261029,1,20261030,1,20261102,1,20261103,1,20261104,1,20261105,1,20261106,1,20261117,1,20261118,1,20261119,1,20261120,1,20261123,1,20261124,1,20261125,1,20261126,1,20261127,1
'104-Weekday-3-26-09-1111100',20260921,1,20261116,1
'104-Weekday-4-26-09-1111100',20261019,1
'104-Weekday-5-26-09-1111100',20260930,1
'104-Weekday-6-26-09-1111100',20261109,1,20261110,1
'104-Weekday-7-26-09-1111100',20261112,1,20261113,1
'106-Weekday-1-26-09-0001000',20260903,1,20260910,1,20260917,1,20260924,1,20261001,1,20261008,1,20261015,1,20261022,1,20261029,1,20261105,1,20261119,1,20261126,1
'106-Weekday-1-26-09-1110100',20260902,1,20260904,1,20260908,1,20260909,1,20260911,1,20260914,1,20260915,1,20260916,1,20260918,1,20260922,1,20260923,1,20260925,1,20260928,1,20260929,1,20261002,1,20261005,1,20261006,1,20261007,1,20261009,1,20261013,1,20261014,1,20261016,1,20261020,1,20261021,1,20261023,1,20261026,1,20261027,1,20261028,1,20261030,1,20261102,1,20261103,1,20261104,1,20261106,1,20261117,1,20261118,1,20261120,1,20261123,1,20261124,1,20261125,1,20261127,1
'106-Weekday-1-26-09-1111100',20260902,1,20260903,1,20260904,1,20260908,1,20260909,1,20260910,1,20260911,1,20260914,1,20260915,1,20260916,1,20260917,1,20260918,1,20260922,1,20260923,1,20260924,1,20260925,1,20260928,1,20260929,1,20261001,1,20261002,1,20261005,1,20261006,1,20261007,1,20261008,1,20261009,1,20261013,1,20261014,1,20261015,1,20261016,1,20261020,1,20261021,1,20261022,1,20261023,1,20261026,1,20261027,1,20261028,1,20261029,1,20261030,1,20261102,1,20261103,1,20261104,1,20261105,1,20261106,1,20261117,1,20261118,1,20261119,1,20261120,1,20261123,1,20261124,1,20261125,1,20261126,1,20261127,1
'106-Weekday-3-26-09-1110100',20260921,1,20261116,1
'106-Weekday-3-26-09-1111100',20260921,1,20261116,1
'106-Weekday-4-26-09-1111100',20261019,1
'106-Weekday-5-26-09-1111100',20260930,1
'106-Weekday-6-26-09-1110100',20261109,1,20261110,1
'106-Weekday-6-26-09-1111100',20261109,1,20261110,1
'106-Weekday-7-26-09-1111100',20261112,1,20261113,1
'107-Weekday-1-26-09-1111100',20260902,1,20260903,1,20260904,1,20260908,1,20260909,1,20260910,1,20260911,1,20260914,1,20260915,1,20260916,1,20260917,1,20260918,1,20260922,1,20260923,1,20260924,1,20260925,1,20260928,1,20260929,1,20261001,1,20261002,1,20261005,1,20261006,1,20261007,1,20261008,1,20261009,1,20261013,1,20261014,1,20261015,1,20261016,1,20261020,1,20261021,1,20261022,1,20261023,1,20261026,1,20261027,1,20261028,1,20261029,1,20261030,1,20261102,1,20261103,1,20261104,1,20261105,1,20261106,1,20261117,1,20261118,1,20261119,1,20261120,1,20261123,1,20261124,1,20261125,1,20261126,1,20261127,1
'107-Weekday-3-26-09-1111100',20260921,1,20261116,1
'107-Weekday-4-26-09-1111100',20261019,1
'107-Weekday-5-26-09-1111100',20260930,1
'107-Weekday-6-26-09-1111100',20261109,1,20261110,1
'107-Weekday-7-26-09-1111100',20261112,1,20261113,1
'108-Weekday-1-26-09-0001000',20260903,1,20260910,1,20260917,1,20260924,1,20261001,1,20261008,1,20261015,1,20261022,1,20261029,1,20261105,1,20261119,1,20261126,1
'108-Weekday-1-26-09-1110100',20260902,1,20260904,1,20260908,1,20260909,1,20260911,1,20260914,1,20260915,1,20260916,1,20260918,1,20260922,1,20260923,1,20260925,1,20260928,1,20260929,1,20261002,1,20261005,1,20261006,1,20261007,1,20261009,1,20261013,1,20261014,1,20261016,1,20261020,1,20261021,1,20261023,1,20261026,1,20261027,1,20261028,1,20261030,1,20261102,1,20261103,1,20261104,1,20261106,1,20261117,1,20261118,1,20261120,1,20261123,1,20261124,1,20261125,1,20261127,1
'108-Weekday-1-26-09-1111100',20260902,1,20260903,1,20260904,1,20260908,1,20260909,1,20260910,1,20260911,1,20260914,1,20260915,1,20260916,1,20260917,1,20260918,1,20260922,1,20260923,1,20260924,1,20260925,1,20260928,1,20260929,1,20261001,1,20261002,1,20261005,1,20261006,1,20261007,1,20261008,1,20261009,1,20261013,1,20261014,1,20261015,1,20261016,1,20261020,1,20261021,1,20261022,1,20261023,1,20261026,1,20261027,1,20261028,1,20261029,1,20261030,1,20261102,1,20261103,1,20261104,1,20261105,1,20261106,1,20261117,1,20261118,1,20261119,1,20261120,1,20261123,1,20261124,1,20261125,1,20261126,1,20261127,1
'108-Weekday-3-26-09-1111100',20260921,1,20261116,1
'108-Weekday-4-26-09-1111100',20261019,1
'108-Weekday-5-26-09-1111100',20260930,1
'108-Weekday-6-26-09-1110100',20261109,1,20261110,1
'108-Weekday-6-26-09-1111100',20261109,1,20261110,1
'108-Weekday-7-26-09-1111100',20261112,1,20261113,1
'109-Weekday-1-26-09-1111100',20260902,1,20260903,1,20260904,1,20260908,1,20260909,1,20260910,1,20260911,1,20260914,1,20260915,1,20260916,1,20260917,1,20260918,1,20260922,1,20260923,1,20260924,1,20260925,1,20260928,1,20260929,1,20261001,1,20261002,1,20261005,1,20261006,1,20261007,1,20261008,1,20261009,1,20261013,1,20261014,1,20261015,1,20261016,1,20261020,1,20261021,1,20261022,1,20261023,1,20261026,1,20261027,1,20261028,1,20261029,1,20261030,1,20261102,1,20261103,1,20261104,1,20261105,1,20261106,1,20261117,1,20261118,1,20261119,1,20261120,1,20261123,1,20261124,1,20261125,1,20261126,1,20261127,1
'109-Weekday-3-26-09-1111100',20260921,1,20261116,1
'109-Weekday-4-26-09-1111100',20261019,1
'109-Weekday-5-26-09-1111100',20260930,1
'109-Weekday-6-26-09-1111100',20261109,1,20261110,1
'109-Weekday-7-26-09-1111100',20261112,1,20261113,1
'110X-Weekday-1-26-09-1111100',20260902,1,20260903,1,20260904,1,20260908,1,20260909,1,20260910,1,20260911,1,20260914,1,20260915,1,20260916,1,20260917,1,20260918,1,20260922,1,20260923,1,20260924,1,20260925,1,20260928,1,20260929,1,20261001,1,20261002,1,20261005,1,20261006,1,20261007,1,20261008,1,20261009,1,20261013,1,20261014,1,20261015,1,20261016,1,20261020,1,20261021,1,20261022,1,20261023,1,20261026,1,20261027,1,20261028,1,20261029,1,20261030,1,20261102,1,20261103,1,20261104,1,20261105,1,20261106,1,20261117,1,20261118,1,20261119,1,20261120,1,20261123,1,20261124,1,20261125,1,20261126,1,20261127,1
'110X-Weekday-3-26-09-1111100',20260921,1,20261116,1
'110X-Weekday-4-26-09-1111100',20261019,1
'110X-Weekday-5-26-09-1111100',20260930,1
'110X-Weekday-6-26-09-1111100',20261109,1,20261110,1
'110X-Weekday-7-26-09-1111100',20261112,1,20261113,1
'111-Weekday-1-26-09-1111100',20260902,1,20260903,1,20260904,1,20260908,1,20260909,1,20260910,1,20260911,1,20260914,1,20260915,1,20260916,1,20260917,1,20260918,1,20260922,1,20260923,1,20260924,1,20260925,1,20260928,1,20260929,1,20261001,1,20261002,1,20261005,1,20261006,1,20261007,1,20261008,1,20261009,1,20261013,1,20261014,1,20261015,1,20261016,1,20261020,1,20261021,1,20261022,1,20261023,1,20261026,1,20261027,1,20261028,1,20261029,1,20261030,1,20261102,1,20261103,1,20261104,1,20261105,1,20261106,1,20261117,1,20261118,1,20261119,1,20261120,1,20261123,1,20261124,1,20261125,1,20261126,1,20261127,1
'111-Weekday-3-26-09-1111100',20260921,1,20261116,1
'111-Weekday-4-26-09-1111100',20261019,1
'111-Weekday-5-26-09-1111100',20260930,1
'111-Weekday-6-26-09-1111100',20261109,1,20261110,1
'111-Weekday-7-26-09-1111100',20261112,1,20261113,1
'112-Weekday-1-26-09-0001000',20260903,1,20260910,1,20260917,1,20260924,1,20261001,1,20261008,1,20261015,1,20261022,1,20261029,1,20261105,1,20261119,1,20261126,1
'112-Weekday-1-26-09-1110100',20260902,1,20260904,1,20260908,1,20260909,1,20260911,1,20260914,1,20260915,1,20260916,1,20260918,1,20260922,1,20260923,1,20260925,1,20260928,1,20260929,1,20261002,1,20261005,1,20261006,1,20261007,1,20261009,1,20261013,1,20261014,1,20261016,1,20261020,1,20261021,1,20261023,1,20261026,1,20261027,1,20261028,1,20261030,1,20261102,1,20261103,1,20261104,1,20261106,1,20261117,1,20261118,1,20261120,1,20261123,1,20261124,1,20261125,1,20261127,1
'112-Weekday-1-26-09-1111100',20260902,1,20260903,1,20260904,1,20260908,1,20260909,1,20260910,1,20260911,1,20260914,1,20260915,1,20260916,1,20260917,1,20260918,1,20260922,1,20260923,1,20260924,1,20260925,1,20260928,1,20260929,1,20261001,1,20261002,1,20261005,1,20261006,1,20261007,1,20261008,1,20261009,1,20261013,1,20261014,1,20261015,1,20261016,1,20261020,1,20261021,1,20261022,1,20261023,1,20261026,1,20261027,1,20261028,1,20261029,1,20261030,1,20261102,1,20261103,1,20261104,1,20261105,1,20261106,1,20261117,1,20261118,1,20261119,1,20261120,1,20261123,1,20261124,1,20261125,1,20261126,1,20261127,1
'112-Weekday-3-26-09-1110100',20260921,1,20261116,1
'112-Weekday-3-26-09-1111100',20260921,1,20261116,1
'112-Weekday-4-26-09-1111100',20261019,1
'112-Weekday-5-26-09-1111100',20260930,1
'112-Weekday-6-26-09-1110100',20261109,1,20261110,1
'112-Weekday-6-26-09-1111100',20261109,1,20261110,1
'112-Weekday-7-26-09-1111100',20261112,1,20261113,1
'113-Weekday-1-26-09-1111100',20260902,1,20260903,1,20260904,1,20260908,1,20260909,1,20260910,1,20260911,1,20260914,1,20260915,1,20260916,1,20260917,1,20260918,1,20260922,1,20260923,1,20260924,1,20260925,1,20260928,1,20260929,1,20261001,1,20261002,1,20261005,1,20261006,1,20261007,1,20261008,1,20261009,1,20261013,1,20261014,1,20261015,1,20261016,1,20261020,1,20261021,1,20261022,1,20261023,1,20261026,1,20261027,1,20261028,1,20261029,1,20261030,1,20261102,1,20261103,1,20261104,1,20261105,1,20261106,1,20261117,1,20261118,1,20261119,1,20261120,1,20261123,1,20261124,1,20261125,1,20261126,1,20261127,1
'113-Weekday-3-26-09-1111100',20260921,1,20261116,1
'113-Weekday-4-26-09-1111100',20261019,1
'113-Weekday-5-26-09-1111100',20260930,1
'113-Weekday-6-26-09-1111100',20261109,1,20261110,1
'113-Weekday-7-26-09-1111100',20261112,1,20261113,1
'114-Weekday-1-26-09-1111100',20260902,1,20260903,1,20260904,1,20260908,1,20260909,1,20260910,1,20260911,1,20260914,1,20260915,1,20260916,1,20260917,1,20260918,1,20260922,1,20260923,1,20260924,1,20260925,1,20260928,1,20260929,1,20261001,1,20261002,1,20261005,1,20261006,1,20261007,1,20261008,1,20261009,1,20261013,1,20261014,1,20261015,1,20261016,1,20261020,1,20261021,1,20261022,1,20261023,1,20261026,1,20261027,1,20261028,1,20261029,1,20261030,1,20261102,1,20261103,1,20261104,1,20261105,1,20261106,1,20261117,1,20261118,1,20261119,1,20261120,1,20261123,1,20261124,1,20261125,1,20261126,1,20261127,1
'114-Weekday-3-26-09-1111100',20260921,1,20261116,1
'114-Weekday-4-26-09-1111100',20261019,1
'114-Weekday-5-26-09-1111100',20260930,1
'114-Weekday-6-26-09-1111100',20261109,1,20261110,1
'114-Weekday-7-26-09-1111100',20261112,1,20261113,1
'116-Weekday-1-26-09-0001000',20260903,1,20260910,1,20260917,1,20260924,1,20261001,1,20261008,1,20261015,1,20261022,1,20261029,1,20261105,1,20261119,1,20261126,1
'116-Weekday-1-26-09-1110100',20260902,1,20260904,1,20260908,1,20260909,1,20260911,1,20260914,1,20260915,1,20260916,1,20260918,1,20260922,1,20260923,1,20260925,1,20260928,1,20260929,1,20261002,1,20261005,1,20261006,1,20261007,1,20261009,1,20261013,1,20261014,1,20261016,1,20261020,1,20261021,1,20261023,1,20261026,1,20261027,1,20261028,1,20261030,1,20261102,1,20261103,1,20261104,1,20261106,1,20261117,1,20261118,1,20261120,1,20261123,1,20261124,1,20261125,1,20261127,1
'116-Weekday-1-26-09-1111100',20260902,1,20260903,1,20260904,1,20260908,1,20260909,1,20260910,1,20260911,1,20260914,1,20260915,1,20260916,1,20260917,1,20260918,1,20260922,1,20260923,1,20260924,1,20260925,1,20260928,1,20260929,1,20261001,1,20261002,1,20261005,1,20261006,1,20261007,1,20261008,1,20261009,1,20261013,1,20261014,1,20261015,1,20261016,1,20261020,1,20261021,1,20261022,1,20261023,1,20261026,1,20261027,1,20261028,1,20261029,1,20261030,1,20261102,1,20261103,1,20261104,1,20261105,1,20261106,1,20261117,1,20261118,1,20261119,1,20261120,1,20261123,1,20261124,1,20261125,1,20261126,1,20261127,1
'116-Weekday-3-26-09-1110100',20260921,1,20261116,1
'116-Weekday-3-26-09-1111100',20260921,1,20261116,1
'116-Weekday-4-26-09-1111100',20261019,1
'116-Weekday-5-26-09-1111100',20260930,1
'116-Weekday-6-26-09-1110100',20261109,1,20261110,1
'116-Weekday-6-26-09-1111100',20261109,1,20261110,1
'116-Weekday-7-26-09-1111100',20261112,1,20261113,1
'117-Weekday-1-26-09-1111100',20260902,1,20260903,1,20260904,1,20260908,1,20260909,1,20260910,1,20260911,1,20260914,1,20260915,1,20260916,1,20260917,1,20260918,1,20260922,1,20260923,1,20260924,1,20260925,1,20260928,1,20260929,1,20261001,1,20261002,1,20261005,1,20261006,1,20261007,1,20261008,1,20261009,1,20261013,1,20261014,1,20261015,1,20261016,1,20261020,1,20261021,1,20261022,1,20261023,1,20261026,1,20261027,1,20261028,1,20261029,1,20261030,1,20261102,1,20261103,1,20261104,1,20261105,1,20261106,1,20261117,1,20261118,1,20261119,1,20261120,1,20261123,1,20261124,1,20261125,1,20261126,1,20261127,1
'117-Weekday-3-26-09-1111100',20260921,1,20261116,1
'117-Weekday-4-26-09-1111100',20261019,1
'117-Weekday-5-26-09-1111100',20260930,1
'117-Weekday-6-26-09-1111100',20261109,1,20261110,1
'117-Weekday-7-26-09-1111100',20261112,1,20261113,1
'118-Weekday-1-26-09-1111100',20260902,1,20260903,1,20260904,1,20260908,1,20260909,1,20260910,1,20260911,1,20260914,1,20260915,1,20260916,1,20260917,1,20260918,1,20260922,1,20260923,1,20260924,1,20260925,1,20260928,1,20260929,1,20261001,1,20261002,1,20261005,1,20261006,1,20261007,1,20261008,1,20261009,1,20261013,1,20261014,1,20261015,1,20261016,1,20261020,1,20261021,1,20261022,1,20261023,1,20261026,1,20261027,1,20261028,1,20261029,1,20261030,1,20261102,1,20261103,1,20261104,1,20261105,1,20261106,1,20261117,1,20261118,1,20261119,1,20261120,1,20261123,1,20261124,1,20261125,1,20261126,1,20261127,1
'118-Weekday-3-26-09-1111100',20260921,1,20261116,1
'118-Weekday-4-26-09-1111100',20261019,1
'118-Weekday-5-26-09-1111100',20260930,1
'118-Weekday-6-26-09-1111100',20261109,1,20261110,1
'118-Weekday-7-26-09-1111100',20261112,1,20261113,1
'119-Weekday-1-26-09-1111100',20260902,1,20260903,1,20260904,1,20260908,1,20260909,1,20260910,1,20260911,1,20260914,1,20260915,1,20260916,1,20260917,1,20260918,1,20260922,1,20260923,1,20260924,1,20260925,1,20260928,1,20260929,1,20261001,1,20261002,1,20261005,1,20261006,1,20261007,1,20261008,1,20261009,1,20261013,1,20261014,1,20261015,1,20261016,1,20261020,1,20261021,1,20261022,1,20261023,1,20261026,1,20261027,1,20261028,1,20261029,1,20261030,1,20261102,1,20261103,1,20261104,1,20261105,1,20261106,1,20261117,1,20261118,1,20261119,1,20261120,1,20261123,1,20261124,1,20261125,1,20261126,1,20261127,1
'119-Weekday-3-26-09-1111100',20260921,1,20261116,1
'119-Weekday-4-26-09-1111100',20261019,1
'119-Weekday-5-26-09-1111100',20260930,1
'119-Weekday-6-26-09-1111100',20261109,1,20261110,1
'119-Weekday-7-26-09-1111100',20261112,1,20261113,1
'120X-Weekday-1-26-09-1111100',20260902,1,20260903,1,20260904,1,20260908,1,20260909,1,20260910,1,20260911,1,20260914,1,20260915,1,20260916,1,20260917,1,20260918,1,20260922,1,20260923,1,20260924,1,20260925,1,20260928,1,20260929,1,20261001,1,20261002,1,20261005,1,20261006,1,20261007,1,20261008,1,20261009,1,20261013,1,20261014,1,20261015,1,20261016,1,20261020,1,20261021,1,20261022,1,20261023,1,20261026,1,20261027,1,20261028,1,20261029,1,20261030,1,20261102,1,20261103,1,20261104,1,20261105,1,20261106,1,20261117,1,20261118,1,20261119,1,20261120,1,20261123,1,20261124,1,20261125,1,20261126,1,20261127,1
'120X-Weekday-3-26-09-1111100',20260921,1,20261116,1
'120X-Weekday-4-26-09-1111100',20261019,1
'120X-Weekday-5-26-09-1111100',20260930,1
'120X-Weekday-6-26-09-1111100',20261109,1,20261110,1
'120X-Weekday-7-26-09-1111100',20261112,1,20261113,1
'121-Weekday-1-26-09-1110100',20260902,1,20260904,1,20260908,1,20260909,1,20260911,1,20260914,1,20260915,1,20260916,1,20260918,1,20260922,1,20260923,1,20260925,1,20260928,1,20260929,1,20261002,1,20261005,1,20261006,1,20261007,1,20261009,1,20261013,1,20261014,1,20261016,1,20261020,1,20261021,1,20261023,1,20261026,1,20261027,1,20261028,1,20261030,1,20261102,1,20261103,1,20261104,1,20261106,1,20261117,1,20261118,1,20261120,1,20261123,1,20261124,1,20261125,1,20261127,1
'121-Weekday-1-26-09-1111100',20260902,1,20260903,1,20260904,1,20260908,1,20260909,1,20260910,1,20260911,1,20260914,1,20260915,1,20260916,1,20260917,1,20260918,1,20260922,1,20260923,1,20260924,1,20260925,1,20260928,1,20260929,1,20261001,1,20261002,1,20261005,1,20261006,1,20261007,1,20261008,1,20261009,1,20261013,1,20261014,1,20261015,1,20261016,1,20261020,1,20261021,1,20261022,1,20261023,1,20261026,1,20261027,1,20261028,1,20261029,1,20261030,1,20261102,1,20261103,1,20261104,1,20261105,1,20261106,1,20261117,1,20261118,1,20261119,1,20261120,1,20261123,1,20261124,1,20261125,1,20261126,1,20261127,1
'121-Weekday-3-26-09-1110100',20260921,1,20261116,1
'121-Weekday-3-26-09-1111100',20260921,1,20261116,1
'121-Weekday-4-26-09-1111100',20261019,1
'121-Weekday-5-26-09-1111100',20260930,1
'121-Weekday-6-26-09-1110100',20261109,1,20261110,1
'121-Weekday-6-26-09-1111100',20261109,1,20261110,1
'121-Weekday-7-26-09-1111100',20261112,1,20261113,1
'122-Weekday-1-26-09-1111100',20260902,1,20260903,1,20260904,1,20260908,1,20260909,1,20260910,1,20260911,1,20260914,1,20260915,1,20260916,1,20260917,1,20260918,1,20260922,1,20260923,1,20260924,1,20260925,1,20260928,1,20260929,1,20261001,1,20261002,1,20261005,1,20261006,1,20261007,1,20261008,1,20261009,1,20261013,1,20261014,1,20261015,1,20261016,1,20261020,1,20261021,1,20261022,1,20261023,1,20261026,1,20261027,1,20261028,1,20261029,1,20261030,1,20261102,1,20261103,1,20261104,1,20261105,1,20261106,1,20261117,1,20261118,1,20261119,1,20261120,1,20261123,1,20261124,1,20261125,1,20261126,1,20261127,1
'122-Weekday-3-26-09-1111100',20260921,1,20261116,1
'122-Weekday-4-26-09-1111100',20261019,1
'122-Weekday-5-26-09-1111100',20260930,1
'122-Weekday-6-26-09-1111100',20261109,1,20261110,1
'122-Weekday-7-26-09-1111100',20261112,1,20261113,1
'124-Weekday-1-26-09-1111100',20260902,1,20260903,1,20260904,1,20260908,1,20260909,1,20260910,1,20260911,1,20260914,1,20260915,1,20260916,1,20260917,1,20260918,1,20260922,1,20260923,1,20260924,1,20260925,1,20260928,1,20260929,1,20261001,1,20261002,1,20261005,1,20261006,1,20261007,1,20261008,1,20261009,1,20261013,1,20261014,1,20261015,1,20261016,1,20261020,1,20261021,1,20261022,1,20261023,1,20261026,1,20261027,1,20261028,1,20261029,1,20261030,1,20261102,1,20261103,1,20261104,1,20261105,1,20261106,1,20261117,1,20261118,1,20261119,1,20261120,1,20261123,1,20261124,1,20261125,1,20261126,1,20261127,1
'124-Weekday-3-26-09-1111100',20260921,1,20261116,1
'124-Weekday-4-26-09-1111100',20261019,1
'124-Weekday-5-26-09-1111100',20260930,1
'124-Weekday-6-26-09-1111100',20261109,1,20261110,1
'124-Weekday-7-26-09-1111100',20261112,1,20261113,1
'127-Weekday-1-26-09-1111100',20260902,1,20260903,1,20260904,1,20260908,1,20260909,1,20260910,1,20260911,1,20260914,1,20260915,1,20260916,1,20260917,1,20260918,1,20260922,1,20260923,1,20260924,1,20260925,1,20260928,1,20260929,1,20261001,1,20261002,1,20261005,1,20261006,1,20261007,1,20261008,1,20261009,1,20261013,1,20261014,1,20261015,1,20261016,1,20261020,1,20261021,1,20261022,1,20261023,1,20261026,1,20261027,1,20261028,1,20261029,1,20261030,1,20261102,1,20261103,1,20261104,1,20261105,1,20261106,1,20261117,1,20261118,1,20261119,1,20261120,1,20261123,1,20261124,1,20261125,1,20261126,1,20261127,1
'127-Weekday-3-26-09-1111100',20260921,1,20261116,1
'127-Weekday-4-26-09-1111100',20261019,1
'127-Weekday-5-26-09-1111100',20260930,1
'127-Weekday-6-26-09-1111100',20261109,1,20261110,1
'127-Weekday-7-26-09-1111100',20261112,1,20261113,1
'128-Weekday-1-26-09-1111100',20260902,1,20260903,1,20260904,1,20260908,1,20260909,1,20260910,1,20260911,1,20260914,1,20260915,1,20260916,1,20260917,1,20260918,1,20260922,1,20260923,1,20260924,1,20260925,1,20260928,1,20260929,1,20261001,1,20261002,1,20261005,1,20261006,1,20261007,1,20261008,1,20261009,1,20261013,1,20261014,1,20261015,1,20261016,1,20261020,1,20261021,1,20261022,1,20261023,1,20261026,1,20261027,1,20261028,1,20261029,1,20261030,1,20261102,1,20261103,1,20261104,1,20261105,1,20261106,1,20261117,1,20261118,1,20261119,1,20261120,1,20261123,1,20261124,1,20261125,1,20261126,1,20261127,1
'128-Weekday-3-26-09-1111100',20260921,1,20261116,1
'128-Weekday-4-26-09-1111100',20261019,1
'128-Weekday-5-26-09-1111100',20260930,1
'128-Weekday-6-26-09-1111100',20261109,1,20261110,1
'128-Weekday-7-26-09-1111100',20261112,1,20261113,1
'130X-Weekday-1-26-09-1111100',20260902,1,20260903,1,20260904,1,20260908,1,20260909,1,20260910,1,20260911,1,20260914,1,20260915,1,20260916,1,20260917,1,20260918,1,20260922,1,20260923,1,20260924,1,20260925,1,20260928,1,20260929,1,20261001,1,20261002,1,20261005,1,20261006,1,20261007,1,20261008,1,20261009,1,20261013,1,20261014,1,20261015,1,20261016,1,20261020,1,20261021,1,20261022,1,20261023,1,20261026,1,20261027,1,20261028,1,20261029,1,20261030,1,20261102,1,20261103,1,20261104,1,20261105,1,20261106,1,20261117,1,20261118,1,20261119,1,20261120,1,20261123,1,20261124,1,20261125,1,20261126,1,20261127,1
'130X-Weekday-3-26-09-1111100',20260921,1,20261116,1
'130X-Weekday-4-26-09-1111100',20261019,1
'130X-Weekday-5-26-09-1111100',20260930,1
'130X-Weekday-6-26-09-1111100',20261109,1,20261110,1
'130X-Weekday-7-26-09-1111100',20261112,1,20261113,1
'140X-Weekday-1-26-09-1111100',20260902,1,20260903,1,20260904,1,20260908,1,20260909,1,20260910,1,20260911,1,20260914,1,20260915,1,20260916,1,20260917,1,20260918,1,20260922,1,20260923,1,20260924,1,20260925,1,20260928,1,20260929,1,20261001,1,20261002,1,20261005,1,20261006,1,20261007,1,20261008,1,20261009,1,20261013,1,20261014,1,20261015,1,20261016,1,20261020,1,20261021,1,20261022,1,20261023,1,20261026,1,20261027,1,20261028,1,20261029,1,20261030,1,20261102,1,20261103,1,20261104,1,20261105,1,20261106,1,20261117,1,20261118,1,20261119,1,20261120,1,20261123,1,20261124,1,20261125,1,20261126,1,20261127,1
'140X-Weekday-3-26-09-1111100',20260921,1,20261116,1
'140X-Weekday-4-26-09-1111100',20261019,1
'140X-Weekday-5-26-09-1111100',20260930,1
'140X-Weekday-6-26-09-1111100',20261109,1,20261110,1
'140X-Weekday-7-26-09-1111100',20261112,1,20261113,1
'150X-Weekday-1-26-09-1111100',20260902,1,20260903,1,20260904,1,20260908,1,20260909,1,20260910,1,20260911,1,20260914,1,20260915,1,20260916,1,20260917,1,20260918,1,20260922,1,20260923,1,20260924,1,20260925,1,20260928,1,20260929,1,20261001,1,20261002,1,20261005,1,20261006,1,20261007,1,20261008,1,20261009,1,20261013,1,20261014,1,20261015,1,20261016,1,20261020,1,20261021,1,20261022,1,20261023,1,20261026,1,20261027,1,20261028,1,20261029,1,20261030,1,20261102,1,20261103,1,20261104,1,20261105,1,20261106,1,20261117,1,20261118,1,20261119,1,20261120,1,20261123,1,20261124,1,20261125,1,20261126,1,20261127,1
'150X-Weekday-3-26-09-1111100',20260921,1,20261116,1
'150X-Weekday-4-26-09-1111100',20261019,1
'150X-Weekday-5-26-09-1111100',20260930,1
'150X-Weekday-6-26-09-1111100',20261109,1,20261110,1
'150X-Weekday-7-26-09-1111100',20261112,1,20261113,1
'500X-Weekday-1-26-09-1111100',20260902,1,20260903,1,20260904,1,20260908,1,20260909,1,20260910,1,20260911,1,20260914,1,20260915,1,20260916,1,20260917,1,20260918,1,20260922,1,20260923,1,20260924,1,20260925,1,20260928,1,20260929,1,20261001,1,20261002,1,20261005,1,20261006,1,20261007,1,20261008,1,20261009,1,20261013,1,20261014,1,20261015,1,20261016,1,20261020,1,20261021,1,20261022,1,20261023,1,20261026,1,20261027,1,20261028,1,20261029,1,20261030,1,20261102,1,20261103,1,20261104,1,20261105,1,20261106,1,20261117,1,20261118,1,20261119,1,20261120,1,20261123,1,20261124,1,20261125,1,20261126,1,20261127,1
'500X-Weekday-3-26-09-1111100',20260921,1,20261116,1
'500X-Weekday-4-26-09-1111100',20261019,1
'500X-Weekday-5-26-09-1111100',20260930,1
'500X-Weekday-6-26-09-1111100',20261109,1,20261110,1
'500X-Weekday-7-26-09-1111100',20261112,1,20261113,1
'501-Weekday-1-26-09-0001000',20260903,1,20260910,1,20260917,1,20260924,1,20261001,1,20261008,1,20261015,1,20261022,1,20261029,1,20261105,1,20261119,1,20261126,1
'501-Weekday-1-26-09-1110100',20260902,1,20260904,1,20260908,1,20260909,1,20260911,1,20260914,1,20260915,1,20260916,1,20260918,1,20260922,1,20260923,1,20260925,1,20260928,1,20260929,1,20261002,1,20261005,1,20261006,1,20261007,1,20261009,1,20261013,1,20261014,1,20261016,1,20261020,1,20261021,1,20261023,1,20261026,1,20261027,1,20261028,1,20261030,1,20261102,1,20261103,1,20261104,1,20261106,1,20261117,1,20261118,1,20261120,1,20261123,1,20261124,1,20261125,1,20261127,1
'501-Weekday-1-26-09-1111100',20260902,1,20260903,1,20260904,1,20260908,1,20260909,1,20260910,1,20260911,1,20260914,1,20260915,1,20260916,1,20260917,1,20260918,1,20260922,1,20260923,1,20260924,1,20260925,1,20260928,1,20260929,1,20261001,1,20261002,1,20261005,1,20261006,1,20261007,1,20261008,1,20261009,1,20261013,1,20261014,1,20261015,1,20261016,1,20261020,1,20261021,1,20261022,1,20261023,1,20261026,1,20261027,1,20261028,1,20261029,1,20261030,1,20261102,1,20261103,1,20261104,1,20261105,1,20261106,1,20261117,1,20261118,1,20261119,1,20261120,1,20261123,1,20261124,1,20261125,1,20261126,1,20261127,1
'501-Weekday-3-26-09-1111100',20260921,1,20261116,1
'501-Weekday-4-26-09-1111100',20261019,1
'501-Weekday-5-26-09-1111100',20260930,1
'501-Weekday-6-26-09-1110100',20261109,1,20261110,1
'501-Weekday-6-26-09-1111100',20261109,1,20261110,1
'501-Weekday-7-26-09-1111100',20261112,1,20261113,1
'502-Weekday-1-26-09-1111100',20260902,1,20260903,1,20260904,1,20260908,1,20260909,1,20260910,1,20260911,1,20260914,1,20260915,1,20260916,1,20260917,1,20260918,1,20260922,1,20260923,1,20260924,1,20260925,1,20260928,1,20260929,1,20261001,1,20261002,1,20261005,1,20261006,1,20261007,1,20261008,1,20261009,1,20261013,1,20261014,1,20261015,1,20261016,1,20261020,1,20261021,1,20261022,1,20261023,1,20261026,1,20261027,1,20261028,1,20261029,1,20261030,1,20261102,1,20261103,1,20261104,1,20261105,1,20261106,1,20261117,1,20261118,1,20261119,1,20261120,1,20261123,1,20261124,1,20261125,1,20261126,1,20261127,1
'502-Weekday-3-26-09-1111100',20260921,1,20261116,1
'502-Weekday-4-26-09-1111100',20261019,1
'502-Weekday-5-26-09-1111100',20260930,1
'502-Weekday-6-26-09-1111100',20261109,1,20261110,1
'502-Weekday-7-26-09-1111100',20261112,1,20261113,1
'503-Weekday-1-26-09-1111100',20260902,1,20260903,1,20260904,1,20260908,1,20260909,1,20260910,1,20260911,1,20260914,1,20260915,1,20260916,1,20260917,1,20260918,1,20260922,1,20260923,1,20260924,1,20260925,1,20260928,1,20260929,1,20261001,1,20261002,1,20261005,1,20261006,1,20261007,1,20261008,1,20261009,1,20261013,1,20261014,1,20261015,1,20261016,1,20261020,1,20261021,1,20261022,1,20261023,1,20261026,1,20261027,1,20261028,1,20261029,1,20261030,1,20261102,1,20261103,1,20261104,1,20261105,1,20261106,1,20261117,1,20261118,1,20261119,1,20261120,1,20261123,1,20261124,1,20261125,1,20261126,1,20261127,1
'503-Weekday-3-26-09-1111100',20260921,1,20261116,1
'503-Weekday-4-26-09-1111100',20261019,1
'503-Weekday-5-26-09-1111100',20260930,1
'503-Weekday-6-26-09-1111100',20261109,1,20261110,1
'503-Weekday-7-26-09-1111100',20261112,1,20261113,1
'504-Weekday-1-26-09-1111100',20260902,1,20260903,1,20260904,1,20260908,1,20260909,1,20260910,1,20260911,1,20260914,1,20260915,1,20260916,1,20260917,1,20260918,1,20260922,1,20260923,1,20260924,1,20260925,1,20260928,1,20260929,1,20261001,1,20261002,1,20261005,1,20261006,1,20261007,1,20261008,1,20261009,1,20261013,1,20261014,1,20261015,1,20261016,1,20261020,1,20261021,1,20261022,1,20261023,1,20261026,1,20261027,1,20261028,1,20261029,1,20261030,1,20261102,1,20261103,1,20261104,1,20261105,1,20261106,1,20261117,1,20261118,1,20261119,1,20261120,1,20261123,1,20261124,1,20261125,1,20261126,1,20261127,1
'504-Weekday-3-26-09-1111100',20260921,1,20261116,1
'504-Weekday-4-26-09-1111100',20261019,1
'504-Weekday-5-26-09-1111100',20260930,1
'504-Weekday-6-26-09-1111100',20261109,1,20261110,1
'504-Weekday-7-26-09-1111100',20261112,1,20261113,1
'505-Weekday-1-26-09-1111100',20260902,1,20260903,1,20260904,1,20260908,1,20260909,1,20260910,1,20260911,1,20260914,1,20260915,1,20260916,1,20260917,1,20260918,1,20260922,1,20260923,1,20260924,1,20260925,1,20260928,1,20260929,1,20261001,1,20261002,1,20261005,1,20261006,1,20261007,1,20261008,1,20261009,1,20261013,1,20261014,1,20261015,1,20261016,1,20261020,1,20261021,1,20261022,1,20261023,1,20261026,1,20261027,1,20261028,1,20261029,1,20261030,1,20261102,1,20261103,1,20261104,1,20261105,1,20261106,1,20261117,1,20261118,1,20261119,1,20261120,1,20261123,1,20261124,1,20261125,1,20261126,1,20261127,1
'505-Weekday-3-26-09-1111100',20260921,1,20261116,1
'505-Weekday-4-26-09-1111100',20261019,1
'505-Weekday-5-26-09-1111100',20260930,1
'505-Weekday-6-26-09-1111100',20261109,1,20261110,1
'505-Weekday-7-26-09-1111100',20261112,1,20261113,1
'506-Weekday-1-26-09-1111100',20260902,1,20260903,1,20260904,1,20260908,1,20260909,1,20260910,1,20260911,1,20260914,1,20260915,1,20260916,1,20260917,1,20260918,1,20260922,1,20260923,1,20260924,1,20260925,1,20260928,1,20260929,1,20261001,1,20261002,1,20261005,1,20261006,1,20261007,1,20261008,1,20261009,1,20261013,1,20261014,1,20261015,1,20261016,1,20261020,1,20261021,1,20261022,1,20261023,1,20261026,1,20261027,1,20261028,1,20261029,1,20261030,1,20261102,1,20261103,1,20261104,1,20261105,1,20261106,1,20261117,1,20261118,1,20261119,1,20261120,1,20261123,1,20261124,1,20261125,1,20261126,1,20261127,1
'506-Weekday-3-26-09-1111100',20260921,1,20261116,1
'506-Weekday-4-26-09-1111100',20261019,1
'506-Weekday-5-26-09-1111100',20260930,1
'506-Weekday-6-26-09-1111100',20261109,1,20261110,1
'506-Weekday-7-26-09-1111100',20261112,1,20261113,1
'507-Weekday-1-26-09-0001000',20260903,1,20260910,1,20260917,1,20260924,1,20261001,1,20261008,1,20261015,1,20261022,1,20261029,1,20261105,1,20261119,1,20261126,1
'507-Weekday-1-26-09-1111100',20260902,1,20260903,1,20260904,1,20260908,1,20260909,1,20260910,1,20260911,1,20260914,1,20260915,1,20260916,1,20260917,1,20260918,1,20260922,1,20260923,1,20260924,1,20260925,1,20260928,1,20260929,1,20261001,1,20261002,1,20261005,1,20261006,1,20261007,1,20261008,1,20261009,1,20261013,1,20261014,1,20261015,1,20261016,1,20261020,1,20261021,1,20261022,1,20261023,1,20261026,1,20261027,1,20261028,1,20261029,1,20261030,1,20261102,1,20261103,1,20261104,1,20261105,1,20261106,1,20261117,1,20261118,1,20261119,1,20261120,1,20261123,1,20261124,1,20261125,1,20261126,1,20261127,1
'507-Weekday-3-26-09-1111100',20260921,1,20261116,1
'507-Weekday-4-26-09-1111100',20261019,1
'507-Weekday-5-26-09-1111100',20260930,1
'507-Weekday-6-26-09-1111100',20261109,1,20261110,1
'507-Weekday-7-26-09-1111100',20261112,1,20261113,1
'508-Weekday-1-26-09-1111100',20260902,1,20260903,1,20260904,1,20260908,1,20260909,1,20260910,1,20260911,1,20260914,1,20260915,1,20260916,1,20260917,1,20260918,1,20260922,1,20260923,1,20260924,1,20260925,1,20260928,1,20260929,1,20261001,1,20261002,1,20261005,1,20261006,1,20261007,1,20261008,1,20261009,1,20261013,1,20261014,1,20261015,1,20261016,1,20261020,1,20261021,1,20261022,1,20261023,1,20261026,1,20261027,1,20261028,1,20261029,1,20261030,1,20261102,1,20261103,1,20261104,1,20261105,1,20261106,1,20261117,1,20261118,1,20261119,1,20261120,1,20261123,1,20261124,1,20261125,1,20261126,1,20261127,1
'508-Weekday-3-26-09-1111100',20260921,1,20261116,1
'508-Weekday-4-26-09-1111100',20261019,1
'508-Weekday-5-26-09-1111100',20260930,1
'508-Weekday-6-26-09-1111100',20261109,1,20261110,1
'508-Weekday-7-26-09-1111100',20261112,1,20261113,1
'509-Weekday-1-26-09-0001000',20260903,1,20260910,1,20260917,1,20260924,1,20261001,1,20261008,1,20261015,1,20261022,1,20261029,1,20261105,1,20261119,1,20261126,1
'509-Weekday-1-26-09-1110100',20260902,1,20260904,1,20260908,1,20260909,1,20260911,1,20260914,1,20260915,1,20260916,1,20260918,1,20260922,1,20260923,1,20260925,1,20260928,1,20260929,1,20261002,1,20261005,1,20261006,1,20261007,1,20261009,1,20261013,1,20261014,1,20261016,1,20261020,1,20261021,1,20261023,1,20261026,1,20261027,1,20261028,1,20261030,1,20261102,1,20261103,1,20261104,1,20261106,1,20261117,1,20261118,1,20261120,1,20261123,1,20261124,1,20261125,1,20261127,1
'509-Weekday-1-26-09-1111100',20260902,1,20260903,1,20260904,1,20260908,1,20260909,1,20260910,1,20260911,1,20260914,1,20260915,1,20260916,1,20260917,1,20260918,1,20260922,1,20260923,1,20260924,1,20260925,1,20260928,1,20260929,1,20261001,1,20261002,1,20261005,1,20261006,1,20261007,1,20261008,1,20261009,1,20261013,1,20261014,1,20261015,1,20261016,1,20261020,1,20261021,1,20261022,1,20261023,1,20261026,1,20261027,1,20261028,1,20261029,1,20261030,1,20261102,1,20261103,1,20261104,1,20261105,1,20261106,1,20261117,1,20261118,1,20261119,1,20261120,1,20261123,1,20261124,1,20261125,1,20261126,1,20261127,1
'509-Weekday-3-26-09-1111100',20260921,1,20261116,1
'509-Weekday-4-26-09-1111100',20261019,1
'509-Weekday-5-26-09-1111100',20260930,1
'509-Weekday-6-26-09-1110100',20261109,1,20261110,1
'509-Weekday-6-26-09-1111100',20261109,1,20261110,1
'509-Weekday-7-26-09-1111100',20261112,1,20261113,1
'511-Weekday-1-26-09-1111100',20260902,1,20260903,1,20260904,1,20260908,1,20260909,1,20260910,1,20260911,1,20260914,1,20260915,1,20260916,1,20260917,1,20260918,1,20260922,1,20260923,1,20260924,1,20260925,1,20260928,1,20260929,1,20261001,1,20261002,1,20261005,1,20261006,1,20261007,1,20261008,1,20261009,1,20261013,1,20261014,1,20261015,1,20261016,1,20261020,1,20261021,1,20261022,1,20261023,1,20261026,1,20261027,1,20261028,1,20261029,1,20261030,1,20261102,1,20261103,1,20261104,1,20261105,1,20261106,1,20261117,1,20261118,1,20261119,1,20261120,1,20261123,1,20261124,1,20261125,1,20261126,1,20261127,1
'511-Weekday-3-26-09-1111100',20260921,1,20261116,1
'511-Weekday-4-26-09-1111100',20261019,1
'511-Weekday-5-26-09-1111100',20260930,1
'511-Weekday-6-26-09-1111100',20261109,1,20261110,1
'511-Weekday-7-26-09-1111100',20261112,1,20261113,1
'512-Weekday-1-26-09-1111100',20260902,1,20260903,1,20260904,1,20260908,1,20260909,1,20260910,1,20260911,1,20260914,1,20260915,1,20260916,1,20260917,1,20260918,1,20260922,1,20260923,1,20260924,1,20260925,1,20260928,1,20260929,1,20261001,1,20261002,1,20261005,1,20261006,1,20261007,1,20261008,1,20261009,1,20261013,1,20261014,1,20261015,1,20261016,1,20261020,1,20261021,1,20261022,1,20261023,1,20261026,1,20261027,1,20261028,1,20261029,1,20261030,1,20261102,1,20261103,1,20261104,1,20261105,1,20261106,1,20261117,1,20261118,1,20261119,1,20261120,1,20261123,1,20261124,1,20261125,1,20261126,1,20261127,1
'512-Weekday-3-26-09-1111100',20260921,1,20261116,1
'512-Weekday-4-26-09-1111100',20261019,1
'512-Weekday-5-26-09-1111100',20260930,1
'512-Weekday-6-26-09-1111100',20261109,1,20261110,1
'512-Weekday-7-26-09-1111100',20261112,1,20261113,1
'513-Weekday-1-26-09-1111100',20260902,1,20260903,1,20260904,1,20260908,1,20260909,1,20260910,1,20260911,1,20260914,1,20260915,1,20260916,1,20260917,1,20260918,1,20260922,1,20260923,1,20260924,1,20260925,1,20260928,1,20260929,1,20261001,1,20261002,1,20261005,1,20261006,1,20261007,1,20261008,1,20261009,1,20261013,1,20261014,1,20261015,1,20261016,1,20261020,1,20261021,1,20261022,1,20261023,1,20261026,1,20261027,1,20261028,1,20261029,1,20261030,1,20261102,1,20261103,1,20261104,1,20261105,1,20261106,1,20261117,1,20261118,1,20261119,1,20261120,1,20261123,1,20261124,1,20261125,1,20261126,1,20261127,1
'513-Weekday-3-26-09-1111100',20260921,1,20261116,1
'513-Weekday-4-26-09-1111100',20261019,1
'513-Weekday-5-26-09-1111100',20260930,1
'513-Weekday-6-26-09-1111100',20261109,1,20261110,1
'513-Weekday-7-26-09-1111100',20261112,1,20261113,1
'514-Weekday-1-26-09-1111100',20260902,1,20260903,1,20260904,1,20260908,1,20260909,1,20260910,1,20260911,1,20260914,1,20260915,1,20260916,1,20260917,1,20260918,1,20260922,1,20260923,1,20260924,1,20260925,1,20260928,1,20260929,1,20261001,1,20261002,1,20261005,1,20261006,1,20261007,1,20261008,1,20261009,1,20261013,1,20261014,1,20261015,1,20261016,1,20261020,1,20261021,1,20261022,1,20261023,1,20261026,1,20261027,1,20261028,1,20261029,1,20261030,1,20261102,1,20261103,1,20261104,1,20261105,1,20261106,1,20261117,1,20261118,1,20261119,1,20261120,1,20261123,1,20261124,1,20261125,1,20261126,1,20261127,1
'514-Weekday-3-26-09-1111100',20260921,1,20261116,1
'514-Weekday-4-26-09-1111100',20261019,1
'514-Weekday-5-26-09-1111100',20260930,1
'514-Weekday-6-26-09-1111100',20261109,1,20261110,1
'514-Weekday-7-26-09-1111100',20261112,1,20261113,1
'515-Weekday-1-26-09-1101100',20260903,1,20260904,1,20260908,1,20260910,1,20260911,1,20260914,1,20260915,1,20260917,1,20260918,1,20260922,1,20260924,1,20260925,1,20260928,1,20260929,1,20261001,1,20261002,1,20261005,1,20261006,1,20261008,1,20261009,1,20261013,1,20261015,1,20261016,1,20261020,1,20261022,1,20261023,1,20261026,1,20261027,1,20261029,1,20261030,1,20261102,1,20261103,1,20261105,1,20261106,1,20261117,1,20261119,1,20261120,1,20261123,1,20261124,1,20261126,1,20261127,1
'515-Weekday-1-26-09-1110100',20260902,1,20260904,1,20260908,1,20260909,1,20260911,1,20260914,1,20260915,1,20260916,1,20260918,1,20260922,1,20260923,1,20260925,1,20260928,1,20260929,1,20261002,1,20261005,1,20261006,1,20261007,1,20261009,1,20261013,1,20261014,1,20261016,1,20261020,1,20261021,1,20261023,1,20261026,1,20261027,1,20261028,1,20261030,1,20261102,1,20261103,1,20261104,1,20261106,1,20261117,1,20261118,1,20261120,1,20261123,1,20261124,1,20261125,1,20261127,1
'515-Weekday-1-26-09-1111100',20260902,1,20260903,1,20260904,1,20260908,1,20260909,1,20260910,1,20260911,1,20260914,1,20260915,1,20260916,1,20260917,1,20260918,1,20260922,1,20260923,1,20260924,1,20260925,1,20260928,1,20260929,1,20261001,1,20261002,1,20261005,1,20261006,1,20261007,1,20261008,1,20261009,1,20261013,1,20261014,1,20261015,1,20261016,1,20261020,1,20261021,1,20261022,1,20261023,1,20261026,1,20261027,1,20261028,1,20261029,1,20261030,1,20261102,1,20261103,1,20261104,1,20261105,1,20261106,1,20261117,1,20261118,1,20261119,1,20261120,1,20261123,1,20261124,1,20261125,1,20261126,1,20261127,1
'515-Weekday-3-26-09-1111100',20260921,1,20261116,1
'515-Weekday-4-26-09-1111100',20261019,1
'515-Weekday-5-26-09-1111100',20260930,1
'515-Weekday-6-26-09-1101100',20261109,1,20261110,1
'515-Weekday-6-26-09-1110100',20261109,1,20261110,1
'515-Weekday-6-26-09-1111100',20261109,1,20261110,1
'515-Weekday-7-26-09-1111100',20261112,1,20261113,1
'516-Weekday-1-26-09-1111100',20260902,1,20260903,1,20260904,1,20260908,1,20260909,1,20260910,1,20260911,1,20260914,1,20260915,1,20260916,1,20260917,1,20260918,1,20260922,1,20260923,1,20260924,1,20260925,1,20260928,1,20260929,1,20261001,1,20261002,1,20261005,1,20261006,1,20261007,1,20261008,1,20261009,1,20261013,1,20261014,1,20261015,1,20261016,1,20261020,1,20261021,1,20261022,1,20261023,1,20261026,1,20261027,1,20261028,1,20261029,1,20261030,1,20261102,1,20261103,1,20261104,1,20261105,1,20261106,1,20261117,1,20261118,1,20261119,1,20261120,1,20261123,1,20261124,1,20261125,1,20261126,1,20261127,1
'516-Weekday-3-26-09-1111100',20260921,1,20261116,1
'516-Weekday-4-26-09-1111100',20261019,1
'516-Weekday-5-26-09-1111100',20260930,1
'516-Weekday-6-26-09-1111100',20261109,1,20261110,1
'516-Weekday-7-26-09-1111100',20261112,1,20261113,1
'517-Weekday-1-26-09-1111100',20260902,1,20260903,1,20260904,1,20260908,1,20260909,1,20260910,1,20260911,1,20260914,1,20260915,1,20260916,1,20260917,1,20260918,1,20260922,1,20260923,1,20260924,1,20260925,1,20260928,1,20260929,1,20261001,1,20261002,1,20261005,1,20261006,1,20261007,1,20261008,1,20261009,1,20261013,1,20261014,1,20261015,1,20261016,1,20261020,1,20261021,1,20261022,1,20261023,1,20261026,1,20261027,1,20261028,1,20261029,1,20261030,1,20261102,1,20261103,1,20261104,1,20261105,1,20261106,1,20261117,1,20261118,1,20261119,1,20261120,1,20261123,1,20261124,1,20261125,1,20261126,1,20261127,1
'517-Weekday-3-26-09-1111100',20260921,1,20261116,1
'517-Weekday-4-26-09-1111100',20261019,1
'517-Weekday-5-26-09-1111100',20260930,1
'517-Weekday-6-26-09-1111100',20261109,1,20261110,1
'517-Weekday-7-26-09-1111100',20261112,1,20261113,1
'518-Weekday-1-26-09-1111100',20260902,1,20260903,1,20260904,1,20260908,1,20260909,1,20260910,1,20260911,1,20260914,1,20260915,1,20260916,1,20260917,1,20260918,1,20260922,1,20260923,1,20260924,1,20260925,1,20260928,1,20260929,1,20261001,1,20261002,1,20261005,1,20261006,1,20261007,1,20261008,1,20261009,1,20261013,1,20261014,1,20261015,1,20261016,1,20261020,1,20261021,1,20261022,1,20261023,1,20261026,1,20261027,1,20261028,1,20261029,1,20261030,1,20261102,1,20261103,1,20261104,1,20261105,1,20261106,1,20261117,1,20261118,1,20261119,1,20261120,1,20261123,1,20261124,1,20261125,1,20261126,1,20261127,1
'518-Weekday-3-26-09-1111100',20260921,1,20261116,1
'518-Weekday-4-26-09-1111100',20261019,1
'518-Weekday-5-26-09-1111100',20260930,1
'518-Weekday-6-26-09-1111100',20261109,1,20261110,1
'518-Weekday-7-26-09-1111100',20261112,1,20261113,1
'519-Weekday-1-26-09-1111100',20260902,1,20260903,1,20260904,1,20260908,1,20260909,1,20260910,1,20260911,1,20260914,1,20260915,1,20260916,1,20260917,1,20260918,1,20260922,1,20260923,1,20260924,1,20260925,1,20260928,1,20260929,1,20261001,1,20261002,1,20261005,1,20261006,1,20261007,1,20261008,1,20261009,1,20261013,1,20261014,1,20261015,1,20261016,1,20261020,1,20261021,1,20261022,1,20261023,1,20261026,1,20261027,1,20261028,1,20261029,1,20261030,1,20261102,1,20261103,1,20261104,1,20261105,1,20261106,1,20261117,1,20261118,1,20261119,1,20261120,1,20261123,1,20261124,1,20261125,1,20261126,1,20261127,1
'519-Weekday-3-26-09-1111100',20260921,1,20261116,1
'519-Weekday-4-26-09-1111100',20261019,1
'519-Weekday-5-26-09-1111100',20260930,1
'519-Weekday-6-26-09-1111100',20261109,1,20261110,1
'519-Weekday-7-26-09-1111100',20261112,1,20261113,1
'521-Weekday-1-26-09-1111100',20260902,1,20260903,1,20260904,1,20260908,1,20260909,1,20260910,1,20260911,1,20260914,1,20260915,1,20260916,1,20260917,1,20260918,1,20260922,1,20260923,1,20260924,1,20260925,1,20260928,1,20260929,1,20261001,1,20261002,1,20261005,1,20261006,1,20261007,1,20261008,1,20261009,1,20261013,1,20261014,1,20261015,1,20261016,1,20261020,1,20261021,1,20261022,1,20261023,1,20261026,1,20261027,1,20261028,1,20261029,1,20261030,1,20261102,1,20261103,1,20261104,1,20261105,1,20261106,1,20261117,1,20261118,1,20261119,1,20261120,1,20261123,1,20261124,1,20261125,1,20261126,1,20261127,1
'521-Weekday-3-26-09-1111100',20260921,1,20261116,1
'521-Weekday-4-26-09-1111100',20261019,1
'521-Weekday-5-26-09-1111100',20260930,1
'521-Weekday-6-26-09-1111100',20261109,1,20261110,1
'521-Weekday-7-26-09-1111100',20261112,1,20261113,1
'523-Weekday-1-26-09-1111100',20260902,1,20260903,1,20260904,1,20260908,1,20260909,1,20260910,1,20260911,1,20260914,1,20260915,1,20260916,1,20260917,1,20260918,1,20260922,1,20260923,1,20260924,1,20260925,1,20260928,1,20260929,1,20261001,1,20261002,1,20261005,1,20261006,1,20261007,1,20261008,1,20261009,1,20261013,1,20261014,1,20261015,1,20261016,1,20261020,1,20261021,1,20261022,1,20261023,1,20261026,1,20261027,1,20261028,1,20261029,1,20261030,1,20261102,1,20261103,1,20261104,1,20261105,1,20261106,1,20261117,1,20261118,1,20261119,1,20261120,1,20261123,1,20261124,1,20261125,1,20261126,1,20261127,1
'523-Weekday-3-26-09-1111100',20260921,1,20261116,1
'523-Weekday-4-26-09-1111100',20261019,1
'523-Weekday-5-26-09-1111100',20260930,1
'523-Weekday-6-26-09-1111100',20261109,1,20261110,1
'523-Weekday-7-26-09-1111100',20261112,1,20261113,1
'524-Weekday-1-26-09-1111100',20260902,1,20260903,1,20260904,1,20260908,1,20260909,1,20260910,1,20260911,1,20260914,1,20260915,1,20260916,1,20260917,1,20260918,1,20260922,1,20260923,1,20260924,1,20260925,1,20260928,1,20260929,1,20261001,1,20261002,1,20261005,1,20261006,1,20261007,1,20261008,1,20261009,1,20261013,1,20261014,1,20261015,1,20261016,1,20261020,1,20261021,1,20261022,1,20261023,1,20261026,1,20261027,1,20261028,1,20261029,1,20261030,1,20261102,1,20261103,1,20261104,1,20261105,1,20261106,1,20261117,1,20261118,1,20261119,1,20261120,1,20261123,1,20261124,1,20261125,1,20261126,1,20261127,1
'524-Weekday-3-26-09-1111100',20260921,1,20261116,1
'524-Weekday-4-26-09-1111100',20261019,1
'524-Weekday-5-26-09-1111100',20260930,1
'524-Weekday-6-26-09-1111100',20261109,1,20261110,1
'524-Weekday-7-26-09-1111100',20261112,1,20261113,1
'525-Weekday-1-26-09-1111100',20260902,1,20260903,1,20260904,1,20260908,1,20260909,1,20260910,1,20260911,1,20260914,1,20260915,1,20260916,1,20260917,1,20260918,1,20260922,1,20260923,1,20260924,1,20260925,1,20260928,1,20260929,1,20261001,1,20261002,1,20261005,1,20261006,1,20261007,1,20261008,1,20261009,1,20261013,1,20261014,1,20261015,1,20261016,1,20261020,1,20261021,1,20261022,1,20261023,1,20261026,1,20261027,1,20261028,1,20261029,1,20261030,1,20261102,1,20261103,1,20261104,1,20261105,1,20261106,1,20261117,1,20261118,1,20261119,1,20261120,1,20261123,1,20261124,1,20261125,1,20261126,1,20261127,1
'525-Weekday-3-26-09-1111100',20260921,1,20261116,1
'525-Weekday-4-26-09-1111100',20261019,1
'525-Weekday-5-26-09-1111100',20260930,1
'525-Weekday-6-26-09-1111100',20261109,1,20261110,1
'525-Weekday-7-26-09-1111100',20261112,1,20261113,1
'527-Weekday-1-26-09-1111100',20260902,1,20260903,1,20260904,1,20260908,1,20260909,1,20260910,1,20260911,1,20260914,1,20260915,1,20260916,1,20260917,1,20260918,1,20260922,1,20260923,1,20260924,1,20260925,1,20260928,1,20260929,1,20261001,1,20261002,1,20261005,1,20261006,1,20261007,1,20261008,1,20261009,1,20261013,1,20261014,1,20261015,1,20261016,1,20261020,1,20261021,1,20261022,1,20261023,1,20261026,1,20261027,1,20261028,1,20261029,1,20261030,1,20261102,1,20261103,1,20261104,1,20261105,1,20261106,1,20261117,1,20261118,1,20261119,1,20261120,1,20261123,1,20261124,1,20261125,1,20261126,1,20261127,1
'527-Weekday-3-26-09-1111100',20260921,1,20261116,1
'527-Weekday-4-26-09-1111100',20261019,1
'527-Weekday-5-26-09-1111100',20260930,1
'527-Weekday-6-26-09-1111100',20261109,1,20261110,1
'527-Weekday-7-26-09-1111100',20261112,1,20261113,1
'560-Weekday-1-26-09-1111100',20260902,1,20260903,1,20260904,1,20260908,1,20260909,1,20260910,1,20260911,1,20260914,1,20260915,1,20260916,1,20260917,1,20260918,1,20260922,1,20260923,1,20260924,1,20260925,1,20260928,1,20260929,1,20261001,1,20261002,1,20261005,1,20261006,1,20261007,1,20261008,1,20261009,1,20261013,1,20261014,1,20261015,1,20261016,1,20261020,1,20261021,1,20261022,1,20261023,1,20261026,1,20261027,1,20261028,1,20261029,1,20261030,1,20261102,1,20261103,1,20261104,1,20261105,1,20261106,1,20261117,1,20261118,1,20261119,1,20261120,1,20261123,1,20261124,1,20261125,1,20261126,1,20261127,1
'560-Weekday-3-26-09-1111100',20260921,1,20261116,1
'560-Weekday-4-26-09-1111100',20261019,1
'560-Weekday-6-26-09-1111100',20261109,1,20261110,1,20261112,1,20261113,1
'589-Weekday-1-26-09-1111100',20260902,1,20260903,1,20260904,1,20260908,1,20260909,1,20260910,1,20260911,1,20260914,1,20260915,1,20260916,1,20260917,1,20260918,1,20260922,1,20260923,1,20260924,1,20260925,1,20260928,1,20260929,1,20261001,1,20261002,1,20261005,1,20261006,1,20261007,1,20261008,1,20261009,1,20261013,1,20261014,1,20261015,1,20261016,1,20261020,1,20261021,1,20261022,1,20261023,1,20261026,1,20261027,1,20261028,1,20261029,1,20261030,1,20261102,1,20261103,1,20261104,1,20261105,1,20261106,1,20261117,1,20261118,1,20261119,1,20261120,1,20261123,1,20261124,1,20261125,1,20261126,1,20261127,1
'589-Weekday-3-26-09-1111100',20260921,1,20261116,1
'589-Weekday-4-26-09-1111100',20261019,1
'589-Weekday-5-26-09-1111100',20260930,1
'589-Weekday-6-26-09-1111100',20261109,1,20261110,1
'589-Weekday-7-26-09-1111100',20261112,1,20261113,1
'610-Weekday-1-26-09-0001000',20260903,1,20260910,1,20260917,1,20260924,1,20261001,1,20261008,1,20261015,1,20261022,1,20261029,1,20261105,1,20261119,1,20261126,1
'610-Weekday-1-26-09-1110100',20260902,1,20260904,1,20260908,1,20260909,1,20260911,1,20260914,1,20260915,1,20260916,1,20260918,1,20260922,1,20260923,1,20260925,1,20260928,1,20260929,1,20261002,1,20261005,1,20261006,1,20261007,1,20261009,1,20261013,1,20261014,1,20261016,1,20261020,1,20261021,1,20261023,1,20261026,1,20261027,1,20261028,1,20261030,1,20261102,1,20261103,1,20261104,1,20261106,1,20261117,1,20261118,1,20261120,1,20261123,1,20261124,1,20261125,1,20261127,1
'610-Weekday-1-26-09-1111100',20260902,1,20260903,1,20260904,1,20260908,1,20260909,1,20260910,1,20260911,1,20260914,1,20260915,1,20260916,1,20260917,1,20260918,1,20260922,1,20260923,1,20260924,1,20260925,1,20260928,1,20260929,1,20261001,1,20261002,1,20261005,1,20261006,1,20261007,1,20261008,1,20261009,1,20261013,1,20261014,1,20261015,1,20261016,1,20261020,1,20261021,1,20261022,1,20261023,1,20261026,1,20261027,1,20261028,1,20261029,1,20261030,1,20261102,1,20261103,1,20261104,1,20261105,1,20261106,1,20261117,1,20261118,1,20261119,1,20261120,1,20261123,1,20261124,1,20261125,1,20261126,1,20261127,1
'610-Weekday-4-26-09-1110100',20260921,1,20261116,1
'610-Weekday-4-26-09-1111100',20260921,1,20261116,1
'610-Weekday-7-26-09-1110100',20261109,1,20261110,1
'610-Weekday-7-26-09-1111100',20261109,1,20261110,1
'611-Weekday-1-26-09-0001000',20260903,1,20260910,1,20260917,1,20260924,1,20261001,1,20261008,1,20261015,1,20261022,1,20261029,1,20261105,1,20261119,1,20261126,1
'611-Weekday-1-26-09-1110100',20260902,1,20260904,1,20260908,1,20260909,1,20260911,1,20260914,1,20260915,1,20260916,1,20260918,1,20260922,1,20260923,1,20260925,1,20260928,1,20260929,1,20261002,1,20261005,1,20261006,1,20261007,1,20261009,1,20261013,1,20261014,1,20261016,1,20261020,1,20261021,1,20261023,1,20261026,1,20261027,1,20261028,1,20261030,1,20261102,1,20261103,1,20261104,1,20261106,1,20261117,1,20261118,1,20261120,1,20261123,1,20261124,1,20261125,1,20261127,1
'611-Weekday-1-26-09-1111100',20260902,1,20260903,1,20260904,1,20260908,1,20260909,1,20260910,1,20260911,1,20260914,1,20260915,1,20260916,1,20260917,1,20260918,1,20260922,1,20260923,1,20260924,1,20260925,1,20260928,1,20260929,1,20261001,1,20261002,1,20261005,1,20261006,1,20261007,1,20261008,1,20261009,1,20261013,1,20261014,1,20261015,1,20261016,1,20261020,1,20261021,1,20261022,1,20261023,1,20261026,1,20261027,1,20261028,1,20261029,1,20261030,1,20261102,1,20261103,1,20261104,1,20261105,1,20261106,1,20261117,1,20261118,1,20261119,1,20261120,1,20261123,1,20261124,1,20261125,1,20261126,1,20261127,1
'611-Weekday-4-26-09-1110100',20260921,1,20261116,1
'611-Weekday-4-26-09-1111100',20260921,1,20261116,1
'611-Weekday-7-26-09-1110100',20261109,1,20261110,1
'611-Weekday-7-26-09-1111100',20261109,1,20261110,1
'612-Weekday-1-26-09-0001000',20260903,1,20260910,1,20260917,1,20260924,1,20261001,1,20261008,1,20261015,1,20261022,1,20261029,1,20261105,1,20261119,1,20261126,1
'612-Weekday-1-26-09-1110100',20260902,1,20260904,1,20260908,1,20260909,1,20260911,1,20260914,1,20260915,1,20260916,1,20260918,1,20260922,1,20260923,1,20260925,1,20260928,1,20260929,1,20261002,1,20261005,1,20261006,1,20261007,1,20261009,1,20261013,1,20261014,1,20261016,1,20261020,1,20261021,1,20261023,1,20261026,1,20261027,1,20261028,1,20261030,1,20261102,1,20261103,1,20261104,1,20261106,1,20261117,1,20261118,1,20261120,1,20261123,1,20261124,1,20261125,1,20261127,1
'612-Weekday-1-26-09-1111100',20260902,1,20260903,1,20260904,1,20260908,1,20260909,1,20260910,1,20260911,1,20260914,1,20260915,1,20260916,1,20260917,1,20260918,1,20260922,1,20260923,1,20260924,1,20260925,1,20260928,1,20260929,1,20261001,1,20261002,1,20261005,1,20261006,1,20261007,1,20261008,1,20261009,1,20261013,1,20261014,1,20261015,1,20261016,1,20261020,1,20261021,1,20261022,1,20261023,1,20261026,1,20261027,1,20261028,1,20261029,1,20261030,1,20261102,1,20261103,1,20261104,1,20261105,1,20261106,1,20261117,1,20261118,1,20261119,1,20261120,1,20261123,1,20261124,1,20261125,1,20261126,1,20261127,1
'612-Weekday-4-26-09-1110100',20260921,1,20261116,1
'612-Weekday-4-26-09-1111100',20260921,1,20261116,1
'612-Weekday-7-26-09-1110100',20261109,1,20261110,1
'612-Weekday-7-26-09-1111100',20261109,1,20261110,1
'613-Weekday-1-26-09-0001000',20260903,1,20260910,1,20260917,1,20260924,1,20261001,1,20261008,1,20261015,1,20261022,1,20261029,1,20261105,1,20261119,1,20261126,1
'613-Weekday-1-26-09-1110100',20260902,1,20260904,1,20260908,1,20260909,1,20260911,1,20260914,1,20260915,1,20260916,1,20260918,1,20260922,1,20260923,1,20260925,1,20260928,1,20260929,1,20261002,1,20261005,1,20261006,1,20261007,1,20261009,1,20261013,1,20261014,1,20261016,1,20261020,1,20261021,1,20261023,1,20261026,1,20261027,1,20261028,1,20261030,1,20261102,1,20261103,1,20261104,1,20261106,1,20261117,1,20261118,1,20261120,1,20261123,1,20261124,1,20261125,1,20261127,1
'613-Weekday-1-26-09-1111100',20260902,1,20260903,1,20260904,1,20260908,1,20260909,1,20260910,1,20260911,1,20260914,1,20260915,1,20260916,1,20260917,1,20260918,1,20260922,1,20260923,1,20260924,1,20260925,1,20260928,1,20260929,1,20261001,1,20261002,1,20261005,1,20261006,1,20261007,1,20261008,1,20261009,1,20261013,1,20261014,1,20261015,1,20261016,1,20261020,1,20261021,1,20261022,1,20261023,1,20261026,1,20261027,1,20261028,1,20261029,1,20261030,1,20261102,1,20261103,1,20261104,1,20261105,1,20261106,1,20261117,1,20261118,1,20261119,1,20261120,1,20261123,1,20261124,1,20261125,1,20261126,1,20261127,1
'613-Weekday-4-26-09-1110100',20260921,1,20261116,1
'613-Weekday-4-26-09-1111100',20260921,1,20261116,1
'613-Weekday-7-26-09-1110100',20261109,1,20261110,1
'613-Weekday-7-26-09-1111100',20261109,1,20261110,1
'614-Weekday-1-26-09-0001000',20260903,1,20260910,1,20260917,1,20260924,1,20261001,1,20261008,1,20261015,1,20261022,1,20261029,1,20261105,1,20261119,1,20261126,1
'614-Weekday-1-26-09-1110100',20260902,1,20260904,1,20260908,1,20260909,1,20260911,1,20260914,1,20260915,1,20260916,1,20260918,1,20260922,1,20260923,1,20260925,1,20260928,1,20260929,1,20261002,1,20261005,1,20261006,1,20261007,1,20261009,1,20261013,1,20261014,1,20261016,1,20261020,1,20261021,1,20261023,1,20261026,1,20261027,1,20261028,1,20261030,1,20261102,1,20261103,1,20261104,1,20261106,1,20261117,1,20261118,1,20261120,1,20261123,1,20261124,1,20261125,1,20261127,1
'614-Weekday-1-26-09-1111100',20260902,1,20260903,1,20260904,1,20260908,1,20260909,1,20260910,1,20260911,1,20260914,1,20260915,1,20260916,1,20260917,1,20260918,1,20260922,1,20260923,1,20260924,1,20260925,1,20260928,1,20260929,1,20261001,1,20261002,1,20261005,1,20261006,1,20261007,1,20261008,1,20261009,1,20261013,1,20261014,1,20261015,1,20261016,1,20261020,1,20261021,1,20261022,1,20261023,1,20261026,1,20261027,1,20261028,1,20261029,1,20261030,1,20261102,1,20261103,1,20261104,1,20261105,1,20261106,1,20261117,1,20261118,1,20261119,1,20261120,1,20261123,1,20261124,1,20261125,1,20261126,1,20261127,1
'614-Weekday-4-26-09-1110100',20260921,1,20261116,1
'614-Weekday-4-26-09-1111100',20260921,1,20261116,1
'614-Weekday-7-26-09-1110100',20261109,1,20261110,1
'614-Weekday-7-26-09-1111100',20261109,1,20261110,1
'615-Weekday-1-26-09-0001000',20260903,1,20260910,1,20260917,1,20260924,1,20261001,1,20261008,1,20261015,1,20261022,1,20261029,1,20261105,1,20261119,1,20261126,1
'615-Weekday-1-26-09-1110100',20260902,1,20260904,1,20260908,1,20260909,1,20260911,1,20260914,1,20260915,1,20260916,1,20260918,1,20260922,1,20260923,1,20260925,1,20260928,1,20260929,1,20261002,1,20261005,1,20261006,1,20261007,1,20261009,1,20261013,1,20261014,1,20261016,1,20261020,1,20261021,1,20261023,1,20261026,1,20261027,1,20261028,1,20261030,1,20261102,1,20261103,1,20261104,1,20261106,1,20261117,1,20261118,1,20261120,1,20261123,1,20261124,1,20261125,1,20261127,1
'615-Weekday-1-26-09-1111100',20260902,1,20260903,1,20260904,1,20260908,1,20260909,1,20260910,1,20260911,1,20260914,1,20260915,1,20260916,1,20260917,1,20260918,1,20260922,1,20260923,1,20260924,1,20260925,1,20260928,1,20260929,1,20261001,1,20261002,1,20261005,1,20261006,1,20261007,1,20261008,1,20261009,1,20261013,1,20261014,1,20261015,1,20261016,1,20261020,1,20261021,1,20261022,1,20261023,1,20261026,1,20261027,1,20261028,1,20261029,1,20261030,1,20261102,1,20261103,1,20261104,1,20261105,1,20261106,1,20261117,1,20261118,1,20261119,1,20261120,1,20261123,1,20261124,1,20261125,1,20261126,1,20261127,1
'615-Weekday-4-26-09-1110100',20260921,1,20261116,1
'615-Weekday-4-26-09-1111100',20260921,1,20261116,1
'615-Weekday-7-26-09-1110100',20261109,1,20261110,1
'615-Weekday-7-26-09-1111100',20261109,1,20261110,1
'616-Weekday-1-26-09-0001000',20260903,1,20260910,1,20260917,1,20260924,1,20261001,1,20261008,1,20261015,1,20261022,1,20261029,1,20261105,1,20261119,1,20261126,1
'616-Weekday-1-26-09-1110100',20260902,1,20260904,1,20260908,1,20260909,1,20260911,1,20260914,1,20260915,1,20260916,1,20260918,1,20260922,1,20260923,1,20260925,1,20260928,1,20260929,1,20261002,1,20261005,1,20261006,1,20261007,1,20261009,1,20261013,1,20261014,1,20261016,1,20261020,1,20261021,1,20261023,1,20261026,1,20261027,1,20261028,1,20261030,1,20261102,1,20261103,1,20261104,1,20261106,1,20261117,1,20261118,1,20261120,1,20261123,1,20261124,1,20261125,1,20261127,1
'616-Weekday-1-26-09-1111100',20260902,1,20260903,1,20260904,1,20260908,1,20260909,1,20260910,1,20260911,1,20260914,1,20260915,1,20260916,1,20260917,1,20260918,1,20260922,1,20260923,1,20260924,1,20260925,1,20260928,1,20260929,1,20261001,1,20261002,1,20261005,1,20261006,1,20261007,1,20261008,1,20261009,1,20261013,1,20261014,1,20261015,1,20261016,1,20261020,1,20261021,1,20261022,1,20261023,1,20261026,1,20261027,1,20261028,1,20261029,1,20261030,1,20261102,1,20261103,1,20261104,1,20261105,1,20261106,1,20261117,1,20261118,1,20261119,1,20261120,1,20261123,1,20261124,1,20261125,1,20261126,1,20261127,1
'616-Weekday-7-26-09-1110100',20261109,1,20261110,1
'616-Weekday-7-26-09-1111100',20261109,1,20261110,1
'617-Weekday-1-26-09-0001000',20260903,1,20260910,1,20260917,1,20260924,1,20261001,1,20261008,1,20261015,1,20261022,1,20261029,1,20261105,1,20261119,1,20261126,1
'617-Weekday-1-26-09-1110100',20260902,1,20260904,1,20260908,1,20260909,1,20260911,1,20260914,1,20260915,1,20260916,1,20260918,1,20260922,1,20260923,1,20260925,1,20260928,1,20260929,1,20261002,1,20261005,1,20261006,1,20261007,1,20261009,1,20261013,1,20261014,1,20261016,1,20261020,1,20261021,1,20261023,1,20261026,1,20261027,1,20261028,1,20261030,1,20261102,1,20261103,1,20261104,1,20261106,1,20261117,1,20261118,1,20261120,1,20261123,1,20261124,1,20261125,1,20261127,1
'617-Weekday-1-26-09-1111100',20260902,1,20260903,1,20260904,1,20260908,1,20260909,1,20260910,1,20260911,1,20260914,1,20260915,1,20260916,1,20260917,1,20260918,1,20260922,1,20260923,1,20260924,1,20260925,1,20260928,1,20260929,1,20261001,1,20261002,1,20261005,1,20261006,1,20261007,1,20261008,1,20261009,1,20261013,1,20261014,1,20261015,1,20261016,1,20261020,1,20261021,1,20261022,1,20261023,1,20261026,1,20261027,1,20261028,1,20261029,1,20261030,1,20261102,1,20261103,1,20261104,1,20261105,1,20261106,1,20261117,1,20261118,1,20261119,1,20261120,1,20261123,1,20261124,1,20261125,1,20261126,1,20261127,1
'617-Weekday-4-26-09-1110100',20260921,1,20261116,1
'617-Weekday-4-26-09-1111100',20260921,1,20261116,1
'617-Weekday-7-26-09-1110100',20261109,1,20261110,1
'617-Weekday-7-26-09-1111100',20261109,1,20261110,1
'618-Weekday-1-26-09-0001000',20260903,1,20260910,1,20260917,1,20260924,1,20261001,1,20261008,1,20261015,1,20261022,1,20261029,1,20261105,1,20261119,1,20261126,1
'618-Weekday-1-26-09-1110100',20260902,1,20260904,1,20260908,1,20260909,1,20260911,1,20260914,1,20260915,1,20260916,1,20260918,1,20260922,1,20260923,1,20260925,1,20260928,1,20260929,1,20261002,1,20261005,1,20261006,1,20261007,1,20261009,1,20261013,1,20261014,1,20261016,1,20261020,1,20261021,1,20261023,1,20261026,1,20261027,1,20261028,1,20261030,1,20261102,1,20261103,1,20261104,1,20261106,1,20261117,1,20261118,1,20261120,1,20261123,1,20261124,1,20261125,1,20261127,1
'618-Weekday-1-26-09-1111100',20260902,1,20260903,1,20260904,1,20260908,1,20260909,1,20260910,1,20260911,1,20260914,1,20260915,1,20260916,1,20260917,1,20260918,1,20260922,1,20260923,1,20260924,1,20260925,1,20260928,1,20260929,1,20261001,1,20261002,1,20261005,1,20261006,1,20261007,1,20261008,1,20261009,1,20261013,1,20261014,1,20261015,1,20261016,1,20261020,1,20261021,1,20261022,1,20261023,1,20261026,1,20261027,1,20261028,1,20261029,1,20261030,1,20261102,1,20261103,1,20261104,1,20261105,1,20261106,1,20261117,1,20261118,1,20261119,1,20261120,1,20261123,1,20261124,1,20261125,1,20261126,1,20261127,1
'618-Weekday-4-26-09-1110100',20260921,1,20261116,1
'618-Weekday-4-26-09-1111100',20260921,1,20261116,1
'618-Weekday-7-26-09-1110100',20261109,1,20261110,1
'618-Weekday-7-26-09-1111100',20261109,1,20261110,1
'620-Weekday-1-26-09-0001000',20260903,1,20260910,1,20260917,1,20260924,1,20261001,1,20261008,1,20261015,1,20261022,1,20261029,1,20261105,1,20261119,1,20261126,1
'620-Weekday-1-26-09-1110100',20260902,1,20260904,1,20260908,1,20260909,1,20260911,1,20260914,1,20260915,1,20260916,1,20260918,1,20260922,1,20260923,1,20260925,1,20260928,1,20260929,1,20261002,1,20261005,1,20261006,1,20261007,1,20261009,1,20261013,1,20261014,1,20261016,1,20261020,1,20261021,1,20261023,1,20261026,1,20261027,1,20261028,1,20261030,1,20261102,1,20261103,1,20261104,1,20261106,1,20261117,1,20261118,1,20261120,1,20261123,1,20261124,1,20261125,1,20261127,1
'620-Weekday-1-26-09-1111100',20260902,1,20260903,1,20260904,1,20260908,1,20260909,1,20260910,1,20260911,1,20260914,1,20260915,1,20260916,1,20260917,1,20260918,1,20260922,1,20260923,1,20260924,1,20260925,1,20260928,1,20260929,1,20261001,1,20261002,1,20261005,1,20261006,1,20261007,1,20261008,1,20261009,1,20261013,1,20261014,1,20261015,1,20261016,1,20261020,1,20261021,1,20261022,1,20261023,1,20261026,1,20261027,1,20261028,1,20261029,1,20261030,1,20261102,1,20261103,1,20261104,1,20261105,1,20261106,1,20261117,1,20261118,1,20261119,1,20261120,1,20261123,1,20261124,1,20261125,1,20261126,1,20261127,1
'620-Weekday-4-26-09-1110100',20260921,1,20261116,1
'620-Weekday-4-26-09-1111100',20260921,1,20261116,1
'620-Weekday-7-26-09-1110100',20261109,1,20261110,1
'620-Weekday-7-26-09-1111100',20261109,1,20261110,1
'621-Weekday-1-26-09-0001000',20260903,1,20260910,1,20260917,1,20260924,1,20261001,1,20261008,1,20261015,1,20261022,1,20261029,1,20261105,1,20261119,1,20261126,1
'621-Weekday-1-26-09-1110100',20260902,1,20260904,1,20260908,1,20260909,1,20260911,1,20260914,1,20260915,1,20260916,1,20260918,1,20260922,1,20260923,1,20260925,1,20260928,1,20260929,1,20261002,1,20261005,1,20261006,1,20261007,1,20261009,1,20261013,1,20261014,1,20261016,1,20261020,1,20261021,1,20261023,1,20261026,1,20261027,1,20261028,1,20261030,1,20261102,1,20261103,1,20261104,1,20261106,1,20261117,1,20261118,1,20261120,1,20261123,1,20261124,1,20261125,1,20261127,1
'621-Weekday-1-26-09-1111100',20260902,1,20260903,1,20260904,1,20260908,1,20260909,1,20260910,1,20260911,1,20260914,1,20260915,1,20260916,1,20260917,1,20260918,1,20260922,1,20260923,1,20260924,1,20260925,1,20260928,1,20260929,1,20261001,1,20261002,1,20261005,1,20261006,1,20261007,1,20261008,1,20261009,1,20261013,1,20261014,1,20261015,1,20261016,1,20261020,1,20261021,1,20261022,1,20261023,1,20261026,1,20261027,1,20261028,1,20261029,1,20261030,1,20261102,1,20261103,1,20261104,1,20261105,1,20261106,1,20261117,1,20261118,1,20261119,1,20261120,1,20261123,1,20261124,1,20261125,1,20261126,1,20261127,1
'621-Weekday-4-26-09-1110100',20260921,1,20261116,1
'621-Weekday-4-26-09-1111100',20260921,1,20261116,1
'621-Weekday-7-26-09-1110100',20261109,1,20261110,1
'621-Weekday-7-26-09-1111100',20261109,1,20261110,1
'622-Weekday-1-26-09-1111100',20260902,1,20260903,1,20260904,1,20260908,1,20260909,1,20260910,1,20260911,1,20260914,1,20260915,1,20260916,1,20260917,1,20260918,1,20260922,1,20260923,1,20260924,1,20260925,1,20260928,1,20260929,1,20261001,1,20261002,1,20261005,1,20261006,1,20261007,1,20261008,1,20261009,1,20261013,1,20261014,1,20261015,1,20261016,1,20261020,1,20261021,1,20261022,1,20261023,1,20261026,1,20261027,1,20261028,1,20261029,1,20261030,1,20261102,1,20261103,1,20261104,1,20261105,1,20261106,1,20261117,1,20261118,1,20261119,1,20261120,1,20261123,1,20261124,1,20261125,1,20261126,1,20261127,1
'622-Weekday-3-26-09-1111100',20260921,1,20261116,1
'622-Weekday-4-26-09-1111100',20261019,1
'622-Weekday-5-26-09-1111100',20260930,1
'623-Weekday-1-26-09-0001000',20260903,1,20260910,1,20260917,1,20260924,1,20261001,1,20261008,1,20261015,1,20261022,1,20261029,1,20261105,1,20261119,1,20261126,1
'623-Weekday-1-26-09-1110100',20260902,1,20260904,1,20260908,1,20260909,1,20260911,1,20260914,1,20260915,1,20260916,1,20260918,1,20260922,1,20260923,1,20260925,1,20260928,1,20260929,1,20261002,1,20261005,1,20261006,1,20261007,1,20261009,1,20261013,1,20261014,1,20261016,1,20261020,1,20261021,1,20261023,1,20261026,1,20261027,1,20261028,1,20261030,1,20261102,1,20261103,1,20261104,1,20261106,1,20261117,1,20261118,1,20261120,1,20261123,1,20261124,1,20261125,1,20261127,1
'623-Weekday-1-26-09-1111100',20260902,1,20260903,1,20260904,1,20260908,1,20260909,1,20260910,1,20260911,1,20260914,1,20260915,1,20260916,1,20260917,1,20260918,1,20260922,1,20260923,1,20260924,1,20260925,1,20260928,1,20260929,1,20261001,1,20261002,1,20261005,1,20261006,1,20261007,1,20261008,1,20261009,1,20261013,1,20261014,1,20261015,1,20261016,1,20261020,1,20261021,1,20261022,1,20261023,1,20261026,1,20261027,1,20261028,1,20261029,1,20261030,1,20261102,1,20261103,1,20261104,1,20261105,1,20261106,1,20261117,1,20261118,1,20261119,1,20261120,1,20261123,1,20261124,1,20261125,1,20261126,1,20261127,1
'623-Weekday-4-26-09-1110100',20260921,1,20261116,1
'623-Weekday-4-26-09-1111100',20260921,1,20261116,1
'623-Weekday-7-26-09-1110100',20261109,1,20261110,1
'623-Weekday-7-26-09-1111100',20261109,1,20261110,1
'625-Weekday-1-26-09-1110100',20260902,1,20260904,1,20260908,1,20260909,1,20260911,1,20260914,1,20260915,1,20260916,1,20260918,1,20260922,1,20260923,1,20260925,1,20260928,1,20260929,1,20261002,1,20261005,1,20261006,1,20261007,1,20261009,1,20261013,1,20261014,1,20261016,1,20261020,1,20261021,1,20261023,1,20261026,1,20261027,1,20261028,1,20261030,1,20261102,1,20261103,1,20261104,1,20261106,1,20261117,1,20261118,1,20261120,1,20261123,1,20261124,1,20261125,1,20261127,1
'625-Weekday-1-26-09-1111100',20260902,1,20260903,1,20260904,1,20260908,1,20260909,1,20260910,1,20260911,1,20260914,1,20260915,1,20260916,1,20260917,1,20260918,1,20260922,1,20260923,1,20260924,1,20260925,1,20260928,1,20260929,1,20261001,1,20261002,1,20261005,1,20261006,1,20261007,1,20261008,1,20261009,1,20261013,1,20261014,1,20261015,1,20261016,1,20261020,1,20261021,1,20261022,1,20261023,1,20261026,1,20261027,1,20261028,1,20261029,1,20261030,1,20261102,1,20261103,1,20261104,1,20261105,1,20261106,1,20261117,1,20261118,1,20261119,1,20261120,1,20261123,1,20261124,1,20261125,1,20261126,1,20261127,1
'625-Weekday-4-26-09-1110100',20260921,1,20261116,1
'625-Weekday-4-26-09-1111100',20260921,1,20261116,1
'625-Weekday-7-26-09-1110100',20261109,1,20261110,1
'625-Weekday-7-26-09-1111100',20261109,1,20261110,1
'626-Weekday-1-26-09-0001000',20260903,1,20260910,1,20260917,1,20260924,1,20261001,1,20261008,1,20261015,1,20261022,1,20261029,1,20261105,1,20261119,1,20261126,1
'626-Weekday-1-26-09-1110100',20260902,1,20260904,1,20260908,1,20260909,1,20260911,1,20260914,1,20260915,1,20260916,1,20260918,1,20260922,1,20260923,1,20260925,1,20260928,1,20260929,1,20261002,1,20261005,1,20261006,1,20261007,1,20261009,1,20261013,1,20261014,1,20261016,1,20261020,1,20261021,1,20261023,1,20261026,1,20261027,1,20261028,1,20261030,1,20261102,1,20261103,1,20261104,1,20261106,1,20261117,1,20261118,1,20261120,1,20261123,1,20261124,1,20261125,1,20261127,1
'626-Weekday-1-26-09-1111100',20260902,1,20260903,1,20260904,1,20260908,1,20260909,1,20260910,1,20260911,1,20260914,1,20260915,1,20260916,1,20260917,1,20260918,1,20260922,1,20260923,1,20260924,1,20260925,1,20260928,1,20260929,1,20261001,1,20261002,1,20261005,1,20261006,1,20261007,1,20261008,1,20261009,1,20261013,1,20261014,1,20261015,1,20261016,1,20261020,1,20261021,1,20261022,1,20261023,1,20261026,1,20261027,1,20261028,1,20261029,1,20261030,1,20261102,1,20261103,1,20261104,1,20261105,1,20261106,1,20261117,1,20261118,1,20261119,1,20261120,1,20261123,1,20261124,1,20261125,1,20261126,1,20261127,1
'626-Weekday-4-26-09-1110100',20260921,1,20261116,1
'626-Weekday-4-26-09-1111100',20260921,1,20261116,1
'626-Weekday-7-26-09-1110100',20261109,1,20261110,1
'626-Weekday-7-26-09-1111100',20261109,1,20261110,1
'627-Weekday-1-26-09-1111100',20260902,1,20260903,1,20260904,1,20260908,1,20260909,1,20260910,1,20260911,1,20260914,1,20260915,1,20260916,1,20260917,1,20260918,1,20260922,1,20260923,1,20260924,1,20260925,1,20260928,1,20260929,1,20261001,1,20261002,1,20261005,1,20261006,1,20261007,1,20261008,1,20261009,1,20261013,1,20261014,1,20261015,1,20261016,1,20261020,1,20261021,1,20261022,1,20261023,1,20261026,1,20261027,1,20261028,1,20261029,1,20261030,1,20261102,1,20261103,1,20261104,1,20261105,1,20261106,1,20261117,1,20261118,1,20261119,1,20261120,1,20261123,1,20261124,1,20261125,1,20261126,1,20261127,1
'627-Weekday-7-26-09-1111100',20261109,1,20261110,1
'628-Weekday-1-26-09-1111100',20260902,1,20260903,1,20260904,1,20260908,1,20260909,1,20260910,1,20260911,1,20260914,1,20260915,1,20260916,1,20260917,1,20260918,1,20260922,1,20260923,1,20260924,1,20260925,1,20260928,1,20260929,1,20261001,1,20261002,1,20261005,1,20261006,1,20261007,1,20261008,1,20261009,1,20261013,1,20261014,1,20261015,1,20261016,1,20261020,1,20261021,1,20261022,1,20261023,1,20261026,1,20261027,1,20261028,1,20261029,1,20261030,1,20261102,1,20261103,1,20261104,1,20261105,1,20261106,1,20261117,1,20261118,1,20261119,1,20261120,1,20261123,1,20261124,1,20261125,1,20261126,1,20261127,1
'628-Weekday-7-26-09-1111100',20261109,1,20261110,1
'630-Weekday-1-26-09-1110100',20260902,1,20260904,1,20260908,1,20260909,1,20260911,1,20260914,1,20260915,1,20260916,1,20260918,1,20260922,1,20260923,1,20260925,1,20260928,1,20260929,1,20261002,1,20261005,1,20261006,1,20261007,1,20261009,1,20261013,1,20261014,1,20261016,1,20261020,1,20261021,1,20261023,1,20261026,1,20261027,1,20261028,1,20261030,1,20261102,1,20261103,1,20261104,1,20261106,1,20261117,1,20261118,1,20261120,1,20261123,1,20261124,1,20261125,1,20261127,1
'630-Weekday-1-26-09-1111100',20260902,1,20260903,1,20260904,1,20260908,1,20260909,1,20260910,1,20260911,1,20260914,1,20260915,1,20260916,1,20260917,1,20260918,1,20260922,1,20260923,1,20260924,1,20260925,1,20260928,1,20260929,1,20261001,1,20261002,1,20261005,1,20261006,1,20261007,1,20261008,1,20261009,1,20261013,1,20261014,1,20261015,1,20261016,1,20261020,1,20261021,1,20261022,1,20261023,1,20261026,1,20261027,1,20261028,1,20261029,1,20261030,1,20261102,1,20261103,1,20261104,1,20261105,1,20261106,1,20261117,1,20261118,1,20261119,1,20261120,1,20261123,1,20261124,1,20261125,1,20261126,1,20261127,1
'630-Weekday-4-26-09-1110100',20260921,1,20261116,1
'630-Weekday-4-26-09-1111100',20260921,1,20261116,1
'630-Weekday-7-26-09-1110100',20261109,1,20261110,1
'630-Weekday-7-26-09-1111100',20261109,1,20261110,1
'631-Weekday-1-26-09-0001000',20260903,1,20260910,1,20260917,1,20260924,1,20261001,1,20261008,1,20261015,1,20261022,1,20261029,1,20261105,1,20261119,1,20261126,1
'631-Weekday-1-26-09-1110100',20260902,1,20260904,1,20260908,1,20260909,1,20260911,1,20260914,1,20260915,1,20260916,1,20260918,1,20260922,1,20260923,1,20260925,1,20260928,1,20260929,1,20261002,1,20261005,1,20261006,1,20261007,1,20261009,1,20261013,1,20261014,1,20261016,1,20261020,1,20261021,1,20261023,1,20261026,1,20261027,1,20261028,1,20261030,1,20261102,1,20261103,1,20261104,1,20261106,1,20261117,1,20261118,1,20261120,1,20261123,1,20261124,1,20261125,1,20261127,1
'631-Weekday-1-26-09-1111100',20260902,1,20260903,1,20260904,1,20260908,1,20260909,1,20260910,1,20260911,1,20260914,1,20260915,1,20260916,1,20260917,1,20260918,1,20260922,1,20260923,1,20260924,1,20260925,1,20260928,1,20260929,1,20261001,1,20261002,1,20261005,1,20261006,1,20261007,1,20261008,1,20261009,1,20261013,1,20261014,1,20261015,1,20261016,1,20261020,1,20261021,1,20261022,1,20261023,1,20261026,1,20261027,1,20261028,1,20261029,1,20261030,1,20261102,1,20261103,1,20261104,1,20261105,1,20261106,1,20261117,1,20261118,1,20261119,1,20261120,1,20261123,1,20261124,1,20261125,1,20261126,1,20261127,1
'631-Weekday-4-26-09-1110100',20260921,1,20261116,1
'631-Weekday-4-26-09-1111100',20260921,1,20261116,1
'631-Weekday-7-26-09-1110100',20261109,1,20261110,1
'631-Weekday-7-26-09-1111100',20261109,1,20261110,1
'632-Weekday-1-26-09-0001000',20260903,1,20260910,1,20260917,1,20260924,1,20261001,1,20261008,1,20261015,1,20261022,1,20261029,1,20261105,1,20261119,1,20261126,1
'632-Weekday-1-26-09-1110100',20260902,1,20260904,1,20260908,1,20260909,1,20260911,1,20260914,1,20260915,1,20260916,1,20260918,1,20260922,1,20260923,1,20260925,1,20260928,1,20260929,1,20261002,1,20261005,1,20261006,1,20261007,1,20261009,1,20261013,1,20261014,1,20261016,1,20261020,1,20261021,1,20261023,1,20261026,1,20261027,1,20261028,1,20261030,1,20261102,1,20261103,1,20261104,1,20261106,1,20261117,1,20261118,1,20261120,1,20261123,1,20261124,1,20261125,1,20261127,1
'632-Weekday-1-26-09-1111100',20260902,1,20260903,1,20260904,1,20260908,1,20260909,1,20260910,1,20260911,1,20260914,1,20260915,1,20260916,1,20260917,1,20260918,1,20260922,1,20260923,1,20260924,1,20260925,1,20260928,1,20260929,1,20261001,1,20261002,1,20261005,1,20261006,1,20261007,1,20261008,1,20261009,1,20261013,1,20261014,1,20261015,1,20261016,1,20261020,1,20261021,1,20261022,1,20261023,1,20261026,1,20261027,1,20261028,1,20261029,1,20261030,1,20261102,1,20261103,1,20261104,1,20261105,1,20261106,1,20261117,1,20261118,1,20261119,1,20261120,1,20261123,1,20261124,1,20261125,1,20261126,1,20261127,1
'632-Weekday-4-26-09-1110100',20261109,1,20261110,1
'632-Weekday-4-26-09-1111100',20261109,1,20261110,1
'633-Weekday-1-26-09-0001000',20260903,1,20260910,1,20260917,1,20260924,1,20261001,1,20261008,1,20261015,1,20261022,1,20261029,1,20261105,1,20261119,1,20261126,1
'633-Weekday-1-26-09-1110100',20260902,1,20260904,1,20260908,1,20260909,1,20260911,1,20260914,1,20260915,1,20260916,1,20260918,1,20260922,1,20260923,1,20260925,1,20260928,1,20260929,1,20261002,1,20261005,1,20261006,1,20261007,1,20261009,1,20261013,1,20261014,1,20261016,1,20261020,1,20261021,1,20261023,1,20261026,1,20261027,1,20261028,1,20261030,1,20261102,1,20261103,1,20261104,1,20261106,1,20261117,1,20261118,1,20261120,1,20261123,1,20261124,1,20261125,1,20261127,1
'633-Weekday-1-26-09-1111100',20260902,1,20260903,1,20260904,1,20260908,1,20260909,1,20260910,1,20260911,1,20260914,1,20260915,1,20260916,1,20260917,1,20260918,1,20260922,1,20260923,1,20260924,1,20260925,1,20260928,1,20260929,1,20261001,1,20261002,1,20261005,1,20261006,1,20261007,1,20261008,1,20261009,1,20261013,1,20261014,1,20261015,1,20261016,1,20261020,1,20261021,1,20261022,1,20261023,1,20261026,1,20261027,1,20261028,1,20261029,1,20261030,1,20261102,1,20261103,1,20261104,1,20261105,1,20261106,1,20261117,1,20261118,1,20261119,1,20261120,1,20261123,1,20261124,1,20261125,1,20261126,1,20261127,1
'633-Weekday-4-26-09-1110100',20260921,1,20261116,1
'633-Weekday-4-26-09-1111100',20260921,1,20261116,1
'633-Weekday-7-26-09-1110100',20261109,1,20261110,1
'633-Weekday-7-26-09-1111100',20261109,1,20261110,1
'634-Weekday-1-26-09-0000100',20260904,1,20260911,1,20260918,1,20260925,1,20261002,1,20261009,1,20261016,1,20261023,1,20261030,1,20261106,1,20261120,1,20261127,1
'634-Weekday-1-26-09-1111000',20260902,1,20260903,1,20260908,1,20260909,1,20260910,1,20260914,1,20260915,1,20260916,1,20260917,1,20260922,1,20260923,1,20260924,1,20260928,1,20260929,1,20261001,1,20261005,1,20261006,1,20261007,1,20261008,1,20261013,1,20261014,1,20261015,1,20261020,1,20261021,1,20261022,1,20261026,1,20261027,1,20261028,1,20261029,1,20261102,1,20261103,1,20261104,1,20261105,1,20261117,1,20261118,1,20261119,1,20261123,1,20261124,1,20261125,1,20261126,1
'634-Weekday-1-26-09-1111100',20260902,1,20260903,1,20260904,1,20260908,1,20260909,1,20260910,1,20260911,1,20260914,1,20260915,1,20260916,1,20260917,1,20260918,1,20260922,1,20260923,1,20260924,1,20260925,1,20260928,1,20260929,1,20261001,1,20261002,1,20261005,1,20261006,1,20261007,1,20261008,1,20261009,1,20261013,1,20261014,1,20261015,1,20261016,1,20261020,1,20261021,1,20261022,1,20261023,1,20261026,1,20261027,1,20261028,1,20261029,1,20261030,1,20261102,1,20261103,1,20261104,1,20261105,1,20261106,1,20261117,1,20261118,1,20261119,1,20261120,1,20261123,1,20261124,1,20261125,1,20261126,1,20261127,1
'634-Weekday-7-26-09-1111000',20261109,1,20261110,1
'634-Weekday-7-26-09-1111100',20261109,1,20261110,1
'635-Weekday-1-26-09-0000100',20260904,1,20260911,1,20260918,1,20260925,1,20261002,1,20261009,1,20261016,1,20261023,1,20261030,1,20261106,1,20261120,1,20261127,1
'635-Weekday-1-26-09-1111000',20260902,1,20260903,1,20260908,1,20260909,1,20260910,1,20260914,1,20260915,1,20260916,1,20260917,1,20260922,1,20260923,1,20260924,1,20260928,1,20260929,1,20261001,1,20261005,1,20261006,1,20261007,1,20261008,1,20261013,1,20261014,1,20261015,1,20261020,1,20261021,1,20261022,1,20261026,1,20261027,1,20261028,1,20261029,1,20261102,1,20261103,1,20261104,1,20261105,1,20261117,1,20261118,1,20261119,1,20261123,1,20261124,1,20261125,1,20261126,1
'635-Weekday-1-26-09-1111100',20260902,1,20260903,1,20260904,1,20260908,1,20260909,1,20260910,1,20260911,1,20260914,1,20260915,1,20260916,1,20260917,1,20260918,1,20260922,1,20260923,1,20260924,1,20260925,1,20260928,1,20260929,1,20261001,1,20261002,1,20261005,1,20261006,1,20261007,1,20261008,1,20261009,1,20261013,1,20261014,1,20261015,1,20261016,1,20261020,1,20261021,1,20261022,1,20261023,1,20261026,1,20261027,1,20261028,1,20261029,1,20261030,1,20261102,1,20261103,1,20261104,1,20261105,1,20261106,1,20261117,1,20261118,1,20261119,1,20261120,1,20261123,1,20261124,1,20261125,1,20261126,1,20261127,1
'635-Weekday-7-26-09-1111000',20261109,1,20261110,1
'635-Weekday-7-26-09-1111100',20261109,1,20261110,1
'636-Weekday-1-26-09-0000100',20260904,1,20260911,1,20260918,1,20260925,1,20261002,1,20261009,1,20261016,1,20261023,1,20261030,1,20261106,1,20261120,1,20261127,1
'636-Weekday-1-26-09-1111000',20260902,1,20260903,1,20260908,1,20260909,1,20260910,1,20260914,1,20260915,1,20260916,1,20260917,1,20260922,1,20260923,1,20260924,1,20260928,1,20260929,1,20261001,1,20261005,1,20261006,1,20261007,1,20261008,1,20261013,1,20261014,1,20261015,1,20261020,1,20261021,1,20261022,1,20261026,1,20261027,1,20261028,1,20261029,1,20261102,1,20261103,1,20261104,1,20261105,1,20261117,1,20261118,1,20261119,1,20261123,1,20261124,1,20261125,1,20261126,1
'636-Weekday-1-26-09-1111100',20260902,1,20260903,1,20260904,1,20260908,1,20260909,1,20260910,1,20260911,1,20260914,1,20260915,1,20260916,1,20260917,1,20260918,1,20260922,1,20260923,1,20260924,1,20260925,1,20260928,1,20260929,1,20261001,1,20261002,1,20261005,1,20261006,1,20261007,1,20261008,1,20261009,1,20261013,1,20261014,1,20261015,1,20261016,1,20261020,1,20261021,1,20261022,1,20261023,1,20261026,1,20261027,1,20261028,1,20261029,1,20261030,1,20261102,1,20261103,1,20261104,1,20261105,1,20261106,1,20261117,1,20261118,1,20261119,1,20261120,1,20261123,1,20261124,1,20261125,1,20261126,1,20261127,1
'636-Weekday-7-26-09-1111000',20261109,1,20261110,1
'636-Weekday-7-26-09-1111100',20261109,1,20261110,1
'638-Weekday-1-26-09-0000100',20260904,1,20260911,1,20260918,1,20260925,1,20261002,1,20261009,1,20261016,1,20261023,1,20261030,1,20261106,1,20261120,1,20261127,1
'638-Weekday-1-26-09-0001000',20260903,1,20260910,1,20260917,1,20260924,1,20261001,1,20261008,1,20261015,1,20261022,1,20261029,1,20261105,1,20261119,1,20261126,1
'638-Weekday-1-26-09-1110100',20260902,1,20260904,1,20260908,1,20260909,1,20260911,1,20260914,1,20260915,1,20260916,1,20260918,1,20260922,1,20260923,1,20260925,1,20260928,1,20260929,1,20261002,1,20261005,1,20261006,1,20261007,1,20261009,1,20261013,1,20261014,1,20261016,1,20261020,1,20261021,1,20261023,1,20261026,1,20261027,1,20261028,1,20261030,1,20261102,1,20261103,1,20261104,1,20261106,1,20261117,1,20261118,1,20261120,1,20261123,1,20261124,1,20261125,1,20261127,1
'638-Weekday-1-26-09-1111000',20260902,1,20260903,1,20260908,1,20260909,1,20260910,1,20260914,1,20260915,1,20260916,1,20260917,1,20260922,1,20260923,1,20260924,1,20260928,1,20260929,1,20261001,1,20261005,1,20261006,1,20261007,1,20261008,1,20261013,1,20261014,1,20261015,1,20261020,1,20261021,1,20261022,1,20261026,1,20261027,1,20261028,1,20261029,1,20261102,1,20261103,1,20261104,1,20261105,1,20261117,1,20261118,1,20261119,1,20261123,1,20261124,1,20261125,1,20261126,1
'638-Weekday-1-26-09-1111100',20260902,1,20260903,1,20260904,1,20260908,1,20260909,1,20260910,1,20260911,1,20260914,1,20260915,1,20260916,1,20260917,1,20260918,1,20260922,1,20260923,1,20260924,1,20260925,1,20260928,1,20260929,1,20261001,1,20261002,1,20261005,1,20261006,1,20261007,1,20261008,1,20261009,1,20261013,1,20261014,1,20261015,1,20261016,1,20261020,1,20261021,1,20261022,1,20261023,1,20261026,1,20261027,1,20261028,1,20261029,1,20261030,1,20261102,1,20261103,1,20261104,1,20261105,1,20261106,1,20261117,1,20261118,1,20261119,1,20261120,1,20261123,1,20261124,1,20261125,1,20261126,1,20261127,1
'638-Weekday-4-26-09-1110100',20260921,1,20261116,1
'638-Weekday-4-26-09-1111100',20260921,1,20261116,1
'638-Weekday-7-26-09-1110100',20261109,1,20261110,1
'638-Weekday-7-26-09-1111000',20261109,1,20261110,1
'638-Weekday-7-26-09-1111100',20261109,1,20261110,1
'642-Weekday-1-26-09-0001000',20260903,1,20260910,1,20260917,1,20260924,1,20261001,1,20261008,1,20261015,1,20261022,1,20261029,1,20261105,1,20261119,1,20261126,1
'642-Weekday-1-26-09-1110100',20260902,1,20260904,1,20260908,1,20260909,1,20260911,1,20260914,1,20260915,1,20260916,1,20260918,1,20260922,1,20260923,1,20260925,1,20260928,1,20260929,1,20261002,1,20261005,1,20261006,1,20261007,1,20261009,1,20261013,1,20261014,1,20261016,1,20261020,1,20261021,1,20261023,1,20261026,1,20261027,1,20261028,1,20261030,1,20261102,1,20261103,1,20261104,1,20261106,1,20261117,1,20261118,1,20261120,1,20261123,1,20261124,1,20261125,1,20261127,1
'642-Weekday-1-26-09-1111000',20260902,1,20260903,1,20260908,1,20260909,1,20260910,1,20260914,1,20260915,1,20260916,1,20260917,1,20260922,1,20260923,1,20260924,1,20260928,1,20260929,1,20261001,1,20261005,1,20261006,1,20261007,1,20261008,1,20261013,1,20261014,1,20261015,1,20261020,1,20261021,1,20261022,1,20261026,1,20261027,1,20261028,1,20261029,1,20261102,1,20261103,1,20261104,1,20261105,1,20261117,1,20261118,1,20261119,1,20261123,1,20261124,1,20261125,1,20261126,1
'642-Weekday-1-26-09-1111100',20260902,1,20260903,1,20260904,1,20260908,1,20260909,1,20260910,1,20260911,1,20260914,1,20260915,1,20260916,1,20260917,1,20260918,1,20260922,1,20260923,1,20260924,1,20260925,1,20260928,1,20260929,1,20261001,1,20261002,1,20261005,1,20261006,1,20261007,1,20261008,1,20261009,1,20261013,1,20261014,1,20261015,1,20261016,1,20261020,1,20261021,1,20261022,1,20261023,1,20261026,1,20261027,1,20261028,1,20261029,1,20261030,1,20261102,1,20261103,1,20261104,1,20261105,1,20261106,1,20261117,1,20261118,1,20261119,1,20261120,1,20261123,1,20261124,1,20261125,1,20261126,1,20261127,1
'642-Weekday-4-26-09-1110100',20260921,1,20261116,1
'642-Weekday-7-26-09-1110100',20261109,1,20261110,1
'642-Weekday-7-26-09-1111000',20261109,1,20261110,1
'642-Weekday-7-26-09-1111100',20261109,1,20261110,1
'646-Weekday-1-26-09-1111000',20260902,1,20260903,1,20260908,1,20260909,1,20260910,1,20260914,1,20260915,1,20260916,1,20260917,1,20260922,1,20260923,1,20260924,1,20260928,1,20260929,1,20261001,1,20261005,1,20261006,1,20261007,1,20261008,1,20261013,1,20261014,1,20261015,1,20261020,1,20261021,1,20261022,1,20261026,1,20261027,1,20261028,1,20261029,1,20261102,1,20261103,1,20261104,1,20261105,1,20261117,1,20261118,1,20261119,1,20261123,1,20261124,1,20261125,1,20261126,1
'646-Weekday-1-26-09-1111100',20260902,1,20260903,1,20260904,1,20260908,1,20260909,1,20260910,1,20260911,1,20260914,1,20260915,1,20260916,1,20260917,1,20260918,1,20260922,1,20260923,1,20260924,1,20260925,1,20260928,1,20260929,1,20261001,1,20261002,1,20261005,1,20261006,1,20261007,1,20261008,1,20261009,1,20261013,1,20261014,1,20261015,1,20261016,1,20261020,1,20261021,1,20261022,1,20261023,1,20261026,1,20261027,1,20261028,1,20261029,1,20261030,1,20261102,1,20261103,1,20261104,1,20261105,1,20261106,1,20261117,1,20261118,1,20261119,1,20261120,1,20261123,1,20261124,1,20261125,1,20261126,1,20261127,1
'646-Weekday-7-26-09-1111000',20261109,1,20261110,1
'646-Weekday-7-26-09-1111100',20261109,1,20261110,1
'647-Weekday-1-26-09-1111000',20260902,1,20260903,1,20260908,1,20260909,1,20260910,1,20260914,1,20260915,1,20260916,1,20260917,1,20260922,1,20260923,1,20260924,1,20260928,1,20260929,1,20261001,1,20261005,1,20261006,1,20261007,1,20261008,1,20261013,1,20261014,1,20261015,1,20261020,1,20261021,1,20261022,1,20261026,1,20261027,1,20261028,1,20261029,1,20261102,1,20261103,1,20261104,1,20261105,1,20261117,1,20261118,1,20261119,1,20261123,1,20261124,1,20261125,1,20261126,1
'647-Weekday-1-26-09-1111100',20260902,1,20260903,1,20260904,1,20260908,1,20260909,1,20260910,1,20260911,1,20260914,1,20260915,1,20260916,1,20260917,1,20260918,1,20260922,1,20260923,1,20260924,1,20260925,1,20260928,1,20260929,1,20261001,1,20261002,1,20261005,1,20261006,1,20261007,1,20261008,1,20261009,1,20261013,1,20261014,1,20261015,1,20261016,1,20261020,1,20261021,1,20261022,1,20261023,1,20261026,1,20261027,1,20261028,1,20261029,1,20261030,1,20261102,1,20261103,1,20261104,1,20261105,1,20261106,1,20261117,1,20261118,1,20261119,1,20261120,1,20261123,1,20261124,1,20261125,1,20261126,1,20261127,1
'647-Weekday-7-26-09-1111000',20261109,1,20261110,1
'647-Weekday-7-26-09-1111100',20261109,1,20261110,1
'650-Weekday-1-26-09-1111100',20260902,1,20260903,1,20260904,1,20260908,1,20260909,1,20260910,1,20260911,1,20260914,1,20260915,1,20260916,1,20260917,1,20260918,1,20260922,1,20260923,1,20260924,1,20260925,1,20260928,1,20260929,1,20261001,1,20261002,1,20261005,1,20261006,1,20261007,1,20261008,1,20261009,1,20261013,1,20261014,1,20261015,1,20261016,1,20261020,1,20261021,1,20261022,1,20261023,1,20261026,1,20261027,1,20261028,1,20261029,1,20261030,1,20261102,1,20261103,1,20261104,1,20261105,1,20261106,1,20261117,1,20261118,1,20261119,1,20261120,1,20261123,1,20261124,1,20261125,1,20261126,1,20261127,1
'650-Weekday-7-26-09-1111100',20261109,1,20261110,1
'651-Weekday-1-26-09-1111100',20260902,1,20260903,1,20260904,1,20260908,1,20260909,1,20260910,1,20260911,1,20260914,1,20260915,1,20260916,1,20260917,1,20260918,1,20260922,1,20260923,1,20260924,1,20260925,1,20260928,1,20260929,1,20261001,1,20261002,1,20261005,1,20261006,1,20261007,1,20261008,1,20261009,1,20261013,1,20261014,1,20261015,1,20261016,1,20261020,1,20261021,1,20261022,1,20261023,1,20261026,1,20261027,1,20261028,1,20261029,1,20261030,1,20261102,1,20261103,1,20261104,1,20261105,1,20261106,1,20261117,1,20261118,1,20261119,1,20261120,1,20261123,1,20261124,1,20261125,1,20261126,1,20261127,1
'651-Weekday-7-26-09-1111100',20261109,1,20261110,1
'652-Weekday-1-26-09-1111100',20260902,1,20260903,1,20260904,1,20260908,1,20260909,1,20260910,1,20260911,1,20260914,1,20260915,1,20260916,1,20260917,1,20260918,1,20260922,1,20260923,1,20260924,1,20260925,1,20260928,1,20260929,1,20261001,1,20261002,1,20261005,1,20261006,1,20261007,1,20261008,1,20261009,1,20261013,1,20261014,1,20261015,1,20261016,1,20261020,1,20261021,1,20261022,1,20261023,1,20261026,1,20261027,1,20261028,1,20261029,1,20261030,1,20261102,1,20261103,1,20261104,1,20261105,1,20261106,1,20261117,1,20261118,1,20261119,1,20261120,1,20261123,1,20261124,1,20261125,1,20261126,1,20261127,1
'652-Weekday-7-26-09-1111100',20261109,1,20261110,1
'653-Weekday-1-26-09-1111100',20260902,1,20260903,1,20260904,1,20260908,1,20260909,1,20260910,1,20260911,1,20260914,1,20260915,1,20260916,1,20260917,1,20260918,1,20260922,1,20260923,1,20260924,1,20260925,1,20260928,1,20260929,1,20261001,1,20261002,1,20261005,1,20261006,1,20261007,1,20261008,1,20261009,1,20261013,1,20261014,1,20261015,1,20261016,1,20261020,1,20261021,1,20261022,1,20261023,1,20261026,1,20261027,1,20261028,1,20261029,1,20261030,1,20261102,1,20261103,1,20261104,1,20261105,1,20261106,1,20261117,1,20261118,1,20261119,1,20261120,1,20261123,1,20261124,1,20261125,1,20261126,1,20261127,1
'653-Weekday-7-26-09-1111100',20261109,1,20261110,1
'654-Weekday-1-26-09-1111100',20260902,1,20260903,1,20260904,1,20260908,1,20260909,1,20260910,1,20260911,1,20260914,1,20260915,1,20260916,1,20260917,1,20260918,1,20260922,1,20260923,1,20260924,1,20260925,1,20260928,1,20260929,1,20261001,1,20261002,1,20261005,1,20261006,1,20261007,1,20261008,1,20261009,1,20261013,1,20261014,1,20261015,1,20261016,1,20261020,1,20261021,1,20261022,1,20261023,1,20261026,1,20261027,1,20261028,1,20261029,1,20261030,1,20261102,1,20261103,1,20261104,1,20261105,1,20261106,1,20261117,1,20261118,1,20261119,1,20261120,1,20261123,1,20261124,1,20261125,1,20261126,1,20261127,1
'654-Weekday-7-26-09-1111100',20261109,1,20261110,1
'655-Weekday-1-26-09-1111100',20260902,1,20260903,1,20260904,1,20260908,1,20260909,1,20260910,1,20260911,1,20260914,1,20260915,1,20260916,1,20260917,1,20260918,1,20260922,1,20260923,1,20260924,1,20260925,1,20260928,1,20260929,1,20261001,1,20261002,1,20261005,1,20261006,1,20261007,1,20261008,1,20261009,1,20261013,1,20261014,1,20261015,1,20261016,1,20261020,1,20261021,1,20261022,1,20261023,1,20261026,1,20261027,1,20261028,1,20261029,1,20261030,1,20261102,1,20261103,1,20261104,1,20261105,1,20261106,1,20261117,1,20261118,1,20261119,1,20261120,1,20261123,1,20261124,1,20261125,1,20261126,1,20261127,1
'655-Weekday-7-26-09-1111100',20261109,1,20261110,1
'656-Weekday-1-26-09-1111100',20260902,1,20260903,1,20260904,1,20260908,1,20260909,1,20260910,1,20260911,1,20260914,1,20260915,1,20260916,1,20260917,1,20260918,1,20260922,1,20260923,1,20260924,1,20260925,1,20260928,1,20260929,1,20261001,1,20261002,1,20261005,1,20261006,1,20261007,1,20261008,1,20261009,1,20261013,1,20261014,1,20261015,1,20261016,1,20261020,1,20261021,1,20261022,1,20261023,1,20261026,1,20261027,1,20261028,1,20261029,1,20261030,1,20261102,1,20261103,1,20261104,1,20261105,1,20261106,1,20261117,1,20261118,1,20261119,1,20261120,1,20261123,1,20261124,1,20261125,1,20261126,1,20261127,1
'656-Weekday-7-26-09-1111100',20261109,1,20261110,1
'657-Weekday-1-26-09-1111100',20260902,1,20260903,1,20260904,1,20260908,1,20260909,1,20260910,1,20260911,1,20260914,1,20260915,1,20260916,1,20260917,1,20260918,1,20260922,1,20260923,1,20260924,1,20260925,1,20260928,1,20260929,1,20261001,1,20261002,1,20261005,1,20261006,1,20261007,1,20261008,1,20261009,1,20261013,1,20261014,1,20261015,1,20261016,1,20261020,1,20261021,1,20261022,1,20261023,1,20261026,1,20261027,1,20261028,1,20261029,1,20261030,1,20261102,1,20261103,1,20261104,1,20261105,1,20261106,1,20261117,1,20261118,1,20261119,1,20261120,1,20261123,1,20261124,1,20261125,1,20261126,1,20261127,1
'657-Weekday-7-26-09-1111100',20261109,1,20261110,1
'658-Weekday-1-26-09-0001000',20260903,1,20260910,1,20260917,1,20260924,1,20261001,1,20261008,1,20261015,1,20261022,1,20261029,1,20261105,1,20261119,1,20261126,1
'658-Weekday-1-26-09-1110100',20260902,1,20260904,1,20260908,1,20260909,1,20260911,1,20260914,1,20260915,1,20260916,1,20260918,1,20260922,1,20260923,1,20260925,1,20260928,1,20260929,1,20261002,1,20261005,1,20261006,1,20261007,1,20261009,1,20261013,1,20261014,1,20261016,1,20261020,1,20261021,1,20261023,1,20261026,1,20261027,1,20261028,1,20261030,1,20261102,1,20261103,1,20261104,1,20261106,1,20261117,1,20261118,1,20261120,1,20261123,1,20261124,1,20261125,1,20261127,1
'658-Weekday-1-26-09-1111100',20260902,1,20260903,1,20260904,1,20260908,1,20260909,1,20260910,1,20260911,1,20260914,1,20260915,1,20260916,1,20260917,1,20260918,1,20260922,1,20260923,1,20260924,1,20260925,1,20260928,1,20260929,1,20261001,1,20261002,1,20261005,1,20261006,1,20261007,1,20261008,1,20261009,1,20261013,1,20261014,1,20261015,1,20261016,1,20261020,1,20261021,1,20261022,1,20261023,1,20261026,1,20261027,1,20261028,1,20261029,1,20261030,1,20261102,1,20261103,1,20261104,1,20261105,1,20261106,1,20261117,1,20261118,1,20261119,1,20261120,1,20261123,1,20261124,1,20261125,1,20261126,1,20261127,1
'658-Weekday-4-26-09-1110100',20260921,1,20261116,1
'658-Weekday-4-26-09-1111100',20260921,1,20261116,1
'658-Weekday-7-26-09-1110100',20261109,1,20261110,1
'658-Weekday-7-26-09-1111100',20261109,1,20261110,1
'659-Weekday-1-26-09-0001000',20260903,1,20260910,1,20260917,1,20260924,1,20261001,1,20261008,1,20261015,1,20261022,1,20261029,1,20261105,1,20261119,1,20261126,1
'659-Weekday-1-26-09-1110100',20260902,1,20260904,1,20260908,1,20260909,1,20260911,1,20260914,1,20260915,1,20260916,1,20260918,1,20260922,1,20260923,1,20260925,1,20260928,1,20260929,1,20261002,1,20261005,1,20261006,1,20261007,1,20261009,1,20261013,1,20261014,1,20261016,1,20261020,1,20261021,1,20261023,1,20261026,1,20261027,1,20261028,1,20261030,1,20261102,1,20261103,1,20261104,1,20261106,1,20261117,1,20261118,1,20261120,1,20261123,1,20261124,1,20261125,1,20261127,1
'659-Weekday-1-26-09-1111100',20260902,1,20260903,1,20260904,1,20260908,1,20260909,1,20260910,1,20260911,1,20260914,1,20260915,1,20260916,1,20260917,1,20260918,1,20260922,1,20260923,1,20260924,1,20260925,1,20260928,1,20260929,1,20261001,1,20261002,1,20261005,1,20261006,1,20261007,1,20261008,1,20261009,1,20261013,1,20261014,1,20261015,1,20261016,1,20261020,1,20261021,1,20261022,1,20261023,1,20261026,1,20261027,1,20261028,1,20261029,1,20261030,1,20261102,1,20261103,1,20261104,1,20261105,1,20261106,1,20261117,1,20261118,1,20261119,1,20261120,1,20261123,1,20261124,1,20261125,1,20261126,1,20261127,1
'659-Weekday-4-26-09-1110100',20260921,1,20261116,1
'659-Weekday-4-26-09-1111100',20260921,1,20261116,1
'659-Weekday-7-26-09-1110100',20261109,1,20261110,1
'659-Weekday-7-26-09-1111100',20261109,1,20261110,1
'660-Weekday-1-26-09-1111100',20260902,1,20260903,1,20260904,1,20260908,1,20260909,1,20260910,1,20260911,1,20260914,1,20260915,1,20260916,1,20260917,1,20260918,1,20260922,1,20260923,1,20260924,1,20260925,1,20260928,1,20260929,1,20261001,1,20261002,1,20261005,1,20261006,1,20261007,1,20261008,1,20261009,1,20261013,1,20261014,1,20261015,1,20261016,1,20261020,1,20261021,1,20261022,1,20261023,1,20261026,1,20261027,1,20261028,1,20261029,1,20261030,1,20261102,1,20261103,1,20261104,1,20261105,1,20261106,1,20261117,1,20261118,1,20261119,1,20261120,1,20261123,1,20261124,1,20261125,1,20261126,1,20261127,1
'660-Weekday-4-26-09-1111100',20260921,1,20261116,1
'660-Weekday-7-26-09-1111100',20261109,1,20261110,1
'661-Weekday-1-26-09-1111100',20260902,1,20260903,1,20260908,1,20260909,1,20260910,1,20260911,1,20260914,1,20260915,1,20260916,1,20260917,1,20260918,1,20260922,1,20260923,1,20260924,1,20260925,1,20260928,1,20260929,1,20261001,1,20261002,1,20261005,1,20261006,1,20261007,1,20261008,1,20261009,1,20261013,1,20261014,1,20261015,1,20261016,1,20261020,1,20261021,1,20261022,1,20261023,1,20261026,1,20261027,1,20261028,1,20261029,1,20261030,1,20261102,1,20261103,1,20261104,1,20261105,1,20261106,1,20261117,1,20261118,1,20261119,1,20261120,1,20261123,1,20261124,1,20261125,1,20261126,1,20261127,1
'661-Weekday-4-26-09-1111100',20260921,1,20261116,1
'661-Weekday-7-26-09-1111100',20261109,1,20261110,1
'661-Weekday-9-26-09-0000100',20260904,1
'661-Weekday-9-26-09-1111100',20260904,1
'662-Weekday-1-26-09-0001000',20260903,1,20260910,1,20260917,1,20260924,1,20261001,1,20261008,1,20261015,1,20261022,1,20261029,1,20261105,1,20261119,1,20261126,1
'662-Weekday-1-26-09-1110100',20260902,1,20260904,1,20260908,1,20260909,1,20260911,1,20260914,1,20260915,1,20260916,1,20260918,1,20260922,1,20260923,1,20260925,1,20260928,1,20260929,1,20261002,1,20261005,1,20261006,1,20261007,1,20261009,1,20261013,1,20261014,1,20261016,1,20261020,1,20261021,1,20261023,1,20261026,1,20261027,1,20261028,1,20261030,1,20261102,1,20261103,1,20261104,1,20261106,1,20261117,1,20261118,1,20261120,1,20261123,1,20261124,1,20261125,1,20261127,1
'662-Weekday-1-26-09-1111100',20260902,1,20260903,1,20260904,1,20260908,1,20260909,1,20260910,1,20260911,1,20260914,1,20260915,1,20260916,1,20260917,1,20260918,1,20260922,1,20260923,1,20260924,1,20260925,1,20260928,1,20260929,1,20261001,1,20261002,1,20261005,1,20261006,1,20261007,1,20261008,1,20261009,1,20261013,1,20261014,1,20261015,1,20261016,1,20261020,1,20261021,1,20261022,1,20261023,1,20261026,1,20261027,1,20261028,1,20261029,1,20261030,1,20261102,1,20261103,1,20261104,1,20261105,1,20261106,1,20261117,1,20261118,1,20261119,1,20261120,1,20261123,1,20261124,1,20261125,1,20261126,1,20261127,1
'662-Weekday-4-26-09-1110100',20260921,1,20261116,1
'662-Weekday-4-26-09-1111100',20260921,1,20261116,1
'662-Weekday-7-26-09-1110100',20261109,1,20261110,1
'662-Weekday-7-26-09-1111100',20261109,1,20261110,1
'663-Weekday-1-26-09-0001000',20260903,1,20260910,1,20260917,1,20260924,1,20261001,1,20261008,1,20261015,1,20261022,1,20261029,1,20261105,1,20261119,1,20261126,1
'663-Weekday-1-26-09-1110100',20260902,1,20260904,1,20260908,1,20260909,1,20260911,1,20260914,1,20260915,1,20260916,1,20260918,1,20260922,1,20260923,1,20260925,1,20260928,1,20260929,1,20261002,1,20261005,1,20261006,1,20261007,1,20261009,1,20261013,1,20261014,1,20261016,1,20261020,1,20261021,1,20261023,1,20261026,1,20261027,1,20261028,1,20261030,1,20261102,1,20261103,1,20261104,1,20261106,1,20261117,1,20261118,1,20261120,1,20261123,1,20261124,1,20261125,1,20261127,1
'663-Weekday-1-26-09-1111100',20260902,1,20260903,1,20260904,1,20260908,1,20260909,1,20260910,1,20260911,1,20260914,1,20260915,1,20260916,1,20260917,1,20260918,1,20260922,1,20260923,1,20260924,1,20260925,1,20260928,1,20260929,1,20261001,1,20261002,1,20261005,1,20261006,1,20261007,1,20261008,1,20261009,1,20261013,1,20261014,1,20261015,1,20261016,1,20261020,1,20261021,1,20261022,1,20261023,1,20261026,1,20261027,1,20261028,1,20261029,1,20261030,1,20261102,1,20261103,1,20261104,1,20261105,1,20261106,1,20261117,1,20261118,1,20261119,1,20261120,1,20261123,1,20261124,1,20261125,1,20261126,1,20261127,1
'663-Weekday-4-26-09-1110100',20260921,1,20261116,1
'663-Weekday-4-26-09-1111100',20260921,1,20261116,1
'663-Weekday-7-26-09-1110100',20261109,1,20261110,1
'663-Weekday-7-26-09-1111100',20261109,1,20261110,1
'664-Weekday-1-26-09-0001000',20260903,1,20260910,1,20260917,1,20260924,1,20261001,1,20261008,1,20261015,1,20261022,1,20261029,1,20261105,1,20261119,1,20261126,1
'664-Weekday-1-26-09-1110100',20260902,1,20260904,1,20260908,1,20260909,1,20260911,1,20260914,1,20260915,1,20260916,1,20260918,1,20260922,1,20260923,1,20260925,1,20260928,1,20260929,1,20261002,1,20261005,1,20261006,1,20261007,1,20261009,1,20261013,1,20261014,1,20261016,1,20261020,1,20261021,1,20261023,1,20261026,1,20261027,1,20261028,1,20261030,1,20261102,1,20261103,1,20261104,1,20261106,1,20261117,1,20261118,1,20261120,1,20261123,1,20261124,1,20261125,1,20261127,1
'664-Weekday-1-26-09-1111100',20260902,1,20260903,1,20260904,1,20260908,1,20260909,1,20260910,1,20260911,1,20260914,1,20260915,1,20260916,1,20260917,1,20260918,1,20260922,1,20260923,1,20260924,1,20260925,1,20260928,1,20260929,1,20261001,1,20261002,1,20261005,1,20261006,1,20261007,1,20261008,1,20261009,1,20261013,1,20261014,1,20261015,1,20261016,1,20261020,1,20261021,1,20261022,1,20261023,1,20261026,1,20261027,1,20261028,1,20261029,1,20261030,1,20261102,1,20261103,1,20261104,1,20261105,1,20261106,1,20261117,1,20261118,1,20261119,1,20261120,1,20261123,1,20261124,1,20261125,1,20261126,1,20261127,1
'664-Weekday-4-26-09-1110100',20260921,1,20261116,1
'664-Weekday-4-26-09-1111100',20260921,1,20261116,1
'664-Weekday-7-26-09-1110100',20261109,1,20261110,1
'664-Weekday-7-26-09-1111100',20261109,1,20261110,1
'665-Weekday-1-26-09-0001000',20260903,1,20260910,1,20260917,1,20260924,1,20261001,1,20261008,1,20261015,1,20261022,1,20261029,1,20261105,1,20261119,1,20261126,1
'665-Weekday-1-26-09-1110100',20260902,1,20260904,1,20260908,1,20260909,1,20260911,1,20260914,1,20260915,1,20260916,1,20260918,1,20260922,1,20260923,1,20260925,1,20260928,1,20260929,1,20261002,1,20261005,1,20261006,1,20261007,1,20261009,1,20261013,1,20261014,1,20261016,1,20261020,1,20261021,1,20261023,1,20261026,1,20261027,1,20261028,1,20261030,1,20261102,1,20261103,1,20261104,1,20261106,1,20261117,1,20261118,1,20261120,1,20261123,1,20261124,1,20261125,1,20261127,1
'665-Weekday-1-26-09-1111100',20260902,1,20260903,1,20260904,1,20260908,1,20260909,1,20260910,1,20260911,1,20260914,1,20260915,1,20260916,1,20260917,1,20260918,1,20260922,1,20260923,1,20260924,1,20260925,1,20260928,1,20260929,1,20261001,1,20261002,1,20261005,1,20261006,1,20261007,1,20261008,1,20261009,1,20261013,1,20261014,1,20261015,1,20261016,1,20261020,1,20261021,1,20261022,1,20261023,1,20261026,1,20261027,1,20261028,1,20261029,1,20261030,1,20261102,1,20261103,1,20261104,1,20261105,1,20261106,1,20261117,1,20261118,1,20261119,1,20261120,1,20261123,1,20261124,1,20261125,1,20261126,1,20261127,1
'665-Weekday-7-26-09-1110100',20261109,1,20261110,1
'665-Weekday-7-26-09-1111100',20261109,1,20261110,1
'667-Weekday-1-26-09-0001000',20260903,1,20260910,1,20260917,1,20260924,1,20261001,1,20261008,1,20261015,1,20261022,1,20261029,1,20261105,1,20261119,1,20261126,1
'667-Weekday-1-26-09-1110100',20260902,1,20260904,1,20260908,1,20260909,1,20260911,1,20260914,1,20260915,1,20260916,1,20260918,1,20260922,1,20260923,1,20260925,1,20260928,1,20260929,1,20261002,1,20261005,1,20261006,1,20261007,1,20261009,1,20261013,1,20261014,1,20261016,1,20261020,1,20261021,1,20261023,1,20261026,1,20261027,1,20261028,1,20261030,1,20261102,1,20261103,1,20261104,1,20261106,1,20261117,1,20261118,1,20261120,1,20261123,1,20261124,1,20261125,1,20261127,1
'667-Weekday-1-26-09-1111100',20260902,1,20260903,1,20260904,1,20260908,1,20260909,1,20260910,1,20260911,1,20260914,1,20260915,1,20260916,1,20260917,1,20260918,1,20260922,1,20260923,1,20260924,1,20260925,1,20260928,1,20260929,1,20261001,1,20261002,1,20261005,1,20261006,1,20261007,1,20261008,1,20261009,1,20261013,1,20261014,1,20261015,1,20261016,1,20261020,1,20261021,1,20261022,1,20261023,1,20261026,1,20261027,1,20261028,1,20261029,1,20261030,1,20261102,1,20261103,1,20261104,1,20261105,1,20261106,1,20261117,1,20261118,1,20261119,1,20261120,1,20261123,1,20261124,1,20261125,1,20261126,1,20261127,1
'667-Weekday-7-26-09-1110100',20261109,1,20261110,1
'667-Weekday-7-26-09-1111100',20261109,1,20261110,1
'668-Weekday-1-26-09-0001000',20260903,1,20260910,1,20260917,1,20260924,1,20261001,1,20261008,1,20261015,1,20261022,1,20261029,1,20261105,1,20261119,1,20261126,1
'668-Weekday-1-26-09-1110100',20260902,1,20260904,1,20260908,1,20260909,1,20260911,1,20260914,1,20260915,1,20260916,1,20260918,1,20260922,1,20260923,1,20260925,1,20260928,1,20260929,1,20261002,1,20261005,1,20261006,1,20261007,1,20261009,1,20261013,1,20261014,1,20261016,1,20261020,1,20261021,1,20261023,1,20261026,1,20261027,1,20261028,1,20261030,1,20261102,1,20261103,1,20261104,1,20261106,1,20261117,1,20261118,1,20261120,1,20261123,1,20261124,1,20261125,1,20261127,1
'668-Weekday-1-26-09-1111100',20260902,1,20260903,1,20260904,1,20260908,1,20260909,1,20260910,1,20260911,1,20260914,1,20260915,1,20260916,1,20260917,1,20260918,1,20260922,1,20260923,1,20260924,1,20260925,1,20260928,1,20260929,1,20261001,1,20261002,1,20261005,1,20261006,1,20261007,1,20261008,1,20261009,1,20261013,1,20261014,1,20261015,1,20261016,1,20261020,1,20261021,1,20261022,1,20261023,1,20261026,1,20261027,1,20261028,1,20261029,1,20261030,1,20261102,1,20261103,1,20261104,1,20261105,1,20261106,1,20261117,1,20261118,1,20261119,1,20261120,1,20261123,1,20261124,1,20261125,1,20261126,1,20261127,1
'668-Weekday-7-26-09-1110100',20261109,1,20261110,1
'668-Weekday-7-26-09-1111100',20261109,1,20261110,1
'669-Weekday-1-26-09-0001000',20260903,1,20260910,1,20260917,1,20260924,1,20261001,1,20261008,1,20261015,1,20261022,1,20261029,1,20261105,1,20261119,1,20261126,1
'669-Weekday-1-26-09-1110100',20260902,1,20260904,1,20260908,1,20260909,1,20260911,1,20260914,1,20260915,1,20260916,1,20260918,1,20260922,1,20260923,1,20260925,1,20260928,1,20260929,1,20261002,1,20261005,1,20261006,1,20261007,1,20261009,1,20261013,1,20261014,1,20261016,1,20261020,1,20261021,1,20261023,1,20261026,1,20261027,1,20261028,1,20261030,1,20261102,1,20261103,1,20261104,1,20261106,1,20261117,1,20261118,1,20261120,1,20261123,1,20261124,1,20261125,1,20261127,1
'669-Weekday-1-26-09-1111100',20260902,1,20260903,1,20260904,1,20260908,1,20260909,1,20260910,1,20260911,1,20260914,1,20260915,1,20260916,1,20260917,1,20260918,1,20260922,1,20260923,1,20260924,1,20260925,1,20260928,1,20260929,1,20261001,1,20261002,1,20261005,1,20261006,1,20261007,1,20261008,1,20261009,1,20261013,1,20261014,1,20261015,1,20261016,1,20261020,1,20261021,1,20261022,1,20261023,1,20261026,1,20261027,1,20261028,1,20261029,1,20261030,1,20261102,1,20261103,1,20261104,1,20261105,1,20261106,1,20261117,1,20261118,1,20261119,1,20261120,1,20261123,1,20261124,1,20261125,1,20261126,1,20261127,1
'669-Weekday-4-26-09-1110100',20260921,1,20261116,1
'669-Weekday-4-26-09-1111100',20260921,1,20261116,1
'669-Weekday-7-26-09-1110100',20261109,1,20261110,1
'669-Weekday-7-26-09-1111100',20261109,1,20261110,1
'671-Weekday-1-26-09-0001000',20260903,1,20260910,1,20260917,1,20260924,1,20261001,1,20261008,1,20261015,1,20261022,1,20261029,1,20261105,1,20261119,1,20261126,1
'671-Weekday-1-26-09-1110100',20260902,1,20260904,1,20260908,1,20260909,1,20260911,1,20260914,1,20260915,1,20260916,1,20260918,1,20260922,1,20260923,1,20260925,1,20260928,1,20260929,1,20261002,1,20261005,1,20261006,1,20261007,1,20261009,1,20261013,1,20261014,1,20261016,1,20261020,1,20261021,1,20261023,1,20261026,1,20261027,1,20261028,1,20261030,1,20261102,1,20261103,1,20261104,1,20261106,1,20261117,1,20261118,1,20261120,1,20261123,1,20261124,1,20261125,1,20261127,1
'671-Weekday-1-26-09-1111100',20260902,1,20260903,1,20260904,1,20260908,1,20260909,1,20260910,1,20260911,1,20260914,1,20260915,1,20260916,1,20260917,1,20260918,1,20260922,1,20260923,1,20260924,1,20260925,1,20260928,1,20260929,1,20261001,1,20261002,1,20261005,1,20261006,1,20261007,1,20261008,1,20261009,1,20261013,1,20261014,1,20261015,1,20261016,1,20261020,1,20261021,1,20261022,1,20261023,1,20261026,1,20261027,1,20261028,1,20261029,1,20261030,1,20261102,1,20261103,1,20261104,1,20261105,1,20261106,1,20261117,1,20261118,1,20261119,1,20261120,1,20261123,1,20261124,1,20261125,1,20261126,1,20261127,1
'671-Weekday-7-26-09-1110100',20261109,1,20261110,1
'671-Weekday-7-26-09-1111100',20261109,1,20261110,1
'673-Weekday-1-26-09-0001000',20260903,1,20260910,1,20260917,1,20260924,1,20261001,1,20261008,1,20261015,1,20261022,1,20261029,1,20261105,1,20261119,1,20261126,1
'673-Weekday-1-26-09-1110100',20260902,1,20260904,1,20260908,1,20260909,1,20260911,1,20260914,1,20260915,1,20260916,1,20260918,1,20260922,1,20260923,1,20260925,1,20260928,1,20260929,1,20261002,1,20261005,1,20261006,1,20261007,1,20261009,1,20261013,1,20261014,1,20261016,1,20261020,1,20261021,1,20261023,1,20261026,1,20261027,1,20261028,1,20261030,1,20261102,1,20261103,1,20261104,1,20261106,1,20261117,1,20261118,1,20261120,1,20261123,1,20261124,1,20261125,1,20261127,1
'673-Weekday-1-26-09-1111100',20260902,1,20260903,1,20260904,1,20260908,1,20260909,1,20260910,1,20260911,1,20260914,1,20260915,1,20260916,1,20260917,1,20260918,1,20260922,1,20260923,1,20260924,1,20260925,1,20260928,1,20260929,1,20261001,1,20261002,1,20261005,1,20261006,1,20261007,1,20261008,1,20261009,1,20261013,1,20261014,1,20261015,1,20261016,1,20261020,1,20261021,1,20261022,1,20261023,1,20261026,1,20261027,1,20261028,1,20261029,1,20261030,1,20261102,1,20261103,1,20261104,1,20261105,1,20261106,1,20261117,1,20261118,1,20261119,1,20261120,1,20261123,1,20261124,1,20261125,1,20261126,1,20261127,1
'673-Weekday-7-26-09-1110100',20261109,1,20261110,1
'673-Weekday-7-26-09-1111100',20261109,1,20261110,1
'674-Weekday-1-26-09-0001000',20260903,1,20260910,1,20260917,1,20260924,1,20261001,1,20261008,1,20261015,1,20261022,1,20261029,1,20261105,1,20261119,1,20261126,1
'674-Weekday-1-26-09-1110100',20260902,1,20260904,1,20260908,1,20260909,1,20260911,1,20260914,1,20260915,1,20260916,1,20260918,1,20260922,1,20260923,1,20260925,1,20260928,1,20260929,1,20261002,1,20261005,1,20261006,1,20261007,1,20261009,1,20261013,1,20261014,1,20261016,1,20261020,1,20261021,1,20261023,1,20261026,1,20261027,1,20261028,1,20261030,1,20261102,1,20261103,1,20261104,1,20261106,1,20261117,1,20261118,1,20261120,1,20261123,1,20261124,1,20261125,1,20261127,1
'674-Weekday-1-26-09-1111100',20260902,1,20260903,1,20260904,1,20260908,1,20260909,1,20260910,1,20260911,1,20260914,1,20260915,1,20260916,1,20260917,1,20260918,1,20260922,1,20260923,1,20260924,1,20260925,1,20260928,1,20260929,1,20261001,1,20261002,1,20261005,1,20261006,1,20261007,1,20261008,1,20261009,1,20261013,1,20261014,1,20261015,1,20261016,1,20261020,1,20261021,1,20261022,1,20261023,1,20261026,1,20261027,1,20261028,1,20261029,1,20261030,1,20261102,1,20261103,1,20261104,1,20261105,1,20261106,1,20261117,1,20261118,1,20261119,1,20261120,1,20261123,1,20261124,1,20261125,1,20261126,1,20261127,1
'674-Weekday-4-26-09-1110100',20260921,1,20261116,1
'674-Weekday-4-26-09-1111100',20260921,1,20261116,1
'674-Weekday-7-26-09-1110100',20261109,1,20261110,1
'674-Weekday-7-26-09-1111100',20261109,1,20261110,1
'678-Weekday-1-26-09-0001000',20260903,1,20260910,1,20260917,1,20260924,1,20261001,1,20261008,1,20261015,1,20261022,1,20261029,1,20261105,1,20261119,1,20261126,1
'678-Weekday-1-26-09-1110100',20260902,1,20260904,1,20260908,1,20260909,1,20260911,1,20260914,1,20260915,1,20260916,1,20260918,1,20260922,1,20260923,1,20260925,1,20260928,1,20260929,1,20261002,1,20261005,1,20261006,1,20261007,1,20261009,1,20261013,1,20261014,1,20261016,1,20261020,1,20261021,1,20261023,1,20261026,1,20261027,1,20261028,1,20261030,1,20261102,1,20261103,1,20261104,1,20261106,1,20261117,1,20261118,1,20261120,1,20261123,1,20261124,1,20261125,1,20261127,1
'678-Weekday-1-26-09-1111100',20260902,1,20260903,1,20260904,1,20260908,1,20260909,1,20260910,1,20260911,1,20260914,1,20260915,1,20260916,1,20260917,1,20260918,1,20260922,1,20260923,1,20260924,1,20260925,1,20260928,1,20260929,1,20261001,1,20261002,1,20261005,1,20261006,1,20261007,1,20261008,1,20261009,1,20261013,1,20261014,1,20261015,1,20261016,1,20261020,1,20261021,1,20261022,1,20261023,1,20261026,1,20261027,1,20261028,1,20261029,1,20261030,1,20261102,1,20261103,1,20261104,1,20261105,1,20261106,1,20261117,1,20261118,1,20261119,1,20261120,1,20261123,1,20261124,1,20261125,1,20261126,1,20261127,1
'678-Weekday-4-26-09-1110100',20260921,1,20261116,1
'678-Weekday-4-26-09-1111100',20260921,1,20261116,1
'678-Weekday-7-26-09-1110100',20261109,1,20261110,1
'678-Weekday-7-26-09-1111100',20261109,1,20261110,1
'681-Weekday-1-26-09-0001000',20260903,1,20260910,1,20260917,1,20260924,1,20261001,1,20261008,1,20261015,1,20261022,1,20261029,1,20261105,1,20261119,1,20261126,1
'681-Weekday-1-26-09-1110100',20260902,1,20260904,1,20260908,1,20260909,1,20260911,1,20260914,1,20260915,1,20260916,1,20260918,1,20260922,1,20260923,1,20260925,1,20260928,1,20260929,1,20261002,1,20261005,1,20261006,1,20261007,1,20261009,1,20261013,1,20261014,1,20261016,1,20261020,1,20261021,1,20261023,1,20261026,1,20261027,1,20261028,1,20261030,1,20261102,1,20261103,1,20261104,1,20261106,1,20261117,1,20261118,1,20261120,1,20261123,1,20261124,1,20261125,1,20261127,1
'681-Weekday-4-26-09-1110100',20260921,1,20261116,1
'681-Weekday-7-26-09-1110100',20261109,1,20261110,1
'682-Weekday-1-26-09-0001000',20260903,1,20260910,1,20260917,1,20260924,1,20261001,1,20261008,1,20261015,1,20261022,1,20261029,1,20261105,1,20261119,1,20261126,1
'682-Weekday-1-26-09-1110100',20260902,1,20260904,1,20260908,1,20260909,1,20260911,1,20260914,1,20260915,1,20260916,1,20260918,1,20260922,1,20260923,1,20260925,1,20260928,1,20260929,1,20261002,1,20261005,1,20261006,1,20261007,1,20261009,1,20261013,1,20261014,1,20261016,1,20261020,1,20261021,1,20261023,1,20261026,1,20261027,1,20261028,1,20261030,1,20261102,1,20261103,1,20261104,1,20261106,1,20261117,1,20261118,1,20261120,1,20261123,1,20261124,1,20261125,1,20261127,1
'682-Weekday-1-26-09-1111100',20260902,1,20260903,1,20260904,1,20260908,1,20260909,1,20260910,1,20260911,1,20260914,1,20260915,1,20260916,1,20260917,1,20260918,1,20260922,1,20260923,1,20260924,1,20260925,1,20260928,1,20260929,1,20261001,1,20261002,1,20261005,1,20261006,1,20261007,1,20261008,1,20261009,1,20261013,1,20261014,1,20261015,1,20261016,1,20261020,1,20261021,1,20261022,1,20261023,1,20261026,1,20261027,1,20261028,1,20261029,1,20261030,1,20261102,1,20261103,1,20261104,1,20261105,1,20261106,1,20261117,1,20261118,1,20261119,1,20261120,1,20261123,1,20261124,1,20261125,1,20261126,1,20261127,1
'682-Weekday-4-26-09-1110100',20260921,1,20261116,1
'682-Weekday-4-26-09-1111100',20260921,1,20261116,1
'682-Weekday-7-26-09-1110100',20261109,1,20261110,1
'682-Weekday-7-26-09-1111100',20261109,1,20261110,1
'683-Weekday-1-26-09-0001000',20260903,1,20260910,1,20260917,1,20260924,1,20261001,1,20261008,1,20261015,1,20261022,1,20261029,1,20261105,1,20261119,1,20261126,1
'683-Weekday-1-26-09-1110100',20260902,1,20260904,1,20260908,1,20260909,1,20260911,1,20260914,1,20260915,1,20260916,1,20260918,1,20260922,1,20260923,1,20260925,1,20260928,1,20260929,1,20261002,1,20261005,1,20261006,1,20261007,1,20261009,1,20261013,1,20261014,1,20261016,1,20261020,1,20261021,1,20261023,1,20261026,1,20261027,1,20261028,1,20261030,1,20261102,1,20261103,1,20261104,1,20261106,1,20261117,1,20261118,1,20261120,1,20261123,1,20261124,1,20261125,1,20261127,1
'683-Weekday-1-26-09-1111100',20260902,1,20260903,1,20260904,1,20260908,1,20260909,1,20260910,1,20260911,1,20260914,1,20260915,1,20260916,1,20260917,1,20260918,1,20260922,1,20260923,1,20260924,1,20260925,1,20260928,1,20260929,1,20261001,1,20261002,1,20261005,1,20261006,1,20261007,1,20261008,1,20261009,1,20261013,1,20261014,1,20261015,1,20261016,1,20261020,1,20261021,1,20261022,1,20261023,1,20261026,1,20261027,1,20261028,1,20261029,1,20261030,1,20261102,1,20261103,1,20261104,1,20261105,1,20261106,1,20261117,1,20261118,1,20261119,1,20261120,1,20261123,1,20261124,1,20261125,1,20261126,1,20261127,1
'683-Weekday-4-26-09-1110100',20260921,1,20261116,1
'683-Weekday-4-26-09-1111100',20260921,1,20261116,1
'683-Weekday-7-26-09-1110100',20261109,1,20261110,1
'683-Weekday-7-26-09-1111100',20261109,1,20261110,1
'684-Weekday-1-26-09-0001000',20260903,1,20260910,1,20260917,1,20260924,1,20261001,1,20261008,1,20261015,1,20261022,1,20261029,1,20261105,1,20261119,1,20261126,1
'684-Weekday-1-26-09-1110100',20260902,1,20260904,1,20260908,1,20260909,1,20260911,1,20260914,1,20260915,1,20260916,1,20260918,1,20260922,1,20260923,1,20260925,1,20260928,1,20260929,1,20261002,1,20261005,1,20261006,1,20261007,1,20261009,1,20261013,1,20261014,1,20261016,1,20261020,1,20261021,1,20261023,1,20261026,1,20261027,1,20261028,1,20261030,1,20261102,1,20261103,1,20261104,1,20261106,1,20261117,1,20261118,1,20261120,1,20261123,1,20261124,1,20261125,1,20261127,1
'684-Weekday-1-26-09-1111100',20260902,1,20260903,1,20260904,1,20260908,1,20260909,1,20260910,1,20260911,1,20260914,1,20260915,1,20260916,1,20260917,1,20260918,1,20260922,1,20260923,1,20260924,1,20260925,1,20260928,1,20260929,1,20261001,1,20261002,1,20261005,1,20261006,1,20261007,1,20261008,1,20261009,1,20261013,1,20261014,1,20261015,1,20261016,1,20261020,1,20261021,1,20261022,1,20261023,1,20261026,1,20261027,1,20261028,1,20261029,1,20261030,1,20261102,1,20261103,1,20261104,1,20261105,1,20261106,1,20261117,1,20261118,1,20261119,1,20261120,1,20261123,1,20261124,1,20261125,1,20261126,1,20261127,1
'684-Weekday-4-26-09-1110100',20260921,1,20261116,1
'684-Weekday-4-26-09-1111100',20260921,1,20261116,1
'684-Weekday-7-26-09-1110100',20261109,1,20261110,1
'684-Weekday-7-26-09-1111100',20261109,1,20261110,1
'685-Weekday-1-26-09-1111100',20260902,1,20260903,1,20260904,1,20260908,1,20260909,1,20260910,1,20260911,1,20260914,1,20260915,1,20260916,1,20260917,1,20260918,1,20260922,1,20260923,1,20260924,1,20260925,1,20260928,1,20260929,1,20261001,1,20261002,1,20261005,1,20261006,1,20261007,1,20261008,1,20261009,1,20261013,1,20261014,1,20261015,1,20261016,1,20261020,1,20261021,1,20261022,1,20261023,1,20261026,1,20261027,1,20261028,1,20261029,1,20261030,1,20261102,1,20261103,1,20261104,1,20261105,1,20261106,1,20261117,1,20261118,1,20261119,1,20261120,1,20261123,1,20261124,1,20261125,1,20261126,1,20261127,1
'685-Weekday-4-26-09-1111100',20260921,1,20261116,1
'685-Weekday-7-26-09-1111100',20261109,1,20261110,1
'691-Weekday-1-26-09-1111100',20260902,1,20260903,1,20260904,1,20260908,1,20260909,1,20260910,1,20260911,1,20260914,1,20260915,1,20260916,1,20260917,1,20260918,1,20260922,1,20260923,1,20260924,1,20260925,1,20260928,1,20260929,1,20261001,1,20261002,1,20261005,1,20261006,1,20261007,1,20261008,1,20261009,1,20261013,1,20261014,1,20261015,1,20261016,1,20261020,1,20261021,1,20261022,1,20261023,1,20261026,1,20261027,1,20261028,1,20261029,1,20261030,1,20261102,1,20261103,1,20261104,1,20261105,1,20261106,1,20261117,1,20261118,1,20261119,1,20261120,1,20261123,1,20261124,1,20261125,1,20261126,1,20261127,1
'691-Weekday-7-26-09-1111100',20261109,1,20261110,1
'692-Weekday-1-26-09-1111100',20260902,1,20260903,1,20260904,1,20260908,1,20260909,1,20260910,1,20260911,1,20260914,1,20260915,1,20260916,1,20260917,1,20260918,1,20260922,1,20260923,1,20260924,1,20260925,1,20260928,1,20260929,1,20261001,1,20261002,1,20261005,1,20261006,1,20261007,1,20261008,1,20261009,1,20261013,1,20261014,1,20261015,1,20261016,1,20261020,1,20261021,1,20261022,1,20261023,1,20261026,1,20261027,1,20261028,1,20261029,1,20261030,1,20261102,1,20261103,1,20261104,1,20261105,1,20261106,1,20261117,1,20261118,1,20261119,1,20261120,1,20261123,1,20261124,1,20261125,1,20261126,1,20261127,1
'692-Weekday-7-26-09-1111100',20261109,1,20261110,1
'700X-Weekday-1-26-09-1111100',20260902,1,20260903,1,20260904,1,20260908,1,20260909,1,20260910,1,20260911,1,20260914,1,20260915,1,20260916,1,20260917,1,20260918,1,20260922,1,20260923,1,20260924,1,20260925,1,20260928,1,20260929,1,20261001,1,20261002,1,20261005,1,20261006,1,20261007,1,20261008,1,20261009,1,20261013,1,20261014,1,20261015,1,20261016,1,20261020,1,20261021,1,20261022,1,20261023,1,20261026,1,20261027,1,20261028,1,20261029,1,20261030,1,20261102,1,20261103,1,20261104,1,20261105,1,20261106,1,20261117,1,20261118,1,20261119,1,20261120,1,20261123,1,20261124,1,20261125,1,20261126,1,20261127,1
'700X-Weekday-3-26-09-1111100',20260921,1,20261116,1
'700X-Weekday-4-26-09-1111100',20261019,1
'700X-Weekday-5-26-09-1111100',20260930,1
'700X-Weekday-6-26-09-1111100',20261109,1,20261110,1
'700X-Weekday-7-26-09-1111100',20261112,1,20261113,1
'701-Weekday-1-26-09-1111100',20260902,1,20260903,1,20260904,1,20260908,1,20260909,1,20260910,1,20260911,1,20260914,1,20260915,1,20260916,1,20260917,1,20260918,1,20260922,1,20260923,1,20260924,1,20260925,1,20260928,1,20260929,1,20261001,1,20261002,1,20261005,1,20261006,1,20261007,1,20261008,1,20261009,1,20261013,1,20261014,1,20261015,1,20261016,1,20261020,1,20261021,1,20261022,1,20261023,1,20261026,1,20261027,1,20261028,1,20261029,1,20261030,1,20261102,1,20261103,1,20261104,1,20261105,1,20261106,1,20261117,1,20261118,1,20261119,1,20261120,1,20261123,1,20261124,1,20261125,1,20261126,1,20261127,1
'701-Weekday-4-26-09-1111100',20260921,1,20261116,1
'701-Weekday-5-26-09-1111100',20261019,1
'701-Weekday-6-26-09-1111100',20260930,1
'701-Weekday-7-26-09-1111100',20261109,1,20261110,1
'701-Weekday-8-26-09-1111100',20261112,1,20261113,1
'702-Weekday-1-26-09-1111100',20260902,1,20260903,1,20260904,1,20260908,1,20260909,1,20260910,1,20260911,1,20260914,1,20260915,1,20260916,1,20260917,1,20260918,1,20260922,1,20260923,1,20260924,1,20260925,1,20260928,1,20260929,1,20261001,1,20261002,1,20261005,1,20261006,1,20261007,1,20261008,1,20261009,1,20261013,1,20261014,1,20261015,1,20261016,1,20261020,1,20261021,1,20261022,1,20261023,1,20261026,1,20261027,1,20261028,1,20261029,1,20261030,1,20261102,1,20261103,1,20261104,1,20261105,1,20261106,1,20261117,1,20261118,1,20261119,1,20261120,1,20261123,1,20261124,1,20261125,1,20261126,1,20261127,1
'702-Weekday-3-26-09-1111100',20260921,1,20261116,1
'702-Weekday-4-26-09-1111100',20261019,1
'702-Weekday-5-26-09-1111100',20260930,1
'702-Weekday-6-26-09-1111100',20261109,1,20261110,1
'702-Weekday-7-26-09-1111100',20261112,1,20261113,1
'703-Weekday-1-26-09-1111100',20260902,1,20260903,1,20260904,1,20260908,1,20260909,1,20260910,1,20260911,1,20260914,1,20260915,1,20260916,1,20260917,1,20260918,1,20260922,1,20260923,1,20260924,1,20260925,1,20260928,1,20260929,1,20261001,1,20261002,1,20261005,1,20261006,1,20261007,1,20261008,1,20261009,1,20261013,1,20261014,1,20261015,1,20261016,1,20261020,1,20261021,1,20261022,1,20261023,1,20261026,1,20261027,1,20261028,1,20261029,1,20261030,1,20261102,1,20261103,1,20261104,1,20261105,1,20261106,1,20261117,1,20261118,1,20261119,1,20261120,1,20261123,1,20261124,1,20261125,1,20261126,1,20261127,1
'703-Weekday-3-26-09-1111100',20260921,1,20261116,1
'703-Weekday-4-26-09-1111100',20261019,1
'703-Weekday-5-26-09-1111100',20260930,1
'703-Weekday-6-26-09-1111100',20261109,1,20261110,1
'703-Weekday-7-26-09-1111100',20261112,1,20261113,1
'704-Weekday-1-26-09-1111100',20260902,1,20260903,1,20260904,1,20260908,1,20260909,1,20260910,1,20260911,1,20260914,1,20260915,1,20260916,1,20260917,1,20260918,1,20260922,1,20260923,1,20260924,1,20260925,1,20260928,1,20260929,1,20261001,1,20261002,1,20261005,1,20261006,1,20261007,1,20261008,1,20261009,1,20261013,1,20261014,1,20261015,1,20261016,1,20261020,1,20261021,1,20261022,1,20261023,1,20261026,1,20261027,1,20261028,1,20261029,1,20261030,1,20261102,1,20261103,1,20261104,1,20261105,1,20261106,1,20261117,1,20261118,1,20261119,1,20261120,1,20261123,1,20261124,1,20261125,1,20261126,1,20261127,1
'704-Weekday-3-26-09-1111100',20260921,1,20261116,1
'704-Weekday-4-26-09-1111100',20261019,1
'704-Weekday-5-26-09-1111100',20260930,1
'704-Weekday-6-26-09-1111100',20261109,1,20261110,1
'704-Weekday-7-26-09-1111100',20261112,1,20261113,1
'705-Weekday-1-26-09-1111100',20260902,1,20260903,1,20260904,1,20260908,1,20260909,1,20260910,1,20260911,1,20260914,1,20260915,1,20260916,1,20260917,1,20260918,1,20260922,1,20260923,1,20260924,1,20260925,1,20260928,1,20260929,1,20261001,1,20261002,1,20261005,1,20261006,1,20261007,1,20261008,1,20261009,1,20261013,1,20261014,1,20261015,1,20261016,1,20261020,1,20261021,1,20261022,1,20261023,1,20261026,1,20261027,1,20261028,1,20261029,1,20261030,1,20261102,1,20261103,1,20261104,1,20261105,1,20261106,1,20261117,1,20261118,1,20261119,1,20261120,1,20261123,1,20261124,1,20261125,1,20261126,1,20261127,1
'705-Weekday-3-26-09-1111100',20260921,1,20261116,1
'705-Weekday-4-26-09-1111100',20261019,1
'705-Weekday-5-26-09-1111100',20260930,1
'705-Weekday-6-26-09-1111100',20261109,1,20261110,1
'705-Weekday-7-26-09-1111100',20261112,1,20261113,1
'706-Weekday-1-26-09-1111100',20260902,1,20260903,1,20260904,1,20260908,1,20260909,1,20260910,1,20260911,1,20260914,1,20260915,1,20260916,1,20260917,1,20260918,1,20260922,1,20260923,1,20260924,1,20260925,1,20260928,1,20260929,1,20261001,1,20261002,1,20261005,1,20261006,1,20261007,1,20261008,1,20261009,1,20261013,1,20261014,1,20261015,1,20261016,1,20261020,1,20261021,1,20261022,1,20261023,1,20261026,1,20261027,1,20261028,1,20261029,1,20261030,1,20261102,1,20261103,1,20261104,1,20261105,1,20261106,1,20261117,1,20261118,1,20261119,1,20261120,1,20261123,1,20261124,1,20261125,1,20261126,1,20261127,1
'706-Weekday-3-26-09-1111100',20260921,1,20261116,1
'706-Weekday-4-26-09-1111100',20261019,1
'706-Weekday-5-26-09-1111100',20260930,1
'706-Weekday-6-26-09-1111100',20261109,1,20261110,1
'706-Weekday-7-26-09-1111100',20261112,1,20261113,1
'707-Weekday-1-26-09-1111100',20260902,1,20260903,1,20260904,1,20260908,1,20260909,1,20260910,1,20260911,1,20260914,1,20260915,1,20260916,1,20260917,1,20260918,1,20260922,1,20260923,1,20260924,1,20260925,1,20260928,1,20260929,1,20261001,1,20261002,1,20261005,1,20261006,1,20261007,1,20261008,1,20261009,1,20261013,1,20261014,1,20261015,1,20261016,1,20261020,1,20261021,1,20261022,1,20261023,1,20261026,1,20261027,1,20261028,1,20261029,1,20261030,1,20261102,1,20261103,1,20261104,1,20261105,1,20261106,1,20261117,1,20261118,1,20261119,1,20261120,1,20261123,1,20261124,1,20261125,1,20261126,1,20261127,1
'707-Weekday-3-26-09-1111100',20260921,1,20261116,1
'707-Weekday-4-26-09-1111100',20261019,1
'707-Weekday-5-26-09-1111100',20260930,1
'707-Weekday-6-26-09-1111100',20261109,1,20261110,1
'707-Weekday-7-26-09-1111100',20261112,1,20261113,1
'708-Weekday-1-26-09-1111100',20260902,1,20260903,1,20260904,1,20260908,1,20260909,1,20260910,1,20260911,1,20260914,1,20260915,1,20260916,1,20260917,1,20260918,1,20260922,1,20260923,1,20260924,1,20260925,1,20260928,1,20260929,1,20261001,1,20261002,1,20261005,1,20261006,1,20261007,1,20261008,1,20261009,1,20261013,1,20261014,1,20261015,1,20261016,1,20261020,1,20261021,1,20261022,1,20261023,1,20261026,1,20261027,1,20261028,1,20261029,1,20261030,1,20261102,1,20261103,1,20261104,1,20261105,1,20261106,1,20261117,1,20261118,1,20261119,1,20261120,1,20261123,1,20261124,1,20261125,1,20261126,1,20261127,1
'708-Weekday-3-26-09-1111100',20260921,1,20261116,1
'708-Weekday-4-26-09-1111100',20261019,1
'708-Weekday-5-26-09-1111100',20260930,1
'708-Weekday-6-26-09-1111100',20261109,1,20261110,1
'708-Weekday-7-26-09-1111100',20261112,1,20261113,1
'709-Weekday-1-26-09-0001000',20260903,1,20260910,1,20260917,1,20260924,1,20261001,1,20261008,1,20261015,1,20261022,1,20261029,1,20261105,1,20261119,1,20261126,1
'709-Weekday-1-26-09-1110100',20260902,1,20260908,1,20260909,1,20260911,1,20260914,1,20260915,1,20260916,1,20260918,1,20260922,1,20260923,1,20260925,1,20260928,1,20260929,1,20261002,1,20261005,1,20261006,1,20261007,1,20261009,1,20261013,1,20261014,1,20261016,1,20261020,1,20261021,1,20261023,1,20261026,1,20261027,1,20261028,1,20261030,1,20261102,1,20261103,1,20261104,1,20261106,1,20261117,1,20261118,1,20261120,1,20261123,1,20261124,1,20261125,1,20261127,1
'709-Weekday-1-26-09-1111100',20260902,1,20260903,1,20260908,1,20260909,1,20260910,1,20260911,1,20260914,1,20260915,1,20260916,1,20260917,1,20260918,1,20260922,1,20260923,1,20260924,1,20260925,1,20260928,1,20260929,1,20261001,1,20261002,1,20261005,1,20261006,1,20261007,1,20261008,1,20261009,1,20261013,1,20261014,1,20261015,1,20261016,1,20261020,1,20261021,1,20261022,1,20261023,1,20261026,1,20261027,1,20261028,1,20261029,1,20261030,1,20261102,1,20261103,1,20261104,1,20261105,1,20261106,1,20261117,1,20261118,1,20261119,1,20261120,1,20261123,1,20261124,1,20261125,1,20261126,1,20261127,1
'709-Weekday-3-26-09-1111100',20260921,1,20261116,1
'709-Weekday-4-26-09-1111100',20261019,1
'709-Weekday-5-26-09-1111100',20260930,1
'709-Weekday-6-26-09-1110100',20261109,1,20261110,1
'709-Weekday-6-26-09-1111100',20261109,1,20261110,1
'709-Weekday-7-26-09-1111100',20261112,1,20261113,1
'709-Weekday-8-26-09-0000100',20260904,1
'709-Weekday-8-26-09-1110100',20260904,1
'709-Weekday-8-26-09-1111100',20260904,1
'712-Weekday-1-26-09-1111100',20260902,1,20260903,1,20260904,1,20260908,1,20260909,1,20260910,1,20260911,1,20260914,1,20260915,1,20260916,1,20260917,1,20260918,1,20260922,1,20260923,1,20260924,1,20260925,1,20260928,1,20260929,1,20261001,1,20261002,1,20261005,1,20261006,1,20261007,1,20261008,1,20261009,1,20261013,1,20261014,1,20261015,1,20261016,1,20261020,1,20261021,1,20261022,1,20261023,1,20261026,1,20261027,1,20261028,1,20261029,1,20261030,1,20261102,1,20261103,1,20261104,1,20261105,1,20261106,1,20261117,1,20261118,1,20261119,1,20261120,1,20261123,1,20261124,1,20261125,1,20261126,1,20261127,1
'712-Weekday-3-26-09-1111100',20260921,1,20261116,1
'712-Weekday-4-26-09-1111100',20261019,1
'712-Weekday-5-26-09-1111100',20260930,1
'712-Weekday-6-26-09-1111100',20261109,1,20261110,1
'712-Weekday-7-26-09-1111100',20261112,1,20261113,1
'713-Weekday-1-26-09-1110100',20260902,1,20260904,1,20260908,1,20260909,1,20260911,1,20260914,1,20260915,1,20260916,1,20260918,1,20260922,1,20260923,1,20260925,1,20260928,1,20260929,1,20261002,1,20261005,1,20261006,1,20261007,1,20261009,1,20261013,1,20261014,1,20261016,1,20261020,1,20261021,1,20261023,1,20261026,1,20261027,1,20261028,1,20261030,1,20261102,1,20261103,1,20261104,1,20261106,1,20261117,1,20261118,1,20261120,1,20261123,1,20261124,1,20261125,1,20261127,1
'713-Weekday-1-26-09-1111100',20260902,1,20260903,1,20260904,1,20260908,1,20260909,1,20260910,1,20260911,1,20260914,1,20260915,1,20260916,1,20260917,1,20260918,1,20260922,1,20260923,1,20260924,1,20260925,1,20260928,1,20260929,1,20261001,1,20261002,1,20261005,1,20261006,1,20261007,1,20261008,1,20261009,1,20261013,1,20261014,1,20261015,1,20261016,1,20261020,1,20261021,1,20261022,1,20261023,1,20261026,1,20261027,1,20261028,1,20261029,1,20261030,1,20261102,1,20261103,1,20261104,1,20261105,1,20261106,1,20261117,1,20261118,1,20261119,1,20261120,1,20261123,1,20261124,1,20261125,1,20261126,1,20261127,1
'713-Weekday-3-26-09-1111100',20260921,1,20261116,1
'713-Weekday-4-26-09-1111100',20261019,1
'713-Weekday-5-26-09-1111100',20260930,1
'713-Weekday-6-26-09-1110100',20261109,1,20261110,1
'713-Weekday-6-26-09-1111100',20261109,1,20261110,1
'713-Weekday-7-26-09-1111100',20261112,1,20261113,1
'715-Weekday-1-26-09-1111100',20260902,1,20260903,1,20260904,1,20260908,1,20260909,1,20260910,1,20260911,1,20260914,1,20260915,1,20260916,1,20260917,1,20260918,1,20260922,1,20260923,1,20260924,1,20260925,1,20260928,1,20260929,1,20261001,1,20261002,1,20261005,1,20261006,1,20261007,1,20261008,1,20261009,1,20261013,1,20261014,1,20261015,1,20261016,1,20261020,1,20261021,1,20261022,1,20261023,1,20261026,1,20261027,1,20261028,1,20261029,1,20261030,1,20261102,1,20261103,1,20261104,1,20261105,1,20261106,1,20261117,1,20261118,1,20261119,1,20261120,1,20261123,1,20261124,1,20261125,1,20261126,1,20261127,1
'715-Weekday-3-26-09-1111100',20260921,1,20261116,1
'715-Weekday-4-26-09-1111100',20261019,1
'715-Weekday-5-26-09-1111100',20260930,1
'715-Weekday-6-26-09-1111100',20261109,1,20261110,1
'715-Weekday-7-26-09-1111100',20261112,1,20261113,1
'716-Weekday-1-26-09-1111100',20260902,1,20260903,1,20260904,1,20260908,1,20260909,1,20260910,1,20260911,1,20260914,1,20260915,1,20260916,1,20260917,1,20260918,1,20260922,1,20260923,1,20260924,1,20260925,1,20260928,1,20260929,1,20261001,1,20261002,1,20261005,1,20261006,1,20261007,1,20261008,1,20261009,1,20261013,1,20261014,1,20261015,1,20261016,1,20261020,1,20261021,1,20261022,1,20261023,1,20261026,1,20261027,1,20261028,1,20261029,1,20261030,1,20261102,1,20261103,1,20261104,1,20261105,1,20261106,1,20261117,1,20261118,1,20261119,1,20261120,1,20261123,1,20261124,1,20261125,1,20261126,1,20261127,1
'716-Weekday-3-26-09-1111100',20260921,1,20261116,1
'716-Weekday-4-26-09-1111100',20261019,1
'716-Weekday-5-26-09-1111100',20260930,1
'716-Weekday-6-26-09-1111100',20261109,1,20261110,1
'716-Weekday-7-26-09-1111100',20261112,1,20261113,1
'717-Weekday-1-26-09-1111100',20260902,1,20260903,1,20260904,1,20260908,1,20260909,1,20260910,1,20260911,1,20260914,1,20260915,1,20260916,1,20260917,1,20260918,1,20260922,1,20260923,1,20260924,1,20260925,1,20260928,1,20260929,1,20261001,1,20261002,1,20261005,1,20261006,1,20261007,1,20261008,1,20261009,1,20261013,1,20261014,1,20261015,1,20261016,1,20261020,1,20261021,1,20261022,1,20261023,1,20261026,1,20261027,1,20261028,1,20261029,1,20261030,1,20261102,1,20261103,1,20261104,1,20261105,1,20261106,1,20261117,1,20261118,1,20261119,1,20261120,1,20261123,1,20261124,1,20261125,1,20261126,1,20261127,1
'717-Weekday-3-26-09-1111100',20260921,1,20261116,1
'717-Weekday-4-26-09-1111100',20261019,1
'717-Weekday-5-26-09-1111100',20260930,1
'717-Weekday-6-26-09-1111100',20261109,1,20261110,1
'717-Weekday-7-26-09-1111100',20261112,1,20261113,1
'718-Weekday-1-26-09-1111100',20260902,1,20260903,1,20260904,1,20260908,1,20260909,1,20260910,1,20260911,1,20260914,1,20260915,1,20260916,1,20260917,1,20260918,1,20260922,1,20260923,1,20260924,1,20260925,1,20260928,1,20260929,1,20261001,1,20261002,1,20261005,1,20261006,1,20261007,1,20261008,1,20261009,1,20261013,1,20261014,1,20261015,1,20261016,1,20261020,1,20261021,1,20261022,1,20261023,1,20261026,1,20261027,1,20261028,1,20261029,1,20261030,1,20261102,1,20261103,1,20261104,1,20261105,1,20261106,1,20261117,1,20261118,1,20261119,1,20261120,1,20261123,1,20261124,1,20261125,1,20261126,1,20261127,1
'718-Weekday-3-26-09-1111100',20260921,1,20261116,1
'718-Weekday-4-26-09-1111100',20261019,1
'718-Weekday-5-26-09-1111100',20260930,1
'718-Weekday-6-26-09-1111100',20261109,1,20261110,1
'718-Weekday-7-26-09-1111100',20261112,1,20261113,1
'719-Weekday-1-26-09-1111100',20260902,1,20260903,1,20260904,1,20260908,1,20260909,1,20260910,1,20260911,1,20260914,1,20260915,1,20260916,1,20260917,1,20260918,1,20260922,1,20260923,1,20260924,1,20260925,1,20260928,1,20260929,1,20261001,1,20261002,1,20261005,1,20261006,1,20261007,1,20261008,1,20261009,1,20261013,1,20261014,1,20261015,1,20261016,1,20261020,1,20261021,1,20261022,1,20261023,1,20261026,1,20261027,1,20261028,1,20261029,1,20261030,1,20261102,1,20261103,1,20261104,1,20261105,1,20261106,1,20261117,1,20261118,1,20261119,1,20261120,1,20261123,1,20261124,1,20261125,1,20261126,1,20261127,1
'719-Weekday-3-26-09-1111100',20260921,1,20261116,1
'719-Weekday-4-26-09-1111100',20261019,1
'719-Weekday-5-26-09-1111100',20260930,1
'719-Weekday-6-26-09-1111100',20261109,1,20261110,1
'719-Weekday-7-26-09-1111100',20261112,1,20261113,1
'721-Weekday-1-26-09-0001000',20260903,1,20260910,1,20260917,1,20260924,1,20261001,1,20261008,1,20261015,1,20261022,1,20261029,1,20261105,1,20261119,1,20261126,1
'721-Weekday-1-26-09-1110100',20260902,1,20260904,1,20260908,1,20260909,1,20260911,1,20260914,1,20260915,1,20260916,1,20260918,1,20260922,1,20260923,1,20260925,1,20260928,1,20260929,1,20261002,1,20261005,1,20261006,1,20261007,1,20261009,1,20261013,1,20261014,1,20261016,1,20261020,1,20261021,1,20261023,1,20261026,1,20261027,1,20261028,1,20261030,1,20261102,1,20261103,1,20261104,1,20261106,1,20261117,1,20261118,1,20261120,1,20261123,1,20261124,1,20261125,1,20261127,1
'721-Weekday-1-26-09-1111100',20260902,1,20260903,1,20260904,1,20260908,1,20260909,1,20260910,1,20260911,1,20260914,1,20260915,1,20260916,1,20260917,1,20260918,1,20260922,1,20260923,1,20260924,1,20260925,1,20260928,1,20260929,1,20261001,1,20261002,1,20261005,1,20261006,1,20261007,1,20261008,1,20261009,1,20261013,1,20261014,1,20261015,1,20261016,1,20261020,1,20261021,1,20261022,1,20261023,1,20261026,1,20261027,1,20261028,1,20261029,1,20261030,1,20261102,1,20261103,1,20261104,1,20261105,1,20261106,1,20261117,1,20261118,1,20261119,1,20261120,1,20261123,1,20261124,1,20261125,1,20261126,1,20261127,1
'721-Weekday-3-26-09-1111100',20260921,1,20261116,1
'721-Weekday-4-26-09-1111100',20261019,1
'721-Weekday-5-26-09-1111100',20260930,1
'721-Weekday-6-26-09-1110100',20261109,1,20261110,1
'721-Weekday-6-26-09-1111100',20261109,1,20261110,1
'721-Weekday-7-26-09-1111100',20261112,1,20261113,1
'722-Weekday-1-26-09-1111100',20260902,1,20260903,1,20260904,1,20260908,1,20260909,1,20260910,1,20260911,1,20260914,1,20260915,1,20260916,1,20260917,1,20260918,1,20260922,1,20260923,1,20260924,1,20260925,1,20260928,1,20260929,1,20261001,1,20261002,1,20261005,1,20261006,1,20261007,1,20261008,1,20261009,1,20261013,1,20261014,1,20261015,1,20261016,1,20261020,1,20261021,1,20261022,1,20261023,1,20261026,1,20261027,1,20261028,1,20261029,1,20261030,1,20261102,1,20261103,1,20261104,1,20261105,1,20261106,1,20261117,1,20261118,1,20261119,1,20261120,1,20261123,1,20261124,1,20261125,1,20261126,1,20261127,1
'722-Weekday-3-26-09-1111100',20260921,1,20261116,1
'722-Weekday-4-26-09-1111100',20261019,1
'722-Weekday-5-26-09-1111100',20260930,1
'722-Weekday-6-26-09-1111100',20261109,1,20261110,1
'722-Weekday-7-26-09-1111100',20261112,1,20261113,1
'723-Weekday-1-26-09-1111100',20260902,1,20260903,1,20260904,1,20260908,1,20260909,1,20260910,1,20260911,1,20260914,1,20260915,1,20260916,1,20260917,1,20260918,1,20260922,1,20260923,1,20260924,1,20260925,1,20260928,1,20260929,1,20261001,1,20261002,1,20261005,1,20261006,1,20261007,1,20261008,1,20261009,1,20261013,1,20261014,1,20261015,1,20261016,1,20261020,1,20261021,1,20261022,1,20261023,1,20261026,1,20261027,1,20261028,1,20261029,1,20261030,1,20261102,1,20261103,1,20261104,1,20261105,1,20261106,1,20261117,1,20261118,1,20261119,1,20261120,1,20261123,1,20261124,1,20261125,1,20261126,1,20261127,1
'723-Weekday-3-26-09-1111100',20260921,1,20261116,1
'723-Weekday-4-26-09-1111100',20261019,1
'723-Weekday-5-26-09-1111100',20260930,1
'723-Weekday-6-26-09-1111100',20261109,1,20261110,1
'723-Weekday-7-26-09-1111100',20261112,1,20261113,1
'724-Weekday-1-26-09-1111100',20260902,1,20260903,1,20260904,1,20260908,1,20260909,1,20260910,1,20260911,1,20260914,1,20260915,1,20260916,1,20260917,1,20260918,1,20260922,1,20260923,1,20260924,1,20260925,1,20260928,1,20260929,1,20261001,1,20261002,1,20261005,1,20261006,1,20261007,1,20261008,1,20261009,1,20261013,1,20261014,1,20261015,1,20261016,1,20261020,1,20261021,1,20261022,1,20261023,1,20261026,1,20261027,1,20261028,1,20261029,1,20261030,1,20261102,1,20261103,1,20261104,1,20261105,1,20261106,1,20261117,1,20261118,1,20261119,1,20261120,1,20261123,1,20261124,1,20261125,1,20261126,1,20261127,1
'724-Weekday-3-26-09-1111100',20260921,1,20261116,1
'724-Weekday-4-26-09-1111100',20261019,1
'724-Weekday-5-26-09-1111100',20260930,1
'724-Weekday-6-26-09-1111100',20261109,1,20261110,1
'724-Weekday-7-26-09-1111100',20261112,1,20261113,1
'727-Weekday-1-26-09-0001000',20260903,1,20260910,1,20260917,1,20260924,1,20261001,1,20261008,1,20261015,1,20261022,1,20261029,1,20261105,1,20261119,1,20261126,1
'727-Weekday-1-26-09-1111100',20260902,1,20260903,1,20260904,1,20260908,1,20260909,1,20260910,1,20260911,1,20260914,1,20260915,1,20260916,1,20260917,1,20260918,1,20260922,1,20260923,1,20260924,1,20260925,1,20260928,1,20260929,1,20261001,1,20261002,1,20261005,1,20261006,1,20261007,1,20261008,1,20261009,1,20261013,1,20261014,1,20261015,1,20261016,1,20261020,1,20261021,1,20261022,1,20261023,1,20261026,1,20261027,1,20261028,1,20261029,1,20261030,1,20261102,1,20261103,1,20261104,1,20261105,1,20261106,1,20261117,1,20261118,1,20261119,1,20261120,1,20261123,1,20261124,1,20261125,1,20261126,1,20261127,1
'727-Weekday-3-26-09-1111100',20260921,1,20261116,1
'727-Weekday-4-26-09-1111100',20261019,1
'727-Weekday-5-26-09-1111100',20260930,1
'727-Weekday-6-26-09-1111100',20261109,1,20261110,1
'727-Weekday-7-26-09-1111100',20261112,1,20261113,1
'729-Weekday-1-26-09-1111100',20260902,1,20260903,1,20260904,1,20260908,1,20260909,1,20260910,1,20260911,1,20260914,1,20260915,1,20260916,1,20260917,1,20260918,1,20260922,1,20260923,1,20260924,1,20260925,1,20260928,1,20260929,1,20261001,1,20261002,1,20261005,1,20261006,1,20261007,1,20261008,1,20261009,1,20261013,1,20261014,1,20261015,1,20261016,1,20261020,1,20261021,1,20261022,1,20261023,1,20261026,1,20261027,1,20261028,1,20261029,1,20261030,1,20261102,1,20261103,1,20261104,1,20261105,1,20261106,1,20261117,1,20261118,1,20261119,1,20261120,1,20261123,1,20261124,1,20261125,1,20261126,1,20261127,1
'729-Weekday-3-26-09-1111100',20260921,1,20261116,1
'729-Weekday-4-26-09-1111100',20261019,1
'729-Weekday-5-26-09-1111100',20260930,1
'729-Weekday-6-26-09-1111100',20261109,1,20261110,1
'729-Weekday-7-26-09-1111100',20261112,1,20261113,1
'747-Weekday-1-26-09-1111100',20260902,1,20260903,1,20260904,1,20260908,1,20260909,1,20260910,1,20260911,1,20260914,1,20260915,1,20260916,1,20260917,1,20260918,1,20260922,1,20260923,1,20260924,1,20260925,1,20260928,1,20260929,1,20261001,1,20261002,1,20261005,1,20261006,1,20261007,1,20261008,1,20261009,1,20261013,1,20261014,1,20261015,1,20261016,1,20261020,1,20261021,1,20261022,1,20261023,1,20261026,1,20261027,1,20261028,1,20261029,1,20261030,1,20261102,1,20261103,1,20261104,1,20261105,1,20261106,1,20261117,1,20261118,1,20261119,1,20261120,1,20261123,1,20261124,1,20261125,1,20261126,1,20261127,1
'747-Weekday-3-26-09-1111100',20260921,1,20261116,1
'747-Weekday-4-26-09-1111100',20261019,1
'747-Weekday-5-26-09-1111100',20260930,1
'747-Weekday-6-26-09-1111100',20261109,1,20261110,1
'747-Weekday-7-26-09-1111100',20261112,1,20261113,1
'900X-Weekday-1-26-09-1111100',20260902,1,20260903,1,20260904,1,20260908,1,20260909,1,20260910,1,20260911,1,20260914,1,20260915,1,20260916,1,20260917,1,20260918,1,20260922,1,20260923,1,20260924,1,20260925,1,20260928,1,20260929,1,20261001,1,20261002,1,20261005,1,20261006,1,20261007,1,20261008,1,20261009,1,20261013,1,20261014,1,20261015,1,20261016,1,20261020,1,20261021,1,20261022,1,20261023,1,20261026,1,20261027,1,20261028,1,20261029,1,20261030,1,20261102,1,20261103,1,20261104,1,20261105,1,20261106,1,20261117,1,20261118,1,20261119,1,20261120,1,20261123,1,20261124,1,20261125,1,20261126,1,20261127,1
'900X-Weekday-3-26-09-1111100',20260921,1,20261116,1
'900X-Weekday-4-26-09-1111100',20261019,1
'900X-Weekday-5-26-09-1111100',20260930,1
'900X-Weekday-6-26-09-1111100',20261109,1,20261110,1
'900X-Weekday-7-26-09-1111100',20261112,1,20261113,1
'901-Weekday-1-26-09-0001000',20260903,1,20260910,1,20260917,1,20260924,1,20261001,1,20261008,1,20261015,1,20261022,1,20261029,1,20261105,1,20261119,1,20261126,1
'901-Weekday-1-26-09-1110100',20260902,1,20260904,1,20260908,1,20260909,1,20260911,1,20260914,1,20260915,1,20260916,1,20260918,1,20260922,1,20260923,1,20260925,1,20260928,1,20260929,1,20261002,1,20261005,1,20261006,1,20261007,1,20261009,1,20261013,1,20261014,1,20261016,1,20261020,1,20261021,1,20261023,1,20261026,1,20261027,1,20261028,1,20261030,1,20261102,1,20261103,1,20261104,1,20261106,1,20261117,1,20261118,1,20261120,1,20261123,1,20261124,1,20261125,1,20261127,1
'901-Weekday-1-26-09-1111100',20260902,1,20260903,1,20260904,1,20260908,1,20260909,1,20260910,1,20260911,1,20260914,1,20260915,1,20260916,1,20260917,1,20260918,1,20260922,1,20260923,1,20260924,1,20260925,1,20260928,1,20260929,1,20261001,1,20261002,1,20261005,1,20261006,1,20261007,1,20261008,1,20261009,1,20261013,1,20261014,1,20261015,1,20261016,1,20261020,1,20261021,1,20261022,1,20261023,1,20261026,1,20261027,1,20261028,1,20261029,1,20261030,1,20261102,1,20261103,1,20261104,1,20261105,1,20261106,1,20261117,1,20261118,1,20261119,1,20261120,1,20261123,1,20261124,1,20261125,1,20261126,1,20261127,1
'901-Weekday-3-26-09-1110100',20260921,1,20261116,1
'901-Weekday-3-26-09-1111100',20260921,1,20261116,1
'901-Weekday-4-26-09-1111100',20261019,1
'901-Weekday-5-26-09-1111100',20260930,1
'901-Weekday-6-26-09-1110100',20261109,1,20261110,1
'901-Weekday-6-26-09-1111100',20261109,1,20261110,1
'901-Weekday-7-26-09-1111100',20261112,1,20261113,1
'902-Weekday-1-26-09-1111100',20260902,1,20260903,1,20260904,1,20260908,1,20260909,1,20260910,1,20260911,1,20260914,1,20260915,1,20260916,1,20260917,1,20260918,1,20260922,1,20260923,1,20260924,1,20260925,1,20260928,1,20260929,1,20261001,1,20261002,1,20261005,1,20261006,1,20261007,1,20261008,1,20261009,1,20261013,1,20261014,1,20261015,1,20261016,1,20261020,1,20261021,1,20261022,1,20261023,1,20261026,1,20261027,1,20261028,1,20261029,1,20261030,1,20261102,1,20261103,1,20261104,1,20261105,1,20261106,1,20261117,1,20261118,1,20261119,1,20261120,1,20261123,1,20261124,1,20261125,1,20261126,1,20261127,1
'902-Weekday-3-26-09-1111100',20260921,1,20261116,1
'902-Weekday-4-26-09-1111100',20261019,1
'902-Weekday-5-26-09-1111100',20260930,1
'902-Weekday-6-26-09-1111100',20261109,1,20261110,1
'902-Weekday-7-26-09-1111100',20261112,1,20261113,1
'903-Weekday-1-26-09-1111100',20260902,1,20260903,1,20260904,1,20260908,1,20260909,1,20260910,1,20260911,1,20260914,1,20260915,1,20260916,1,20260917,1,20260918,1,20260922,1,20260923,1,20260924,1,20260925,1,20260928,1,20260929,1,20261001,1,20261002,1,20261005,1,20261006,1,20261007,1,20261008,1,20261009,1,20261013,1,20261014,1,20261015,1,20261016,1,20261020,1,20261021,1,20261022,1,20261023,1,20261026,1,20261027,1,20261028,1,20261029,1,20261030,1,20261102,1,20261103,1,20261104,1,20261105,1,20261106,1,20261117,1,20261118,1,20261119,1,20261120,1,20261123,1,20261124,1,20261125,1,20261126,1,20261127,1
'903-Weekday-3-26-09-1111100',20260921,1,20261116,1
'903-Weekday-4-26-09-1111100',20261019,1
'903-Weekday-5-26-09-1111100',20260930,1
'903-Weekday-6-26-09-1111100',20261109,1,20261110,1
'903-Weekday-7-26-09-1111100',20261112,1,20261113,1
'904-Weekday-1-26-09-0001000',20260903,1,20260910,1,20260917,1,20260924,1,20261001,1,20261008,1,20261015,1,20261022,1,20261029,1,20261105,1,20261119,1,20261126,1
'904-Weekday-1-26-09-1111100',20260902,1,20260903,1,20260904,1,20260908,1,20260909,1,20260910,1,20260911,1,20260914,1,20260915,1,20260916,1,20260917,1,20260918,1,20260922,1,20260923,1,20260924,1,20260925,1,20260928,1,20260929,1,20261001,1,20261002,1,20261005,1,20261006,1,20261007,1,20261008,1,20261009,1,20261013,1,20261014,1,20261015,1,20261016,1,20261020,1,20261021,1,20261022,1,20261023,1,20261026,1,20261027,1,20261028,1,20261029,1,20261030,1,20261102,1,20261103,1,20261104,1,20261105,1,20261106,1,20261117,1,20261118,1,20261119,1,20261120,1,20261123,1,20261124,1,20261125,1,20261126,1,20261127,1
'904-Weekday-3-26-09-1111100',20260921,1,20261116,1
'904-Weekday-4-26-09-1111100',20261019,1
'904-Weekday-5-26-09-1111100',20260930,1
'904-Weekday-6-26-09-1111100',20261109,1,20261110,1
'904-Weekday-7-26-09-1111100',20261112,1,20261113,1
'905-Weekday-1-26-09-1111100',20260902,1,20260903,1,20260904,1,20260908,1,20260909,1,20260910,1,20260911,1,20260914,1,20260915,1,20260916,1,20260917,1,20260918,1,20260922,1,20260923,1,20260924,1,20260925,1,20260928,1,20260929,1,20261001,1,20261002,1,20261005,1,20261006,1,20261007,1,20261008,1,20261009,1,20261013,1,20261014,1,20261015,1,20261016,1,20261020,1,20261021,1,20261022,1,20261023,1,20261026,1,20261027,1,20261028,1,20261029,1,20261030,1,20261102,1,20261103,1,20261104,1,20261105,1,20261106,1,20261117,1,20261118,1,20261119,1,20261120,1,20261123,1,20261124,1,20261125,1,20261126,1,20261127,1
'905-Weekday-3-26-09-1111100',20260921,1,20261116,1
'905-Weekday-4-26-09-1111100',20261019,1
'905-Weekday-5-26-09-1111100',20260930,1
'905-Weekday-6-26-09-1111100',20261109,1,20261110,1
'905-Weekday-7-26-09-1111100',20261112,1,20261113,1
'906-Weekday-1-26-09-1111100',20260902,1,20260903,1,20260904,1,20260908,1,20260909,1,20260910,1,20260911,1,20260914,1,20260915,1,20260916,1,20260917,1,20260918,1,20260922,1,20260923,1,20260924,1,20260925,1,20260928,1,20260929,1,20261001,1,20261002,1,20261005,1,20261006,1,20261007,1,20261008,1,20261009,1,20261013,1,20261014,1,20261015,1,20261016,1,20261020,1,20261021,1,20261022,1,20261023,1,20261026,1,20261027,1,20261028,1,20261029,1,20261030,1,20261102,1,20261103,1,20261104,1,20261105,1,20261106,1,20261117,1,20261118,1,20261119,1,20261120,1,20261123,1,20261124,1,20261125,1,20261126,1,20261127,1
'906-Weekday-3-26-09-1111100',20260921,1,20261116,1
'906-Weekday-4-26-09-1111100',20261019,1
'906-Weekday-5-26-09-1111100',20260930,1
'906-Weekday-6-26-09-1111100',20261109,1,20261110,1
'906-Weekday-7-26-09-1111100',20261112,1,20261113,1
'907-Weekday-1-26-09-1111100',20260902,1,20260903,1,20260904,1,20260908,1,20260909,1,20260910,1,20260911,1,20260914,1,20260915,1,20260916,1,20260917,1,20260918,1,20260922,1,20260923,1,20260924,1,20260925,1,20260928,1,20260929,1,20261001,1,20261002,1,20261005,1,20261006,1,20261007,1,20261008,1,20261009,1,20261013,1,20261014,1,20261015,1,20261016,1,20261020,1,20261021,1,20261022,1,20261023,1,20261026,1,20261027,1,20261028,1,20261029,1,20261030,1,20261102,1,20261103,1,20261104,1,20261105,1,20261106,1,20261117,1,20261118,1,20261119,1,20261120,1,20261123,1,20261124,1,20261125,1,20261126,1,20261127,1
'907-Weekday-3-26-09-1111100',20260921,1,20261116,1
'907-Weekday-4-26-09-1111100',20261019,1
'907-Weekday-5-26-09-1111100',20260930,1
'907-Weekday-6-26-09-1111100',20261109,1,20261110,1
'907-Weekday-7-26-09-1111100',20261112,1,20261113,1
'908-Weekday-1-26-09-1111100',20260902,1,20260903,1,20260904,1,20260908,1,20260909,1,20260910,1,20260911,1,20260914,1,20260915,1,20260916,1,20260917,1,20260918,1,20260922,1,20260923,1,20260924,1,20260925,1,20260928,1,20260929,1,20261001,1,20261002,1,20261005,1,20261006,1,20261007,1,20261008,1,20261009,1,20261013,1,20261014,1,20261015,1,20261016,1,20261020,1,20261021,1,20261022,1,20261023,1,20261026,1,20261027,1,20261028,1,20261029,1,20261030,1,20261102,1,20261103,1,20261104,1,20261105,1,20261106,1,20261117,1,20261118,1,20261119,1,20261120,1,20261123,1,20261124,1,20261125,1,20261126,1,20261127,1
'908-Weekday-3-26-09-1111100',20260921,1,20261116,1
'908-Weekday-4-26-09-1111100',20261019,1
'908-Weekday-5-26-09-1111100',20260930,1
'908-Weekday-6-26-09-1111100',20261109,1,20261110,1
'908-Weekday-7-26-09-1111100',20261112,1,20261113,1
'909-Weekday-1-26-09-1111100',20260902,1,20260903,1,20260904,1,20260908,1,20260909,1,20260910,1,20260911,1,20260914,1,20260915,1,20260916,1,20260917,1,20260918,1,20260922,1,20260923,1,20260924,1,20260925,1,20260928,1,20260929,1,20261001,1,20261002,1,20261005,1,20261006,1,20261007,1,20261008,1,20261009,1,20261013,1,20261014,1,20261015,1,20261016,1,20261020,1,20261021,1,20261022,1,20261023,1,20261026,1,20261027,1,20261028,1,20261029,1,20261030,1,20261102,1,20261103,1,20261104,1,20261105,1,20261106,1,20261117,1,20261118,1,20261119,1,20261120,1,20261123,1,20261124,1,20261125,1,20261126,1,20261127,1
'909-Weekday-3-26-09-1111100',20260921,1,20261116,1
'909-Weekday-4-26-09-1111100',20261019,1
'909-Weekday-5-26-09-1111100',20260930,1
'909-Weekday-6-26-09-1111100',20261109,1,20261110,1
'909-Weekday-7-26-09-1111100',20261112,1,20261113,1
'910X-Weekday-1-26-09-1111100',20260902,1,20260903,1,20260904,1,20260908,1,20260909,1,20260910,1,20260911,1,20260914,1,20260915,1,20260916,1,20260917,1,20260918,1,20260922,1,20260923,1,20260924,1,20260925,1,20260928,1,20260929,1,20261001,1,20261002,1,20261005,1,20261006,1,20261007,1,20261008,1,20261009,1,20261013,1,20261014,1,20261015,1,20261016,1,20261020,1,20261021,1,20261022,1,20261023,1,20261026,1,20261027,1,20261028,1,20261029,1,20261030,1,20261102,1,20261103,1,20261104,1,20261105,1,20261106,1,20261117,1,20261118,1,20261119,1,20261120,1,20261123,1,20261124,1,20261125,1,20261126,1,20261127,1
'910X-Weekday-3-26-09-1111100',20260921,1,20261116,1
'910X-Weekday-4-26-09-1111100',20261019,1
'910X-Weekday-5-26-09-1111100',20260930,1
'910X-Weekday-6-26-09-1111100',20261109,1,20261110,1
'910X-Weekday-7-26-09-1111100',20261112,1,20261113,1
'912-Weekday-1-26-09-1111100',20260902,1,20260903,1,20260904,1,20260908,1,20260909,1,20260910,1,20260911,1,20260914,1,20260915,1,20260916,1,20260917,1,20260918,1,20260922,1,20260923,1,20260924,1,20260925,1,20260928,1,20260929,1,20261001,1,20261002,1,20261005,1,20261006,1,20261007,1,20261008,1,20261009,1,20261013,1,20261014,1,20261015,1,20261016,1,20261020,1,20261021,1,20261022,1,20261023,1,20261026,1,20261027,1,20261028,1,20261029,1,20261030,1,20261102,1,20261103,1,20261104,1,20261105,1,20261106,1,20261117,1,20261118,1,20261119,1,20261120,1,20261123,1,20261124,1,20261125,1,20261126,1,20261127,1
'912-Weekday-3-26-09-1111100',20260921,1,20261116,1
'912-Weekday-4-26-09-1111100',20261019,1
'912-Weekday-5-26-09-1111100',20260930,1
'912-Weekday-6-26-09-1111100',20261109,1,20261110,1
'912-Weekday-7-26-09-1111100',20261112,1,20261113,1
'913-Weekday-1-26-09-1111100',20260902,1,20260903,1,20260904,1,20260908,1,20260909,1,20260910,1,20260911,1,20260914,1,20260915,1,20260916,1,20260917,1,20260918,1,20260922,1,20260923,1,20260924,1,20260925,1,20260928,1,20260929,1,20261001,1,20261002,1,20261005,1,20261006,1,20261007,1,20261008,1,20261009,1,20261013,1,20261014,1,20261015,1,20261016,1,20261020,1,20261021,1,20261022,1,20261023,1,20261026,1,20261027,1,20261028,1,20261029,1,20261030,1,20261102,1,20261103,1,20261104,1,20261105,1,20261106,1,20261117,1,20261118,1,20261119,1,20261120,1,20261123,1,20261124,1,20261125,1,20261126,1,20261127,1
'913-Weekday-3-26-09-1111100',20260921,1,20261116,1
'913-Weekday-4-26-09-1111100',20261019,1
'913-Weekday-5-26-09-1111100',20260930,1
'913-Weekday-6-26-09-1111100',20261109,1,20261110,1
'913-Weekday-7-26-09-1111100',20261112,1,20261113,1
'914-Weekday-1-26-09-1111100',20260902,1,20260903,1,20260904,1,20260908,1,20260909,1,20260910,1,20260911,1,20260914,1,20260915,1,20260916,1,20260917,1,20260918,1,20260922,1,20260923,1,20260924,1,20260925,1,20260928,1,20260929,1,20261001,1,20261002,1,20261005,1,20261006,1,20261007,1,20261008,1,20261009,1,20261013,1,20261014,1,20261015,1,20261016,1,20261020,1,20261021,1,20261022,1,20261023,1,20261026,1,20261027,1,20261028,1,20261029,1,20261030,1,20261102,1,20261103,1,20261104,1,20261105,1,20261106,1,20261117,1,20261118,1,20261119,1,20261120,1,20261123,1,20261124,1,20261125,1,20261126,1,20261127,1
'914-Weekday-3-26-09-1111100',20260921,1,20261116,1
'914-Weekday-4-26-09-1111100',20261019,1
'914-Weekday-5-26-09-1111100',20260930,1
'914-Weekday-6-26-09-1111100',20261109,1,20261110,1
'914-Weekday-7-26-09-1111100',20261112,1,20261113,1
'915-Weekday-1-26-09-0001000',20260903,1,20260910,1,20260917,1,20260924,1,20261001,1,20261008,1,20261015,1,20261022,1,20261029,1,20261105,1,20261119,1,20261126,1
'915-Weekday-1-26-09-1111100',20260902,1,20260903,1,20260904,1,20260908,1,20260909,1,20260910,1,20260911,1,20260914,1,20260915,1,20260916,1,20260917,1,20260918,1,20260922,1,20260923,1,20260924,1,20260925,1,20260928,1,20260929,1,20261001,1,20261002,1,20261005,1,20261006,1,20261007,1,20261008,1,20261009,1,20261013,1,20261014,1,20261015,1,20261016,1,20261020,1,20261021,1,20261022,1,20261023,1,20261026,1,20261027,1,20261028,1,20261029,1,20261030,1,20261102,1,20261103,1,20261104,1,20261105,1,20261106,1,20261117,1,20261118,1,20261119,1,20261120,1,20261123,1,20261124,1,20261125,1,20261126,1,20261127,1
'915-Weekday-3-26-09-1111100',20260921,1,20261116,1
'915-Weekday-4-26-09-1111100',20261019,1
'915-Weekday-5-26-09-1111100',20260930,1
'915-Weekday-6-26-09-1111100',20261109,1,20261110,1
'915-Weekday-7-26-09-1111100',20261112,1,20261113,1
'916-Weekday-1-26-09-0001000',20260903,1,20260910,1,20260917,1,20260924,1,20261001,1,20261008,1,20261015,1,20261022,1,20261029,1,20261105,1,20261119,1,20261126,1
'916-Weekday-1-26-09-1110100',20260902,1,20260904,1,20260908,1,20260909,1,20260911,1,20260914,1,20260915,1,20260916,1,20260918,1,20260922,1,20260923,1,20260925,1,20260928,1,20260929,1,20261002,1,20261005,1,20261006,1,20261007,1,20261009,1,20261013,1,20261014,1,20261016,1,20261020,1,20261021,1,20261023,1,20261026,1,20261027,1,20261028,1,20261030,1,20261102,1,20261103,1,20261104,1,20261106,1,20261117,1,20261118,1,20261120,1,20261123,1,20261124,1,20261125,1,20261127,1
'916-Weekday-1-26-09-1111100',20260902,1,20260903,1,20260904,1,20260908,1,20260909,1,20260910,1,20260911,1,20260914,1,20260915,1,20260916,1,20260917,1,20260918,1,20260922,1,20260923,1,20260924,1,20260925,1,20260928,1,20260929,1,20261001,1,20261002,1,20261005,1,20261006,1,20261007,1,20261008,1,20261009,1,20261013,1,20261014,1,20261015,1,20261016,1,20261020,1,20261021,1,20261022,1,20261023,1,20261026,1,20261027,1,20261028,1,20261029,1,20261030,1,20261102,1,20261103,1,20261104,1,20261105,1,20261106,1,20261117,1,20261118,1,20261119,1,20261120,1,20261123,1,20261124,1,20261125,1,20261126,1,20261127,1
'916-Weekday-3-26-09-1110100',20260921,1,20261116,1
'916-Weekday-3-26-09-1111100',20260921,1,20261116,1
'916-Weekday-4-26-09-1111100',20261019,1
'916-Weekday-5-26-09-1111100',20260930,1
'916-Weekday-6-26-09-1110100',20261109,1,20261110,1
'916-Weekday-6-26-09-1111100',20261109,1,20261110,1
'916-Weekday-7-26-09-1111100',20261112,1,20261113,1
'917-Weekday-1-26-09-0001000',20260903,1,20260910,1,20260917,1,20260924,1,20261001,1,20261008,1,20261015,1,20261022,1,20261029,1,20261105,1,20261119,1,20261126,1
'917-Weekday-1-26-09-1111100',20260902,1,20260903,1,20260904,1,20260908,1,20260909,1,20260910,1,20260911,1,20260914,1,20260915,1,20260916,1,20260917,1,20260918,1,20260922,1,20260923,1,20260924,1,20260925,1,20260928,1,20260929,1,20261001,1,20261002,1,20261005,1,20261006,1,20261007,1,20261008,1,20261009,1,20261013,1,20261014,1,20261015,1,20261016,1,20261020,1,20261021,1,20261022,1,20261023,1,20261026,1,20261027,1,20261028,1,20261029,1,20261030,1,20261102,1,20261103,1,20261104,1,20261105,1,20261106,1,20261117,1,20261118,1,20261119,1,20261120,1,20261123,1,20261124,1,20261125,1,20261126,1,20261127,1
'917-Weekday-3-26-09-1111100',20260921,1,20261116,1
'917-Weekday-4-26-09-1111100',20261019,1
'917-Weekday-5-26-09-1111100',20260930,1
'917-Weekday-6-26-09-1111100',20261109,1,20261110,1
'917-Weekday-7-26-09-1111100',20261112,1,20261113,1
'918-Weekday-1-26-09-1111100',20260902,1,20260903,1,20260904,1,20260908,1,20260909,1,20260910,1,20260911,1,20260914,1,20260915,1,20260916,1,20260917,1,20260918,1,20260922,1,20260923,1,20260924,1,20260925,1,20260928,1,20260929,1,20261001,1,20261002,1,20261005,1,20261006,1,20261007,1,20261008,1,20261009,1,20261013,1,20261014,1,20261015,1,20261016,1,20261020,1,20261021,1,20261022,1,20261023,1,20261026,1,20261027,1,20261028,1,20261029,1,20261030,1,20261102,1,20261103,1,20261104,1,20261105,1,20261106,1,20261117,1,20261118,1,20261119,1,20261120,1,20261123,1,20261124,1,20261125,1,20261126,1,20261127,1
'918-Weekday-3-26-09-1111100',20260921,1,20261116,1
'918-Weekday-4-26-09-1111100',20261019,1
'918-Weekday-5-26-09-1111100',20260930,1
'918-Weekday-6-26-09-1111100',20261109,1,20261110,1
'918-Weekday-7-26-09-1111100',20261112,1,20261113,1
'919-Weekday-1-26-09-0001000',20260903,1,20260910,1,20260917,1,20260924,1,20261001,1,20261008,1,20261015,1,20261022,1,20261029,1,20261105,1,20261119,1,20261126,1
'919-Weekday-1-26-09-1111100',20260902,1,20260903,1,20260904,1,20260908,1,20260909,1,20260910,1,20260911,1,20260914,1,20260915,1,20260916,1,20260917,1,20260918,1,20260922,1,20260923,1,20260924,1,20260925,1,20260928,1,20260929,1,20261001,1,20261002,1,20261005,1,20261006,1,20261007,1,20261008,1,20261009,1,20261013,1,20261014,1,20261015,1,20261016,1,20261020,1,20261021,1,20261022,1,20261023,1,20261026,1,20261027,1,20261028,1,20261029,1,20261030,1,20261102,1,20261103,1,20261104,1,20261105,1,20261106,1,20261117,1,20261118,1,20261119,1,20261120,1,20261123,1,20261124,1,20261125,1,20261126,1,20261127,1
'919-Weekday-3-26-09-1111100',20260921,1,20261116,1
'919-Weekday-4-26-09-1111100',20261019,1
'919-Weekday-5-26-09-1111100',20260930,1
'919-Weekday-6-26-09-1111100',20261109,1,20261110,1
'919-Weekday-7-26-09-1111100',20261112,1,20261113,1
'920X-Weekday-1-26-09-1111100',20260902,1,20260903,1,20260904,1,20260908,1,20260909,1,20260910,1,20260911,1,20260914,1,20260915,1,20260916,1,20260917,1,20260918,1,20260922,1,20260923,1,20260924,1,20260925,1,20260928,1,20260929,1,20261001,1,20261002,1,20261005,1,20261006,1,20261007,1,20261008,1,20261009,1,20261013,1,20261014,1,20261015,1,20261016,1,20261020,1,20261021,1,20261022,1,20261023,1,20261026,1,20261027,1,20261028,1,20261029,1,20261030,1,20261102,1,20261103,1,20261104,1,20261105,1,20261106,1,20261117,1,20261118,1,20261119,1,20261120,1,20261123,1,20261124,1,20261125,1,20261126,1,20261127,1
'920X-Weekday-3-26-09-1111100',20260921,1,20261116,1
'920X-Weekday-4-26-09-1111100',20261019,1
'920X-Weekday-5-26-09-1111100',20260930,1
'920X-Weekday-6-26-09-1111100',20261109,1,20261110,1
'920X-Weekday-7-26-09-1111100',20261112,1,20261113,1
'921-Weekday-1-26-09-1111100',20260902,1,20260903,1,20260904,1,20260908,1,20260909,1,20260910,1,20260911,1,20260914,1,20260915,1,20260916,1,20260917,1,20260918,1,20260922,1,20260923,1,20260924,1,20260925,1,20260928,1,20260929,1,20261001,1,20261002,1,20261005,1,20261006,1,20261007,1,20261008,1,20261009,1,20261013,1,20261014,1,20261015,1,20261016,1,20261020,1,20261021,1,20261022,1,20261023,1,20261026,1,20261027,1,20261028,1,20261029,1,20261030,1,20261102,1,20261103,1,20261104,1,20261105,1,20261106,1,20261117,1,20261118,1,20261119,1,20261120,1,20261123,1,20261124,1,20261125,1,20261126,1,20261127,1
'921-Weekday-3-26-09-1111100',20260921,1,20261116,1
'921-Weekday-4-26-09-1111100',20261019,1
'921-Weekday-5-26-09-1111100',20260930,1
'921-Weekday-6-26-09-1111100',20261109,1,20261110,1
'921-Weekday-7-26-09-1111100',20261112,1,20261113,1
'922-Weekday-1-26-09-1111100',20260902,1,20260903,1,20260904,1,20260908,1,20260909,1,20260910,1,20260911,1,20260914,1,20260915,1,20260916,1,20260917,1,20260918,1,20260922,1,20260923,1,20260924,1,20260925,1,20260928,1,20260929,1,20261001,1,20261002,1,20261005,1,20261006,1,20261007,1,20261008,1,20261009,1,20261013,1,20261014,1,20261015,1,20261016,1,20261020,1,20261021,1,20261022,1,20261023,1,20261026,1,20261027,1,20261028,1,20261029,1,20261030,1,20261102,1,20261103,1,20261104,1,20261105,1,20261106,1,20261117,1,20261118,1,20261119,1,20261120,1,20261123,1,20261124,1,20261125,1,20261126,1,20261127,1
'922-Weekday-3-26-09-1111100',20260921,1,20261116,1
'922-Weekday-4-26-09-1111100',20261019,1
'922-Weekday-5-26-09-1111100',20260930,1
'922-Weekday-6-26-09-1111100',20261109,1,20261110,1
'922-Weekday-7-26-09-1111100',20261112,1,20261113,1
'923-Weekday-1-26-09-1111100',20260902,1,20260903,1,20260904,1,20260908,1,20260909,1,20260910,1,20260911,1,20260914,1,20260915,1,20260916,1,20260917,1,20260918,1,20260922,1,20260923,1,20260924,1,20260925,1,20260928,1,20260929,1,20261001,1,20261002,1,20261005,1,20261006,1,20261007,1,20261008,1,20261009,1,20261013,1,20261014,1,20261015,1,20261016,1,20261020,1,20261021,1,20261022,1,20261023,1,20261026,1,20261027,1,20261028,1,20261029,1,20261030,1,20261102,1,20261103,1,20261104,1,20261105,1,20261106,1,20261117,1,20261118,1,20261119,1,20261120,1,20261123,1,20261124,1,20261125,1,20261126,1,20261127,1
'923-Weekday-3-26-09-1111100',20260921,1,20261116,1
'923-Weekday-4-26-09-1111100',20261019,1
'923-Weekday-5-26-09-1111100',20260930,1
'923-Weekday-6-26-09-1111100',20261109,1,20261110,1
'923-Weekday-7-26-09-1111100',20261112,1,20261113,1
'924-Weekday-1-26-09-1111100',20260902,1,20260903,1,20260904,1,20260908,1,20260909,1,20260910,1,20260911,1,20260914,1,20260915,1,20260916,1,20260917,1,20260918,1,20260922,1,20260923,1,20260924,1,20260925,1,20260928,1,20260929,1,20261001,1,20261002,1,20261005,1,20261006,1,20261007,1,20261008,1,20261009,1,20261013,1,20261014,1,20261015,1,20261016,1,20261020,1,20261021,1,20261022,1,20261023,1,20261026,1,20261027,1,20261028,1,20261029,1,20261030,1,20261102,1,20261103,1,20261104,1,20261105,1,20261106,1,20261117,1,20261118,1,20261119,1,20261120,1,20261123,1,20261124,1,20261125,1,20261126,1,20261127,1
'924-Weekday-3-26-09-1111100',20260921,1,20261116,1
'924-Weekday-4-26-09-1111100',20261019,1
'924-Weekday-5-26-09-1111100',20260930,1
'924-Weekday-6-26-09-1111100',20261109,1,20261110,1
'924-Weekday-7-26-09-1111100',20261112,1,20261113,1
'925-Weekday-1-26-09-1111100',20260902,1,20260903,1,20260904,1,20260908,1,20260909,1,20260910,1,20260911,1,20260914,1,20260915,1,20260916,1,20260917,1,20260918,1,20260922,1,20260923,1,20260924,1,20260925,1,20260928,1,20260929,1,20261001,1,20261002,1,20261005,1,20261006,1,20261007,1,20261008,1,20261009,1,20261013,1,20261014,1,20261015,1,20261016,1,20261020,1,20261021,1,20261022,1,20261023,1,20261026,1,20261027,1,20261028,1,20261029,1,20261030,1,20261102,1,20261103,1,20261104,1,20261105,1,20261106,1,20261117,1,20261118,1,20261119,1,20261120,1,20261123,1,20261124,1,20261125,1,20261126,1,20261127,1
'925-Weekday-3-26-09-1111100',20260921,1,20261116,1
'925-Weekday-4-26-09-1111100',20261019,1
'925-Weekday-5-26-09-1111100',20260930,1
'925-Weekday-6-26-09-1111100',20261109,1,20261110,1
'925-Weekday-7-26-09-1111100',20261112,1,20261113,1
'926-Weekday-1-26-09-1111100',20260902,1,20260903,1,20260904,1,20260908,1,20260909,1,20260910,1,20260911,1,20260914,1,20260915,1,20260916,1,20260917,1,20260918,1,20260922,1,20260923,1,20260924,1,20260925,1,20260928,1,20260929,1,20261001,1,20261002,1,20261005,1,20261006,1,20261007,1,20261008,1,20261009,1,20261013,1,20261014,1,20261015,1,20261016,1,20261020,1,20261021,1,20261022,1,20261023,1,20261026,1,20261027,1,20261028,1,20261029,1,20261030,1,20261102,1,20261103,1,20261104,1,20261105,1,20261106,1,20261117,1,20261118,1,20261119,1,20261120,1,20261123,1,20261124,1,20261125,1,20261126,1,20261127,1
'926-Weekday-3-26-09-1111100',20260921,1,20261116,1
'926-Weekday-4-26-09-1111100',20261019,1
'926-Weekday-5-26-09-1111100',20260930,1
'926-Weekday-6-26-09-1111100',20261109,1,20261110,1
'926-Weekday-7-26-09-1111100',20261112,1,20261113,1
'930X-Weekday-1-26-09-1111100',20260902,1,20260903,1,20260904,1,20260908,1,20260909,1,20260910,1,20260911,1,20260914,1,20260915,1,20260916,1,20260917,1,20260918,1,20260922,1,20260923,1,20260924,1,20260925,1,20260928,1,20260929,1,20261001,1,20261002,1,20261005,1,20261006,1,20261007,1,20261008,1,20261009,1,20261013,1,20261014,1,20261015,1,20261016,1,20261020,1,20261021,1,20261022,1,20261023,1,20261026,1,20261027,1,20261028,1,20261029,1,20261030,1,20261102,1,20261103,1,20261104,1,20261105,1,20261106,1,20261117,1,20261118,1,20261119,1,20261120,1,20261123,1,20261124,1,20261125,1,20261126,1,20261127,1
'930X-Weekday-3-26-09-1111100',20260921,1,20261116,1
'930X-Weekday-4-26-09-1111100',20261019,1
'930X-Weekday-5-26-09-1111100',20260930,1
'930X-Weekday-6-26-09-1111100',20261109,1,20261110,1
'930X-Weekday-7-26-09-1111100',20261112,1,20261113,1
'001-Saturday-1-26-09-0000010',20260905,1,20260912,1,20260919,1,20260926,1,20261003,1,20261010,1,20261017,1,20261024,1,20261031,1,20261107,1,20261111,1,20261114,1,20261121,1,20261128,1
'002-Saturday-1-26-09-0000010',20260905,1,20260912,1,20260919,1,20260926,1,20261003,1,20261010,1,20261017,1,20261024,1,20261031,1,20261107,1,20261111,1,20261114,1,20261121,1,20261128,1
'003-Saturday-1-26-09-0000010',20260905,1,20260912,1,20260919,1,20260926,1,20261003,1,20261010,1,20261017,1,20261024,1,20261031,1,20261107,1,20261111,1,20261114,1,20261121,1,20261128,1
'004-Saturday-1-26-09-0000010',20260905,1,20260912,1,20260919,1,20260926,1,20261003,1,20261010,1,20261017,1,20261024,1,20261031,1,20261107,1,20261111,1,20261114,1,20261121,1,20261128,1
'005-Saturday-1-26-09-0000010',20260905,1,20260912,1,20260919,1,20260926,1,20261003,1,20261010,1,20261017,1,20261024,1,20261031,1,20261107,1,20261111,1,20261114,1,20261121,1,20261128,1
'006-Saturday-1-26-09-0000010',20260905,1,20260912,1,20260919,1,20260926,1,20261003,1,20261010,1,20261017,1,20261024,1,20261031,1,20261107,1,20261111,1,20261114,1,20261121,1,20261128,1
'007-Saturday-1-26-09-0000010',20260905,1,20260912,1,20260919,1,20260926,1,20261003,1,20261010,1,20261017,1,20261024,1,20261031,1,20261107,1,20261111,1,20261114,1,20261121,1,20261128,1
'008-Saturday-1-26-09-0000010',20260905,1,20260912,1,20260919,1,20260926,1,20261003,1,20261010,1,20261017,1,20261024,1,20261031,1,20261107,1,20261111,1,20261114,1,20261121,1,20261128,1
'009-Saturday-1-26-09-0000010',20260905,1,20260912,1,20260919,1,20260926,1,20261003,1,20261010,1,20261017,1,20261024,1,20261031,1,20261107,1,20261111,1,20261114,1,20261121,1,20261128,1
'051-Saturday-1-26-09-0000010',20260905,1,20260912,1,20260919,1,20260926,1,20261003,1,20261010,1,20261017,1,20261024,1,20261031,1,20261107,1,20261111,1,20261114,1,20261121,1,20261128,1
'052-Saturday-1-26-09-0000010',20260905,1,20260912,1,20260919,1,20260926,1,20261003,1,20261010,1,20261017,1,20261024,1,20261031,1,20261107,1,20261111,1,20261114,1,20261121,1,20261128,1
'053-Saturday-1-26-09-0000010',20260905,1,20260912,1,20260919,1,20260926,1,20261003,1,20261010,1,20261017,1,20261024,1,20261031,1,20261107,1,20261111,1,20261114,1,20261121,1,20261128,1
'054-Saturday-1-26-09-0000010',20260905,1,20260912,1,20260919,1,20260926,1,20261003,1,20261010,1,20261017,1,20261024,1,20261031,1,20261107,1,20261111,1,20261114,1,20261121,1,20261128,1
'055-Saturday-1-26-09-0000010',20260905,1,20260912,1,20260919,1,20260926,1,20261003,1,20261010,1,20261017,1,20261024,1,20261031,1,20261107,1,20261111,1,20261114,1,20261121,1,20261128,1
'056-Saturday-1-26-09-0000010',20260905,1,20260912,1,20260919,1,20260926,1,20261003,1,20261010,1,20261017,1,20261024,1,20261031,1,20261107,1,20261111,1,20261114,1,20261121,1,20261128,1
'071-Saturday-1-26-09-0000010',20260919,1
'101-Saturday-1-26-09-0000010',20260905,1,20260912,1,20260919,1,20260926,1,20261003,1,20261010,1,20261017,1,20261024,1,20261031,1,20261107,1,20261111,1,20261114,1,20261121,1,20261128,1
'102-Saturday-1-26-09-0000010',20260905,1,20260912,1,20260919,1,20260926,1,20261003,1,20261010,1,20261017,1,20261024,1,20261031,1,20261107,1,20261111,1,20261114,1,20261121,1,20261128,1
'103-Saturday-1-26-09-0000010',20260905,1,20260912,1,20260919,1,20260926,1,20261003,1,20261010,1,20261017,1,20261024,1,20261031,1,20261107,1,20261111,1,20261114,1,20261121,1,20261128,1
'104-Saturday-1-26-09-0000010',20260905,1,20260912,1,20260919,1,20260926,1,20261003,1,20261010,1,20261017,1,20261024,1,20261031,1,20261107,1,20261111,1,20261114,1,20261121,1,20261128,1
'106-Saturday-1-26-09-0000010',20260905,1,20260912,1,20260919,1,20260926,1,20261003,1,20261010,1,20261017,1,20261024,1,20261031,1,20261107,1,20261111,1,20261114,1,20261121,1,20261128,1
'107-Saturday-1-26-09-0000010',20260905,1,20260912,1,20260919,1,20260926,1,20261003,1,20261010,1,20261017,1,20261024,1,20261031,1,20261107,1,20261111,1,20261114,1,20261121,1,20261128,1
'108-Saturday-1-26-09-0000010',20260905,1,20260912,1,20260919,1,20260926,1,20261003,1,20261010,1,20261017,1,20261024,1,20261031,1,20261107,1,20261111,1,20261114,1,20261121,1,20261128,1
'109-Saturday-1-26-09-0000010',20260905,1,20260912,1,20260919,1,20260926,1,20261003,1,20261010,1,20261017,1,20261024,1,20261031,1,20261107,1,20261111,1,20261114,1,20261121,1,20261128,1
'110X-Saturday-1-26-09-0000010',20260905,1,20260912,1,20260919,1,20260926,1,20261003,1,20261010,1,20261017,1,20261024,1,20261031,1,20261107,1,20261111,1,20261114,1,20261121,1,20261128,1
'111-Saturday-1-26-09-0000010',20260905,1,20260912,1,20260919,1,20260926,1,20261003,1,20261010,1,20261017,1,20261024,1,20261031,1,20261107,1,20261111,1,20261114,1,20261121,1,20261128,1
'112-Saturday-1-26-09-0000010',20260905,1,20260912,1,20260919,1,20260926,1,20261003,1,20261010,1,20261017,1,20261024,1,20261031,1,20261107,1,20261111,1,20261114,1,20261121,1,20261128,1
'113-Saturday-1-26-09-0000010',20260905,1,20260912,1,20260919,1,20260926,1,20261003,1,20261010,1,20261017,1,20261024,1,20261031,1,20261107,1,20261111,1,20261114,1,20261121,1,20261128,1
'114-Saturday-1-26-09-0000010',20260905,1,20260912,1,20260919,1,20260926,1,20261003,1,20261010,1,20261017,1,20261024,1,20261031,1,20261107,1,20261111,1,20261114,1,20261121,1,20261128,1
'116-Saturday-1-26-09-0000010',20260905,1,20260912,1,20260919,1,20260926,1,20261003,1,20261010,1,20261017,1,20261024,1,20261031,1,20261107,1,20261111,1,20261114,1,20261121,1,20261128,1
'117-Saturday-1-26-09-0000010',20260905,1,20260912,1,20260919,1,20260926,1,20261003,1,20261010,1,20261017,1,20261024,1,20261031,1,20261107,1,20261111,1,20261114,1,20261121,1,20261128,1
'118-Saturday-1-26-09-0000010',20260905,1,20260912,1,20260919,1,20260926,1,20261003,1,20261010,1,20261017,1,20261024,1,20261031,1,20261107,1,20261111,1,20261114,1,20261121,1,20261128,1
'119-Saturday-1-26-09-0000010',20260905,1,20260912,1,20260919,1,20260926,1,20261003,1,20261010,1,20261017,1,20261024,1,20261031,1,20261107,1,20261111,1,20261114,1,20261121,1,20261128,1
'121-Saturday-1-26-09-0000010',20260905,1,20260912,1,20260919,1,20260926,1,20261003,1,20261010,1,20261017,1,20261024,1,20261031,1,20261107,1,20261111,1,20261114,1,20261121,1,20261128,1
'122-Saturday-1-26-09-0000010',20260905,1,20260912,1,20260919,1,20260926,1,20261003,1,20261010,1,20261017,1,20261024,1,20261031,1,20261107,1,20261111,1,20261114,1,20261121,1,20261128,1
'124-Saturday-1-26-09-0000010',20260905,1,20260912,1,20260919,1,20260926,1,20261003,1,20261010,1,20261017,1,20261024,1,20261031,1,20261107,1,20261111,1,20261114,1,20261121,1,20261128,1
'127-Saturday-1-26-09-0000010',20260905,1,20260912,1,20260919,1,20260926,1,20261003,1,20261010,1,20261017,1,20261024,1,20261031,1,20261107,1,20261111,1,20261114,1,20261121,1,20261128,1
'128-Saturday-1-26-09-0000010',20260905,1,20260912,1,20260919,1,20260926,1,20261003,1,20261010,1,20261017,1,20261024,1,20261031,1,20261107,1,20261111,1,20261114,1,20261121,1,20261128,1
'501-Saturday-1-26-09-0000010',20260905,1,20260912,1,20260919,1,20260926,1,20261003,1,20261010,1,20261017,1,20261024,1,20261031,1,20261107,1,20261111,1,20261114,1,20261121,1,20261128,1
'504-Saturday-1-26-09-0000010',20260905,1,20260912,1,20260919,1,20260926,1,20261003,1,20261010,1,20261017,1,20261024,1,20261031,1,20261107,1,20261111,1,20261114,1,20261121,1,20261128,1
'506-Saturday-1-26-09-0000010',20260905,1,20260912,1,20260919,1,20260926,1,20261003,1,20261010,1,20261017,1,20261024,1,20261031,1,20261107,1,20261111,1,20261114,1,20261121,1,20261128,1
'507-Saturday-1-26-09-0000010',20260905,1,20260912,1,20260919,1,20260926,1,20261003,1,20261010,1,20261017,1,20261024,1,20261031,1,20261107,1,20261111,1,20261114,1,20261121,1,20261128,1
'508-Saturday-1-26-09-0000010',20260905,1,20260912,1,20260919,1,20260926,1,20261003,1,20261010,1,20261017,1,20261024,1,20261031,1,20261107,1,20261111,1,20261114,1,20261121,1,20261128,1
'509-Saturday-1-26-09-0000010',20260905,1,20260912,1,20260919,1,20260926,1,20261003,1,20261010,1,20261017,1,20261024,1,20261031,1,20261107,1,20261111,1,20261114,1,20261121,1,20261128,1
'511-Saturday-1-26-09-0000010',20260905,1,20260912,1,20260919,1,20260926,1,20261003,1,20261010,1,20261017,1,20261024,1,20261031,1,20261107,1,20261111,1,20261114,1,20261121,1,20261128,1
'512-Saturday-1-26-09-0000010',20260905,1,20260912,1,20260919,1,20260926,1,20261003,1,20261010,1,20261017,1,20261024,1,20261031,1,20261107,1,20261111,1,20261114,1,20261121,1,20261128,1
'513-Saturday-1-26-09-0000010',20260905,1,20260912,1,20260919,1,20260926,1,20261003,1,20261010,1,20261017,1,20261024,1,20261031,1,20261107,1,20261111,1,20261114,1,20261121,1,20261128,1
'514-Saturday-1-26-09-0000010',20260905,1,20260912,1,20260919,1,20260926,1,20261003,1,20261010,1,20261017,1,20261024,1,20261031,1,20261107,1,20261111,1,20261114,1,20261121,1,20261128,1
'515-Saturday-1-26-09-0000010',20260905,1,20260912,1,20260919,1,20260926,1,20261003,1,20261010,1,20261017,1,20261024,1,20261031,1,20261107,1,20261111,1,20261114,1,20261121,1,20261128,1
'516-Saturday-1-26-09-0000010',20260905,1,20260912,1,20260919,1,20260926,1,20261003,1,20261010,1,20261017,1,20261024,1,20261031,1,20261107,1,20261111,1,20261114,1,20261121,1,20261128,1
'517-Saturday-1-26-09-0000010',20260905,1,20260912,1,20260919,1,20260926,1,20261003,1,20261010,1,20261017,1,20261024,1,20261031,1,20261107,1,20261111,1,20261114,1,20261121,1,20261128,1
'518-Saturday-1-26-09-0000010',20260905,1,20260912,1,20260919,1,20260926,1,20261003,1,20261010,1,20261017,1,20261024,1,20261031,1,20261107,1,20261111,1,20261114,1,20261121,1,20261128,1
'519-Saturday-1-26-09-0000010',20260905,1,20260912,1,20260919,1,20260926,1,20261003,1,20261010,1,20261017,1,20261024,1,20261031,1,20261107,1,20261111,1,20261114,1,20261121,1,20261128,1
'521-Saturday-1-26-09-0000010',20260905,1,20260912,1,20260919,1,20260926,1,20261003,1,20261010,1,20261017,1,20261024,1,20261031,1,20261107,1,20261111,1,20261114,1,20261121,1,20261128,1
'523-Saturday-1-26-09-0000010',20260905,1,20260912,1,20260919,1,20260926,1,20261003,1,20261010,1,20261017,1,20261024,1,20261031,1,20261107,1,20261111,1,20261114,1,20261121,1,20261128,1
'524-Saturday-1-26-09-0000010',20260905,1,20260912,1,20260919,1,20260926,1,20261003,1,20261010,1,20261017,1,20261024,1,20261031,1,20261107,1,20261111,1,20261114,1,20261121,1,20261128,1
'525-Saturday-1-26-09-0000010',20260905,1,20260912,1,20260919,1,20260926,1,20261003,1,20261010,1,20261017,1,20261024,1,20261031,1,20261107,1,20261111,1,20261114,1,20261121,1,20261128,1
'526-Saturday-1-26-09-0000010',20260905,1,20260912,1,20260919,1,20260926,1,20261003,1,20261010,1,20261017,1,20261024,1,20261031,1,20261107,1,20261111,1,20261114,1,20261121,1,20261128,1
'527-Saturday-1-26-09-0000010',20260905,1,20260912,1,20260919,1,20260926,1,20261003,1,20261010,1,20261017,1,20261024,1,20261031,1,20261107,1,20261111,1,20261114,1,20261121,1,20261128,1
'701-Saturday-1-26-09-0000010',20260905,1,20260912,1,20260919,1,20260926,1,20261003,1,20261010,1,20261017,1,20261024,1,20261031,1,20261107,1,20261111,1,20261114,1,20261121,1,20261128,1
'702-Saturday-1-26-09-0000010',20260905,1,20260912,1,20260919,1,20260926,1,20261003,1,20261010,1,20261017,1,20261024,1,20261031,1,20261107,1,20261111,1,20261114,1,20261121,1,20261128,1
'703-Saturday-1-26-09-0000010',20260905,1,20260912,1,20260919,1,20260926,1,20261003,1,20261010,1,20261017,1,20261024,1,20261031,1,20261107,1,20261111,1,20261114,1,20261121,1,20261128,1
'704-Saturday-1-26-09-0000010',20260905,1,20260912,1,20260919,1,20260926,1,20261003,1,20261010,1,20261017,1,20261024,1,20261031,1,20261107,1,20261111,1,20261114,1,20261121,1,20261128,1
'705-Saturday-1-26-09-0000010',20260905,1,20260912,1,20260919,1,20260926,1,20261003,1,20261010,1,20261017,1,20261024,1,20261031,1,20261107,1,20261111,1,20261114,1,20261121,1,20261128,1
'706-Saturday-1-26-09-0000010',20260905,1,20260912,1,20260919,1,20260926,1,20261003,1,20261010,1,20261017,1,20261024,1,20261031,1,20261107,1,20261111,1,20261114,1,20261121,1,20261128,1
'707-Saturday-1-26-09-0000010',20260905,1,20260912,1,20260919,1,20260926,1,20261003,1,20261010,1,20261017,1,20261024,1,20261031,1,20261107,1,20261111,1,20261114,1,20261121,1,20261128,1
'708-Saturday-1-26-09-0000010',20260905,1,20260912,1,20260919,1,20260926,1,20261003,1,20261010,1,20261017,1,20261024,1,20261031,1,20261107,1,20261111,1,20261114,1,20261121,1,20261128,1
'709-Saturday-1-26-09-0000010',20260905,1,20260912,1,20260919,1,20260926,1,20261003,1,20261010,1,20261017,1,20261024,1,20261031,1,20261107,1,20261111,1,20261114,1,20261121,1,20261128,1
'712-Saturday-1-26-09-0000010',20260905,1,20260912,1,20260919,1,20260926,1,20261003,1,20261010,1,20261017,1,20261024,1,20261031,1,20261107,1,20261111,1,20261114,1,20261121,1,20261128,1
'713-Saturday-1-26-09-0000010',20260905,1,20260912,1,20260919,1,20260926,1,20261003,1,20261010,1,20261017,1,20261024,1,20261031,1,20261107,1,20261111,1,20261114,1,20261121,1,20261128,1
'715-Saturday-1-26-09-0000010',20260905,1,20260912,1,20260919,1,20260926,1,20261003,1,20261010,1,20261017,1,20261024,1,20261031,1,20261107,1,20261111,1,20261114,1,20261121,1,20261128,1
'716-Saturday-1-26-09-0000010',20260905,1,20260912,1,20260919,1,20260926,1,20261003,1,20261010,1,20261017,1,20261024,1,20261031,1,20261107,1,20261111,1,20261114,1,20261121,1,20261128,1
'717-Saturday-1-26-09-0000010',20260905,1,20260912,1,20260919,1,20260926,1,20261003,1,20261010,1,20261017,1,20261024,1,20261031,1,20261107,1,20261111,1,20261114,1,20261121,1,20261128,1
'718-Saturday-1-26-09-0000010',20260905,1,20260912,1,20260919,1,20260926,1,20261003,1,20261010,1,20261017,1,20261024,1,20261031,1,20261107,1,20261111,1,20261114,1,20261121,1,20261128,1
'719-Saturday-1-26-09-0000010',20260905,1,20260912,1,20260919,1,20260926,1,20261003,1,20261010,1,20261017,1,20261024,1,20261031,1,20261107,1,20261111,1,20261114,1,20261121,1,20261128,1
'721-Saturday-1-26-09-0000010',20260905,1,20260912,1,20260919,1,20260926,1,20261003,1,20261010,1,20261017,1,20261024,1,20261031,1,20261107,1,20261111,1,20261114,1,20261121,1,20261128,1
'722-Saturday-1-26-09-0000010',20260905,1,20260912,1,20260919,1,20260926,1,20261003,1,20261010,1,20261017,1,20261024,1,20261031,1,20261107,1,20261111,1,20261114,1,20261121,1,20261128,1
'747-Saturday-1-26-09-0000010',20260905,1,20260912,1,20260919,1,20260926,1,20261003,1,20261010,1,20261017,1,20261024,1,20261031,1,20261107,1,20261111,1,20261114,1,20261121,1,20261128,1
'900X-Saturday-1-26-09-0000010',20260905,1,20260912,1,20260919,1,20260926,1,20261003,1,20261010,1,20261017,1,20261024,1,20261031,1,20261107,1,20261111,1,20261114,1,20261121,1,20261128,1
'901-Saturday-1-26-09-0000010',20260905,1,20260912,1,20260919,1,20260926,1,20261003,1,20261010,1,20261017,1,20261024,1,20261031,1,20261107,1,20261111,1,20261114,1,20261121,1,20261128,1
'902-Saturday-1-26-09-0000010',20260905,1,20260912,1,20260919,1,20260926,1,20261003,1,20261010,1,20261017,1,20261024,1,20261031,1,20261107,1,20261111,1,20261114,1,20261121,1,20261128,1
'903-Saturday-1-26-09-0000010',20260905,1,20260912,1,20260919,1,20260926,1,20261003,1,20261010,1,20261017,1,20261024,1,20261031,1,20261107,1,20261111,1,20261114,1,20261121,1,20261128,1
'904-Saturday-1-26-09-0000010',20260905,1,20260912,1,20260919,1,20260926,1,20261003,1,20261010,1,20261017,1,20261024,1,20261031,1,20261107,1,20261111,1,20261114,1,20261121,1,20261128,1
'907-Saturday-1-26-09-0000010',20260905,1,20260912,1,20260919,1,20260926,1,20261003,1,20261010,1,20261017,1,20261024,1,20261031,1,20261107,1,20261111,1,20261114,1,20261121,1,20261128,1
'909-Saturday-1-26-09-0000010',20260905,1,20260912,1,20260919,1,20260926,1,20261003,1,20261010,1,20261017,1,20261024,1,20261031,1,20261107,1,20261111,1,20261114,1,20261121,1,20261128,1
'912-Saturday-1-26-09-0000010',20260905,1,20260912,1,20260919,1,20260926,1,20261003,1,20261010,1,20261017,1,20261024,1,20261031,1,20261107,1,20261111,1,20261114,1,20261121,1,20261128,1
'913-Saturday-1-26-09-0000010',20260905,1,20260912,1,20260919,1,20260926,1,20261003,1,20261010,1,20261017,1,20261024,1,20261031,1,20261107,1,20261111,1,20261114,1,20261121,1,20261128,1
'914-Saturday-1-26-09-0000010',20260905,1,20260912,1,20260919,1,20260926,1,20261003,1,20261010,1,20261017,1,20261024,1,20261031,1,20261107,1,20261111,1,20261114,1,20261121,1,20261128,1
'915-Saturday-1-26-09-0000010',20260905,1,20260912,1,20260919,1,20260926,1,20261003,1,20261010,1,20261017,1,20261024,1,20261031,1,20261107,1,20261111,1,20261114,1,20261121,1,20261128,1
'916-Saturday-1-26-09-0000010',20260905,1,20260912,1,20260919,1,20260926,1,20261003,1,20261010,1,20261017,1,20261024,1,20261031,1,20261107,1,20261111,1,20261114,1,20261121,1,20261128,1
'917-Saturday-1-26-09-0000010',20260905,1,20260912,1,20260919,1,20260926,1,20261003,1,20261010,1,20261017,1,20261024,1,20261031,1,20261107,1,20261111,1,20261114,1,20261121,1,20261128,1
'918-Saturday-1-26-09-0000010',20260905,1,20260912,1,20260919,1,20260926,1,20261003,1,20261010,1,20261017,1,20261024,1,20261031,1,20261107,1,20261111,1,20261114,1,20261121,1,20261128,1
'919-Saturday-1-26-09-0000010',20260905,1,20260912,1,20260919,1,20260926,1,20261003,1,20261010,1,20261017,1,20261024,1,20261031,1,20261107,1,20261111,1,20261114,1,20261121,1,20261128,1
'921-Saturday-1-26-09-0000010',20260905,1,20260912,1,20260919,1,20260926,1,20261003,1,20261010,1,20261017,1,20261024,1,20261031,1,20261107,1,20261111,1,20261114,1,20261121,1,20261128,1
'922-Saturday-1-26-09-0000010',20260905,1,20260912,1,20260919,1,20260926,1,20261003,1,20261010,1,20261017,1,20261024,1,20261031,1,20261107,1,20261111,1,20261114,1,20261121,1,20261128,1
'923-Saturday-1-26-09-0000010',20260905,1,20260912,1,20260919,1,20260926,1,20261003,1,20261010,1,20261017,1,20261024,1,20261031,1,20261107,1,20261111,1,20261114,1,20261121,1,20261128,1
'924-Saturday-1-26-09-0000010',20260905,1,20260912,1,20260919,1,20260926,1,20261003,1,20261010,1,20261017,1,20261024,1,20261031,1,20261107,1,20261111,1,20261114,1,20261121,1,20261128,1
'926-Saturday-1-26-09-0000010',20260905,1,20260912,1,20260919,1,20260926,1,20261003,1,20261010,1,20261017,1,20261024,1,20261031,1,20261107,1,20261111,1,20261114,1,20261121,1,20261128,1
'001-Sunday-1-26-09-0000001',20260906,1,20260907,1,20260913,1,20260920,1,20260927,1,20261004,1,20261011,1,20261012,1,20261018,1,20261025,1,20261101,1,20261108,1,20261115,1,20261122,1
'002-Sunday-1-26-09-0000001',20260906,1,20260907,1,20260913,1,20260920,1,20260927,1,20261004,1,20261011,1,20261012,1,20261018,1,20261025,1,20261101,1,20261108,1,20261115,1,20261122,1
'003-Sunday-1-26-09-0000001',20260906,1,20260907,1,20260913,1,20260920,1,20260927,1,20261004,1,20261011,1,20261012,1,20261018,1,20261025,1,20261101,1,20261108,1,20261115,1,20261122,1
'004-Sunday-1-26-09-0000001',20260906,1,20260907,1,20260913,1,20260920,1,20260927,1,20261004,1,20261011,1,20261012,1,20261018,1,20261025,1,20261101,1,20261108,1,20261115,1,20261122,1
'005-Sunday-1-26-09-0000001',20260906,1,20260907,1,20260913,1,20260920,1,20260927,1,20261004,1,20261011,1,20261012,1,20261018,1,20261025,1,20261101,1,20261108,1,20261115,1,20261122,1
'006-Sunday-1-26-09-0000001',20260906,1,20260907,1,20260913,1,20260920,1,20260927,1,20261004,1,20261011,1,20261012,1,20261018,1,20261025,1,20261101,1,20261108,1,20261115,1,20261122,1
'007-Sunday-1-26-09-0000001',20260906,1,20260907,1,20260913,1,20260920,1,20260927,1,20261004,1,20261011,1,20261012,1,20261018,1,20261025,1,20261101,1,20261108,1,20261115,1,20261122,1
'008-Sunday-1-26-09-0000001',20260906,1,20260907,1,20260913,1,20260920,1,20260927,1,20261004,1,20261011,1,20261012,1,20261018,1,20261025,1,20261101,1,20261108,1,20261115,1,20261122,1
'009-Sunday-1-26-09-0000001',20260906,1,20260907,1,20260913,1,20260920,1,20260927,1,20261004,1,20261011,1,20261012,1,20261018,1,20261025,1,20261101,1,20261108,1,20261115,1,20261122,1
'051-Sunday-1-26-09-0000001',20260906,1,20260907,1,20260913,1,20260920,1,20260927,1,20261004,1,20261011,1,20261012,1,20261018,1,20261025,1,20261101,1,20261108,1,20261115,1,20261122,1
'052-Sunday-1-26-09-0000001',20260906,1,20260907,1,20260913,1,20260920,1,20260927,1,20261004,1,20261011,1,20261012,1,20261018,1,20261025,1,20261101,1,20261108,1,20261115,1,20261122,1
'053-Sunday-1-26-09-0000001',20260906,1,20260907,1,20260913,1,20260920,1,20260927,1,20261004,1,20261011,1,20261012,1,20261018,1,20261025,1,20261101,1,20261108,1,20261115,1,20261122,1
'054-Sunday-1-26-09-0000001',20260906,1,20260907,1,20260913,1,20260920,1,20260927,1,20261004,1,20261011,1,20261012,1,20261018,1,20261025,1,20261101,1,20261108,1,20261115,1,20261122,1
'055-Sunday-1-26-09-0000001',20260906,1,20260907,1,20260913,1,20260920,1,20260927,1,20261004,1,20261011,1,20261012,1,20261018,1,20261025,1,20261101,1,20261108,1,20261115,1,20261122,1
'056-Sunday-1-26-09-0000001',20260906,1,20260907,1,20260913,1,20260920,1,20260927,1,20261004,1,20261011,1,20261012,1,20261018,1,20261025,1,20261101,1,20261108,1,20261115,1,20261122,1
'071-Sunday-1-26-09-0000001',20260920,1
'101-Sunday-1-26-09-0000001',20260906,1,20260907,1,20260913,1,20260920,1,20260927,1,20261004,1,20261011,1,20261012,1,20261018,1,20261025,1,20261101,1,20261108,1,20261115,1,20261122,1
'102-Sunday-1-26-09-0000001',20260906,1,20260907,1,20260913,1,20260920,1,20260927,1,20261004,1,20261011,1,20261012,1,20261018,1,20261025,1,20261101,1,20261108,1,20261115,1,20261122,1
'103-Sunday-1-26-09-0000001',20260906,1,20260907,1,20260913,1,20260920,1,20260927,1,20261004,1,20261011,1,20261012,1,20261018,1,20261025,1,20261101,1,20261108,1,20261115,1,20261122,1
'104-Sunday-1-26-09-0000001',20260906,1,20260907,1,20260913,1,20260920,1,20260927,1,20261004,1,20261011,1,20261012,1,20261018,1,20261025,1,20261101,1,20261108,1,20261115,1,20261122,1
'106-Sunday-1-26-09-0000001',20260906,1,20260907,1,20260913,1,20260920,1,20260927,1,20261004,1,20261011,1,20261012,1,20261018,1,20261025,1,20261101,1,20261108,1,20261115,1,20261122,1
'107-Sunday-1-26-09-0000001',20260906,1,20260907,1,20260913,1,20260920,1,20260927,1,20261004,1,20261011,1,20261012,1,20261018,1,20261025,1,20261101,1,20261108,1,20261115,1,20261122,1
'108-Sunday-1-26-09-0000001',20260906,1,20260907,1,20260913,1,20260920,1,20260927,1,20261004,1,20261011,1,20261012,1,20261018,1,20261025,1,20261101,1,20261108,1,20261115,1,20261122,1
'109-Sunday-1-26-09-0000001',20260906,1,20260907,1,20260913,1,20260920,1,20260927,1,20261004,1,20261011,1,20261012,1,20261018,1,20261025,1,20261101,1,20261108,1,20261115,1,20261122,1
'110X-Sunday-1-26-09-0000001',20260906,1,20260907,1,20260913,1,20260920,1,20260927,1,20261004,1,20261011,1,20261012,1,20261018,1,20261025,1,20261101,1,20261108,1,20261115,1,20261122,1
'112-Sunday-1-26-09-0000001',20260906,1,20260907,1,20260913,1,20260920,1,20260927,1,20261004,1,20261011,1,20261012,1,20261018,1,20261025,1,20261101,1,20261108,1,20261115,1,20261122,1
'113-Sunday-1-26-09-0000001',20260906,1,20260907,1,20260913,1,20260920,1,20260927,1,20261004,1,20261011,1,20261012,1,20261018,1,20261025,1,20261101,1,20261108,1,20261115,1,20261122,1
'114-Sunday-1-26-09-0000001',20260906,1,20260907,1,20260913,1,20260920,1,20260927,1,20261004,1,20261011,1,20261012,1,20261018,1,20261025,1,20261101,1,20261108,1,20261115,1,20261122,1
'116-Sunday-1-26-09-0000001',20260906,1,20260907,1,20260913,1,20260920,1,20260927,1,20261004,1,20261011,1,20261012,1,20261018,1,20261025,1,20261101,1,20261108,1,20261115,1,20261122,1
'117-Sunday-1-26-09-0000001',20260906,1,20260907,1,20260913,1,20260920,1,20260927,1,20261004,1,20261011,1,20261012,1,20261018,1,20261025,1,20261101,1,20261108,1,20261115,1,20261122,1
'118-Sunday-1-26-09-0000001',20260906,1,20260907,1,20260913,1,20260920,1,20260927,1,20261004,1,20261011,1,20261012,1,20261018,1,20261025,1,20261101,1,20261108,1,20261115,1,20261122,1
'119-Sunday-1-26-09-0000001',20260906,1,20260907,1,20260913,1,20260920,1,20260927,1,20261004,1,20261011,1,20261012,1,20261018,1,20261025,1,20261101,1,20261108,1,20261115,1,20261122,1
'121-Sunday-1-26-09-0000001',20260906,1,20260907,1,20260913,1,20260920,1,20260927,1,20261004,1,20261011,1,20261012,1,20261018,1,20261025,1,20261101,1,20261108,1,20261115,1,20261122,1
'122-Sunday-1-26-09-0000001',20260906,1,20260907,1,20260913,1,20260920,1,20260927,1,20261004,1,20261011,1,20261012,1,20261018,1,20261025,1,20261101,1,20261108,1,20261115,1,20261122,1
'124-Sunday-1-26-09-0000001',20260906,1,20260907,1,20260913,1,20260920,1,20260927,1,20261004,1,20261011,1,20261012,1,20261018,1,20261025,1,20261101,1,20261108,1,20261115,1,20261122,1
'127-Sunday-1-26-09-0000001',20260906,1,20260907,1,20260913,1,20260920,1,20260927,1,20261004,1,20261011,1,20261012,1,20261018,1,20261025,1,20261101,1,20261108,1,20261115,1,20261122,1
'501-Sunday-1-26-09-0000001',20260906,1,20260907,1,20260913,1,20260920,1,20260927,1,20261004,1,20261011,1,20261012,1,20261018,1,20261025,1,20261101,1,20261108,1,20261115,1,20261122,1
'504-Sunday-1-26-09-0000001',20260906,1,20260907,1,20260913,1,20260920,1,20260927,1,20261004,1,20261011,1,20261012,1,20261018,1,20261025,1,20261101,1,20261108,1,20261115,1,20261122,1
'506-Sunday-1-26-09-0000001',20260906,1,20260907,1,20260913,1,20260920,1,20260927,1,20261004,1,20261011,1,20261012,1,20261018,1,20261025,1,20261101,1,20261108,1,20261115,1,20261122,1
'507-Sunday-1-26-09-0000001',20260906,1,20260907,1,20260913,1,20260920,1,20260927,1,20261004,1,20261011,1,20261012,1,20261018,1,20261025,1,20261101,1,20261108,1,20261115,1,20261122,1
'508-Sunday-1-26-09-0000001',20260906,1,20260907,1,20260913,1,20260920,1,20260927,1,20261004,1,20261011,1,20261012,1,20261018,1,20261025,1,20261101,1,20261108,1,20261115,1,20261122,1
'509-Sunday-1-26-09-0000001',20260906,1,20260907,1,20260913,1,20260920,1,20260927,1,20261004,1,20261011,1,20261012,1,20261018,1,20261025,1,20261101,1,20261108,1,20261115,1,20261122,1
'511-Sunday-1-26-09-0000001',20260906,1,20260907,1,20260913,1,20260920,1,20260927,1,20261004,1,20261011,1,20261012,1,20261018,1,20261025,1,20261101,1,20261108,1,20261115,1,20261122,1
'512-Sunday-1-26-09-0000001',20260906,1,20260907,1,20260913,1,20260920,1,20260927,1,20261004,1,20261011,1,20261012,1,20261018,1,20261025,1,20261101,1,20261108,1,20261115,1,20261122,1
'513-Sunday-1-26-09-0000001',20260906,1,20260907,1,20260913,1,20260920,1,20260927,1,20261004,1,20261011,1,20261012,1,20261018,1,20261025,1,20261101,1,20261108,1,20261115,1,20261122,1
'514-Sunday-1-26-09-0000001',20260906,1,20260907,1,20260913,1,20260920,1,20260927,1,20261004,1,20261011,1,20261012,1,20261018,1,20261025,1,20261101,1,20261108,1,20261115,1,20261122,1
'515-Sunday-1-26-09-0000001',20260906,1,20260907,1,20260913,1,20260920,1,20260927,1,20261004,1,20261011,1,20261012,1,20261018,1,20261025,1,20261101,1,20261108,1,20261115,1,20261122,1
'516-Sunday-1-26-09-0000001',20260906,1,20260907,1,20260913,1,20260920,1,20260927,1,20261004,1,20261011,1,20261012,1,20261018,1,20261025,1,20261101,1,20261108,1,20261115,1,20261122,1
'517-Sunday-1-26-09-0000001',20260906,1,20260907,1,20260913,1,20260920,1,20260927,1,20261004,1,20261011,1,20261012,1,20261018,1,20261025,1,20261101,1,20261108,1,20261115,1,20261122,1
'518-Sunday-1-26-09-0000001',20260906,1,20260907,1,20260913,1,20260920,1,20260927,1,20261004,1,20261011,1,20261012,1,20261018,1,20261025,1,20261101,1,20261108,1,20261115,1,20261122,1
'519-Sunday-1-26-09-0000001',20260906,1,20260907,1,20260913,1,20260920,1,20260927,1,20261004,1,20261011,1,20261012,1,20261018,1,20261025,1,20261101,1,20261108,1,20261115,1,20261122,1
'521-Sunday-1-26-09-0000001',20260906,1,20260907,1,20260913,1,20260920,1,20260927,1,20261004,1,20261011,1,20261012,1,20261018,1,20261025,1,20261101,1,20261108,1,20261115,1,20261122,1
'523-Sunday-1-26-09-0000001',20260906,1,20260907,1,20260913,1,20260920,1,20260927,1,20261004,1,20261011,1,20261012,1,20261018,1,20261025,1,20261101,1,20261108,1,20261115,1,20261122,1
'524-Sunday-1-26-09-0000001',20260906,1,20260907,1,20260913,1,20260920,1,20260927,1,20261004,1,20261011,1,20261012,1,20261018,1,20261025,1,20261101,1,20261108,1,20261115,1,20261122,1
'525-Sunday-1-26-09-0000001',20260906,1,20260907,1,20260913,1,20260920,1,20260927,1,20261004,1,20261011,1,20261012,1,20261018,1,20261025,1,20261101,1,20261108,1,20261115,1,20261122,1
'526-Sunday-1-26-09-0000001',20260906,1,20260907,1,20260913,1,20260920,1,20260927,1,20261004,1,20261011,1,20261012,1,20261018,1,20261025,1,20261101,1,20261108,1,20261115,1,20261122,1
'527-Sunday-1-26-09-0000001',20260906,1,20260907,1,20260913,1,20260920,1,20260927,1,20261004,1,20261011,1,20261012,1,20261018,1,20261025,1,20261101,1,20261108,1,20261115,1,20261122,1
'701-Sunday-1-26-09-0000001',20260906,1,20260907,1,20260913,1,20260920,1,20260927,1,20261004,1,20261011,1,20261012,1,20261018,1,20261025,1,20261101,1,20261108,1,20261115,1,20261122,1
'702-Sunday-1-26-09-0000001',20260906,1,20260907,1,20260913,1,20260920,1,20260927,1,20261004,1,20261011,1,20261012,1,20261018,1,20261025,1,20261101,1,20261108,1,20261115,1,20261122,1
'703-Sunday-1-26-09-0000001',20260906,1,20260907,1,20260913,1,20260920,1,20260927,1,20261004,1,20261011,1,20261012,1,20261018,1,20261025,1,20261101,1,20261108,1,20261115,1,20261122,1
'704-Sunday-1-26-09-0000001',20260906,1,20260907,1,20260913,1,20260920,1,20260927,1,20261004,1,20261011,1,20261012,1,20261018,1,20261025,1,20261101,1,20261108,1,20261115,1,20261122,1
'705-Sunday-1-26-09-0000001',20260906,1,20260907,1,20260913,1,20260920,1,20260927,1,20261004,1,20261011,1,20261012,1,20261018,1,20261025,1,20261101,1,20261108,1,20261115,1,20261122,1
'706-Sunday-1-26-09-0000001',20260906,1,20260907,1,20260913,1,20260920,1,20260927,1,20261004,1,20261011,1,20261012,1,20261018,1,20261025,1,20261101,1,20261108,1,20261115,1,20261122,1
'707-Sunday-1-26-09-0000001',20260906,1,20260907,1,20260913,1,20260920,1,20260927,1,20261004,1,20261011,1,20261012,1,20261018,1,20261025,1,20261101,1,20261108,1,20261115,1,20261122,1
'708-Sunday-1-26-09-0000001',20260906,1,20260907,1,20260913,1,20260920,1,20260927,1,20261004,1,20261011,1,20261012,1,20261018,1,20261025,1,20261101,1,20261108,1,20261115,1,20261122,1
'709-Sunday-1-26-09-0000001',20260906,1,20260907,1,20260913,1,20260920,1,20260927,1,20261004,1,20261011,1,20261012,1,20261018,1,20261025,1,20261101,1,20261108,1,20261115,1,20261122,1
'712-Sunday-1-26-09-0000001',20260906,1,20260907,1,20260913,1,20260920,1,20260927,1,20261004,1,20261011,1,20261012,1,20261018,1,20261025,1,20261101,1,20261108,1,20261115,1,20261122,1
'713-Sunday-1-26-09-0000001',20260906,1,20260907,1,20260913,1,20260920,1,20260927,1,20261004,1,20261011,1,20261012,1,20261018,1,20261025,1,20261101,1,20261108,1,20261115,1,20261122,1
'715-Sunday-1-26-09-0000001',20260906,1,20260907,1,20260913,1,20260920,1,20260927,1,20261004,1,20261011,1,20261012,1,20261018,1,20261025,1,20261101,1,20261108,1,20261115,1,20261122,1
'716-Sunday-1-26-09-0000001',20260906,1,20260907,1,20260913,1,20260920,1,20260927,1,20261004,1,20261011,1,20261012,1,20261018,1,20261025,1,20261101,1,20261108,1,20261115,1,20261122,1
'717-Sunday-1-26-09-0000001',20260906,1,20260907,1,20260913,1,20260920,1,20260927,1,20261004,1,20261011,1,20261012,1,20261018,1,20261025,1,20261101,1,20261108,1,20261115,1,20261122,1
'718-Sunday-1-26-09-0000001',20260906,1,20260907,1,20260913,1,20260920,1,20260927,1,20261004,1,20261011,1,20261012,1,20261018,1,20261025,1,20261101,1,20261108,1,20261115,1,20261122,1
'719-Sunday-1-26-09-0000001',20260906,1,20260907,1,20260913,1,20260920,1,20260927,1,20261004,1,20261011,1,20261012,1,20261018,1,20261025,1,20261101,1,20261108,1,20261115,1,20261122,1
'721-Sunday-1-26-09-0000001',20260906,1,20260907,1,20260913,1,20260920,1,20260927,1,20261004,1,20261011,1,20261012,1,20261018,1,20261025,1,20261101,1,20261108,1,20261115,1,20261122,1
'722-Sunday-1-26-09-0000001',20260906,1,20260907,1,20260913,1,20260920,1,20260927,1,20261004,1,20261011,1,20261012,1,20261018,1,20261025,1,20261101,1,20261108,1,20261115,1,20261122,1
'747-Sunday-1-26-09-0000001',20260906,1,20260907,1,20260913,1,20260920,1,20260927,1,20261004,1,20261011,1,20261012,1,20261018,1,20261025,1,20261101,1,20261108,1,20261115,1,20261122,1
'900X-Sunday-1-26-09-0000001',20260906,1,20260907,1,20260913,1,20260920,1,20260927,1,20261004,1,20261011,1,20261012,1,20261018,1,20261025,1,20261101,1,20261108,1,20261115,1,20261122,1
'901-Sunday-1-26-09-0000001',20260906,1,20260907,1,20260913,1,20260920,1,20260927,1,20261004,1,20261011,1,20261012,1,20261018,1,20261025,1,20261101,1,20261108,1,20261115,1,20261122,1
'902-Sunday-1-26-09-0000001',20260906,1,20260907,1,20260913,1,20260920,1,20260927,1,20261004,1,20261011,1,20261012,1,20261018,1,20261025,1,20261101,1,20261108,1,20261115,1,20261122,1
'903-Sunday-1-26-09-0000001',20260906,1,20260907,1,20260913,1,20260920,1,20260927,1,20261004,1,20261011,1,20261012,1,20261018,1,20261025,1,20261101,1,20261108,1,20261115,1,20261122,1
'904-Sunday-1-26-09-0000001',20260906,1,20260907,1,20260913,1,20260920,1,20260927,1,20261004,1,20261011,1,20261012,1,20261018,1,20261025,1,20261101,1,20261108,1,20261115,1,20261122,1
'907-Sunday-1-26-09-0000001',20260906,1,20260907,1,20260913,1,20260920,1,20260927,1,20261004,1,20261011,1,20261012,1,20261018,1,20261025,1,20261101,1,20261108,1,20261115,1,20261122,1
'909-Sunday-1-26-09-0000001',20260906,1,20260907,1,20260913,1,20260920,1,20260927,1,20261004,1,20261011,1,20261012,1,20261018,1,20261025,1,20261101,1,20261108,1,20261115,1,20261122,1
'912-Sunday-1-26-09-0000001',20260906,1,20260907,1,20260913,1,20260920,1,20260927,1,20261004,1,20261011,1,20261012,1,20261018,1,20261025,1,20261101,1,20261108,1,20261115,1,20261122,1
'913-Sunday-1-26-09-0000001',20260906,1,20260907,1,20260913,1,20260920,1,20260927,1,20261004,1,20261011,1,20261012,1,20261018,1,20261025,1,20261101,1,20261108,1,20261115,1,20261122,1
'914-Sunday-1-26-09-0000001',20260906,1,20260907,1,20260913,1,20260920,1,20260927,1,20261004,1,20261011,1,20261012,1,20261018,1,20261025,1,20261101,1,20261108,1,20261115,1,20261122,1
'915-Sunday-1-26-09-0000001',20260906,1,20260907,1,20260913,1,20260920,1,20260927,1,20261004,1,20261011,1,20261012,1,20261018,1,20261025,1,20261101,1,20261108,1,20261115,1,20261122,1
'916-Sunday-1-26-09-0000001',20260906,1,20260907,1,20260913,1,20260920,1,20260927,1,20261004,1,20261011,1,20261012,1,20261018,1,20261025,1,20261101,1,20261108,1,20261115,1,20261122,1
'917-Sunday-1-26-09-0000001',20260906,1,20260907,1,20260913,1,20260920,1,20260927,1,20261004,1,20261011,1,20261012,1,20261018,1,20261025,1,20261101,1,20261108,1,20261115,1,20261122,1
'918-Sunday-1-26-09-0000001',20260906,1,20260907,1,20260913,1,20260920,1,20260927,1,20261004,1,20261011,1,20261012,1,20261018,1,20261025,1,20261101,1,20261108,1,20261115,1,20261122,1
'919-Sunday-1-26-09-0000001',20260906,1,20260907,1,20260913,1,20260920,1,20260927,1,20261004,1,20261011,1,20261012,1,20261018,1,20261025,1,20261101,1,20261108,1,20261115,1,20261122,1
'921-Sunday-1-26-09-0000001',20260906,1,20260907,1,20260913,1,20260920,1,20260927,1,20261004,1,20261011,1,20261012,1,20261018,1,20261025,1,20261101,1,20261108,1,20261115,1,20261122,1
'922-Sunday-1-26-09-0000001',20260906,1,20260907,1,20260913,1,20260920,1,20260927,1,20261004,1,20261011,1,20261012,1,20261018,1,20261025,1,20261101,1,20261108,1,20261115,1,20261122,1
'923-Sunday-1-26-09-0000001',20260906,1,20260907,1,20260913,1,20260920,1,20260927,1,20261004,1,20261011,1,20261012,1,20261018,1,20261025,1,20261101,1,20261108,1,20261115,1,20261122,1
'924-Sunday-1-26-09-0000001',20260906,1,20260907,1,20260913,1,20260920,1,20260927,1,20261004,1,20261011,1,20261012,1,20261018,1,20261025,1,20261101,1,20261108,1,20261115,1,20261122,1
'926-Sunday-1-26-09-0000001',20260906,1,20260907,1,20260913,1,20260920,1,20260927,1,20261004,1,20261011,1,20261012,1,20261018,1,20261025,1,20261101,1,20261108,1,20261115,1,20261122,1
